history_id,player_id,team_id,season_id,start_date,end_date,contract_type
1,2289,2,1,2021-10-19,,Standard
2,2205,14,1,2021-10-19,,Standard
3,2205,14,2,2022-10-18,,Standard
4,2205,14,3,2023-10-24,,Standard
5,2205,14,4,2024-10-22,,Standard
6,2205,14,5,2025-10-21,,Standard
7,118,14,1,2021-10-19,,Standard
8,1888,16,1,2021-10-19,,Standard
9,1888,16,2,2022-10-18,,Standard
10,2074,14,1,2021-10-19,,Standard
11,2135,10,1,2021-10-19,,Standard
12,2135,10,2,2022-10-18,,Standard
13,132,14,1,2021-10-19,,Standard
14,3526,24,1,2021-10-19,,Standard
15,3526,24,2,2022-10-18,,Standard
16,3526,10,3,2023-10-24,,Standard
17,3526,27,4,2024-10-22,,Standard
18,3526,13,5,2025-10-21,,Standard
19,3085,2,1,2021-10-19,,Standard
20,4951,1,1,2021-10-19,,Standard
21,45,3,1,2021-10-19,,Standard
22,1561,29,1,2021-10-19,,Standard
23,1561,29,2,2022-10-18,,Standard
24,3916,14,1,2021-10-19,,Standard
25,3916,6,1,2021-10-19,,Standard
26,2756,16,1,2021-10-19,,Standard
27,2756,16,2,2022-10-18,,Standard
28,2756,16,3,2023-10-24,,Standard
29,2756,23,3,2023-10-24,,Standard
30,2756,23,4,2024-10-22,,Standard
31,2756,23,5,2025-10-21,,Standard
32,4591,16,1,2021-10-19,,Standard
33,4591,23,2,2022-10-18,,Standard
34,4591,23,3,2023-10-24,,Standard
35,4591,13,3,2023-10-24,,Standard
36,4591,20,4,2024-10-22,,Standard
37,3116,3,1,2021-10-19,,Standard
38,3116,23,1,2021-10-19,,Standard
39,1222,3,1,2021-10-19,,Standard
40,1222,3,2,2022-10-18,,Standard
41,1222,24,2,2022-10-18,,Standard
42,1222,24,3,2023-10-24,,Standard
43,1222,24,4,2024-10-22,,Standard
44,1222,11,5,2025-10-21,,Standard
45,2057,2,1,2021-10-19,,Standard
46,2057,2,2,2022-10-18,,Standard
47,2057,2,3,2023-10-24,,Standard
48,2057,2,4,2024-10-22,,Standard
49,2057,10,5,2025-10-21,,Standard
50,874,29,1,2021-10-19,,Standard
51,874,29,2,2022-10-18,,Standard
52,874,18,2,2022-10-18,,Standard
53,874,18,3,2023-10-24,,Standard
54,874,18,4,2024-10-22,,Standard
55,874,18,5,2025-10-21,,Standard
56,1702,8,1,2021-10-19,,Standard
57,1702,8,2,2022-10-18,,Standard
58,1702,11,3,2023-10-24,,Standard
59,1702,11,4,2024-10-22,,Standard
60,1702,11,5,2025-10-21,,Standard
61,5099,27,1,2021-10-19,,Standard
62,5099,28,1,2021-10-19,,Standard
63,5099,28,2,2022-10-18,,Standard
64,5099,28,3,2023-10-24,,Standard
65,5099,24,3,2023-10-24,,Standard
66,3918,20,1,2021-10-19,,Standard
67,3918,20,2,2022-10-18,,Standard
68,3918,15,3,2023-10-24,,Standard
69,4836,14,1,2021-10-19,,Standard
70,4836,14,2,2022-10-18,,Standard
71,4836,13,2,2022-10-18,,Standard
72,4836,13,3,2023-10-24,,Standard
73,4836,8,4,2024-10-22,,Standard
74,4836,26,5,2025-10-21,,Standard
75,2750,6,1,2021-10-19,,Standard
76,2750,6,2,2022-10-18,,Standard
77,2750,16,2,2022-10-18,,Standard
78,2750,16,3,2023-10-24,,Standard
79,2750,16,4,2024-10-22,,Standard
80,2750,29,5,2025-10-21,,Standard
81,1516,1,1,2021-10-19,,Standard
82,1516,30,3,2023-10-24,,Standard
83,1516,9,3,2023-10-24,,Standard
84,1516,17,3,2023-10-24,,Standard
85,1641,11,1,2021-10-19,,Standard
86,1641,11,2,2022-10-18,,Standard
87,1641,13,2,2022-10-18,,Standard
88,1641,24,3,2023-10-24,,Standard
89,1641,23,4,2024-10-22,,Standard
90,1641,23,5,2025-10-21,,Standard
91,159,11,1,2021-10-19,,Standard
92,159,14,1,2021-10-19,,Standard
93,2739,17,1,2021-10-19,,Standard
94,2739,17,2,2022-10-18,,Standard
95,2739,17,3,2023-10-24,,Standard
96,2739,17,4,2024-10-22,,Standard
97,2739,13,5,2025-10-21,,Standard
98,2742,22,1,2021-10-19,,Standard
99,2742,6,2,2022-10-18,,Standard
100,2742,17,3,2023-10-24,,Standard
101,2983,24,1,2021-10-19,,Standard
102,2983,7,2,2022-10-18,,Standard
103,2983,26,3,2023-10-24,,Standard
104,2133,13,1,2021-10-19,,Standard
105,2133,17,1,2021-10-19,,Standard
106,2133,17,2,2022-10-18,,Standard
107,274,13,1,2021-10-19,,Standard
108,274,13,2,2022-10-18,,Standard
109,274,13,3,2023-10-24,,Standard
110,274,23,3,2023-10-24,,Standard
111,274,13,4,2024-10-22,,Standard
112,274,13,5,2025-10-21,,Standard
113,1991,17,1,2021-10-19,,Standard
114,1991,17,2,2022-10-18,,Standard
115,1991,12,2,2022-10-18,,Standard
116,2395,14,1,2021-10-19,,Standard
117,2395,23,1,2021-10-19,,Standard
118,2395,8,2,2022-10-18,,Standard
119,2395,8,3,2023-10-24,,Standard
120,2395,8,4,2024-10-22,,Standard
121,2395,19,5,2025-10-21,,Standard
122,1181,28,1,2021-10-19,,Standard
123,1181,3,1,2021-10-19,,Standard
124,1181,5,2,2022-10-18,,Standard
125,1181,17,2,2022-10-18,,Standard
126,1732,3,1,2021-10-19,,Standard
127,1732,2,2,2022-10-18,,Standard
128,1832,3,1,2021-10-19,,Standard
129,1832,23,1,2021-10-19,,Standard
130,1832,23,2,2022-10-18,,Standard
131,1832,13,3,2023-10-24,,Standard
132,1832,13,4,2024-10-22,,Standard
133,1832,13,5,2025-10-21,,Standard
134,1832,6,5,2025-10-21,,Standard
135,3945,6,1,2021-10-19,,Standard
136,3945,6,2,2022-10-18,,Standard
137,986,10,1,2021-10-19,,Standard
138,986,10,2,2022-10-18,,Standard
139,986,10,3,2023-10-24,,Standard
140,986,10,4,2024-10-22,,Standard
141,986,10,5,2025-10-21,,Standard
142,1076,5,1,2021-10-19,,Standard
143,1076,5,2,2022-10-18,,Standard
144,1076,5,3,2023-10-24,,Standard
145,1076,26,4,2024-10-22,,Standard
146,1076,26,5,2025-10-21,,Standard
147,2288,3,1,2021-10-19,,Standard
148,2288,12,2,2022-10-18,,Standard
149,2288,12,3,2023-10-24,,Standard
150,2288,12,4,2024-10-22,,Standard
151,2024,17,1,2021-10-19,,Standard
152,2024,17,2,2022-10-18,,Standard
153,2024,2,3,2023-10-24,,Standard
154,2024,2,4,2024-10-22,,Standard
155,2024,25,5,2025-10-21,,Standard
156,863,14,1,2021-10-19,,Standard
157,1587,20,1,2021-10-19,,Standard
158,1587,30,2,2022-10-18,,Standard
159,1587,20,3,2023-10-24,,Standard
160,1587,9,3,2023-10-24,,Standard
161,1587,4,4,2024-10-22,,Standard
162,1587,15,5,2025-10-21,,Standard
163,1285,14,1,2021-10-19,,Standard
164,340,18,1,2021-10-19,,Standard
165,340,14,2,2022-10-18,,Standard
166,340,5,2,2022-10-18,,Standard
167,340,23,3,2023-10-24,,Standard
168,340,17,3,2023-10-24,,Standard
169,1694,23,1,2021-10-19,,Standard
170,1694,15,2,2022-10-18,,Standard
171,1694,6,2,2022-10-18,,Standard
172,1694,23,3,2023-10-24,,Standard
173,3113,3,1,2021-10-19,,Standard
174,3113,3,2,2022-10-18,,Standard
175,3113,1,3,2023-10-24,,Standard
176,3113,16,3,2023-10-24,,Standard
177,3113,29,4,2024-10-22,,Standard
178,3113,13,4,2024-10-22,,Standard
179,4449,19,1,2021-10-19,,Standard
180,4449,19,2,2022-10-18,,Standard
181,4449,28,3,2023-10-24,,Standard
182,4449,28,4,2024-10-22,,Standard
183,4449,28,5,2025-10-21,,Standard
184,2901,17,1,2021-10-19,,Standard
185,2901,17,2,2022-10-18,,Standard
186,2901,1,3,2023-10-24,,Standard
187,4721,13,2,2022-10-18,,Standard
188,1361,21,1,2021-10-19,,Standard
189,926,17,1,2021-10-19,,Standard
190,926,8,1,2021-10-19,,Standard
191,3161,30,1,2021-10-19,,Standard
192,3161,17,1,2021-10-19,,Standard
193,3161,29,1,2021-10-19,,Standard
194,3161,18,1,2021-10-19,,Standard
195,1915,4,1,2021-10-19,,Standard
196,1915,4,2,2022-10-18,,Standard
197,1915,4,3,2023-10-24,,Standard
198,1915,21,3,2023-10-24,,Standard
199,1573,13,1,2021-10-19,,Standard
200,1573,13,2,2022-10-18,,Standard
201,1573,13,3,2023-10-24,,Standard
202,1573,23,4,2024-10-22,,Standard
203,1573,23,5,2025-10-21,,Standard
204,1033,6,1,2021-10-19,,Standard
205,387,13,1,2021-10-19,,Standard
206,473,14,1,2021-10-19,,Standard
207,4870,29,1,2021-10-19,,Standard
208,364,10,1,2021-10-19,,Standard
209,4334,1,1,2021-10-19,,Standard
210,4334,12,1,2021-10-19,,Standard
211,4232,4,1,2021-10-19,,Standard
212,4232,30,1,2021-10-19,,Standard
213,4232,8,2,2022-10-18,,Standard
214,4232,4,3,2023-10-24,,Standard
215,2148,3,1,2021-10-19,,Standard
216,2148,3,2,2022-10-18,,Standard
217,2148,7,2,2022-10-18,,Standard
218,2148,7,3,2023-10-24,,Standard
219,2148,7,4,2024-10-22,,Standard
220,1477,2,1,2021-10-19,,Standard
221,4515,26,1,2021-10-19,,Standard
222,4515,12,1,2021-10-19,,Standard
223,4515,5,1,2021-10-19,,Standard
224,4515,6,3,2023-10-24,,Standard
225,4515,6,4,2024-10-22,,Standard
226,4630,19,1,2021-10-19,,Standard
227,4630,19,2,2022-10-18,,Standard
228,4630,19,3,2023-10-24,,Standard
229,4630,30,4,2024-10-22,,Standard
230,4630,26,4,2024-10-22,,Standard
231,4630,8,5,2025-10-21,,Standard
232,363,24,1,2021-10-19,,Standard
233,363,24,2,2022-10-18,,Standard
234,363,15,3,2023-10-24,,Standard
235,363,21,3,2023-10-24,,Standard
236,363,27,4,2024-10-22,,Standard
237,363,27,5,2025-10-21,,Standard
238,2522,7,1,2021-10-19,,Standard
239,4714,20,1,2021-10-19,,Standard
240,4714,7,2,2022-10-18,,Standard
241,4509,10,1,2021-10-19,,Standard
242,4509,10,2,2022-10-18,,Standard
243,4509,10,3,2023-10-24,,Standard
244,4509,7,4,2024-10-22,,Standard
245,4509,7,5,2025-10-21,,Standard
246,626,20,1,2021-10-19,,Standard
247,626,9,2,2022-10-18,,Standard
248,626,9,3,2023-10-24,,Standard
249,626,20,3,2023-10-24,,Standard
250,626,16,4,2024-10-22,,Standard
251,3196,16,1,2021-10-19,,Standard
252,3196,3,2,2022-10-18,,Standard
253,3196,7,2,2022-10-18,,Standard
254,3196,7,3,2023-10-24,,Standard
255,3196,7,4,2024-10-22,,Standard
256,3196,14,4,2024-10-22,,Standard
257,3201,13,1,2021-10-19,,Standard
258,3201,13,2,2022-10-18,,Standard
259,3201,23,3,2023-10-24,,Standard
260,3201,6,3,2023-10-24,,Standard
261,2677,13,2,2022-10-18,,Standard
262,2677,13,3,2023-10-24,,Standard
263,2677,13,4,2024-10-22,,Standard
264,2677,13,5,2025-10-21,,Standard
265,4687,5,1,2021-10-19,,Standard
266,4687,5,2,2022-10-18,,Standard
267,4687,5,3,2023-10-24,,Standard
268,4687,5,4,2024-10-22,,Standard
269,4687,5,5,2025-10-21,,Standard
270,4687,2,5,2025-10-21,,Standard
271,1873,23,1,2021-10-19,,Standard
272,1873,23,2,2022-10-18,,Standard
273,1873,23,3,2023-10-24,,Standard
274,1873,9,4,2024-10-22,,Standard
275,1873,9,5,2025-10-21,,Standard
276,2183,13,1,2021-10-19,,Standard
277,2183,13,2,2022-10-18,,Standard
278,2183,8,2,2022-10-18,,Standard
279,2183,8,3,2023-10-24,,Standard
280,2183,23,4,2024-10-22,,Standard
281,2406,9,1,2021-10-19,,Standard
282,2406,9,2,2022-10-18,,Standard
283,2406,10,3,2023-10-24,,Standard
284,2406,22,4,2024-10-22,,Standard
285,654,16,1,2021-10-19,,Standard
286,654,16,2,2022-10-18,,Standard
287,654,16,3,2023-10-24,,Standard
288,654,16,4,2024-10-22,,Standard
289,654,10,4,2024-10-22,,Standard
290,654,10,5,2025-10-21,,Standard
291,404,29,1,2021-10-19,,Standard
292,404,9,2,2022-10-18,,Standard
293,404,9,3,2023-10-24,,Standard
294,404,20,3,2023-10-24,,Standard
295,337,30,1,2021-10-19,,Standard
296,337,7,1,2021-10-19,,Standard
297,337,7,2,2022-10-18,,Standard
298,337,21,3,2023-10-24,,Standard
299,337,4,3,2023-10-24,,Standard
300,4478,14,1,2021-10-19,,Standard
301,4478,7,1,2021-10-19,,Standard
302,4478,4,1,2021-10-19,,Standard
303,4478,24,3,2023-10-24,,Standard
304,4743,12,1,2021-10-19,,Standard
305,4743,30,1,2021-10-19,,Standard
306,1019,14,1,2021-10-19,,Standard
307,1019,14,2,2022-10-18,,Standard
308,1019,14,3,2023-10-24,,Standard
309,1019,14,4,2024-10-22,,Standard
310,1019,7,4,2024-10-22,,Standard
311,1019,7,5,2025-10-21,,Standard
312,286,30,1,2021-10-19,,Standard
313,286,30,2,2022-10-18,,Standard
314,286,24,3,2023-10-24,,Standard
315,286,24,4,2024-10-22,,Standard
316,286,13,5,2025-10-21,,Standard
317,2707,25,1,2021-10-19,,Standard
318,2707,25,2,2022-10-18,,Standard
319,2707,17,3,2023-10-24,,Standard
320,2707,17,4,2024-10-22,,Standard
321,3927,22,1,2021-10-19,,Standard
322,3927,22,2,2022-10-18,,Standard
323,3927,24,2,2022-10-18,,Standard
324,1194,23,1,2021-10-19,,Standard
325,1194,3,1,2021-10-19,,Standard
326,1194,5,2,2022-10-18,,Standard
327,1194,5,3,2023-10-24,,Standard
328,1194,23,4,2024-10-22,,Standard
329,1194,23,5,2025-10-21,,Standard
330,228,26,1,2021-10-19,,Standard
331,228,26,2,2022-10-18,,Standard
332,228,26,3,2023-10-24,,Standard
333,228,27,4,2024-10-22,,Standard
334,228,27,5,2025-10-21,,Standard
335,3843,8,1,2021-10-19,,Standard
336,3843,18,2,2022-10-18,,Standard
337,2678,17,2,2022-10-18,,Standard
338,2601,12,1,2021-10-19,,Standard
339,2601,26,1,2021-10-19,,Standard
340,1840,26,1,2021-10-19,,Standard
341,1453,20,1,2021-10-19,,Standard
342,1453,20,2,2022-10-18,,Standard
343,1453,20,3,2023-10-24,,Standard
344,1453,9,3,2023-10-24,,Standard
345,4012,19,1,2021-10-19,,Standard
346,4012,27,1,2021-10-19,,Standard
347,4012,30,1,2021-10-19,,Standard
348,961,24,1,2021-10-19,,Standard
349,961,17,2,2022-10-18,,Standard
350,961,17,3,2023-10-24,,Standard
351,961,26,4,2024-10-22,,Standard
352,1696,10,1,2021-10-19,,Standard
353,1696,10,2,2022-10-18,,Standard
354,1696,10,3,2023-10-24,,Standard
355,1696,10,4,2024-10-22,,Standard
356,1696,10,5,2025-10-21,,Standard
357,3075,17,1,2021-10-19,,Standard
358,3075,17,2,2022-10-18,,Standard
359,3075,17,3,2023-10-24,,Standard
360,3075,17,4,2024-10-22,,Standard
361,3075,30,4,2024-10-22,,Standard
362,3075,30,5,2025-10-21,,Standard
363,3075,7,5,2025-10-21,,Standard
364,254,8,1,2021-10-19,,Standard
365,254,30,2,2022-10-18,,Standard
366,254,28,2,2022-10-18,,Standard
367,283,14,1,2021-10-19,,Standard
368,2025,12,1,2021-10-19,,Standard
369,2025,26,1,2021-10-19,,Standard
370,2025,1,2,2022-10-18,,Standard
371,2025,7,2,2022-10-18,,Standard
372,2025,8,3,2023-10-24,,Standard
373,1699,8,1,2021-10-19,,Standard
374,1699,10,2,2022-10-18,,Standard
375,3345,20,1,2021-10-19,,Standard
376,3345,9,2,2022-10-18,,Standard
377,3345,3,2,2022-10-18,,Standard
378,2673,26,1,2021-10-19,,Standard
379,2673,26,2,2022-10-18,,Standard
380,2673,26,3,2023-10-24,,Standard
381,2673,26,4,2024-10-22,,Standard
382,2673,14,4,2024-10-22,,Standard
383,3013,25,1,2021-10-19,,Standard
384,2951,25,1,2021-10-19,,Standard
385,2951,19,1,2021-10-19,,Standard
386,2951,19,2,2022-10-18,,Standard
387,2951,19,3,2023-10-24,,Standard
388,2951,19,4,2024-10-22,,Standard
389,2951,30,5,2025-10-21,,Standard
390,2951,1,5,2025-10-21,,Standard
391,5106,25,1,2021-10-19,,Standard
392,5106,16,2,2022-10-18,,Standard
393,5106,19,3,2023-10-24,,Standard
394,4049,2,1,2021-10-19,,Standard
395,4049,11,1,2021-10-19,,Standard
396,4049,14,2,2022-10-18,,Standard
397,4049,28,3,2023-10-24,,Standard
398,4049,3,3,2023-10-24,,Standard
399,4049,3,4,2024-10-22,,Standard
400,4049,10,4,2024-10-22,,Standard
401,4049,9,4,2024-10-22,,Standard
402,4049,26,5,2025-10-21,,Standard
403,4049,6,5,2025-10-21,,Standard
404,1080,16,1,2021-10-19,,Standard
405,1080,16,2,2022-10-18,,Standard
406,1080,23,2,2022-10-18,,Standard
407,1128,1,1,2021-10-19,,Standard
408,1128,27,2,2022-10-18,,Standard
409,3439,9,1,2021-10-19,,Standard
410,3439,29,2,2022-10-18,,Standard
411,3439,29,3,2023-10-24,,Standard
412,3439,28,3,2023-10-24,,Standard
413,3439,28,4,2024-10-22,,Standard
414,3439,19,4,2024-10-22,,Standard
415,3439,27,5,2025-10-21,,Standard
416,677,30,1,2021-10-19,,Standard
417,677,8,2,2022-10-18,,Standard
418,677,8,3,2023-10-24,,Standard
419,677,22,4,2024-10-22,,Standard
420,677,15,5,2025-10-21,,Standard
421,3620,4,1,2021-10-19,,Standard
422,3620,4,2,2022-10-18,,Standard
423,3620,13,2,2022-10-18,,Standard
424,3620,13,3,2023-10-24,,Standard
425,3620,24,4,2024-10-22,,Standard
426,3620,4,5,2025-10-21,,Standard
427,3620,27,5,2025-10-21,,Standard
428,734,22,2,2022-10-18,,Standard
429,3258,21,1,2021-10-19,,Standard
430,3258,21,2,2022-10-18,,Standard
431,3258,2,2,2022-10-18,,Standard
432,3258,30,3,2023-10-24,,Standard
433,3258,9,3,2023-10-24,,Standard
434,3258,21,3,2023-10-24,,Standard
435,3650,10,1,2021-10-19,,Standard
436,3650,28,2,2022-10-18,,Standard
437,3650,28,3,2023-10-24,,Standard
438,618,7,1,2021-10-19,,Standard
439,618,7,2,2022-10-18,,Standard
440,618,11,3,2023-10-24,,Standard
441,928,25,1,2021-10-19,,Standard
442,928,13,1,2021-10-19,,Standard
443,928,13,2,2022-10-18,,Standard
444,928,13,3,2023-10-24,,Standard
445,928,23,3,2023-10-24,,Standard
446,1621,29,1,2021-10-19,,Standard
447,1621,18,2,2022-10-18,,Standard
448,1621,18,3,2023-10-24,,Standard
449,1621,18,4,2024-10-22,,Standard
450,1621,18,5,2025-10-21,,Standard
451,23,15,1,2021-10-19,,Standard
452,23,15,2,2022-10-18,,Standard
453,23,11,4,2024-10-22,,Standard
454,23,11,5,2025-10-21,,Standard
455,1831,7,1,2021-10-19,,Standard
456,1831,7,2,2022-10-18,,Standard
457,1831,7,3,2023-10-24,,Standard
458,1831,9,4,2024-10-22,,Standard
459,1831,8,5,2025-10-21,,Standard
460,4275,25,1,2021-10-19,,Standard
461,4275,19,1,2021-10-19,,Standard
462,624,7,1,2021-10-19,,Standard
463,3422,16,1,2021-10-19,,Standard
464,3422,16,2,2022-10-18,,Standard
465,115,17,1,2021-10-19,,Standard
466,115,17,2,2022-10-18,,Standard
467,115,17,3,2023-10-24,,Standard
468,115,17,4,2024-10-22,,Standard
469,115,17,5,2025-10-21,,Standard
470,1318,3,1,2021-10-19,,Standard
471,1318,13,1,2021-10-19,,Standard
472,1318,8,1,2021-10-19,,Standard
473,1092,26,2,2022-10-18,,Standard
474,1996,1,1,2021-10-19,,Standard
475,3313,30,1,2021-10-19,,Standard
476,3313,6,2,2022-10-18,,Standard
477,985,23,1,2021-10-19,,Standard
478,985,3,1,2021-10-19,,Standard
479,985,3,2,2022-10-18,,Standard
480,985,7,3,2023-10-24,,Standard
481,985,4,3,2023-10-24,,Standard
482,985,4,4,2024-10-22,,Standard
483,985,10,5,2025-10-21,,Standard
484,2992,9,1,2021-10-19,,Standard
485,2992,9,2,2022-10-18,,Standard
486,117,17,1,2021-10-19,,Standard
487,117,17,2,2022-10-18,,Standard
488,117,17,3,2023-10-24,,Standard
489,117,17,5,2025-10-21,,Standard
490,3552,29,1,2021-10-19,,Standard
491,2054,21,1,2021-10-19,,Standard
492,2591,5,1,2021-10-19,,Standard
493,2591,5,2,2022-10-18,,Standard
494,2591,5,3,2023-10-24,,Standard
495,2591,5,4,2024-10-22,,Standard
496,2591,26,4,2024-10-22,,Standard
497,2591,26,5,2025-10-21,,Standard
498,3539,24,1,2021-10-19,,Standard
499,3539,4,4,2024-10-22,,Standard
500,3539,19,4,2024-10-22,,Standard
501,816,29,1,2021-10-19,,Standard
502,816,29,2,2022-10-18,,Standard
503,816,29,3,2023-10-24,,Standard
504,816,29,4,2024-10-22,,Standard
505,816,20,5,2025-10-21,,Standard
506,1864,22,1,2021-10-19,,Standard
507,1864,22,2,2022-10-18,,Standard
508,1864,22,3,2023-10-24,,Standard
509,1864,22,4,2024-10-22,,Standard
510,1864,17,5,2025-10-21,,Standard
511,1139,30,1,2021-10-19,,Standard
512,1139,7,1,2021-10-19,,Standard
513,1139,7,2,2022-10-18,,Standard
514,1139,3,2,2022-10-18,,Standard
515,1139,3,3,2023-10-24,,Standard
516,1139,14,3,2023-10-24,,Standard
517,1139,7,4,2024-10-22,,Standard
518,4325,16,1,2021-10-19,,Standard
519,4325,2,1,2021-10-19,,Standard
520,2048,17,1,2021-10-19,,Standard
521,2048,13,1,2021-10-19,,Standard
522,355,28,1,2021-10-19,,Standard
523,355,28,2,2022-10-18,,Standard
524,1669,9,1,2021-10-19,,Standard
525,1669,25,2,2022-10-18,,Standard
526,1669,25,3,2023-10-24,,Standard
527,1669,25,4,2024-10-22,,Standard
528,1669,25,5,2025-10-21,,Standard
529,1866,3,1,2021-10-19,,Standard
530,1866,3,2,2022-10-18,,Standard
531,1866,9,3,2023-10-24,,Standard
532,2972,27,1,2021-10-19,,Standard
533,2972,27,2,2022-10-18,,Standard
534,2972,27,3,2023-10-24,,Standard
535,2972,12,3,2023-10-24,,Standard
536,2972,26,4,2024-10-22,,Standard
537,2972,26,5,2025-10-21,,Standard
538,1638,8,1,2021-10-19,,Standard
539,1638,8,2,2022-10-18,,Standard
540,1638,8,3,2023-10-24,,Standard
541,1638,8,4,2024-10-22,,Standard
542,1638,8,5,2025-10-21,,Standard
543,4757,3,2,2022-10-18,,Standard
544,4757,24,2,2022-10-18,,Standard
545,4757,18,3,2023-10-24,,Standard
546,4205,2,1,2021-10-19,,Standard
547,4205,2,2,2022-10-18,,Standard
548,4205,15,3,2023-10-24,,Standard
549,4205,15,4,2024-10-22,,Standard
550,4205,30,4,2024-10-22,,Standard
551,4205,14,5,2025-10-21,,Standard
552,99,15,1,2021-10-19,,Standard
553,99,18,2,2022-10-18,,Standard
554,99,18,3,2023-10-24,,Standard
555,99,10,4,2024-10-22,,Standard
556,99,16,4,2024-10-22,,Standard
557,99,29,5,2025-10-21,,Standard
558,99,15,5,2025-10-21,,Standard
559,99,18,5,2025-10-21,,Standard
560,3662,7,1,2021-10-19,,Standard
561,3662,7,2,2022-10-18,,Standard
562,3662,7,3,2023-10-24,,Standard
563,3662,7,4,2024-10-22,,Standard
564,3662,7,5,2025-10-21,,Standard
565,4678,2,2,2022-10-18,,Standard
566,3735,20,1,2021-10-19,,Standard
567,3735,20,2,2022-10-18,,Standard
568,3735,20,3,2023-10-24,,Standard
569,3735,18,4,2024-10-22,,Standard
570,3735,18,5,2025-10-21,,Standard
571,4882,10,1,2021-10-19,,Standard
572,4882,10,2,2022-10-18,,Standard
573,4882,10,3,2023-10-24,,Standard
574,4882,10,4,2024-10-22,,Standard
575,4882,16,4,2024-10-22,,Standard
576,4882,16,5,2025-10-21,,Standard
577,3499,2,1,2021-10-19,,Standard
578,1303,23,1,2021-10-19,,Standard
579,1303,23,2,2022-10-18,,Standard
580,1303,23,3,2023-10-24,,Standard
581,1303,23,4,2024-10-22,,Standard
582,1303,23,5,2025-10-21,,Standard
583,1344,7,3,2023-10-24,,Standard
584,1344,7,4,2024-10-22,,Standard
585,4006,24,2,2022-10-18,,Standard
586,4006,21,2,2022-10-18,,Standard
587,4006,10,3,2023-10-24,,Standard
588,4006,8,4,2024-10-22,,Standard
589,4006,26,5,2025-10-21,,Standard
590,694,1,1,2021-10-19,,Standard
591,694,1,2,2022-10-18,,Standard
592,694,1,3,2023-10-24,,Standard
593,694,1,4,2024-10-22,,Standard
594,694,11,5,2025-10-21,,Standard
595,405,1,1,2021-10-19,,Standard
596,405,1,2,2022-10-18,,Standard
597,405,1,3,2023-10-24,,Standard
598,405,1,4,2024-10-22,,Standard
599,405,13,4,2024-10-22,,Standard
600,405,13,5,2025-10-21,,Standard
601,3372,25,1,2021-10-19,,Standard
602,3372,25,2,2022-10-18,,Standard
603,3372,24,3,2023-10-24,,Standard
604,3372,24,4,2024-10-22,,Standard
605,3372,4,4,2024-10-22,,Standard
606,3372,29,5,2025-10-21,,Standard
607,3073,21,3,2023-10-24,,Standard
608,3073,4,3,2023-10-24,,Standard
609,3073,4,4,2024-10-22,,Standard
610,3073,24,4,2024-10-22,,Standard
611,2327,8,1,2021-10-19,,Standard
612,2327,8,2,2022-10-18,,Standard
613,2327,8,3,2023-10-24,,Standard
614,2327,8,4,2024-10-22,,Standard
615,2327,8,5,2025-10-21,,Standard
616,3653,7,1,2021-10-19,,Standard
617,3653,30,1,2021-10-19,,Standard
618,3653,30,2,2022-10-18,,Standard
619,3653,2,3,2023-10-24,,Standard
620,3653,2,4,2024-10-22,,Standard
621,3653,1,5,2025-10-21,,Standard
622,3653,10,5,2025-10-21,,Standard
623,2320,23,1,2021-10-19,,Standard
624,2320,27,1,2021-10-19,,Standard
625,1469,22,1,2021-10-19,,Standard
626,1469,6,1,2021-10-19,,Standard
627,1518,3,1,2021-10-19,,Standard
628,1518,17,1,2021-10-19,,Standard
629,2141,29,1,2021-10-19,,Standard
630,2141,17,2,2022-10-18,,Standard
631,2141,22,3,2023-10-24,,Standard
632,2141,18,4,2024-10-22,,Standard
633,2141,18,5,2025-10-21,,Standard
634,2954,12,1,2021-10-19,,Standard
635,2954,12,2,2022-10-18,,Standard
636,2954,12,3,2023-10-24,,Standard
637,2954,12,4,2024-10-22,,Standard
638,2954,12,5,2025-10-21,,Standard
639,3413,12,4,2024-10-22,,Standard
640,3219,26,1,2021-10-19,,Standard
641,2385,15,1,2021-10-19,,Standard
642,2385,15,2,2022-10-18,,Standard
643,2385,30,3,2023-10-24,,Standard
644,2385,24,4,2024-10-22,,Standard
645,2385,22,5,2025-10-21,,Standard
646,2385,7,5,2025-10-21,,Standard
647,2385,8,5,2025-10-21,,Standard
648,96,6,1,2021-10-19,,Standard
649,96,12,1,2021-10-19,,Standard
650,1852,30,1,2021-10-19,,Standard
651,1852,4,1,2021-10-19,,Standard
652,1852,23,2,2022-10-18,,Standard
653,5065,1,1,2021-10-19,,Standard
654,5065,30,2,2022-10-18,,Standard
655,5065,30,3,2023-10-24,,Standard
656,5065,16,3,2023-10-24,,Standard
657,5065,17,4,2024-10-22,,Standard
658,5065,20,4,2024-10-22,,Standard
659,1085,28,1,2021-10-19,,Standard
660,3966,18,1,2021-10-19,,Standard
661,3966,18,2,2022-10-18,,Standard
662,3966,14,2,2022-10-18,,Standard
663,3966,14,3,2023-10-24,,Standard
664,3966,14,4,2024-10-22,,Standard
665,3966,3,4,2024-10-22,,Standard
666,3966,7,5,2025-10-21,,Standard
667,4566,18,1,2021-10-19,,Standard
668,4566,18,2,2022-10-18,,Standard
669,4566,18,3,2023-10-24,,Standard
670,4566,20,4,2024-10-22,,Standard
671,4566,20,5,2025-10-21,,Standard
672,2035,26,1,2021-10-19,,Standard
673,2035,26,2,2022-10-18,,Standard
674,2035,7,3,2023-10-24,,Standard
675,2035,30,3,2023-10-24,,Standard
676,2035,30,4,2024-10-22,,Standard
677,5022,13,1,2021-10-19,,Standard
678,5022,25,1,2021-10-19,,Standard
679,5022,25,2,2022-10-18,,Standard
680,749,7,1,2021-10-19,,Standard
681,749,23,1,2021-10-19,,Standard
682,3458,4,1,2021-10-19,,Standard
683,3458,4,2,2022-10-18,,Standard
684,3458,23,3,2023-10-24,,Standard
685,3458,23,4,2024-10-22,,Standard
686,3458,23,5,2025-10-21,,Standard
687,2420,24,1,2021-10-19,,Standard
688,2420,1,2,2022-10-18,,Standard
689,2420,11,2,2022-10-18,,Standard
690,427,24,1,2021-10-19,,Standard
691,427,24,2,2022-10-18,,Standard
692,427,24,3,2023-10-24,,Standard
693,427,24,4,2024-10-22,,Standard
694,427,24,5,2025-10-21,,Standard
695,3536,24,1,2021-10-19,,Standard
696,3536,24,2,2022-10-18,,Standard
697,3536,17,3,2023-10-24,,Standard
698,3536,23,3,2023-10-24,,Standard
699,3536,20,4,2024-10-22,,Standard
700,3536,23,5,2025-10-21,,Standard
701,4606,12,1,2021-10-19,,Standard
702,4606,12,2,2022-10-18,,Standard
703,4606,12,3,2023-10-24,,Standard
704,4606,12,4,2024-10-22,,Standard
705,4606,17,5,2025-10-21,,Standard
706,2774,9,1,2021-10-19,,Standard
707,2774,26,1,2021-10-19,,Standard
708,2774,26,2,2022-10-18,,Standard
709,2774,26,3,2023-10-24,,Standard
710,2774,26,4,2024-10-22,,Standard
711,2315,14,1,2021-10-19,,Standard
712,2315,27,2,2022-10-18,,Standard
713,3651,17,1,2021-10-19,,Standard
714,3651,17,2,2022-10-18,,Standard
715,3651,17,3,2023-10-24,,Standard
716,3651,17,4,2024-10-22,,Standard
717,3651,17,5,2025-10-21,,Standard
718,2738,10,1,2021-10-19,,Standard
719,2738,10,2,2022-10-18,,Standard
720,2738,10,3,2023-10-24,,Standard
721,2738,10,4,2024-10-22,,Standard
722,2738,19,5,2025-10-21,,Standard
723,5042,11,1,2021-10-19,,Standard
724,5042,7,2,2022-10-18,,Standard
725,5042,14,3,2023-10-24,,Standard
726,3944,4,1,2021-10-19,,Standard
727,3944,4,2,2022-10-18,,Standard
728,3944,4,3,2023-10-24,,Standard
729,3944,16,3,2023-10-24,,Standard
730,3944,16,4,2024-10-22,,Standard
731,3666,25,1,2021-10-19,,Standard
732,3666,13,1,2021-10-19,,Standard
733,3666,13,2,2022-10-18,,Standard
734,3666,13,3,2023-10-24,,Standard
735,3666,13,4,2024-10-22,,Standard
736,3666,16,5,2025-10-21,,Standard
737,877,17,1,2021-10-19,,Standard
738,877,17,2,2022-10-18,,Standard
739,877,17,3,2023-10-24,,Standard
740,877,17,4,2024-10-22,,Standard
741,877,4,5,2025-10-21,,Standard
742,1960,19,1,2021-10-19,,Standard
743,1960,19,2,2022-10-18,,Standard
744,3814,2,1,2021-10-19,,Standard
745,3814,27,1,2021-10-19,,Standard
746,3814,27,2,2022-10-18,,Standard
747,3814,19,2,2022-10-18,,Standard
748,3814,16,3,2023-10-24,,Standard
749,3814,16,4,2024-10-22,,Standard
750,3277,25,1,2021-10-19,,Standard
751,3277,19,1,2021-10-19,,Standard
752,3277,19,2,2022-10-18,,Standard
753,3277,19,3,2023-10-24,,Standard
754,3277,1,4,2024-10-22,,Standard
755,3277,6,5,2025-10-21,,Standard
756,3394,29,1,2021-10-19,,Standard
757,3394,3,2,2022-10-18,,Standard
758,3394,3,3,2023-10-24,,Standard
759,3394,24,3,2023-10-24,,Standard
760,3394,24,4,2024-10-22,,Standard
761,3394,24,5,2025-10-21,,Standard
762,3451,6,1,2021-10-19,,Standard
763,3451,6,2,2022-10-18,,Standard
764,3451,27,3,2023-10-24,,Standard
765,2845,7,1,2021-10-19,,Standard
766,2845,11,2,2022-10-18,,Standard
767,2845,11,3,2023-10-24,,Standard
768,4152,3,2,2022-10-18,,Standard
769,4152,3,3,2023-10-24,,Standard
770,4152,3,4,2024-10-22,,Standard
771,4152,13,4,2024-10-22,,Standard
772,3973,12,1,2021-10-19,,Standard
773,3973,26,1,2021-10-19,,Standard
774,3973,26,2,2022-10-18,,Standard
775,3973,26,3,2023-10-24,,Standard
776,3973,26,4,2024-10-22,,Standard
777,3973,26,5,2025-10-21,,Standard
778,290,18,1,2021-10-19,,Standard
779,290,29,2,2022-10-18,,Standard
780,290,14,2,2022-10-18,,Standard
781,290,17,3,2023-10-24,,Standard
782,290,9,4,2024-10-22,,Standard
783,792,7,1,2021-10-19,,Standard
784,1217,25,1,2021-10-19,,Standard
785,1217,29,2,2022-10-18,,Standard
786,1217,29,3,2023-10-24,,Standard
787,1217,13,4,2024-10-22,,Standard
788,1217,13,5,2025-10-21,,Standard
789,1978,26,1,2021-10-19,,Standard
790,1978,12,1,2021-10-19,,Standard
791,1978,12,2,2022-10-18,,Standard
792,1978,12,3,2023-10-24,,Standard
793,1978,23,3,2023-10-24,,Standard
794,1978,10,4,2024-10-22,,Standard
795,1978,10,5,2025-10-21,,Standard
796,1978,1,5,2025-10-21,,Standard
797,2144,19,1,2021-10-19,,Standard
798,2144,19,2,2022-10-18,,Standard
799,2144,19,3,2023-10-24,,Standard
800,2144,19,4,2024-10-22,,Standard
801,2144,28,5,2025-10-21,,Standard
802,2343,26,1,2021-10-19,,Standard
803,2343,14,2,2022-10-18,,Standard
804,2343,29,2,2022-10-18,,Standard
805,2343,6,3,2023-10-24,,Standard
806,2592,26,4,2024-10-22,,Standard
807,2592,30,5,2025-10-21,,Standard
808,2644,12,1,2021-10-19,,Standard
809,2644,6,1,2021-10-19,,Standard
810,2644,6,2,2022-10-18,,Standard
811,2644,6,3,2023-10-24,,Standard
812,2644,6,4,2024-10-22,,Standard
813,2644,1,4,2024-10-22,,Standard
814,2644,9,5,2025-10-21,,Standard
815,3246,27,1,2021-10-19,,Standard
816,3246,1,2,2022-10-18,,Standard
817,3246,1,3,2023-10-24,,Standard
818,3246,19,4,2024-10-22,,Standard
819,3246,19,5,2025-10-21,,Standard
820,3248,8,2,2022-10-18,,Standard
821,3248,8,3,2023-10-24,,Standard
822,3248,8,4,2024-10-22,,Standard
823,3248,8,5,2025-10-21,,Standard
824,3625,27,1,2021-10-19,,Standard
825,3625,27,2,2022-10-18,,Standard
826,3625,28,2,2022-10-18,,Standard
827,3625,28,3,2023-10-24,,Standard
828,3625,28,4,2024-10-22,,Standard
829,3625,28,5,2025-10-21,,Standard
830,3684,18,1,2021-10-19,,Standard
831,3684,18,2,2022-10-18,,Standard
832,3684,14,3,2023-10-24,,Standard
833,3684,17,4,2024-10-22,,Standard
834,3684,17,5,2025-10-21,,Standard
835,4632,6,1,2021-10-19,,Standard
836,4632,29,1,2021-10-19,,Standard
837,563,2,1,2021-10-19,,Standard
838,563,2,2,2022-10-18,,Standard
839,563,2,3,2023-10-24,,Standard
840,563,2,4,2024-10-22,,Standard
841,563,2,5,2025-10-21,,Standard
842,312,3,1,2021-10-19,,Standard
843,312,17,1,2021-10-19,,Standard
844,532,12,1,2021-10-19,,Standard
845,532,2,2,2022-10-18,,Standard
846,532,25,3,2023-10-24,,Standard
847,532,30,4,2024-10-22,,Standard
848,1113,9,1,2021-10-19,,Standard
849,2642,18,1,2021-10-19,,Standard
850,3326,23,1,2021-10-19,,Standard
851,3326,23,2,2022-10-18,,Standard
852,3326,6,3,2023-10-24,,Standard
853,3326,6,4,2024-10-22,,Standard
854,3326,1,4,2024-10-22,,Standard
855,3542,10,1,2021-10-19,,Standard
856,3542,25,2,2022-10-18,,Standard
857,3542,10,2,2022-10-18,,Standard
858,3542,10,3,2023-10-24,,Standard
859,3542,10,4,2024-10-22,,Standard
860,3542,10,5,2025-10-21,,Standard
861,4079,20,1,2021-10-19,,Standard
862,4137,28,1,2021-10-19,,Standard
863,4137,28,2,2022-10-18,,Standard
864,4137,28,3,2023-10-24,,Standard
865,4137,12,3,2023-10-24,,Standard
866,4137,12,4,2024-10-22,,Standard
867,4137,12,5,2025-10-21,,Standard
868,2544,23,1,2021-10-19,,Standard
869,2544,23,2,2022-10-18,,Standard
870,2544,23,3,2023-10-24,,Standard
871,2772,1,1,2021-10-19,,Standard
872,2656,10,1,2021-10-19,,Standard
873,2656,24,2,2022-10-18,,Standard
874,2656,24,4,2024-10-22,,Standard
875,4729,19,1,2021-10-19,,Standard
876,1959,2,1,2021-10-19,,Standard
877,1959,27,1,2021-10-19,,Standard
878,1959,29,1,2021-10-19,,Standard
879,1959,28,2,2022-10-18,,Standard
880,5079,23,4,2024-10-22,,Standard
881,5079,20,5,2025-10-21,,Standard
882,5079,5,5,2025-10-21,,Standard
883,5123,13,1,2021-10-19,,Standard
884,5123,13,2,2022-10-18,,Standard
885,5123,13,3,2023-10-24,,Standard
886,5123,13,4,2024-10-22,,Standard
887,5123,13,5,2025-10-21,,Standard
888,5123,12,5,2025-10-21,,Standard
889,1400,7,1,2021-10-19,,Standard
890,1400,7,2,2022-10-18,,Standard
891,1400,3,2,2022-10-18,,Standard
892,1400,3,3,2023-10-24,,Standard
893,1400,3,4,2024-10-22,,Standard
894,1400,14,4,2024-10-22,,Standard
895,1400,11,5,2025-10-21,,Standard
896,4642,28,1,2021-10-19,,Standard
897,4642,28,2,2022-10-18,,Standard
898,4642,11,3,2023-10-24,,Standard
899,4642,11,4,2024-10-22,,Standard
900,3270,24,1,2021-10-19,,Standard
901,129,20,1,2021-10-19,,Standard
902,129,20,2,2022-10-18,,Standard
903,129,25,2,2022-10-18,,Standard
904,129,20,3,2023-10-24,,Standard
905,1428,27,1,2021-10-19,,Standard
906,1428,8,1,2021-10-19,,Standard
907,1428,18,2,2022-10-18,,Standard
908,2068,11,1,2021-10-19,,Standard
909,2068,20,1,2021-10-19,,Standard
910,2068,29,1,2021-10-19,,Standard
911,2068,23,2,2022-10-18,,Standard
912,2068,23,3,2023-10-24,,Standard
913,2393,5,1,2021-10-19,,Standard
914,2393,5,2,2022-10-18,,Standard
915,2393,7,3,2023-10-24,,Standard
916,2393,13,4,2024-10-22,,Standard
917,2393,13,5,2025-10-21,,Standard
918,1879,3,1,2021-10-19,,Standard
919,1879,25,2,2022-10-18,,Standard
920,1879,15,3,2023-10-24,,Standard
921,738,5,1,2021-10-19,,Standard
922,738,5,2,2022-10-18,,Standard
923,738,5,3,2023-10-24,,Standard
924,738,21,4,2024-10-22,,Standard
925,738,21,5,2025-10-21,,Standard
926,3374,11,1,2021-10-19,,Standard
927,3010,5,1,2021-10-19,,Standard
928,5089,12,1,2021-10-19,,Standard
929,5089,12,2,2022-10-18,,Standard
930,1498,22,1,2021-10-19,,Standard
931,1498,22,2,2022-10-18,,Standard
932,1498,22,3,2023-10-24,,Standard
933,1498,26,4,2024-10-22,,Standard
934,1498,28,5,2025-10-21,,Standard
935,205,5,1,2021-10-19,,Standard
936,205,5,4,2024-10-22,,Standard
937,205,6,5,2025-10-21,,Standard
938,2170,9,1,2021-10-19,,Standard
939,2170,26,1,2021-10-19,,Standard
940,1457,26,1,2021-10-19,,Standard
941,1457,26,2,2022-10-18,,Standard
942,1457,26,3,2023-10-24,,Standard
943,1457,26,4,2024-10-22,,Standard
944,1457,27,4,2024-10-22,,Standard
945,1457,27,5,2025-10-21,,Standard
946,4424,2,1,2021-10-19,,Standard
947,4424,2,2,2022-10-18,,Standard
948,4424,2,3,2023-10-24,,Standard
949,4424,2,4,2024-10-22,,Standard
950,4424,2,5,2025-10-21,,Standard
951,3159,14,1,2021-10-19,,Standard
952,3159,26,2,2022-10-18,,Standard
953,3159,26,3,2023-10-24,,Standard
954,3159,26,4,2024-10-22,,Standard
955,3159,26,5,2025-10-21,,Standard
956,2149,22,2,2022-10-18,,Standard
957,2149,22,3,2023-10-24,,Standard
958,2149,22,4,2024-10-22,,Standard
959,2149,22,5,2025-10-21,,Standard
960,4268,25,1,2021-10-19,,Standard
961,4268,4,2,2022-10-18,,Standard
962,4268,3,3,2023-10-24,,Standard
963,3369,7,1,2021-10-19,,Standard
964,3369,7,2,2022-10-18,,Standard
965,3369,4,3,2023-10-24,,Standard
966,2846,6,1,2021-10-19,,Standard
967,2846,29,2,2022-10-18,,Standard
968,2846,29,3,2023-10-24,,Standard
969,2846,29,4,2024-10-22,,Standard
970,2846,29,5,2025-10-21,,Standard
971,3132,29,1,2021-10-19,,Standard
972,3132,6,2,2022-10-18,,Standard
973,3132,6,3,2023-10-24,,Standard
974,3132,6,4,2024-10-22,,Standard
975,3132,6,5,2025-10-21,,Standard
976,2453,13,1,2021-10-19,,Standard
977,2453,13,2,2022-10-18,,Standard
978,2453,15,2,2022-10-18,,Standard
979,2453,15,3,2023-10-24,,Standard
980,2453,15,4,2024-10-22,,Standard
981,2453,1,5,2025-10-21,,Standard
982,2453,14,5,2025-10-21,,Standard
983,861,27,1,2021-10-19,,Standard
984,861,27,2,2022-10-18,,Standard
985,861,27,3,2023-10-24,,Standard
986,861,27,4,2024-10-22,,Standard
987,861,5,4,2024-10-22,,Standard
988,861,5,5,2025-10-21,,Standard
989,857,1,1,2021-10-19,,Standard
990,857,1,2,2022-10-18,,Standard
991,857,29,3,2023-10-24,,Standard
992,857,29,4,2024-10-22,,Standard
993,857,13,5,2025-10-21,,Standard
994,2171,2,1,2021-10-19,,Standard
995,2171,24,1,2021-10-19,,Standard
996,2171,2,2,2022-10-18,,Standard
997,2171,18,3,2023-10-24,,Standard
998,123,28,1,2021-10-19,,Standard
999,123,28,2,2022-10-18,,Standard
1000,123,28,3,2023-10-24,,Standard
1001,123,20,3,2023-10-24,,Standard
1002,123,20,4,2024-10-22,,Standard
1003,123,20,5,2025-10-21,,Standard
1004,1593,3,3,2023-10-24,,Standard
1005,1593,14,3,2023-10-24,,Standard
1006,61,6,1,2021-10-19,,Standard
1007,61,6,2,2022-10-18,,Standard
1008,61,6,3,2023-10-24,,Standard
1009,61,6,4,2024-10-22,,Standard
1010,61,6,5,2025-10-21,,Standard
1011,25,16,1,2021-10-19,,Standard
1012,25,16,2,2022-10-18,,Standard
1013,25,16,3,2023-10-24,,Standard
1014,25,16,4,2024-10-22,,Standard
1015,25,16,5,2025-10-21,,Standard
1016,5000,28,1,2021-10-19,,Standard
1017,5000,23,3,2023-10-24,,Standard
1018,1882,13,1,2021-10-19,,Standard
1019,1882,20,2,2022-10-18,,Standard
1020,1882,20,3,2023-10-24,,Standard
1021,1882,21,4,2024-10-22,,Standard
1022,1882,21,5,2025-10-21,,Standard
1023,307,5,1,2021-10-19,,Standard
1024,480,5,1,2021-10-19,,Standard
1025,480,5,2,2022-10-18,,Standard
1026,480,12,4,2024-10-22,,Standard
1027,480,12,5,2025-10-21,,Standard
1028,480,1,5,2025-10-21,,Standard
1029,2582,30,1,2021-10-19,,Standard
1030,2582,30,2,2022-10-18,,Standard
1031,2582,30,3,2023-10-24,,Standard
1032,2582,30,4,2024-10-22,,Standard
1033,2582,17,4,2024-10-22,,Standard
1034,2582,17,5,2025-10-21,,Standard
1035,3411,17,1,2021-10-19,,Standard
1036,3411,13,1,2021-10-19,,Standard
1037,4848,27,1,2021-10-19,,Standard
1038,4848,2,1,2021-10-19,,Standard
1039,4848,2,2,2022-10-18,,Standard
1040,4848,2,3,2023-10-24,,Standard
1041,4848,2,4,2024-10-22,,Standard
1042,4848,2,5,2025-10-21,,Standard
1043,2163,9,1,2021-10-19,,Standard
1044,2163,29,2,2022-10-18,,Standard
1045,1881,19,1,2021-10-19,,Standard
1046,1881,25,1,2021-10-19,,Standard
1047,1881,25,2,2022-10-18,,Standard
1048,1881,20,2,2022-10-18,,Standard
1049,1881,20,3,2023-10-24,,Standard
1050,1881,20,4,2024-10-22,,Standard
1051,1881,20,5,2025-10-21,,Standard
1052,1179,8,1,2021-10-19,,Standard
1053,1179,26,2,2022-10-18,,Standard
1054,1179,18,4,2024-10-22,,Standard
1055,4390,3,2,2022-10-18,,Standard
1056,2155,1,1,2021-10-19,,Standard
1057,537,15,1,2021-10-19,,Standard
1058,537,15,2,2022-10-18,,Standard
1059,537,11,3,2023-10-24,,Standard
1060,537,11,4,2024-10-22,,Standard
1061,537,24,5,2025-10-21,,Standard
1062,1159,7,2,2022-10-18,,Standard
1063,602,30,1,2021-10-19,,Standard
1064,602,14,2,2022-10-18,,Standard
1065,602,8,2,2022-10-18,,Standard
1066,602,16,3,2023-10-24,,Standard
1067,602,16,4,2024-10-22,,Standard
1068,602,12,4,2024-10-22,,Standard
1069,602,6,5,2025-10-21,,Standard
1070,3198,8,1,2021-10-19,,Standard
1071,3198,30,2,2022-10-18,,Standard
1072,3198,9,3,2023-10-24,,Standard
1073,3198,18,3,2023-10-24,,Standard
1074,3198,24,4,2024-10-22,,Standard
1075,3198,12,5,2025-10-21,,Standard
1076,1162,20,1,2021-10-19,,Standard
1077,4158,4,2,2022-10-18,,Standard
1078,4158,28,3,2023-10-24,,Standard
1079,584,7,1,2021-10-19,,Standard
1080,584,14,2,2022-10-18,,Standard
1081,4665,26,3,2023-10-24,,Standard
1082,5126,8,1,2021-10-19,,Standard
1083,5126,8,2,2022-10-18,,Standard
1084,5126,8,4,2024-10-22,,Standard
1085,3769,8,1,2021-10-19,,Standard
1086,3769,8,2,2022-10-18,,Standard
1087,3769,14,2,2022-10-18,,Standard
1088,2546,6,1,2021-10-19,,Standard
1089,2546,17,1,2021-10-19,,Standard
1090,2546,2,1,2021-10-19,,Standard
1091,2546,2,2,2022-10-18,,Standard
1092,2546,2,3,2023-10-24,,Standard
1093,2546,2,4,2024-10-22,,Standard
1094,2546,27,5,2025-10-21,,Standard
1095,446,28,1,2021-10-19,,Standard
1096,446,28,2,2022-10-18,,Standard
1097,446,28,3,2023-10-24,,Standard
1098,446,28,4,2024-10-22,,Standard
1099,446,2,5,2025-10-21,,Standard
1100,4463,11,1,2021-10-19,,Standard
1101,4463,2,1,2021-10-19,,Standard
1102,4463,12,2,2022-10-18,,Standard
1103,4463,12,3,2023-10-24,,Standard
1104,4463,13,3,2023-10-24,,Standard
1105,4463,19,4,2024-10-22,,Standard
1106,2511,7,1,2021-10-19,,Standard
1107,2511,7,2,2022-10-18,,Standard
1108,2511,7,3,2023-10-24,,Standard
1109,2511,7,4,2024-10-22,,Standard
1110,2511,14,5,2025-10-21,,Standard
1111,935,12,1,2021-10-19,,Standard
1112,935,24,1,2021-10-19,,Standard
1113,935,24,2,2022-10-18,,Standard
1114,935,5,3,2023-10-24,,Standard
1115,935,5,4,2024-10-22,,Standard
1116,935,2,4,2024-10-22,,Standard
1117,4742,9,1,2021-10-19,,Standard
1118,1914,24,5,2025-10-21,,Standard
1119,3195,27,1,2021-10-19,,Standard
1120,3222,22,1,2021-10-19,,Standard
1121,3222,16,1,2021-10-19,,Standard
1122,4786,21,1,2021-10-19,,Standard
1123,60,17,1,2021-10-19,,Standard
1124,60,17,2,2022-10-18,,Standard
1125,60,24,3,2023-10-24,,Standard
1126,60,24,4,2024-10-22,,Standard
1127,60,24,5,2025-10-21,,Standard
1128,174,29,1,2021-10-19,,Standard
1129,174,29,2,2022-10-18,,Standard
1130,174,24,3,2023-10-24,,Standard
1131,185,26,1,2021-10-19,,Standard
1132,185,9,1,2021-10-19,,Standard
1133,185,9,2,2022-10-18,,Standard
1134,185,9,3,2023-10-24,,Standard
1135,185,30,3,2023-10-24,,Standard
1136,185,30,4,2024-10-22,,Standard
1137,185,15,4,2024-10-22,,Standard
1138,185,30,5,2025-10-21,,Standard
1139,185,7,5,2025-10-21,,Standard
1140,208,22,1,2021-10-19,,Standard
1141,208,22,2,2022-10-18,,Standard
1142,208,14,2,2022-10-18,,Standard
1143,208,23,3,2023-10-24,,Standard
1144,208,13,4,2024-10-22,,Standard
1145,208,19,4,2024-10-22,,Standard
1146,208,28,5,2025-10-21,,Standard
1147,208,29,5,2025-10-21,,Standard
1148,265,27,1,2021-10-19,,Standard
1149,265,27,2,2022-10-18,,Standard
1150,265,24,3,2023-10-24,,Standard
1151,265,3,3,2023-10-24,,Standard
1152,515,24,1,2021-10-19,,Standard
1153,515,24,2,2022-10-18,,Standard
1154,515,3,2,2022-10-18,,Standard
1155,515,3,3,2023-10-24,,Standard
1156,515,20,4,2024-10-22,,Standard
1157,515,20,5,2025-10-21,,Standard
1158,516,4,1,2021-10-19,,Standard
1159,516,4,3,2023-10-24,,Standard
1160,516,4,4,2024-10-22,,Standard
1161,516,4,5,2025-10-21,,Standard
1162,548,3,1,2021-10-19,,Standard
1163,548,8,2,2022-10-18,,Standard
1164,548,12,3,2023-10-24,,Standard
1165,548,28,3,2023-10-24,,Standard
1166,548,28,4,2024-10-22,,Standard
1167,548,19,4,2024-10-22,,Standard
1168,548,8,5,2025-10-21,,Standard
1169,590,5,1,2021-10-19,,Standard
1170,590,14,2,2022-10-18,,Standard
1171,590,18,3,2023-10-24,,Standard
1172,590,9,3,2023-10-24,,Standard
1173,593,7,1,2021-10-19,,Standard
1174,593,20,2,2022-10-18,,Standard
1175,593,20,3,2023-10-24,,Standard
1176,593,20,4,2024-10-22,,Standard
1177,593,20,5,2025-10-21,,Standard
1178,728,3,1,2021-10-19,,Standard
1179,728,17,1,2021-10-19,,Standard
1180,728,17,2,2022-10-18,,Standard
1181,728,5,3,2023-10-24,,Standard
1182,728,5,4,2024-10-22,,Standard
1183,728,5,5,2025-10-21,,Standard
1184,728,22,5,2025-10-21,,Standard
1185,733,22,1,2021-10-19,,Standard
1186,733,22,2,2022-10-18,,Standard
1187,733,22,3,2023-10-24,,Standard
1188,733,22,4,2024-10-22,,Standard
1189,733,22,5,2025-10-21,,Standard
1190,1114,9,1,2021-10-19,,Standard
1191,1114,9,2,2022-10-18,,Standard
1192,1114,30,3,2023-10-24,,Standard
1193,1109,17,1,2021-10-19,,Standard
1194,1109,26,1,2021-10-19,,Standard
1195,1109,10,2,2022-10-18,,Standard
1196,1109,20,3,2023-10-24,,Standard
1197,1109,18,4,2024-10-22,,Standard
1198,1109,18,5,2025-10-21,,Standard
1199,1382,2,1,2021-10-19,,Standard
1200,1382,11,1,2021-10-19,,Standard
1201,1382,11,2,2022-10-18,,Standard
1202,1382,1,2,2022-10-18,,Standard
1203,1382,1,3,2023-10-24,,Standard
1204,1382,28,4,2024-10-22,,Standard
1205,1473,21,1,2021-10-19,,Standard
1206,1594,21,1,2021-10-19,,Standard
1207,1594,21,2,2022-10-18,,Standard
1208,1594,21,3,2023-10-24,,Standard
1209,1594,21,4,2024-10-22,,Standard
1210,1594,21,5,2025-10-21,,Standard
1211,1651,19,1,2021-10-19,,Standard
1212,1651,19,2,2022-10-18,,Standard
1213,1651,27,2,2022-10-18,,Standard
1214,1651,27,3,2023-10-24,,Standard
1215,2023,30,1,2021-10-19,,Standard
1216,2023,24,1,2021-10-19,,Standard
1217,2023,1,2,2022-10-18,,Standard
1218,2023,11,3,2023-10-24,,Standard
1219,2023,11,4,2024-10-22,,Standard
1220,2023,11,5,2025-10-21,,Standard
1221,2092,1,1,2021-10-19,,Standard
1222,2092,26,2,2022-10-18,,Standard
1223,2092,26,3,2023-10-24,,Standard
1224,2092,26,4,2024-10-22,,Standard
1225,2092,5,4,2024-10-22,,Standard
1226,2092,5,5,2025-10-21,,Standard
1227,2092,9,5,2025-10-21,,Standard
1228,2128,24,1,2021-10-19,,Standard
1229,2190,15,1,2021-10-19,,Standard
1230,2190,15,2,2022-10-18,,Standard
1231,2190,15,3,2023-10-24,,Standard
1232,2190,15,4,2024-10-22,,Standard
1233,2190,15,5,2025-10-21,,Standard
1234,2190,29,5,2025-10-21,,Standard
1235,2249,5,1,2021-10-19,,Standard
1236,2249,30,1,2021-10-19,,Standard
1237,2249,19,1,2021-10-19,,Standard
1238,2249,27,2,2022-10-18,,Standard
1239,2491,7,1,2021-10-19,,Standard
1240,2532,20,1,2021-10-19,,Standard
1241,2532,1,1,2021-10-19,,Standard
1242,2532,9,2,2022-10-18,,Standard
1243,2532,25,2,2022-10-18,,Standard
1244,2532,9,3,2023-10-24,,Standard
1245,2532,10,4,2024-10-22,,Standard
1246,2863,16,1,2021-10-19,,Standard
1247,2863,16,2,2022-10-18,,Standard
1248,2863,16,3,2023-10-24,,Standard
1249,2863,23,4,2024-10-22,,Standard
1250,2863,7,4,2024-10-22,,Standard
1251,2863,7,5,2025-10-21,,Standard
1252,2865,4,1,2021-10-19,,Standard
1253,2865,4,2,2022-10-18,,Standard
1254,2865,4,3,2023-10-24,,Standard
1255,2865,4,4,2024-10-22,,Standard
1256,2865,24,4,2024-10-22,,Standard
1257,2865,12,5,2025-10-21,,Standard
1258,3055,15,1,2021-10-19,,Standard
1259,3055,23,2,2022-10-18,,Standard
1260,3055,23,3,2023-10-24,,Standard
1261,3055,10,4,2024-10-22,,Standard
1262,3055,10,5,2025-10-21,,Standard
1263,3068,26,1,2021-10-19,,Standard
1264,3068,26,2,2022-10-18,,Standard
1265,3068,24,3,2023-10-24,,Standard
1266,3068,9,3,2023-10-24,,Standard
1267,3117,23,1,2021-10-19,,Standard
1268,3117,23,2,2022-10-18,,Standard
1269,3117,18,3,2023-10-24,,Standard
1270,3117,9,3,2023-10-24,,Standard
1271,3117,20,3,2023-10-24,,Standard
1272,3117,3,4,2024-10-22,,Standard
1273,3117,14,4,2024-10-22,,Standard
1274,3264,28,1,2021-10-19,,Standard
1275,3264,20,2,2022-10-18,,Standard
1276,3264,4,2,2022-10-18,,Standard
1277,3264,2,3,2023-10-24,,Standard
1278,3264,29,4,2024-10-22,,Standard
1279,3264,29,5,2025-10-21,,Standard
1280,3417,18,1,2021-10-19,,Standard
1281,3417,24,2,2022-10-18,,Standard
1282,3417,24,3,2023-10-24,,Standard
1283,3417,24,4,2024-10-22,,Standard
1284,3417,4,4,2024-10-22,,Standard
1285,3417,11,5,2025-10-21,,Standard
1286,3644,28,3,2023-10-24,,Standard
1287,3649,8,1,2021-10-19,,Standard
1288,3649,8,2,2022-10-18,,Standard
1289,3649,8,3,2023-10-24,,Standard
1290,3649,8,4,2024-10-22,,Standard
1291,3649,3,5,2025-10-21,,Standard
1292,3878,10,3,2023-10-24,,Standard
1293,3881,20,1,2021-10-19,,Standard
1294,3881,20,2,2022-10-18,,Standard
1295,3881,20,3,2023-10-24,,Standard
1296,3881,20,4,2024-10-22,,Standard
1297,3881,20,5,2025-10-21,,Standard
1298,4093,6,1,2021-10-19,,Standard
1299,4093,29,2,2022-10-18,,Standard
1300,4093,29,3,2023-10-24,,Standard
1301,4093,29,4,2024-10-22,,Standard
1302,4093,4,5,2025-10-21,,Standard
1303,4093,5,5,2025-10-21,,Standard
1304,4100,24,1,2021-10-19,,Standard
1305,4100,24,2,2022-10-18,,Standard
1306,4100,30,3,2023-10-24,,Standard
1307,4100,20,4,2024-10-22,,Standard
1308,4100,20,5,2025-10-21,,Standard
1309,4162,25,1,2021-10-19,,Standard
1310,4162,25,2,2022-10-18,,Standard
1311,4162,25,3,2023-10-24,,Standard
1312,4162,25,4,2024-10-22,,Standard
1313,4162,2,5,2025-10-21,,Standard
1314,4162,5,5,2025-10-21,,Standard
1315,4575,28,1,2021-10-19,,Standard
1316,4575,28,2,2022-10-18,,Standard
1317,4575,28,3,2023-10-24,,Standard
1318,4575,17,4,2024-10-22,,Standard
1319,4575,17,5,2025-10-21,,Standard
1320,4645,18,1,2021-10-19,,Standard
1321,4645,29,2,2022-10-18,,Standard
1322,4645,14,2,2022-10-18,,Standard
1323,4645,14,3,2023-10-24,,Standard
1324,4645,14,4,2024-10-22,,Standard
1325,4645,14,5,2025-10-21,,Standard
1326,4697,22,1,2021-10-19,,Standard
1327,4697,22,2,2022-10-18,,Standard
1328,4697,22,3,2023-10-24,,Standard
1329,4697,22,4,2024-10-22,,Standard
1330,4697,22,5,2025-10-21,,Standard
1331,4720,27,1,2021-10-19,,Standard
1332,4720,14,2,2022-10-18,,Standard
1333,4720,3,3,2023-10-24,,Standard
1334,4720,23,4,2024-10-22,,Standard
1335,4770,4,1,2021-10-19,,Standard
1336,4770,4,2,2022-10-18,,Standard
1337,4770,4,3,2023-10-24,,Standard
1338,4770,7,3,2023-10-24,,Standard
1339,4770,7,4,2024-10-22,,Standard
1340,4770,7,5,2025-10-21,,Standard
1341,4948,21,1,2021-10-19,,Standard
1342,4948,21,2,2022-10-18,,Standard
1343,4948,21,3,2023-10-24,,Standard
1344,4948,21,4,2024-10-22,,Standard
1345,4948,21,5,2025-10-21,,Standard
1346,5101,1,1,2021-10-19,,Standard
1347,5101,1,2,2022-10-18,,Standard
1348,5101,1,3,2023-10-24,,Standard
1349,5101,1,4,2024-10-22,,Standard
1350,5101,1,5,2025-10-21,,Standard
1351,5101,30,5,2025-10-21,,Standard
1352,172,24,1,2021-10-19,,Standard
1353,172,24,2,2022-10-18,,Standard
1354,172,25,3,2023-10-24,,Standard
1355,172,25,4,2024-10-22,,Standard
1356,172,14,5,2025-10-21,,Standard
1357,1155,7,1,2021-10-19,,Standard
1358,1155,7,2,2022-10-18,,Standard
1359,1155,7,3,2023-10-24,,Standard
1360,1155,7,4,2024-10-22,,Standard
1361,1155,14,4,2024-10-22,,Standard
1362,1155,14,5,2025-10-21,,Standard
1363,3609,7,1,2021-10-19,,Standard
1364,3609,7,2,2022-10-18,,Standard
1365,1258,9,1,2021-10-19,,Standard
1366,361,12,1,2021-10-19,,Standard
1367,361,12,2,2022-10-18,,Standard
1368,361,22,2,2022-10-18,,Standard
1369,361,22,3,2023-10-24,,Standard
1370,361,22,4,2024-10-22,,Standard
1371,361,22,5,2025-10-21,,Standard
1372,522,12,1,2021-10-19,,Standard
1373,522,12,2,2022-10-18,,Standard
1374,522,2,3,2023-10-24,,Standard
1375,522,23,4,2024-10-22,,Standard
1376,1054,26,1,2021-10-19,,Standard
1377,1054,26,2,2022-10-18,,Standard
1378,1054,26,4,2024-10-22,,Standard
1379,4987,2,1,2021-10-19,,Standard
1380,4987,2,2,2022-10-18,,Standard
1381,4987,25,3,2023-10-24,,Standard
1382,4987,25,4,2024-10-22,,Standard
1383,4987,25,5,2025-10-21,,Standard
1384,1766,30,1,2021-10-19,,Standard
1385,1766,30,2,2022-10-18,,Standard
1386,1766,14,2,2022-10-18,,Standard
1387,1766,14,3,2023-10-24,,Standard
1388,1766,14,4,2024-10-22,,Standard
1389,1766,14,5,2025-10-21,,Standard
1390,423,28,1,2021-10-19,,Standard
1391,891,5,1,2021-10-19,,Standard
1392,2574,4,1,2021-10-19,,Standard
1393,3038,11,4,2024-10-22,,Standard
1394,2876,12,1,2021-10-19,,Standard
1395,2876,2,1,2021-10-19,,Standard
1396,810,19,1,2021-10-19,,Standard
1397,2607,27,1,2021-10-19,,Standard
1398,2607,24,2,2022-10-18,,Standard
1399,2607,11,3,2023-10-24,,Standard
1400,2607,11,4,2024-10-22,,Standard
1401,2607,15,5,2025-10-21,,Standard
1402,2607,1,5,2025-10-21,,Standard
1403,1504,3,1,2021-10-19,,Standard
1404,1504,13,1,2021-10-19,,Standard
1405,1504,14,1,2021-10-19,,Standard
1406,1504,14,2,2022-10-18,,Standard
1407,1504,15,3,2023-10-24,,Standard
1408,638,26,2,2022-10-18,,Standard
1409,3871,16,1,2021-10-19,,Standard
1410,3871,16,2,2022-10-18,,Standard
1411,3871,16,3,2023-10-24,,Standard
1412,3871,16,4,2024-10-22,,Standard
1413,3871,9,5,2025-10-21,,Standard
1414,3370,14,2,2022-10-18,,Standard
1415,3370,30,2,2022-10-18,,Standard
1416,4776,28,1,2021-10-19,,Standard
1417,4776,3,2,2022-10-18,,Standard
1418,4776,24,3,2023-10-24,,Standard
1419,4776,15,3,2023-10-24,,Standard
1420,3012,18,1,2021-10-19,,Standard
1421,3012,18,2,2022-10-18,,Standard
1422,3012,18,3,2023-10-24,,Standard
1423,3012,26,4,2024-10-22,,Standard
1424,3012,27,4,2024-10-22,,Standard
1425,3012,27,5,2025-10-21,,Standard
1426,1635,6,1,2021-10-19,,Standard
1427,2256,22,1,2021-10-19,,Standard
1428,788,10,1,2021-10-19,,Standard
1429,2360,14,1,2021-10-19,,Standard
1430,4669,16,1,2021-10-19,,Standard
1431,4669,16,2,2022-10-18,,Standard
1432,4669,14,3,2023-10-24,,Standard
1433,4669,14,4,2024-10-22,,Standard
1434,4669,14,5,2025-10-21,,Standard
1435,4669,1,5,2025-10-21,,Standard
1436,1329,27,1,2021-10-19,,Standard
1437,1329,25,1,2021-10-19,,Standard
1438,1329,25,2,2022-10-18,,Standard
1439,1329,24,3,2023-10-24,,Standard
1440,1329,29,4,2024-10-22,,Standard
1441,1329,13,4,2024-10-22,,Standard
1442,1329,26,5,2025-10-21,,Standard
1443,4558,10,1,2021-10-19,,Standard
1444,4558,14,2,2022-10-18,,Standard
1445,4558,29,2,2022-10-18,,Standard
1446,4558,26,3,2023-10-24,,Standard
1447,1985,16,1,2021-10-19,,Standard
1448,1985,16,2,2022-10-18,,Standard
1449,1985,16,3,2023-10-24,,Standard
1450,1985,16,4,2024-10-22,,Standard
1451,1985,24,5,2025-10-21,,Standard
1452,779,29,1,2021-10-19,,Standard
1453,837,13,1,2021-10-19,,Standard
1454,837,13,2,2022-10-18,,Standard
1455,837,13,3,2023-10-24,,Standard
1456,837,13,4,2024-10-22,,Standard
1457,837,17,5,2025-10-21,,Standard
1458,837,24,5,2025-10-21,,Standard
1459,1111,21,1,2021-10-19,,Standard
1460,1111,6,2,2022-10-18,,Standard
1461,1111,27,3,2023-10-24,,Standard
1462,1111,20,3,2023-10-24,,Standard
1463,1282,25,1,2021-10-19,,Standard
1464,1846,19,1,2021-10-19,,Standard
1465,2229,15,1,2021-10-19,,Standard
1466,2229,20,3,2023-10-24,,Standard
1467,2229,4,4,2024-10-22,,Standard
1468,2229,26,5,2025-10-21,,Standard
1469,1350,6,1,2021-10-19,,Standard
1470,2828,13,1,2021-10-19,,Standard
1471,2828,13,2,2022-10-18,,Standard
1472,2828,13,3,2023-10-24,,Standard
1473,2828,13,4,2024-10-22,,Standard
1474,2828,1,4,2024-10-22,,Standard
1475,2828,3,5,2025-10-21,,Standard
1476,3305,12,2,2022-10-18,,Standard
1477,3305,12,3,2023-10-24,,Standard
1478,3305,12,4,2024-10-22,,Standard
1479,3305,12,5,2025-10-21,,Standard
1480,3568,12,1,2021-10-19,,Standard
1481,3568,25,1,2021-10-19,,Standard
1482,3599,8,3,2023-10-24,,Standard
1483,3599,8,4,2024-10-22,,Standard
1484,3599,8,5,2025-10-21,,Standard
1485,3665,23,1,2021-10-19,,Standard
1486,4382,16,1,2021-10-19,,Standard
1487,4382,16,2,2022-10-18,,Standard
1488,4382,6,3,2023-10-24,,Standard
1489,4382,6,4,2024-10-22,,Standard
1490,4382,6,5,2025-10-21,,Standard
1491,4884,17,1,2021-10-19,,Standard
1492,4884,17,2,2022-10-18,,Standard
1493,4884,17,3,2023-10-24,,Standard
1494,409,8,1,2021-10-19,,Standard
1495,409,22,2,2022-10-18,,Standard
1496,409,24,3,2023-10-24,,Standard
1497,409,24,4,2024-10-22,,Standard
1498,4994,19,2,2022-10-18,,Standard
1499,4994,19,3,2023-10-24,,Standard
1500,4994,19,4,2024-10-22,,Standard
1501,4994,19,5,2025-10-21,,Standard
1502,245,20,1,2021-10-19,,Standard
1503,245,20,2,2022-10-18,,Standard
1504,245,20,3,2023-10-24,,Standard
1505,245,28,3,2023-10-24,,Standard
1506,245,28,4,2024-10-22,,Standard
1507,245,28,5,2025-10-21,,Standard
1508,3765,1,1,2021-10-19,,Standard
1509,3765,20,1,2021-10-19,,Standard
1510,3765,20,2,2022-10-18,,Standard
1511,3765,25,2,2022-10-18,,Standard
1512,3765,14,3,2023-10-24,,Standard
1513,3765,14,4,2024-10-22,,Standard
1514,3184,15,1,2021-10-19,,Standard
1515,3184,15,2,2022-10-18,,Standard
1516,3184,15,3,2023-10-24,,Standard
1517,3184,15,4,2024-10-22,,Standard
1518,3184,15,5,2025-10-21,,Standard
1519,2114,1,1,2021-10-19,,Standard
1520,2114,1,2,2022-10-18,,Standard
1521,2114,1,3,2023-10-24,,Standard
1522,2114,1,4,2024-10-22,,Standard
1523,2114,6,4,2024-10-22,,Standard
1524,2114,6,5,2025-10-21,,Standard
1525,2114,26,5,2025-10-21,,Standard
1526,4846,5,1,2021-10-19,,Standard
1527,4846,5,2,2022-10-18,,Standard
1528,4846,5,3,2023-10-24,,Standard
1529,4846,5,4,2024-10-22,,Standard
1530,4846,5,5,2025-10-21,,Standard
1531,4846,4,5,2025-10-21,,Standard
1532,965,15,1,2021-10-19,,Standard
1533,965,1,2,2022-10-18,,Standard
1534,814,15,1,2021-10-19,,Standard
1535,814,15,2,2022-10-18,,Standard
1536,814,15,3,2023-10-24,,Standard
1537,814,15,4,2024-10-22,,Standard
1538,814,15,5,2025-10-21,,Standard
1539,1171,14,1,2021-10-19,,Standard
1540,1533,6,1,2021-10-19,,Standard
1541,1533,6,2,2022-10-18,,Standard
1542,1533,6,3,2023-10-24,,Standard
1543,1533,6,4,2024-10-22,,Standard
1544,1533,6,5,2025-10-21,,Standard
1545,1533,13,5,2025-10-21,,Standard
1546,1911,19,1,2021-10-19,,Standard
1547,1911,19,2,2022-10-18,,Standard
1548,1911,14,3,2023-10-24,,Standard
1549,1911,14,4,2024-10-22,,Standard
1550,1911,14,5,2025-10-21,,Standard
1551,56,19,1,2021-10-19,,Standard
1552,56,29,1,2021-10-19,,Standard
1553,56,29,2,2022-10-18,,Standard
1554,56,18,2,2022-10-18,,Standard
1555,56,18,3,2023-10-24,,Standard
1556,56,18,4,2024-10-22,,Standard
1557,56,1,5,2025-10-21,,Standard
1558,1964,16,1,2021-10-19,,Standard
1559,1964,16,2,2022-10-18,,Standard
1560,1964,16,3,2023-10-24,,Standard
1561,1964,16,4,2024-10-22,,Standard
1562,1964,16,5,2025-10-21,,Standard
1563,2292,27,1,2021-10-19,,Standard
1564,2292,27,2,2022-10-18,,Standard
1565,2292,27,3,2023-10-24,,Standard
1566,2292,27,4,2024-10-22,,Standard
1567,2292,27,5,2025-10-21,,Standard
1568,2617,2,1,2021-10-19,,Standard
1569,2617,27,1,2021-10-19,,Standard
1570,2617,27,2,2022-10-18,,Standard
1571,2711,25,1,2021-10-19,,Standard
1572,2711,25,2,2022-10-18,,Standard
1573,2711,24,3,2023-10-24,,Standard
1574,3415,22,1,2021-10-19,,Standard
1575,3415,22,2,2022-10-18,,Standard
1576,3415,22,3,2023-10-24,,Standard
1577,3415,23,4,2024-10-22,,Standard
1578,3415,6,4,2024-10-22,,Standard
1579,3420,16,1,2021-10-19,,Standard
1580,3420,26,2,2022-10-18,,Standard
1581,3648,11,1,2021-10-19,,Standard
1582,3648,11,2,2022-10-18,,Standard
1583,3648,13,4,2024-10-22,,Standard
1584,3648,17,4,2024-10-22,,Standard
1585,3648,17,5,2025-10-21,,Standard
1586,260,23,1,2021-10-19,,Standard
1587,260,27,2,2022-10-18,,Standard
1588,260,27,3,2023-10-24,,Standard
1589,260,27,4,2024-10-22,,Standard
1590,260,15,5,2025-10-21,,Standard
1591,260,23,5,2025-10-21,,Standard
1592,260,2,5,2025-10-21,,Standard
1593,260,10,5,2025-10-21,,Standard
1594,284,21,1,2021-10-19,,Standard
1595,284,21,2,2022-10-18,,Standard
1596,284,24,2,2022-10-18,,Standard
1597,284,23,3,2023-10-24,,Standard
1598,284,29,3,2023-10-24,,Standard
1599,497,22,1,2021-10-19,,Standard
1600,575,7,1,2021-10-19,,Standard
1601,575,6,1,2021-10-19,,Standard
1602,575,13,2,2022-10-18,,Standard
1603,575,3,2,2022-10-18,,Standard
1604,575,25,3,2023-10-24,,Standard
1605,575,12,4,2024-10-22,,Standard
1606,575,7,4,2024-10-22,,Standard
1607,820,3,1,2021-10-19,,Standard
1608,820,3,2,2022-10-18,,Standard
1609,820,3,3,2023-10-24,,Standard
1610,820,3,4,2024-10-22,,Standard
1611,820,3,5,2025-10-21,,Standard
1612,1160,21,1,2021-10-19,,Standard
1613,1160,21,2,2022-10-18,,Standard
1614,1160,21,3,2023-10-24,,Standard
1615,1160,21,4,2024-10-22,,Standard
1616,1160,21,5,2025-10-21,,Standard
1617,1163,5,1,2021-10-19,,Standard
1618,1163,30,2,2022-10-18,,Standard
1619,1507,30,1,2021-10-19,,Standard
1620,1507,30,2,2022-10-18,,Standard
1621,1507,30,3,2023-10-24,,Standard
1622,1507,7,3,2023-10-24,,Standard
1623,1507,7,4,2024-10-22,,Standard
1624,1507,7,5,2025-10-21,,Standard
1625,1739,20,1,2021-10-19,,Standard
1626,1739,20,2,2022-10-18,,Standard
1627,1739,20,3,2023-10-24,,Standard
1628,1739,9,3,2023-10-24,,Standard
1629,1739,7,4,2024-10-22,,Standard
1630,1739,23,4,2024-10-22,,Standard
1631,1739,23,5,2025-10-21,,Standard
1632,1763,16,1,2021-10-19,,Standard
1633,2010,21,1,2021-10-19,,Standard
1634,2064,14,1,2021-10-19,,Standard
1635,2064,29,2,2022-10-18,,Standard
1636,2064,29,3,2023-10-24,,Standard
1637,2064,5,4,2024-10-22,,Standard
1638,2241,21,1,2021-10-19,,Standard
1639,2241,10,2,2022-10-18,,Standard
1640,2241,6,3,2023-10-24,,Standard
1641,2241,6,4,2024-10-22,,Standard
1642,2241,15,5,2025-10-21,,Standard
1643,2259,24,1,2021-10-19,,Standard
1644,2259,24,2,2022-10-18,,Standard
1645,2259,3,2,2022-10-18,,Standard
1646,2259,3,3,2023-10-24,,Standard
1647,2259,3,4,2024-10-22,,Standard
1648,2259,8,5,2025-10-21,,Standard
1649,2413,2,2,2022-10-18,,Standard
1650,2495,26,1,2021-10-19,,Standard
1651,2495,23,2,2022-10-18,,Standard
1652,2969,4,1,2021-10-19,,Standard
1653,2969,4,2,2022-10-18,,Standard
1654,2969,23,2,2022-10-18,,Standard
1655,2969,28,3,2023-10-24,,Standard
1656,2969,30,4,2024-10-22,,Standard
1657,3365,18,1,2021-10-19,,Standard
1658,3365,18,2,2022-10-18,,Standard
1659,3365,15,3,2023-10-24,,Standard
1660,3365,9,3,2023-10-24,,Standard
1661,3365,19,4,2024-10-22,,Standard
1662,3375,17,1,2021-10-19,,Standard
1663,3375,17,2,2022-10-18,,Standard
1664,3375,12,2,2022-10-18,,Standard
1665,3375,12,3,2023-10-24,,Standard
1666,3375,28,3,2023-10-24,,Standard
1667,3442,29,1,2021-10-19,,Standard
1668,3509,29,1,2021-10-19,,Standard
1669,3637,10,1,2021-10-19,,Standard
1670,3637,10,2,2022-10-18,,Standard
1671,3637,30,3,2023-10-24,,Standard
1672,3637,30,4,2024-10-22,,Standard
1673,3637,19,5,2025-10-21,,Standard
1674,3705,26,1,2021-10-19,,Standard
1675,3705,26,2,2022-10-18,,Standard
1676,3705,2,3,2023-10-24,,Standard
1677,3705,2,4,2024-10-22,,Standard
1678,3705,2,5,2025-10-21,,Standard
1679,3787,18,1,2021-10-19,,Standard
1680,3787,18,2,2022-10-18,,Standard
1681,3787,18,3,2023-10-24,,Standard
1682,3787,18,4,2024-10-22,,Standard
1683,3787,18,5,2025-10-21,,Standard
1684,3893,21,1,2021-10-19,,Standard
1685,3893,27,2,2022-10-18,,Standard
1686,4045,22,1,2021-10-19,,Standard
1687,4045,22,2,2022-10-18,,Standard
1688,4045,22,3,2023-10-24,,Standard
1689,4526,23,1,2021-10-19,,Standard
1690,4526,23,2,2022-10-18,,Standard
1691,4526,25,2,2022-10-18,,Standard
1692,4526,25,3,2023-10-24,,Standard
1693,4526,25,4,2024-10-22,,Standard
1694,4526,25,5,2025-10-21,,Standard
1695,4529,15,1,2021-10-19,,Standard
1696,4777,28,1,2021-10-19,,Standard
1697,4777,30,1,2021-10-19,,Standard
1698,4795,10,1,2021-10-19,,Standard
1699,4931,2,1,2021-10-19,,Standard
1700,4931,2,2,2022-10-18,,Standard
1701,4931,7,3,2023-10-24,,Standard
1702,4931,4,3,2023-10-24,,Standard
1703,4931,4,4,2024-10-22,,Standard
1704,4931,4,5,2025-10-21,,Standard
1705,5015,6,1,2021-10-19,,Standard
1706,5015,6,2,2022-10-18,,Standard
1707,5015,20,3,2023-10-24,,Standard
1708,5015,14,3,2023-10-24,,Standard
1709,5015,1,3,2023-10-24,,Standard
1710,4182,9,1,2021-10-19,,Standard
1711,2747,19,1,2021-10-19,,Standard
1712,2747,25,1,2021-10-19,,Standard
1713,412,17,3,2023-10-24,,Standard
1714,412,4,3,2023-10-24,,Standard
1715,536,11,1,2021-10-19,,Standard
1716,536,28,1,2021-10-19,,Standard
1717,536,3,3,2023-10-24,,Standard
1718,588,7,1,2021-10-19,,Standard
1719,588,23,1,2021-10-19,,Standard
1720,588,20,3,2023-10-24,,Standard
1721,667,27,1,2021-10-19,,Standard
1722,2541,15,1,2021-10-19,,Standard
1723,2541,15,2,2022-10-18,,Standard
1724,2541,15,3,2023-10-24,,Standard
1725,2541,15,4,2024-10-22,,Standard
1726,2541,15,5,2025-10-21,,Standard
1727,2541,29,5,2025-10-21,,Standard
1728,2895,11,1,2021-10-19,,Standard
1729,2895,11,2,2022-10-18,,Standard
1730,2895,1,2,2022-10-18,,Standard
1731,2895,1,3,2023-10-24,,Standard
1732,2895,1,4,2024-10-22,,Standard
1733,2895,12,5,2025-10-21,,Standard
1734,4592,8,1,2021-10-19,,Standard
1735,4592,17,1,2021-10-19,,Standard
1736,4688,6,1,2021-10-19,,Standard
1737,4688,6,2,2022-10-18,,Standard
1738,4688,6,3,2023-10-24,,Standard
1739,4688,6,4,2024-10-22,,Standard
1740,4688,6,5,2025-10-21,,Standard
1741,3983,29,2,2022-10-18,,Standard
1742,3983,29,3,2023-10-24,,Standard
1743,4150,18,1,2021-10-19,,Standard
1744,4150,16,1,2021-10-19,,Standard
1745,4150,7,2,2022-10-18,,Standard
1746,4490,5,1,2021-10-19,,Standard
1747,1701,5,1,2021-10-19,,Standard
1748,1701,5,2,2022-10-18,,Standard
1749,1701,5,3,2023-10-24,,Standard
1750,1701,19,4,2024-10-22,,Standard
1751,1701,6,4,2024-10-22,,Standard
1752,1701,9,5,2025-10-21,,Standard
1753,3188,28,1,2021-10-19,,Standard
1754,3188,2,1,2021-10-19,,Standard
1755,3170,20,1,2021-10-19,,Standard
1756,388,25,1,2021-10-19,,Standard
1757,3168,13,1,2021-10-19,,Standard
1758,3168,13,2,2022-10-18,,Standard
1759,3168,13,3,2023-10-24,,Standard
1760,692,22,1,2021-10-19,,Standard
1761,1255,18,1,2021-10-19,,Standard
1762,1255,18,2,2022-10-18,,Standard
1763,1255,18,3,2023-10-24,,Standard
1764,1255,18,4,2024-10-22,,Standard
1765,1255,18,5,2025-10-21,,Standard
1766,204,4,1,2021-10-19,,Standard
1767,204,4,2,2022-10-18,,Standard
1768,204,4,3,2023-10-24,,Standard
1769,204,4,4,2024-10-22,,Standard
1770,204,4,5,2025-10-21,,Standard
1771,5029,10,2,2022-10-18,,Standard
1772,5029,9,2,2022-10-18,,Standard
1773,5029,9,3,2023-10-24,,Standard
1774,5029,12,4,2024-10-22,,Standard
1775,5029,12,5,2025-10-21,,Standard
1776,1912,9,1,2021-10-19,,Standard
1777,1912,9,2,2022-10-18,,Standard
1778,1912,9,3,2023-10-24,,Standard
1779,1912,3,4,2024-10-22,,Standard
1780,1912,26,5,2025-10-21,,Standard
1781,164,30,1,2021-10-19,,Standard
1782,164,30,2,2022-10-18,,Standard
1783,164,30,3,2023-10-24,,Standard
1784,164,25,4,2024-10-22,,Standard
1785,164,25,5,2025-10-21,,Standard
1786,4554,20,1,2021-10-19,,Standard
1787,4554,20,2,2022-10-18,,Standard
1788,4554,12,3,2023-10-24,,Standard
1789,4554,12,4,2024-10-22,,Standard
1790,4554,12,5,2025-10-21,,Standard
1791,3418,1,1,2021-10-19,,Standard
1792,3418,1,2,2022-10-18,,Standard
1793,3418,1,3,2023-10-24,,Standard
1794,3418,1,4,2024-10-22,,Standard
1795,3418,1,5,2025-10-21,,Standard
1796,1784,26,1,2021-10-19,,Standard
1797,1784,12,1,2021-10-19,,Standard
1798,1784,12,2,2022-10-18,,Standard
1799,1784,12,3,2023-10-24,,Standard
1800,1784,12,4,2024-10-22,,Standard
1801,4654,27,1,2021-10-19,,Standard
1802,4654,27,2,2022-10-18,,Standard
1803,4654,27,3,2023-10-24,,Standard
1804,4654,27,4,2024-10-22,,Standard
1805,4654,27,5,2025-10-21,,Standard
1806,3419,6,1,2021-10-19,,Standard
1807,3419,6,2,2022-10-18,,Standard
1808,3419,6,3,2023-10-24,,Standard
1809,3419,6,4,2024-10-22,,Standard
1810,3419,5,5,2025-10-21,,Standard
1811,4964,5,1,2021-10-19,,Standard
1812,4964,5,2,2022-10-18,,Standard
1813,4964,5,3,2023-10-24,,Standard
1814,4964,5,4,2024-10-22,,Standard
1815,4964,5,5,2025-10-21,,Standard
1816,11,28,1,2021-10-19,,Standard
1817,11,28,2,2022-10-18,,Standard
1818,11,28,3,2023-10-24,,Standard
1819,11,20,3,2023-10-24,,Standard
1820,11,20,4,2024-10-22,,Standard
1821,11,26,5,2025-10-21,,Standard
1822,3310,2,1,2021-10-19,,Standard
1823,3310,12,2,2022-10-18,,Standard
1824,3310,12,3,2023-10-24,,Standard
1825,3310,12,4,2024-10-22,,Standard
1826,3310,12,5,2025-10-21,,Standard
1827,119,22,1,2021-10-19,,Standard
1828,119,22,2,2022-10-18,,Standard
1829,119,22,3,2023-10-24,,Standard
1830,119,22,4,2024-10-22,,Standard
1831,119,17,5,2025-10-21,,Standard
1832,2815,21,1,2021-10-19,,Standard
1833,2815,4,2,2022-10-18,,Standard
1834,2815,4,3,2023-10-24,,Standard
1835,2815,24,3,2023-10-24,,Standard
1836,698,4,1,2021-10-19,,Standard
1837,698,30,1,2021-10-19,,Standard
1838,698,30,2,2022-10-18,,Standard
1839,2904,23,1,2021-10-19,,Standard
1840,2904,23,2,2022-10-18,,Standard
1841,2904,23,3,2023-10-24,,Standard
1842,2904,23,4,2024-10-22,,Standard
1843,2904,23,5,2025-10-21,,Standard
1844,4459,15,1,2021-10-19,,Standard
1845,341,9,1,2021-10-19,,Standard
1846,341,9,2,2022-10-18,,Standard
1847,341,1,2,2022-10-18,,Standard
1848,341,1,3,2023-10-24,,Standard
1849,341,19,5,2025-10-21,,Standard
1850,1811,22,1,2021-10-19,,Standard
1851,1811,22,2,2022-10-18,,Standard
1852,1811,9,2,2022-10-18,,Standard
1853,1811,16,3,2023-10-24,,Standard
1854,1704,7,1,2021-10-19,,Standard
1855,1704,7,2,2022-10-18,,Standard
1856,1704,7,3,2023-10-24,,Standard
1857,1704,4,4,2024-10-22,,Standard
1858,1704,4,5,2025-10-21,,Standard
1859,2968,18,1,2021-10-19,,Standard
1860,2968,18,2,2022-10-18,,Standard
1861,2968,18,3,2023-10-24,,Standard
1862,2968,18,4,2024-10-22,,Standard
1863,2968,18,5,2025-10-21,,Standard
1864,2701,19,1,2021-10-19,,Standard
1865,2701,19,2,2022-10-18,,Standard
1866,2701,19,3,2023-10-24,,Standard
1867,2701,28,3,2023-10-24,,Standard
1868,2701,29,3,2023-10-24,,Standard
1869,3731,26,1,2021-10-19,,Standard
1870,3731,28,3,2023-10-24,,Standard
1871,3457,28,1,2021-10-19,,Standard
1872,4235,24,1,2021-10-19,,Standard
1873,4235,12,1,2021-10-19,,Standard
1874,4235,12,2,2022-10-18,,Standard
1875,4235,12,3,2023-10-24,,Standard
1876,4235,5,4,2024-10-22,,Standard
1877,4235,5,5,2025-10-21,,Standard
1878,2098,29,1,2021-10-19,,Standard
1879,2098,25,1,2021-10-19,,Standard
1880,4344,9,1,2021-10-19,,Standard
1881,4344,9,2,2022-10-18,,Standard
1882,4344,9,3,2023-10-24,,Standard
1883,4344,9,4,2024-10-22,,Standard
1884,4344,9,5,2025-10-21,,Standard
1885,3340,8,1,2021-10-19,,Standard
1886,3340,8,2,2022-10-18,,Standard
1887,3340,8,3,2023-10-24,,Standard
1888,3340,8,4,2024-10-22,,Standard
1889,3340,8,5,2025-10-21,,Standard
1890,3707,20,1,2021-10-19,,Standard
1891,3707,20,2,2022-10-18,,Standard
1892,3707,20,3,2023-10-24,,Standard
1893,3707,28,3,2023-10-24,,Standard
1894,3707,28,4,2024-10-22,,Standard
1895,3707,28,5,2025-10-21,,Standard
1896,3772,23,1,2021-10-19,,Standard
1897,3772,23,2,2022-10-18,,Standard
1898,3772,23,3,2023-10-24,,Standard
1899,3772,9,4,2024-10-22,,Standard
1900,3772,9,5,2025-10-21,,Standard
1901,414,18,1,2021-10-19,,Standard
1902,414,29,2,2022-10-18,,Standard
1903,3627,21,1,2021-10-19,,Standard
1904,3627,21,2,2022-10-18,,Standard
1905,3627,21,3,2023-10-24,,Standard
1906,3627,4,3,2023-10-24,,Standard
1907,2245,23,1,2021-10-19,,Standard
1908,2245,21,2,2022-10-18,,Standard
1909,2245,21,3,2023-10-24,,Standard
1910,2245,21,4,2024-10-22,,Standard
1911,2245,21,5,2025-10-21,,Standard
1912,4321,9,1,2021-10-19,,Standard
1913,2384,27,1,2021-10-19,,Standard
1914,2384,27,2,2022-10-18,,Standard
1915,2384,27,3,2023-10-24,,Standard
1916,2384,27,4,2024-10-22,,Standard
1917,2384,5,4,2024-10-22,,Standard
1918,2384,5,5,2025-10-21,,Standard
1919,1420,28,1,2021-10-19,,Standard
1920,1420,28,2,2022-10-18,,Standard
1921,1420,28,3,2023-10-24,,Standard
1922,1420,20,3,2023-10-24,,Standard
1923,1420,9,3,2023-10-24,,Standard
1924,1420,4,4,2024-10-22,,Standard
1925,3688,2,1,2021-10-19,,Standard
1926,3688,2,2,2022-10-18,,Standard
1927,3688,2,3,2023-10-24,,Standard
1928,3688,2,4,2024-10-22,,Standard
1929,3688,2,5,2025-10-21,,Standard
1930,1772,25,3,2023-10-24,,Standard
1931,4339,6,1,2021-10-19,,Standard
1932,4339,6,2,2022-10-18,,Standard
1933,4339,2,3,2023-10-24,,Standard
1934,4339,15,3,2023-10-24,,Standard
1935,4339,15,4,2024-10-22,,Standard
1936,4065,13,1,2021-10-19,,Standard
1937,4065,22,2,2022-10-18,,Standard
1938,2006,12,1,2021-10-19,,Standard
1939,2006,11,3,2023-10-24,,Standard
1940,3809,4,1,2021-10-19,,Standard
1941,3809,4,2,2022-10-18,,Standard
1942,3809,4,3,2023-10-24,,Standard
1943,3809,4,4,2024-10-22,,Standard
1944,3809,24,4,2024-10-22,,Standard
1945,3809,24,5,2025-10-21,,Standard
1946,3809,5,5,2025-10-21,,Standard
1947,5103,16,1,2021-10-19,,Standard
1948,5103,16,2,2022-10-18,,Standard
1949,5103,29,3,2023-10-24,,Standard
1950,5103,10,5,2025-10-21,,Standard
1951,2079,8,1,2021-10-19,,Standard
1952,4531,15,1,2021-10-19,,Standard
1953,4531,15,2,2022-10-18,,Standard
1954,4531,15,3,2023-10-24,,Standard
1955,4531,2,3,2023-10-24,,Standard
1956,4531,2,4,2024-10-22,,Standard
1957,4531,2,5,2025-10-21,,Standard
1958,4531,4,5,2025-10-21,,Standard
1959,651,29,1,2021-10-19,,Standard
1960,651,21,2,2022-10-18,,Standard
1961,651,30,3,2023-10-24,,Standard
1962,651,30,4,2024-10-22,,Standard
1963,651,23,4,2024-10-22,,Standard
1964,5024,30,1,2021-10-19,,Standard
1965,210,15,1,2021-10-19,,Standard
1966,210,15,2,2022-10-18,,Standard
1967,210,15,3,2023-10-24,,Standard
1968,210,15,4,2024-10-22,,Standard
1969,210,22,5,2025-10-21,,Standard
1970,5046,26,1,2021-10-19,,Standard
1971,2918,1,1,2021-10-19,,Standard
1972,2918,25,2,2022-10-18,,Standard
1973,2918,25,3,2023-10-24,,Standard
1974,2918,14,3,2023-10-24,,Standard
1975,2372,14,1,2021-10-19,,Standard
1976,2372,26,3,2023-10-24,,Standard
1977,2372,26,4,2024-10-22,,Standard
1978,1700,11,1,2021-10-19,,Standard
1979,1700,11,2,2022-10-18,,Standard
1980,1700,11,3,2023-10-24,,Standard
1981,1700,11,4,2024-10-22,,Standard
1982,1700,24,5,2025-10-21,,Standard
1983,4537,30,1,2021-10-19,,Standard
1984,4537,30,2,2022-10-18,,Standard
1985,3337,11,1,2021-10-19,,Standard
1986,3337,11,2,2022-10-18,,Standard
1987,3337,18,3,2023-10-24,,Standard
1988,3337,18,4,2024-10-22,,Standard
1989,2575,10,1,2021-10-19,,Standard
1990,2575,10,2,2022-10-18,,Standard
1991,2575,10,3,2023-10-24,,Standard
1992,2575,10,4,2024-10-22,,Standard
1993,2575,10,5,2025-10-21,,Standard
1994,2575,1,5,2025-10-21,,Standard
1995,2855,19,1,2021-10-19,,Standard
1996,2855,19,2,2022-10-18,,Standard
1997,2855,19,3,2023-10-24,,Standard
1998,2855,7,4,2024-10-22,,Standard
1999,2855,7,5,2025-10-21,,Standard
2000,2875,11,1,2021-10-19,,Standard
2001,2875,11,2,2022-10-18,,Standard
2002,2875,13,3,2023-10-24,,Standard
2003,2875,23,3,2023-10-24,,Standard
2004,2875,23,4,2024-10-22,,Standard
2005,2875,29,4,2024-10-22,,Standard
2006,2524,18,1,2021-10-19,,Standard
2007,2524,18,2,2022-10-18,,Standard
2008,1443,29,1,2021-10-19,,Standard
2009,1443,1,2,2022-10-18,,Standard
2010,1443,1,3,2023-10-24,,Standard
2011,2599,27,1,2021-10-19,,Standard
2012,2599,10,2,2022-10-18,,Standard
2013,1404,29,1,2021-10-19,,Standard
2014,1404,2,1,2021-10-19,,Standard
2015,2667,9,1,2021-10-19,,Standard
2016,2667,23,2,2022-10-18,,Standard
2017,2667,24,2,2022-10-18,,Standard
2018,2667,24,3,2023-10-24,,Standard
2019,3066,15,1,2021-10-19,,Standard
2020,3066,6,2,2022-10-18,,Standard
2021,3066,6,3,2023-10-24,,Standard
2022,3066,6,4,2024-10-22,,Standard
2023,3066,6,5,2025-10-21,,Standard
2024,3704,11,1,2021-10-19,,Standard
2025,3704,12,2,2022-10-18,,Standard
2026,3704,22,3,2023-10-24,,Standard
2027,3704,22,4,2024-10-22,,Standard
2028,1161,5,1,2021-10-19,,Standard
2029,1161,5,2,2022-10-18,,Standard
2030,1161,5,3,2023-10-24,,Standard
2031,1161,5,4,2024-10-22,,Standard
2032,1161,5,5,2025-10-21,,Standard
2033,1161,18,5,2025-10-21,,Standard
2034,2561,21,1,2021-10-19,,Standard
2035,2561,1,2,2022-10-18,,Standard
2036,2561,1,3,2023-10-24,,Standard
2037,2561,1,4,2024-10-22,,Standard
2038,2561,1,5,2025-10-21,,Standard
2039,2561,25,5,2025-10-21,,Standard
2040,4422,11,1,2021-10-19,,Standard
2041,4422,11,2,2022-10-18,,Standard
2042,4422,11,3,2023-10-24,,Standard
2043,4422,11,4,2024-10-22,,Standard
2044,4422,11,5,2025-10-21,,Standard
2045,4161,5,1,2021-10-19,,Standard
2046,4161,5,2,2022-10-18,,Standard
2047,1436,26,3,2023-10-24,,Standard
2048,1595,30,1,2021-10-19,,Standard
2049,1595,30,2,2022-10-18,,Standard
2050,1595,30,3,2023-10-24,,Standard
2051,1595,30,4,2024-10-22,,Standard
2052,1595,30,5,2025-10-21,,Standard
2053,688,8,1,2021-10-19,,Standard
2054,688,7,2,2022-10-18,,Standard
2055,4274,15,1,2021-10-19,,Standard
2056,4274,29,1,2021-10-19,,Standard
2057,4274,4,2,2022-10-18,,Standard
2058,4472,2,1,2021-10-19,,Standard
2059,1600,22,1,2021-10-19,,Standard
2060,2441,7,4,2024-10-22,,Standard
2061,2441,19,4,2024-10-22,,Standard
2062,1867,22,2,2022-10-18,,Standard
2063,1867,22,3,2023-10-24,,Standard
2064,4064,6,1,2021-10-19,,Standard
2065,4064,3,5,2025-10-21,,Standard
2066,1176,10,1,2021-10-19,,Standard
2067,1176,17,1,2021-10-19,,Standard
2068,1176,22,1,2021-10-19,,Standard
2069,1176,28,2,2022-10-18,,Standard
2070,1176,23,3,2023-10-24,,Standard
2071,1176,23,4,2024-10-22,,Standard
2072,2469,23,1,2021-10-19,,Standard
2073,2469,9,1,2021-10-19,,Standard
2074,2469,9,2,2022-10-18,,Standard
2075,2469,8,3,2023-10-24,,Standard
2076,2469,10,4,2024-10-22,,Standard
2077,4305,10,3,2023-10-24,,Standard
2078,4305,10,4,2024-10-22,,Standard
2079,4305,10,5,2025-10-21,,Standard
2080,4914,25,1,2021-10-19,,Standard
2081,4914,7,3,2023-10-24,,Standard
2082,4914,7,4,2024-10-22,,Standard
2083,4914,7,5,2025-10-21,,Standard
2084,4778,21,1,2021-10-19,,Standard
2085,4778,21,2,2022-10-18,,Standard
2086,4778,21,3,2023-10-24,,Standard
2087,4778,10,4,2024-10-22,,Standard
2088,4778,9,4,2024-10-22,,Standard
2089,4778,27,5,2025-10-21,,Standard
2090,3971,2,1,2021-10-19,,Standard
2091,3971,14,2,2022-10-18,,Standard
2092,3971,18,2,2022-10-18,,Standard
2093,3971,19,3,2023-10-24,,Standard
2094,3971,20,4,2024-10-22,,Standard
2095,1079,21,1,2021-10-19,,Standard
2096,2271,28,1,2021-10-19,,Standard
2097,3890,21,1,2021-10-19,,Standard
2098,3890,21,2,2022-10-18,,Standard
2099,3890,19,3,2023-10-24,,Standard
2100,3890,19,4,2024-10-22,,Standard
2101,3890,12,5,2025-10-21,,Standard
2102,3890,7,5,2025-10-21,,Standard
2103,443,13,1,2021-10-19,,Standard
2104,443,13,2,2022-10-18,,Standard
2105,443,13,3,2023-10-24,,Standard
2106,443,19,4,2024-10-22,,Standard
2107,802,11,1,2021-10-19,,Standard
2108,802,11,2,2022-10-18,,Standard
2109,802,16,4,2024-10-22,,Standard
2110,2355,19,1,2021-10-19,,Standard
2111,2355,19,2,2022-10-18,,Standard
2112,2355,19,3,2023-10-24,,Standard
2113,2355,19,4,2024-10-22,,Standard
2114,2355,19,5,2025-10-21,,Standard
2115,3245,19,1,2021-10-19,,Standard
2116,3245,19,2,2022-10-18,,Standard
2117,3245,19,3,2023-10-24,,Standard
2118,3245,19,4,2024-10-22,,Standard
2119,3245,19,5,2025-10-21,,Standard
2120,4312,23,1,2021-10-19,,Standard
2121,4312,23,2,2022-10-18,,Standard
2122,4312,23,3,2023-10-24,,Standard
2123,4312,2,3,2023-10-24,,Standard
2124,4312,2,4,2024-10-22,,Standard
2125,4312,29,4,2024-10-22,,Standard
2126,4695,22,1,2021-10-19,,Standard
2127,4695,22,2,2022-10-18,,Standard
2128,4695,22,3,2023-10-24,,Standard
2129,4695,22,4,2024-10-22,,Standard
2130,4695,22,5,2025-10-21,,Standard
2131,4986,15,1,2021-10-19,,Standard
2132,4986,15,2,2022-10-18,,Standard
2133,4986,15,3,2023-10-24,,Standard
2134,4986,3,4,2024-10-22,,Standard
2135,4986,3,5,2025-10-21,,Standard
2136,30,29,2,2022-10-18,,Standard
2137,30,29,3,2023-10-24,,Standard
2138,30,28,3,2023-10-24,,Standard
2139,30,28,4,2024-10-22,,Standard
2140,30,28,5,2025-10-21,,Standard
2141,30,3,5,2025-10-21,,Standard
2142,587,25,1,2021-10-19,,Standard
2143,587,25,2,2022-10-18,,Standard
2144,587,7,3,2023-10-24,,Standard
2145,902,1,1,2021-10-19,,Standard
2146,902,30,5,2025-10-21,,Standard
2147,1196,12,1,2021-10-19,,Standard
2148,1196,12,2,2022-10-18,,Standard
2149,1196,26,3,2023-10-24,,Standard
2150,1196,5,4,2024-10-22,,Standard
2151,2131,8,1,2021-10-19,,Standard
2152,2131,8,2,2022-10-18,,Standard
2153,2131,13,2,2022-10-18,,Standard
2154,2131,13,3,2023-10-24,,Standard
2155,2131,13,4,2024-10-22,,Standard
2156,2131,18,4,2024-10-22,,Standard
2157,2131,18,5,2025-10-21,,Standard
2158,2365,4,1,2021-10-19,,Standard
2159,2365,4,2,2022-10-18,,Standard
2160,2365,13,4,2024-10-22,,Standard
2161,2365,7,4,2024-10-22,,Standard
2162,2928,20,1,2021-10-19,,Standard
2163,2928,20,2,2022-10-18,,Standard
2164,2928,20,3,2023-10-24,,Standard
2165,2928,20,4,2024-10-22,,Standard
2166,2928,20,5,2025-10-21,,Standard
2167,3166,10,1,2021-10-19,,Standard
2168,3166,10,2,2022-10-18,,Standard
2169,3166,10,3,2023-10-24,,Standard
2170,3166,10,4,2024-10-22,,Standard
2171,3166,10,5,2025-10-21,,Standard
2172,184,23,4,2024-10-22,,Standard
2173,2166,12,1,2021-10-19,,Standard
2174,2166,12,2,2022-10-18,,Standard
2175,2166,12,3,2023-10-24,,Standard
2176,2166,12,4,2024-10-22,,Standard
2177,2166,12,5,2025-10-21,,Standard
2178,2166,13,5,2025-10-21,,Standard
2179,2829,21,1,2021-10-19,,Standard
2180,2829,21,2,2022-10-18,,Standard
2181,2829,21,3,2023-10-24,,Standard
2182,2829,4,3,2023-10-24,,Standard
2183,2829,4,4,2024-10-22,,Standard
2184,2829,4,5,2025-10-21,,Standard
2185,4104,18,4,2024-10-22,,Standard
2186,4104,18,5,2025-10-21,,Standard
2187,447,4,1,2021-10-19,,Standard
2188,447,4,2,2022-10-18,,Standard
2189,447,4,3,2023-10-24,,Standard
2190,2412,29,2,2022-10-18,,Standard
2191,2412,29,3,2023-10-24,,Standard
2192,2412,29,4,2024-10-22,,Standard
2193,2412,18,5,2025-10-21,,Standard
2194,4107,3,1,2021-10-19,,Standard
2195,4107,3,2,2022-10-18,,Standard
2196,4107,3,3,2023-10-24,,Standard
2197,4107,3,4,2024-10-22,,Standard
2198,4107,3,5,2025-10-21,,Standard
2199,4516,4,1,2021-10-19,,Standard
2200,4516,4,2,2022-10-18,,Standard
2201,4516,4,3,2023-10-24,,Standard
2202,4516,6,4,2024-10-22,,Standard
2203,4516,30,4,2024-10-22,,Standard
2204,766,28,1,2021-10-19,,Standard
2205,766,28,2,2022-10-18,,Standard
2206,766,2,2,2022-10-18,,Standard
2207,766,30,3,2023-10-24,,Standard
2208,766,30,4,2024-10-22,,Standard
2209,766,30,5,2025-10-21,,Standard
2210,2287,1,1,2021-10-19,,Standard
2211,2287,1,2,2022-10-18,,Standard
2212,2287,1,3,2023-10-24,,Standard
2213,2287,1,4,2024-10-22,,Standard
2214,2287,1,5,2025-10-21,,Standard
2215,2295,13,1,2021-10-19,,Standard
2216,2295,25,1,2021-10-19,,Standard
2217,2295,25,2,2022-10-18,,Standard
2218,2295,3,3,2023-10-24,,Standard
2219,2295,3,4,2024-10-22,,Standard
2220,3673,13,2,2022-10-18,,Standard
2221,3673,29,3,2023-10-24,,Standard
2222,1267,3,1,2021-10-19,,Standard
2223,1267,3,2,2022-10-18,,Standard
2224,1267,26,2,2022-10-18,,Standard
2225,1267,26,3,2023-10-24,,Standard
2226,1267,7,4,2024-10-22,,Standard
2227,2506,30,1,2021-10-19,,Standard
2228,2506,30,2,2022-10-18,,Standard
2229,2506,30,3,2023-10-24,,Standard
2230,2506,30,4,2024-10-22,,Standard
2231,2506,30,5,2025-10-21,,Standard
2232,2506,1,5,2025-10-21,,Standard
2233,3131,26,1,2021-10-19,,Standard
2234,3131,26,2,2022-10-18,,Standard
2235,3131,26,3,2023-10-24,,Standard
2236,3131,28,4,2024-10-22,,Standard
2237,3131,16,4,2024-10-22,,Standard
2238,3131,16,5,2025-10-21,,Standard
2239,3759,14,1,2021-10-19,,Standard
2240,3759,14,2,2022-10-18,,Standard
2241,3759,14,3,2023-10-24,,Standard
2242,3759,14,4,2024-10-22,,Standard
2243,3759,14,5,2025-10-21,,Standard
2244,4473,3,1,2021-10-19,,Standard
2245,4473,3,2,2022-10-18,,Standard
2246,4473,3,3,2023-10-24,,Standard
2247,4473,3,4,2024-10-22,,Standard
2248,4473,3,5,2025-10-21,,Standard
2249,4473,17,5,2025-10-21,,Standard
2250,1208,3,1,2021-10-19,,Standard
2251,1208,3,2,2022-10-18,,Standard
2252,1208,27,3,2023-10-24,,Standard
2253,1208,27,4,2024-10-22,,Standard
2254,2124,15,3,2023-10-24,,Standard
2255,3683,27,1,2021-10-19,,Standard
2256,3683,27,2,2022-10-18,,Standard
2257,3683,13,3,2023-10-24,,Standard
2258,1686,3,2,2022-10-18,,Standard
2259,1686,27,3,2023-10-24,,Standard
2260,233,28,1,2021-10-19,,Standard
2261,233,28,2,2022-10-18,,Standard
2262,233,28,3,2023-10-24,,Standard
2263,233,28,4,2024-10-22,,Standard
2264,233,28,5,2025-10-21,,Standard
2265,1554,9,1,2021-10-19,,Standard
2266,1554,18,2,2022-10-18,,Standard
2267,1554,18,3,2023-10-24,,Standard
2268,1554,18,4,2024-10-22,,Standard
2269,1554,2,5,2025-10-21,,Standard
2270,4779,25,1,2021-10-19,,Standard
2271,4779,25,2,2022-10-18,,Standard
2272,4779,3,3,2023-10-24,,Standard
2273,4779,3,4,2024-10-22,,Standard
2274,4779,23,5,2025-10-21,,Standard
2275,2822,17,1,2021-10-19,,Standard
2276,2822,17,2,2022-10-18,,Standard
2277,2822,27,2,2022-10-18,,Standard
2278,2822,27,3,2023-10-24,,Standard
2279,2822,27,4,2024-10-22,,Standard
2280,2822,28,5,2025-10-21,,Standard
2281,1895,2,1,2021-10-19,,Standard
2282,1895,2,2,2022-10-18,,Standard
2283,1895,2,3,2023-10-24,,Standard
2284,1895,2,4,2024-10-22,,Standard
2285,1895,2,5,2025-10-21,,Standard
2286,2102,20,4,2024-10-22,,Standard
2287,2102,20,5,2025-10-21,,Standard
2288,2700,4,1,2021-10-19,,Standard
2289,765,23,2,2022-10-18,,Standard
2290,765,27,2,2022-10-18,,Standard
2291,765,27,3,2023-10-24,,Standard
2292,765,27,4,2024-10-22,,Standard
2293,765,27,5,2025-10-21,,Standard
2294,4087,11,1,2021-10-19,,Standard
2295,4087,11,2,2022-10-18,,Standard
2296,4087,11,3,2023-10-24,,Standard
2297,4087,11,4,2024-10-22,,Standard
2298,4087,11,5,2025-10-21,,Standard
2299,4174,20,1,2021-10-19,,Standard
2300,4174,20,2,2022-10-18,,Standard
2301,4174,20,3,2023-10-24,,Standard
2302,4174,20,4,2024-10-22,,Standard
2303,4174,17,4,2024-10-22,,Standard
2304,4174,17,5,2025-10-21,,Standard
2305,4880,27,1,2021-10-19,,Standard
2306,4880,28,2,2022-10-18,,Standard
2307,1590,21,1,2021-10-19,,Standard
2308,1590,21,2,2022-10-18,,Standard
2309,1590,21,3,2023-10-24,,Standard
2310,1590,5,4,2024-10-22,,Standard
2311,1590,5,5,2025-10-21,,Standard
2312,3636,15,1,2021-10-19,,Standard
2313,42,15,1,2021-10-19,,Standard
2314,42,15,2,2022-10-18,,Standard
2315,42,15,3,2023-10-24,,Standard
2316,42,15,4,2024-10-22,,Standard
2317,42,15,5,2025-10-21,,Standard
2318,1546,16,1,2021-10-19,,Standard
2319,1546,4,4,2024-10-22,,Standard
2320,1552,11,1,2021-10-19,,Standard
2321,1552,11,2,2022-10-18,,Standard
2322,1552,10,3,2023-10-24,,Standard
2323,2713,9,1,2021-10-19,,Standard
2324,2713,9,2,2022-10-18,,Standard
2325,2713,9,3,2023-10-24,,Standard
2326,2713,24,5,2025-10-21,,Standard
2327,5073,13,1,2021-10-19,,Standard
2328,5073,7,1,2021-10-19,,Standard
2329,3613,14,2,2022-10-18,,Standard
2330,3613,15,3,2023-10-24,,Standard
2331,3613,15,4,2024-10-22,,Standard
2332,3613,15,5,2025-10-21,,Standard
2333,4386,22,1,2021-10-19,,Standard
2334,4386,22,2,2022-10-18,,Standard
2335,4386,22,3,2023-10-24,,Standard
2336,4386,22,4,2024-10-22,,Standard
2337,4386,22,5,2025-10-21,,Standard
2338,5003,3,3,2023-10-24,,Standard
2339,5003,3,4,2024-10-22,,Standard
2340,5003,3,5,2025-10-21,,Standard
2341,5075,18,1,2021-10-19,,Standard
2342,5075,7,2,2022-10-18,,Standard
2343,971,9,1,2021-10-19,,Standard
2344,971,9,2,2022-10-18,,Standard
2345,971,9,3,2023-10-24,,Standard
2346,971,9,4,2024-10-22,,Standard
2347,971,9,5,2025-10-21,,Standard
2348,3144,6,1,2021-10-19,,Standard
2349,3144,6,2,2022-10-18,,Standard
2350,3144,6,3,2023-10-24,,Standard
2351,3144,6,4,2024-10-22,,Standard
2352,3144,6,5,2025-10-21,,Standard
2353,4881,21,1,2021-10-19,,Standard
2354,4881,21,2,2022-10-18,,Standard
2355,4881,21,3,2023-10-24,,Standard
2356,4881,21,4,2024-10-22,,Standard
2357,4881,21,5,2025-10-21,,Standard
2358,3145,6,2,2022-10-18,,Standard
2359,3145,6,3,2023-10-24,,Standard
2360,3145,23,4,2024-10-22,,Standard
2361,589,14,1,2021-10-19,,Standard
2362,589,1,1,2021-10-19,,Standard
2363,2704,19,3,2023-10-24,,Standard
2364,2704,5,4,2024-10-22,,Standard
2365,2704,3,5,2025-10-21,,Standard
2366,4203,17,1,2021-10-19,,Standard
2367,4203,16,1,2021-10-19,,Standard
2368,4203,23,3,2023-10-24,,Standard
2369,2217,12,1,2021-10-19,,Standard
2370,2217,15,3,2023-10-24,,Standard
2371,2217,15,5,2025-10-21,,Standard
2372,4003,10,3,2023-10-24,,Standard
2373,4003,10,4,2024-10-22,,Standard
2374,4003,10,5,2025-10-21,,Standard
2375,3308,6,1,2021-10-19,,Standard
2376,4774,12,1,2021-10-19,,Standard
2377,4774,24,2,2022-10-18,,Standard
2378,735,28,3,2023-10-24,,Standard
2379,735,28,4,2024-10-22,,Standard
2380,805,7,5,2025-10-21,,Standard
2381,1070,11,2,2022-10-18,,Standard
2382,1126,19,5,2025-10-21,,Standard
2383,962,19,3,2023-10-24,,Standard
2384,1328,3,4,2024-10-22,,Standard
2385,1328,3,5,2025-10-21,,Standard
2386,2110,20,1,2021-10-19,,Standard
2387,215,28,1,2021-10-19,,Standard
2388,215,28,2,2022-10-18,,Standard
2389,215,2,3,2023-10-24,,Standard
2390,215,25,3,2023-10-24,,Standard
2391,215,25,4,2024-10-22,,Standard
2392,215,13,5,2025-10-21,,Standard
2393,215,2,5,2025-10-21,,Standard
2394,78,19,1,2021-10-19,,Standard
2395,78,19,2,2022-10-18,,Standard
2396,78,19,3,2023-10-24,,Standard
2397,78,19,4,2024-10-22,,Standard
2398,78,19,5,2025-10-21,,Standard
2399,78,20,5,2025-10-21,,Standard
2400,2336,7,1,2021-10-19,,Standard
2401,2336,8,1,2021-10-19,,Standard
2402,2336,5,2,2022-10-18,,Standard
2403,2639,18,2,2022-10-18,,Standard
2404,2639,7,2,2022-10-18,,Standard
2405,2639,7,3,2023-10-24,,Standard
2406,2639,28,4,2024-10-22,,Standard
2407,2639,28,5,2025-10-21,,Standard
2408,180,25,3,2023-10-24,,Standard
2409,2094,14,1,2021-10-19,,Standard
2410,2094,30,2,2022-10-18,,Standard
2411,2094,8,3,2023-10-24,,Standard
2412,2094,15,4,2024-10-22,,Standard
2413,2094,12,5,2025-10-21,,Standard
2414,2950,5,1,2021-10-19,,Standard
2415,2950,14,1,2021-10-19,,Standard
2416,2950,23,2,2022-10-18,,Standard
2417,2950,22,4,2024-10-22,,Standard
2418,2950,12,5,2025-10-21,,Standard
2419,2950,5,5,2025-10-21,,Standard
2420,3441,7,1,2021-10-19,,Standard
2421,3441,21,2,2022-10-18,,Standard
2422,3441,9,2,2022-10-18,,Standard
2423,3441,30,3,2023-10-24,,Standard
2424,4027,30,1,2021-10-19,,Standard
2425,4027,30,2,2022-10-18,,Standard
2426,4623,9,2,2022-10-18,,Standard
2427,4623,9,3,2023-10-24,,Standard
2428,4623,17,4,2024-10-22,,Standard
2429,4623,27,5,2025-10-21,,Standard
2430,743,14,3,2023-10-24,,Standard
2431,743,15,4,2024-10-22,,Standard
2432,743,23,4,2024-10-22,,Standard
2433,743,28,4,2024-10-22,,Standard
2434,743,22,5,2025-10-21,,Standard
2435,4440,12,1,2021-10-19,,Standard
2436,4440,12,2,2022-10-18,,Standard
2437,4440,5,2,2022-10-18,,Standard
2438,4440,5,3,2023-10-24,,Standard
2439,4440,26,4,2024-10-22,,Standard
2440,4503,12,5,2025-10-21,,Standard
2441,4698,24,1,2021-10-19,,Standard
2442,4698,24,2,2022-10-18,,Standard
2443,4698,25,3,2023-10-24,,Standard
2444,4698,24,3,2023-10-24,,Standard
2445,3600,9,1,2021-10-19,,Standard
2446,1636,30,1,2021-10-19,,Standard
2447,1636,30,2,2022-10-18,,Standard
2448,1636,24,3,2023-10-24,,Standard
2449,1636,15,3,2023-10-24,,Standard
2450,1636,14,4,2024-10-22,,Standard
2451,1636,24,5,2025-10-21,,Standard
2452,3658,9,1,2021-10-19,,Standard
2453,3658,29,2,2022-10-18,,Standard
2454,3658,29,3,2023-10-24,,Standard
2455,3658,29,4,2024-10-22,,Standard
2456,3658,12,5,2025-10-21,,Standard
2457,4226,16,2,2022-10-18,,Standard
2458,4226,3,2,2022-10-18,,Standard
2459,4226,16,3,2023-10-24,,Standard
2460,4226,16,4,2024-10-22,,Standard
2461,4226,16,5,2025-10-21,,Standard
2462,294,17,2,2022-10-18,,Standard
2463,294,17,3,2023-10-24,,Standard
2464,294,17,4,2024-10-22,,Standard
2465,294,13,4,2024-10-22,,Standard
2466,294,20,4,2024-10-22,,Standard
2467,294,23,5,2025-10-21,,Standard
2468,998,19,2,2022-10-18,,Standard
2469,998,19,3,2023-10-24,,Standard
2470,998,1,4,2024-10-22,,Standard
2471,998,1,5,2025-10-21,,Standard
2472,1836,7,2,2022-10-18,,Standard
2473,1836,7,3,2023-10-24,,Standard
2474,1836,7,4,2024-10-22,,Standard
2475,1836,7,5,2025-10-21,,Standard
2476,1836,30,5,2025-10-21,,Standard
2477,1939,25,3,2023-10-24,,Standard
2478,1939,25,4,2024-10-22,,Standard
2479,1939,25,5,2025-10-21,,Standard
2480,4843,23,4,2024-10-22,,Standard
2481,1995,1,1,2021-10-19,,Standard
2482,1995,5,1,2021-10-19,,Standard
2483,1995,5,2,2022-10-18,,Standard
2484,4726,1,4,2024-10-22,,Standard
2485,4726,1,5,2025-10-21,,Standard
2486,114,17,5,2025-10-21,,Standard
2487,4008,21,1,2021-10-19,,Standard
2488,4008,21,2,2022-10-18,,Standard
2489,4008,21,3,2023-10-24,,Standard
2490,4008,6,5,2025-10-21,,Standard
2491,1184,5,3,2023-10-24,,Standard
2492,2770,24,1,2021-10-19,,Standard
2493,2153,9,2,2022-10-18,,Standard
2494,2153,9,3,2023-10-24,,Standard
2495,2153,9,4,2024-10-22,,Standard
2496,2153,9,5,2025-10-21,,Standard
2497,2153,5,5,2025-10-21,,Standard
2498,209,22,2,2022-10-18,,Standard
2499,209,22,3,2023-10-24,,Standard
2500,209,22,4,2024-10-22,,Standard
2501,209,22,5,2025-10-21,,Standard
2502,4269,11,2,2022-10-18,,Standard
2503,4269,11,3,2023-10-24,,Standard
2504,4269,11,4,2024-10-22,,Standard
2505,4269,11,5,2025-10-21,,Standard
2506,2037,21,3,2023-10-24,,Standard
2507,2037,21,4,2024-10-22,,Standard
2508,2037,21,5,2025-10-21,,Standard
2509,2898,12,2,2022-10-18,,Standard
2510,2898,12,3,2023-10-24,,Standard
2511,2898,12,4,2024-10-22,,Standard
2512,2898,12,5,2025-10-21,,Standard
2513,2898,13,5,2025-10-21,,Standard
2514,1042,30,2,2022-10-18,,Standard
2515,1042,30,3,2023-10-24,,Standard
2516,1042,30,4,2024-10-22,,Standard
2517,3249,26,2,2022-10-18,,Standard
2518,3249,26,3,2023-10-24,,Standard
2519,3249,26,4,2024-10-22,,Standard
2520,3249,26,5,2025-10-21,,Standard
2521,1730,1,2,2022-10-18,,Standard
2522,1730,1,3,2023-10-24,,Standard
2523,4108,25,2,2022-10-18,,Standard
2524,4108,25,3,2023-10-24,,Standard
2525,4108,25,4,2024-10-22,,Standard
2526,4108,25,5,2025-10-21,,Standard
2527,4775,11,2,2022-10-18,,Standard
2528,4775,17,3,2023-10-24,,Standard
2529,4775,24,4,2024-10-22,,Standard
2530,4775,13,5,2025-10-21,,Standard
2531,488,27,2,2022-10-18,,Standard
2532,488,27,3,2023-10-24,,Standard
2533,488,27,4,2024-10-22,,Standard
2534,488,30,5,2025-10-21,,Standard
2535,4826,27,2,2022-10-18,,Standard
2536,4826,27,3,2023-10-24,,Standard
2537,4826,27,4,2024-10-22,,Standard
2538,4826,25,5,2025-10-21,,Standard
2539,1223,9,2,2022-10-18,,Standard
2540,1223,9,3,2023-10-24,,Standard
2541,1223,9,4,2024-10-22,,Standard
2542,1223,9,5,2025-10-21,,Standard
2543,1239,11,2,2022-10-18,,Standard
2544,1239,11,3,2023-10-24,,Standard
2545,1239,11,4,2024-10-22,,Standard
2546,1239,11,5,2025-10-21,,Standard
2547,2410,16,2,2022-10-18,,Standard
2548,2410,16,3,2023-10-24,,Standard
2549,2410,16,4,2024-10-22,,Standard
2550,2410,16,5,2025-10-21,,Standard
2551,798,14,2,2022-10-18,,Standard
2552,798,14,3,2023-10-24,,Standard
2553,798,14,4,2024-10-22,,Standard
2554,798,7,4,2024-10-22,,Standard
2555,798,7,5,2025-10-21,,Standard
2556,4955,4,2,2022-10-18,,Standard
2557,4955,4,3,2023-10-24,,Standard
2558,4955,4,4,2024-10-22,,Standard
2559,4955,24,5,2025-10-21,,Standard
2560,4282,27,2,2022-10-18,,Standard
2561,4282,27,3,2023-10-24,,Standard
2562,4282,27,4,2024-10-22,,Standard
2563,4282,27,5,2025-10-21,,Standard
2564,4282,20,5,2025-10-21,,Standard
2565,3182,18,2,2022-10-18,,Standard
2566,3182,18,3,2023-10-24,,Standard
2567,3182,9,4,2024-10-22,,Standard
2568,3182,4,4,2024-10-22,,Standard
2569,3182,9,5,2025-10-21,,Standard
2570,566,12,2,2022-10-18,,Standard
2571,566,12,3,2023-10-24,,Standard
2572,768,15,2,2022-10-18,,Standard
2573,768,29,5,2025-10-21,,Standard
2574,4936,21,2,2022-10-18,,Standard
2575,4936,21,3,2023-10-24,,Standard
2576,4936,21,4,2024-10-22,,Standard
2577,4936,21,5,2025-10-21,,Standard
2578,3884,16,2,2022-10-18,,Standard
2579,3884,16,3,2023-10-24,,Standard
2580,3884,26,4,2024-10-22,,Standard
2581,3884,28,4,2024-10-22,,Standard
2582,3884,22,5,2025-10-21,,Standard
2583,201,10,2,2022-10-18,,Standard
2584,201,30,3,2023-10-24,,Standard
2585,201,30,4,2024-10-22,,Standard
2586,201,13,4,2024-10-22,,Standard
2587,201,13,5,2025-10-21,,Standard
2588,201,23,5,2025-10-21,,Standard
2589,201,26,5,2025-10-21,,Standard
2590,2467,29,2,2022-10-18,,Standard
2591,2467,29,3,2023-10-24,,Standard
2592,2467,29,4,2024-10-22,,Standard
2593,2467,29,5,2025-10-21,,Standard
2594,4940,21,2,2022-10-18,,Standard
2595,4940,21,3,2023-10-24,,Standard
2596,4940,21,4,2024-10-22,,Standard
2597,4940,21,5,2025-10-21,,Standard
2598,1059,2,2,2022-10-18,,Standard
2599,1059,2,3,2023-10-24,,Standard
2600,1059,2,4,2024-10-22,,Standard
2601,1059,11,5,2025-10-21,,Standard
2602,2988,4,2,2022-10-18,,Standard
2603,2988,4,3,2023-10-24,,Standard
2604,2988,25,4,2024-10-22,,Standard
2605,2988,19,5,2025-10-21,,Standard
2606,449,16,2,2022-10-18,,Standard
2607,449,30,2,2022-10-18,,Standard
2608,449,25,3,2023-10-24,,Standard
2609,449,27,3,2023-10-24,,Standard
2610,449,17,4,2024-10-22,,Standard
2611,449,24,5,2025-10-21,,Standard
2612,4372,8,3,2023-10-24,,Standard
2613,4372,8,4,2024-10-22,,Standard
2614,4372,8,5,2025-10-21,,Standard
2615,2749,25,5,2025-10-21,,Standard
2616,2145,27,4,2024-10-22,,Standard
2617,2145,27,5,2025-10-21,,Standard
2618,496,8,2,2022-10-18,,Standard
2619,496,8,3,2023-10-24,,Standard
2620,496,8,4,2024-10-22,,Standard
2621,496,8,5,2025-10-21,,Standard
2622,4584,12,3,2023-10-24,,Standard
2623,4584,29,4,2024-10-22,,Standard
2624,4584,29,5,2025-10-21,,Standard
2625,2537,28,2,2022-10-18,,Standard
2626,2537,14,4,2024-10-22,,Standard
2627,2537,14,5,2025-10-21,,Standard
2628,2537,15,5,2025-10-21,,Standard
2629,2537,1,5,2025-10-21,,Standard
2630,4711,25,2,2022-10-18,,Standard
2631,4711,25,3,2023-10-24,,Standard
2632,4711,25,4,2024-10-22,,Standard
2633,4711,23,5,2025-10-21,,Standard
2634,3913,10,2,2022-10-18,,Standard
2635,3913,30,3,2023-10-24,,Standard
2636,3913,17,3,2023-10-24,,Standard
2637,3913,17,4,2024-10-22,,Standard
2638,3913,17,5,2025-10-21,,Standard
2639,3104,18,3,2023-10-24,,Standard
2640,3104,18,4,2024-10-22,,Standard
2641,3104,18,5,2025-10-21,,Standard
2642,3104,5,5,2025-10-21,,Standard
2643,1293,26,2,2022-10-18,,Standard
2644,1293,26,3,2023-10-24,,Standard
2645,1293,26,4,2024-10-22,,Standard
2646,1293,26,5,2025-10-21,,Standard
2647,1293,6,5,2025-10-21,,Standard
2648,4532,3,4,2024-10-22,,Standard
2649,4532,14,5,2025-10-21,,Standard
2650,3125,18,2,2022-10-18,,Standard
2651,3125,18,3,2023-10-24,,Standard
2652,3125,18,4,2024-10-22,,Standard
2653,3125,2,5,2025-10-21,,Standard
2654,3125,3,5,2025-10-21,,Standard
2655,2214,16,3,2023-10-24,,Standard
2656,2214,16,4,2024-10-22,,Standard
2657,2214,16,5,2025-10-21,,Standard
2658,1129,21,2,2022-10-18,,Standard
2659,1129,21,3,2023-10-24,,Standard
2660,1129,21,4,2024-10-22,,Standard
2661,1129,21,5,2025-10-21,,Standard
2662,1129,17,5,2025-10-21,,Standard
2663,4261,23,3,2023-10-24,,Standard
2664,640,15,5,2025-10-21,,Standard
2665,3802,9,2,2022-10-18,,Standard
2666,3802,9,3,2023-10-24,,Standard
2667,3802,4,4,2024-10-22,,Standard
2668,3802,28,4,2024-10-22,,Standard
2669,1850,28,2,2022-10-18,,Standard
2670,1850,28,3,2023-10-24,,Standard
2671,1850,9,4,2024-10-22,,Standard
2672,1850,2,5,2025-10-21,,Standard
2673,3251,25,3,2023-10-24,,Standard
2674,3251,25,4,2024-10-22,,Standard
2675,3251,25,5,2025-10-21,,Standard
2676,4011,9,3,2023-10-24,,Standard
2677,4011,9,4,2024-10-22,,Standard
2678,4011,9,5,2025-10-21,,Standard
2679,401,9,2,2022-10-18,,Standard
2680,401,9,3,2023-10-24,,Standard
2681,401,21,5,2025-10-21,,Standard
2682,4456,5,2,2022-10-18,,Standard
2683,4456,5,3,2023-10-24,,Standard
2684,4456,5,4,2024-10-22,,Standard
2685,4456,5,5,2025-10-21,,Standard
2686,4456,23,5,2025-10-21,,Standard
2687,5039,12,3,2023-10-24,,Standard
2688,5039,4,4,2024-10-22,,Standard
2689,4553,20,3,2023-10-24,,Standard
2690,4553,20,4,2024-10-22,,Standard
2691,4553,1,4,2024-10-22,,Standard
2692,4553,1,5,2025-10-21,,Standard
2693,2439,20,2,2022-10-18,,Standard
2694,2439,16,5,2025-10-21,,Standard
2695,4787,8,2,2022-10-18,,Standard
2696,4787,8,3,2023-10-24,,Standard
2697,4787,8,4,2024-10-22,,Standard
2698,4787,8,5,2025-10-21,,Standard
2699,2884,1,2,2022-10-18,,Standard
2700,2884,3,4,2024-10-22,,Standard
2701,2884,3,5,2025-10-21,,Standard
2702,2884,23,5,2025-10-21,,Standard
2703,4907,3,2,2022-10-18,,Standard
2704,4907,16,3,2023-10-24,,Standard
2705,4907,9,4,2024-10-22,,Standard
2706,4907,30,5,2025-10-21,,Standard
2707,2069,22,2,2022-10-18,,Standard
2708,2069,22,3,2023-10-24,,Standard
2709,2069,22,4,2024-10-22,,Standard
2710,2069,1,5,2025-10-21,,Standard
2711,1110,13,2,2022-10-18,,Standard
2712,1110,13,3,2023-10-24,,Standard
2713,1110,4,4,2024-10-22,,Standard
2714,1110,4,5,2025-10-21,,Standard
2715,2191,10,3,2023-10-24,,Standard
2716,2191,10,4,2024-10-22,,Standard
2717,2191,10,5,2025-10-21,,Standard
2718,2191,28,5,2025-10-21,,Standard
2719,655,25,2,2022-10-18,,Standard
2720,4067,19,2,2022-10-18,,Standard
2721,4067,19,3,2023-10-24,,Standard
2722,1599,8,3,2023-10-24,,Standard
2723,1599,24,4,2024-10-22,,Standard
2724,1599,24,5,2025-10-21,,Standard
2725,2588,15,2,2022-10-18,,Standard
2726,2588,15,3,2023-10-24,,Standard
2727,2588,15,4,2024-10-22,,Standard
2728,2588,26,4,2024-10-22,,Standard
2729,2588,14,5,2025-10-21,,Standard
2730,3898,15,2,2022-10-18,,Standard
2731,3898,15,3,2023-10-24,,Standard
2732,3898,24,3,2023-10-24,,Standard
2733,3898,1,4,2024-10-22,,Standard
2734,3898,23,4,2024-10-22,,Standard
2735,3898,11,4,2024-10-22,,Standard
2736,3898,8,5,2025-10-21,,Standard
2737,227,27,2,2022-10-18,,Standard
2738,227,27,3,2023-10-24,,Standard
2739,227,1,4,2024-10-22,,Standard
2740,227,23,5,2025-10-21,,Standard
2741,542,19,4,2024-10-22,,Standard
2742,1483,28,3,2023-10-24,,Standard
2743,1753,1,3,2023-10-24,,Standard
2744,1753,1,4,2024-10-22,,Standard
2745,1753,1,5,2025-10-21,,Standard
2746,2180,30,2,2022-10-18,,Standard
2747,2180,12,3,2023-10-24,,Standard
2748,2180,12,4,2024-10-22,,Standard
2749,2180,12,5,2025-10-21,,Standard
2750,4989,15,2,2022-10-18,,Standard
2751,4989,15,3,2023-10-24,,Standard
2752,4989,15,4,2024-10-22,,Standard
2753,4989,15,5,2025-10-21,,Standard
2754,4989,29,5,2025-10-21,,Standard
2755,4572,6,4,2024-10-22,,Standard
2756,4572,6,5,2025-10-21,,Standard
2757,4036,2,4,2024-10-22,,Standard
2758,4036,2,5,2025-10-21,,Standard
2759,3276,6,3,2023-10-24,,Standard
2760,3276,23,4,2024-10-22,,Standard
2761,3276,17,4,2024-10-22,,Standard
2762,3276,17,5,2025-10-21,,Standard
2763,2729,15,2,2022-10-18,,Standard
2764,2729,15,3,2023-10-24,,Standard
2765,2729,23,3,2023-10-24,,Standard
2766,2729,29,3,2023-10-24,,Standard
2767,2899,19,4,2024-10-22,,Standard
2768,2899,19,5,2025-10-21,,Standard
2769,3990,11,3,2023-10-24,,Standard
2770,1693,17,2,2022-10-18,,Standard
2771,1693,17,3,2023-10-24,,Standard
2772,1693,17,4,2024-10-22,,Standard
2773,1693,17,5,2025-10-21,,Standard
2774,333,30,3,2023-10-24,,Standard
2775,670,16,2,2022-10-18,,Standard
2776,670,16,3,2023-10-24,,Standard
2777,670,19,4,2024-10-22,,Standard
2778,670,22,5,2025-10-21,,Standard
2779,4852,8,2,2022-10-18,,Standard
2780,4852,15,3,2023-10-24,,Standard
2781,4173,4,4,2024-10-22,,Standard
2782,3118,25,2,2022-10-18,,Standard
2783,3118,25,3,2023-10-24,,Standard
2784,3118,25,4,2024-10-22,,Standard
2785,4405,14,2,2022-10-18,,Standard
2786,4405,16,3,2023-10-24,,Standard
2787,4405,9,4,2024-10-22,,Standard
2788,4405,28,4,2024-10-22,,Standard
2789,2087,11,2,2022-10-18,,Standard
2790,3710,10,2,2022-10-18,,Standard
2791,3710,10,3,2023-10-24,,Standard
2792,3710,23,4,2024-10-22,,Standard
2793,3710,19,4,2024-10-22,,Standard
2794,3156,26,2,2022-10-18,,Standard
2795,806,27,3,2023-10-24,,Standard
2796,806,27,4,2024-10-22,,Standard
2797,806,25,4,2024-10-22,,Standard
2798,806,25,5,2025-10-21,,Standard
2799,1426,29,2,2022-10-18,,Standard
2800,1426,29,3,2023-10-24,,Standard
2801,1426,9,3,2023-10-24,,Standard
2802,1426,9,4,2024-10-22,,Standard
2803,1426,16,5,2025-10-21,,Standard
2804,1752,28,3,2023-10-24,,Standard
2805,1752,5,5,2025-10-21,,Standard
2806,3618,1,4,2024-10-22,,Standard
2807,3618,26,5,2025-10-21,,Standard
2808,4993,15,5,2025-10-21,,Standard
2809,1607,15,2,2022-10-18,,Standard
2810,1607,15,3,2023-10-24,,Standard
2811,1607,3,3,2023-10-24,,Standard
2812,3180,25,3,2023-10-24,,Standard
2813,3180,25,4,2024-10-22,,Standard
2814,894,25,5,2025-10-21,,Standard
2815,3183,22,5,2025-10-21,,Standard
2816,4963,25,2,2022-10-18,,Standard
2817,4963,11,3,2023-10-24,,Standard
2818,4963,11,4,2024-10-22,,Standard
2819,4963,10,5,2025-10-21,,Standard
2820,4925,1,2,2022-10-18,,Standard
2821,896,30,2,2022-10-18,,Standard
2822,4821,27,3,2023-10-24,,Standard
2823,4821,27,4,2024-10-22,,Standard
2824,4821,27,5,2025-10-21,,Standard
2825,3096,4,3,2023-10-24,,Standard
2826,3096,4,4,2024-10-22,,Standard
2827,3096,4,5,2025-10-21,,Standard
2828,4495,11,3,2023-10-24,,Standard
2829,4495,11,4,2024-10-22,,Standard
2830,4495,11,5,2025-10-21,,Standard
2831,1941,29,3,2023-10-24,,Standard
2832,1941,29,4,2024-10-22,,Standard
2833,1941,29,5,2025-10-21,,Standard
2834,1941,15,5,2025-10-21,,Standard
2835,4496,9,3,2023-10-24,,Standard
2836,4496,9,4,2024-10-22,,Standard
2837,4496,9,5,2025-10-21,,Standard
2838,366,22,3,2023-10-24,,Standard
2839,366,22,4,2024-10-22,,Standard
2840,366,22,5,2025-10-21,,Standard
2841,1119,28,3,2023-10-24,,Standard
2842,1119,28,4,2024-10-22,,Standard
2843,1119,28,5,2025-10-21,,Standard
2844,3958,25,3,2023-10-24,,Standard
2845,3958,25,4,2024-10-22,,Standard
2846,3958,25,5,2025-10-21,,Standard
2847,3958,15,5,2025-10-21,,Standard
2848,2164,15,3,2023-10-24,,Standard
2849,2164,15,4,2024-10-22,,Standard
2850,2164,15,5,2025-10-21,,Standard
2851,4872,11,3,2023-10-24,,Standard
2852,4872,11,4,2024-10-22,,Standard
2853,4872,30,5,2025-10-21,,Standard
2854,4712,12,3,2023-10-24,,Standard
2855,4712,12,4,2024-10-22,,Standard
2856,4712,12,5,2025-10-21,,Standard
2857,4723,21,3,2023-10-24,,Standard
2858,4723,21,4,2024-10-22,,Standard
2859,4723,21,5,2025-10-21,,Standard
2860,1571,29,3,2023-10-24,,Standard
2861,1571,29,4,2024-10-22,,Standard
2862,1571,29,5,2025-10-21,,Standard
2863,2049,14,3,2023-10-24,,Standard
2864,2049,14,4,2024-10-22,,Standard
2865,2049,23,4,2024-10-22,,Standard
2866,2695,14,3,2023-10-24,,Standard
2867,2695,14,4,2024-10-22,,Standard
2868,2695,3,4,2024-10-22,,Standard
2869,1901,19,3,2023-10-24,,Standard
2870,1901,19,4,2024-10-22,,Standard
2871,1901,19,5,2025-10-21,,Standard
2872,615,1,3,2023-10-24,,Standard
2873,615,1,4,2024-10-22,,Standard
2874,615,14,5,2025-10-21,,Standard
2875,2076,22,3,2023-10-24,,Standard
2876,2076,22,4,2024-10-22,,Standard
2877,2076,22,5,2025-10-21,,Standard
2878,53,8,4,2024-10-22,,Standard
2879,53,19,5,2025-10-21,,Standard
2880,2712,7,3,2023-10-24,,Standard
2881,2712,7,4,2024-10-22,,Standard
2882,2712,7,5,2025-10-21,,Standard
2883,4866,3,3,2023-10-24,,Standard
2884,4866,3,4,2024-10-22,,Standard
2885,4866,15,5,2025-10-21,,Standard
2886,4088,29,3,2023-10-24,,Standard
2887,4088,29,4,2024-10-22,,Standard
2888,4088,29,5,2025-10-21,,Standard
2889,833,3,3,2023-10-24,,Standard
2890,833,3,4,2024-10-22,,Standard
2891,833,3,5,2025-10-21,,Standard
2892,920,30,3,2023-10-24,,Standard
2893,920,30,4,2024-10-22,,Standard
2894,920,30,5,2025-10-21,,Standard
2895,2340,26,3,2023-10-24,,Standard
2896,2340,26,4,2024-10-22,,Standard
2897,2340,30,4,2024-10-22,,Standard
2898,2340,9,5,2025-10-21,,Standard
2899,4270,4,3,2023-10-24,,Standard
2900,4270,4,4,2024-10-22,,Standard
2901,4270,14,5,2025-10-21,,Standard
2902,264,6,3,2023-10-24,,Standard
2903,264,6,4,2024-10-22,,Standard
2904,187,4,3,2023-10-24,,Standard
2905,300,10,4,2024-10-22,,Standard
2906,300,3,4,2024-10-22,,Standard
2907,418,23,4,2024-10-22,,Standard
2908,418,23,5,2025-10-21,,Standard
2909,567,13,3,2023-10-24,,Standard
2910,567,13,4,2024-10-22,,Standard
2911,567,13,5,2025-10-21,,Standard
2912,567,12,5,2025-10-21,,Standard
2913,685,25,3,2023-10-24,,Standard
2914,685,25,4,2024-10-22,,Standard
2915,685,25,5,2025-10-21,,Standard
2916,812,18,4,2024-10-22,,Standard
2917,812,18,5,2025-10-21,,Standard
2918,921,23,3,2023-10-24,,Standard
2919,921,23,4,2024-10-22,,Standard
2920,1251,15,4,2024-10-22,,Standard
2921,1251,15,5,2025-10-21,,Standard
2922,1409,21,3,2023-10-24,,Standard
2923,1409,21,4,2024-10-22,,Standard
2924,2036,8,5,2025-10-21,,Standard
2925,2189,17,3,2023-10-24,,Standard
2926,2189,17,4,2024-10-22,,Standard
2927,2189,17,5,2025-10-21,,Standard
2928,2298,21,3,2023-10-24,,Standard
2929,2418,4,5,2025-10-21,,Standard
2930,2515,9,4,2024-10-22,,Standard
2931,2515,9,5,2025-10-21,,Standard
2932,2771,1,3,2023-10-24,,Standard
2933,2963,20,4,2024-10-22,,Standard
2934,2963,20,5,2025-10-21,,Standard
2935,2714,17,3,2023-10-24,,Standard
2936,2714,17,4,2024-10-22,,Standard
2937,2714,6,5,2025-10-21,,Standard
2938,3103,13,3,2023-10-24,,Standard
2939,3103,13,4,2024-10-22,,Standard
2940,3103,13,5,2025-10-21,,Standard
2941,3302,3,5,2025-10-21,,Standard
2942,3596,5,3,2023-10-24,,Standard
2943,3596,5,4,2024-10-22,,Standard
2944,3596,5,5,2025-10-21,,Standard
2945,3596,18,5,2025-10-21,,Standard
2946,3624,10,3,2023-10-24,,Standard
2947,3624,10,4,2024-10-22,,Standard
2948,3624,10,5,2025-10-21,,Standard
2949,3691,7,3,2023-10-24,,Standard
2950,3691,7,4,2024-10-22,,Standard
2951,3691,15,5,2025-10-21,,Standard
2952,4000,5,3,2023-10-24,,Standard
2953,4000,5,4,2024-10-22,,Standard
2954,4121,12,3,2023-10-24,,Standard
2955,4121,12,4,2024-10-22,,Standard
2956,4121,12,5,2025-10-21,,Standard
2957,4195,26,3,2023-10-24,,Standard
2958,4195,12,5,2025-10-21,,Standard
2959,4544,6,4,2024-10-22,,Standard
2960,4544,6,5,2025-10-21,,Standard
2961,4686,30,3,2023-10-24,,Standard
2962,4686,30,4,2024-10-22,,Standard
2963,4686,30,5,2025-10-21,,Standard
2964,4733,2,3,2023-10-24,,Standard
2965,4733,2,4,2024-10-22,,Standard
2966,4733,2,5,2025-10-21,,Standard
2967,368,4,3,2023-10-24,,Standard
2968,368,30,5,2025-10-21,,Standard
2969,514,24,4,2024-10-22,,Standard
2970,543,23,5,2025-10-21,,Standard
2971,5125,22,4,2024-10-22,,Standard
2972,5125,22,5,2025-10-21,,Standard
2973,1340,15,3,2023-10-24,,Standard
2974,1340,9,3,2023-10-24,,Standard
2975,1340,3,4,2024-10-22,,Standard
2976,1340,20,5,2025-10-21,,Standard
2977,1492,14,3,2023-10-24,,Standard
2978,1492,7,3,2023-10-24,,Standard
2979,1645,7,4,2024-10-22,,Standard
2980,1791,8,4,2024-10-22,,Standard
2981,1791,15,5,2025-10-21,,Standard
2982,1791,4,5,2025-10-21,,Standard
2983,2346,21,4,2024-10-22,,Standard
2984,2346,20,5,2025-10-21,,Standard
2985,2625,16,4,2024-10-22,,Standard
2986,2625,16,5,2025-10-21,,Standard
2987,2872,3,4,2024-10-22,,Standard
2988,2872,30,4,2024-10-22,,Standard
2989,3100,5,4,2024-10-22,,Standard
2990,3100,5,5,2025-10-21,,Standard
2991,3325,12,4,2024-10-22,,Standard
2992,3325,18,4,2024-10-22,,Standard
2993,3325,11,5,2025-10-21,,Standard
2994,3440,13,5,2025-10-21,,Standard
2995,3577,2,3,2023-10-24,,Standard
2996,3577,2,4,2024-10-22,,Standard
2997,3577,4,5,2025-10-21,,Standard
2998,3778,19,4,2024-10-22,,Standard
2999,3778,4,5,2025-10-21,,Standard
3000,4073,17,5,2025-10-21,,Standard
3001,4338,16,4,2024-10-22,,Standard
3002,4338,26,5,2025-10-21,,Standard
3003,4615,8,3,2023-10-24,,Standard
3004,4615,8,4,2024-10-22,,Standard
3005,4615,8,5,2025-10-21,,Standard
3006,4782,20,4,2024-10-22,,Standard
3007,657,5,4,2024-10-22,,Standard
3008,657,5,5,2025-10-21,,Standard
3009,2030,9,4,2024-10-22,,Standard
3010,2030,9,5,2025-10-21,,Standard
3011,1500,5,3,2023-10-24,,Standard
3012,3647,6,3,2023-10-24,,Standard
3013,3647,6,4,2024-10-22,,Standard
3014,3647,6,5,2025-10-21,,Standard
3015,3847,17,4,2024-10-22,,Standard
3016,4246,3,5,2025-10-21,,Standard
3017,3758,25,3,2023-10-24,,Standard
3018,3758,25,4,2024-10-22,,Standard
3019,3758,25,5,2025-10-21,,Standard
3020,275,4,4,2024-10-22,,Standard
3021,860,10,4,2024-10-22,,Standard
3022,4265,17,4,2024-10-22,,Standard
3023,4265,7,5,2025-10-21,,Standard
3024,362,5,3,2023-10-24,,Standard
3025,3356,2,4,2024-10-22,,Standard
3026,1839,29,4,2024-10-22,,Standard
3027,1839,29,5,2025-10-21,,Standard
3028,2231,30,3,2023-10-24,,Standard
3029,2231,15,3,2023-10-24,,Standard
3030,2231,19,4,2024-10-22,,Standard
3031,2231,14,4,2024-10-22,,Standard
3032,2231,20,5,2025-10-21,,Standard
3033,4952,28,3,2023-10-24,,Standard
3034,3776,21,4,2024-10-22,,Standard
3035,3776,23,4,2024-10-22,,Standard
3036,3936,10,4,2024-10-22,,Standard
3037,1528,16,5,2025-10-21,,Standard
3038,3839,1,4,2024-10-22,,Standard
3039,3839,1,5,2025-10-21,,Standard
3040,4007,30,4,2024-10-22,,Standard
3041,4007,30,5,2025-10-21,,Standard
3042,4552,21,5,2025-10-21,,Standard
3043,2518,14,4,2024-10-22,,Standard
3044,2518,14,5,2025-10-21,,Standard
3045,4920,29,4,2024-10-22,,Standard
3046,4920,29,5,2025-10-21,,Standard
3047,4123,11,4,2024-10-22,,Standard
3048,4123,11,5,2025-10-21,,Standard
3049,742,27,4,2024-10-22,,Standard
3050,742,27,5,2025-10-21,,Standard
3051,1134,18,4,2024-10-22,,Standard
3052,1134,18,5,2025-10-21,,Standard
3053,1134,5,5,2025-10-21,,Standard
3054,4735,28,4,2024-10-22,,Standard
3055,4735,28,5,2025-10-21,,Standard
3056,716,30,4,2024-10-22,,Standard
3057,716,30,5,2025-10-21,,Standard
3058,848,29,4,2024-10-22,,Standard
3059,848,29,5,2025-10-21,,Standard
3060,723,26,4,2024-10-22,,Standard
3061,723,26,5,2025-10-21,,Standard
3062,830,25,4,2024-10-22,,Standard
3063,830,25,5,2025-10-21,,Standard
3064,1395,29,4,2024-10-22,,Standard
3065,1395,29,5,2025-10-21,,Standard
3066,2929,23,4,2024-10-22,,Standard
3067,2929,23,5,2025-10-21,,Standard
3068,2929,21,5,2025-10-21,,Standard
3069,1572,30,4,2024-10-22,,Standard
3070,1572,30,5,2025-10-21,,Standard
3071,3129,19,4,2024-10-22,,Standard
3072,3129,19,5,2025-10-21,,Standard
3073,3977,4,4,2024-10-22,,Standard
3074,3977,4,5,2025-10-21,,Standard
3075,4751,16,4,2024-10-22,,Standard
3076,4751,16,5,2025-10-21,,Standard
3077,1502,12,4,2024-10-22,,Standard
3078,1502,12,5,2025-10-21,,Standard
3079,2536,20,4,2024-10-22,,Standard
3080,2536,20,5,2025-10-21,,Standard
3081,790,28,4,2024-10-22,,Standard
3082,1417,13,4,2024-10-22,,Standard
3083,1417,5,5,2025-10-21,,Standard
3084,4616,6,4,2024-10-22,,Standard
3085,4616,6,5,2025-10-21,,Standard
3086,3979,23,5,2025-10-21,,Standard
3087,4302,15,4,2024-10-22,,Standard
3088,4302,15,5,2025-10-21,,Standard
3089,2134,24,4,2024-10-22,,Standard
3090,2134,24,5,2025-10-21,,Standard
3091,1219,24,4,2024-10-22,,Standard
3092,1219,24,5,2025-10-21,,Standard
3093,4116,28,4,2024-10-22,,Standard
3094,4116,28,5,2025-10-21,,Standard
3095,1266,23,4,2024-10-22,,Standard
3096,1266,23,5,2025-10-21,,Standard
3097,3130,21,4,2024-10-22,,Standard
3098,3130,21,5,2025-10-21,,Standard
3099,2296,16,4,2024-10-22,,Standard
3100,2296,16,5,2025-10-21,,Standard
3101,796,13,4,2024-10-22,,Standard
3102,796,13,5,2025-10-21,,Standard
3103,4165,4,4,2024-10-22,,Standard
3104,4165,4,5,2025-10-21,,Standard
3105,4165,8,5,2025-10-21,,Standard
3106,2199,14,4,2024-10-22,,Standard
3107,2199,14,5,2025-10-21,,Standard
3108,2391,27,5,2025-10-21,,Standard
3109,2247,17,4,2024-10-22,,Standard
3110,2247,30,4,2024-10-22,,Standard
3111,2247,30,5,2025-10-21,,Standard
3112,2247,7,5,2025-10-21,,Standard
3113,989,20,4,2024-10-22,,Standard
3114,989,20,5,2025-10-21,,Standard
3115,3999,21,5,2025-10-21,,Standard
3116,828,26,5,2025-10-21,,Standard
3117,4781,30,5,2025-10-21,,Standard
3118,3655,10,4,2024-10-22,,Standard
3119,3655,10,5,2025-10-21,,Standard
3120,3147,28,4,2024-10-22,,Standard
3121,3147,28,5,2025-10-21,,Standard
3122,1005,11,4,2024-10-22,,Standard
3123,1005,1,5,2025-10-21,,Standard
3124,4815,15,4,2024-10-22,,Standard
3125,4815,15,5,2025-10-21,,Standard
3126,199,15,5,2025-10-21,,Standard
3127,704,21,4,2024-10-22,,Standard
3128,704,21,5,2025-10-21,,Standard
3129,822,29,5,2025-10-21,,Standard
3130,822,15,5,2025-10-21,,Standard
3131,938,26,4,2024-10-22,,Standard
3132,938,11,5,2025-10-21,,Standard
3133,3698,15,4,2024-10-22,,Standard
3134,3698,18,5,2025-10-21,,Standard
3135,2004,29,5,2025-10-21,,Standard
3136,1264,18,4,2024-10-22,,Standard
3137,1480,12,4,2024-10-22,,Standard
3138,1480,18,5,2025-10-21,,Standard
3139,2356,26,4,2024-10-22,,Standard
3140,2356,26,5,2025-10-21,,Standard
3141,2356,9,5,2025-10-21,,Standard
3142,270,28,4,2024-10-22,,Standard
3143,270,28,5,2025-10-21,,Standard
3144,4568,14,4,2024-10-22,,Standard
3145,3120,27,4,2024-10-22,,Standard
3146,3120,27,5,2025-10-21,,Standard
3147,3120,6,5,2025-10-21,,Standard
3148,1306,6,5,2025-10-21,,Standard
3149,3429,14,4,2024-10-22,,Standard
3150,2620,9,5,2025-10-21,,Standard
3151,5091,5,4,2024-10-22,,Standard
3152,5091,16,5,2025-10-21,,Standard
3153,4263,9,4,2024-10-22,,Standard
3154,4263,9,5,2025-10-21,,Standard
3155,2233,9,4,2024-10-22,,Standard
3156,2233,9,5,2025-10-21,,Standard
3157,2381,8,4,2024-10-22,,Standard
3158,2381,8,5,2025-10-21,,Standard
3159,551,6,5,2025-10-21,,Standard
3160,1101,12,4,2024-10-22,,Standard
3161,1101,12,5,2025-10-21,,Standard
3162,1101,13,5,2025-10-21,,Standard
3163,1101,1,5,2025-10-21,,Standard
3164,3405,19,5,2025-10-21,,Standard
3165,2679,21,4,2024-10-22,,Standard
3166,2679,10,5,2025-10-21,,Standard
3167,3970,17,5,2025-10-21,,Standard
3168,1197,21,4,2024-10-22,,Standard
3169,2433,15,4,2024-10-22,,Standard
3170,2433,5,5,2025-10-21,,Standard
3171,1408,7,5,2025-10-21,,Standard
3172,1845,27,5,2025-10-21,,Standard
3173,186,29,5,2025-10-21,,Standard
3174,1252,23,5,2025-10-21,,Standard
3175,1363,19,5,2025-10-21,,Standard
3176,2318,30,5,2025-10-21,,Standard
3177,4569,3,5,2025-10-21,,Standard
3178,2533,4,5,2025-10-21,,Standard
3179,3703,19,5,2025-10-21,,Standard
3180,1413,24,5,2025-10-21,,Standard
3181,3320,1,5,2025-10-21,,Standard
3182,1327,5,5,2025-10-21,,Standard
3183,1233,3,5,2025-10-21,,Standard
3184,2195,16,5,2025-10-21,,Standard
3185,3811,22,5,2025-10-21,,Standard
3186,3835,30,5,2025-10-21,,Standard
3187,3029,4,5,2025-10-21,,Standard
3188,2821,24,5,2025-10-21,,Standard
3189,1630,2,5,2025-10-21,,Standard
3190,332,18,5,2025-10-21,,Standard
3191,3254,28,5,2025-10-21,,Standard
3192,596,27,5,2025-10-21,,Standard
3193,3555,22,5,2025-10-21,,Standard
3194,4909,2,5,2025-10-21,,Standard
3195,5035,3,5,2025-10-21,,Standard
3196,3756,26,5,2025-10-21,,Standard
3197,4467,14,5,2025-10-21,,Standard
3198,3545,19,5,2025-10-21,,Standard
3199,3689,6,5,2025-10-21,,Standard
3200,4005,3,5,2025-10-21,,Standard
3201,3777,30,5,2025-10-21,,Standard
3202,2208,4,5,2025-10-21,,Standard
3203,1625,16,5,2025-10-21,,Standard
3204,1116,20,5,2025-10-21,,Standard
3205,498,24,5,2025-10-21,,Standard
3206,5080,25,5,2025-10-21,,Standard
3207,929,15,5,2025-10-21,,Standard
3208,4547,2,5,2025-10-21,,Standard
3209,5116,18,5,2025-10-21,,Standard
3210,4202,15,5,2025-10-21,,Standard
3211,4133,2,5,2025-10-21,,Standard
3212,2859,28,5,2025-10-21,,Standard
3213,3994,13,5,2025-10-21,,Standard
3214,697,26,5,2025-10-21,,Standard
3215,1591,30,5,2025-10-21,,Standard
3216,1591,1,5,2025-10-21,,Standard
3217,1955,28,5,2025-10-21,,Standard
3218,2341,8,5,2025-10-21,,Standard
3219,2445,7,5,2025-10-21,,Standard
3220,2885,15,5,2025-10-21,,Standard
3221,3307,7,5,2025-10-21,,Standard
3222,3332,13,5,2025-10-21,,Standard
3223,2366,12,5,2025-10-21,,Standard
3224,3425,5,5,2025-10-21,,Standard
3225,3548,13,5,2025-10-21,,Standard
3226,3808,10,5,2025-10-21,,Standard
3227,3820,30,5,2025-10-21,,Standard
3228,5102,21,5,2025-10-21,,Standard
3229,5102,25,5,2025-10-21,,Standard
3230,3661,3,5,2025-10-21,,Standard
3231,238,21,5,2025-10-21,,Standard
3232,3659,7,5,2025-10-21,,Standard
3233,3572,12,5,2025-10-21,,Standard
3234,2923,29,5,2025-10-21,,Standard
3235,963,10,5,2025-10-21,,Standard
3236,2921,14,5,2025-10-21,,Standard
3237,2121,24,5,2025-10-21,,Standard
3238,2261,3,5,2025-10-21,,Standard
3239,1683,29,5,2025-10-21,,Standard
3240,2753,15,5,2025-10-21,,Standard
3241,4448,13,5,2025-10-21,,Standard
3242,1525,29,5,2025-10-21,,Standard
3243,3414,15,5,2025-10-21,,Standard
3244,2459,25,5,2025-10-21,,Standard
