pss_id,player_id,season_id,team_id,games_played,avg_pts,avg_reb,avg_ast,avg_stl,avg_blk,avg_tov,avg_min,fg_pct,fg3_pct,ft_pct,avg_plus_minus,efg_pct,ts_pct,usg_pct,per,bpm
764,1693,2,17,50,3.08,0.90,0.44,0.12,0.00,0.18,6.89,0.4240,0.4190,1.0000,-0.52,0.6000,0.6074,0.1686,11.64,-3.07
2232,4526,4,25,69,1.62,0.75,0.41,0.48,0.13,0.19,4.53,0.4773,0.4375,0.4667,0.01,0.5966,0.5920,0.1441,17.11,2.43
1,11,1,28,74,8.97,6.39,1.11,0.50,0.55,1.14,23.31,0.4395,0.3590,0.5954,0.97,0.4859,0.5025,0.1862,14.71,-1.58
2,23,1,15,76,6.95,10.00,3.37,0.86,0.79,1.51,26.29,0.5469,0.0000,0.5427,4.64,0.5469,0.5598,0.1213,21.51,5.27
3,25,1,16,56,19.07,10.07,3.39,1.43,0.79,2.64,32.60,0.5569,0.0000,0.7529,5.36,0.5569,0.6078,0.2528,25.13,4.58
4,42,1,15,59,2.24,1.47,0.36,0.10,0.17,0.27,6.10,0.4015,0.1250,0.6250,0.27,0.4242,0.4518,0.1870,12.05,-1.72
5,45,1,3,53,11.45,4.87,0.79,0.26,0.89,0.83,19.82,0.5502,0.3043,0.8725,0.36,0.5655,0.6035,0.2256,21.87,0.62
6,56,1,19,50,12.78,3.28,2.78,0.82,0.38,1.70,26.34,0.3750,0.3115,0.7216,-2.54,0.4502,0.4736,0.2510,11.61,-0.58
7,56,1,29,27,1.96,0.85,0.63,0.19,0.15,0.30,5.51,0.3333,0.3030,0.9167,0.56,0.4375,0.4974,0.1806,11.32,0.10
8,60,1,17,70,10.47,3.17,1.43,0.66,0.26,0.61,25.78,0.4482,0.4087,0.8649,3.33,0.5879,0.6092,0.1541,13.27,-2.90
9,61,1,6,57,15.86,10.56,1.61,0.77,1.32,1.65,31.75,0.6771,0.1000,0.7082,2.37,0.6780,0.6980,0.1834,26.41,2.36
10,78,1,19,76,4.34,1.32,2.00,0.93,0.09,0.53,10.98,0.4456,0.2909,0.6792,1.88,0.5000,0.5200,0.1850,16.34,6.47
11,96,1,12,13,6.85,3.08,2.08,0.54,0.46,0.46,20.72,0.3678,0.2453,0.8000,-3.77,0.4425,0.4754,0.1604,11.92,0.36
12,99,1,15,69,7.55,5.33,2.65,1.12,0.65,1.03,21.50,0.4456,0.3303,0.6381,0.86,0.4840,0.5056,0.1630,18.02,4.41
13,115,1,17,68,29.44,11.44,5.71,1.06,1.34,3.22,32.42,0.5534,0.2934,0.7219,5.84,0.5819,0.6327,0.3503,36.96,13.62
14,117,1,17,80,2.14,1.26,0.28,0.20,0.15,0.33,5.92,0.5469,0.1429,0.6304,-1.44,0.5547,0.5768,0.1579,12.43,-3.62
15,118,1,14,70,13.13,4.11,0.97,0.67,0.74,0.84,25.63,0.4412,0.3753,0.8302,-1.26,0.5443,0.5795,0.2048,14.80,-2.00
16,119,1,22,72,14.75,4.83,5.13,0.64,0.24,2.36,28.60,0.3914,0.3376,0.8538,-3.21,0.4638,0.5189,0.2519,16.35,4.03
17,123,1,28,48,17.13,5.50,2.60,1.48,0.52,1.67,36.00,0.4433,0.3628,0.7542,2.81,0.5258,0.5488,0.2076,14.57,-0.86
18,129,1,20,25,0.64,0.32,0.16,0.04,0.00,0.12,3.04,0.5000,0.4444,,-0.48,0.6667,0.6667,0.0864,7.14,-7.93
19,132,1,14,46,2.09,1.78,0.59,0.28,0.13,0.24,10.05,0.3333,0.2703,0.5556,-1.22,0.4343,0.4489,0.1110,9.67,-3.54
20,159,1,11,48,3.79,0.85,1.54,0.21,0.00,0.94,10.62,0.4044,0.4063,0.8684,-2.50,0.5478,0.5959,0.1654,11.49,-2.71
21,159,1,14,21,5.33,1.29,1.57,0.33,0.05,0.52,17.79,0.4535,0.4265,1.0000,-2.71,0.6221,0.6349,0.1143,9.69,-4.11
22,164,1,30,82,8.35,5.18,2.04,0.72,0.54,1.06,24.20,0.4318,0.3166,0.7574,-0.77,0.5026,0.5361,0.1635,13.86,-0.42
23,172,1,24,74,13.47,8.01,1.14,0.54,0.54,1.23,23.14,0.6341,0.3684,0.7465,4.65,0.6392,0.6564,0.2153,26.44,2.47
24,174,1,29,36,2.22,1.97,0.00,0.03,0.31,0.33,5.41,0.7551,,0.5455,0.11,0.7551,0.7429,0.1499,20.79,-2.95
25,185,1,9,18,14.56,6.83,1.06,0.72,0.39,1.00,27.22,0.5550,0.2286,0.5926,-4.89,0.5750,0.5854,0.2169,19.54,-0.32
26,185,1,26,44,6.32,4.89,0.39,0.20,0.25,0.48,14.92,0.4634,0.2419,0.7447,-1.00,0.4939,0.5212,0.1873,17.75,-0.87
27,204,1,4,76,19.84,6.59,7.51,1.57,0.39,3.22,31.87,0.4290,0.3894,0.8724,1.30,0.5167,0.5540,0.2820,22.68,10.23
28,205,1,5,36,12.64,5.28,4.94,1.78,0.86,2.28,33.68,0.4230,0.4231,0.7500,2.25,0.5666,0.5755,0.1726,15.73,2.86
29,208,1,22,72,10.50,7.94,1.18,0.53,1.64,1.07,25.32,0.4797,0.3808,0.7808,-5.18,0.5665,0.5823,0.1731,19.50,1.57
30,210,1,15,78,17.74,4.28,2.67,1.18,0.37,1.42,29.05,0.4614,0.4359,0.9032,4.63,0.5649,0.5919,0.2334,18.22,1.67
31,215,1,28,77,2.66,1.61,1.29,0.36,0.13,0.69,9.04,0.4109,0.2549,0.5909,0.44,0.4431,0.4630,0.1697,11.35,0.29
32,228,1,26,77,16.43,5.61,2.42,0.69,0.18,1.53,33.59,0.4688,0.3944,0.8257,-4.86,0.5540,0.6227,0.1894,17.68,-1.30
33,233,1,28,76,14.92,7.33,3.37,1.05,0.72,1.79,34.44,0.4925,0.3005,0.7349,0.87,0.5236,0.5523,0.1917,17.37,1.26
34,245,1,20,71,19.75,5.75,2.93,0.61,0.23,2.13,34.05,0.4079,0.3416,0.7143,-2.06,0.4657,0.5107,0.2784,15.37,-0.44
35,254,1,8,73,14.29,4.66,3.78,0.75,0.42,1.74,31.18,0.4375,0.3651,0.8031,1.34,0.5251,0.5479,0.2099,15.73,1.08
36,260,1,23,64,1.08,0.97,0.11,0.08,0.27,0.13,2.62,0.6383,0.0000,0.7500,-0.53,0.6383,0.6599,0.1633,21.94,3.27
37,265,1,27,67,5.00,3.45,0.61,0.40,0.21,0.67,14.28,0.5171,0.3091,0.7541,0.06,0.5494,0.5779,0.1485,15.46,-2.87
38,274,1,13,63,7.79,4.03,1.59,0.92,0.67,0.63,23.22,0.4625,0.4000,0.6579,-2.03,0.6021,0.6081,0.1340,15.13,-0.52
39,283,1,14,76,1.74,0.91,0.45,0.33,0.12,0.28,7.17,0.3237,0.3625,0.7647,-1.55,0.4281,0.4506,0.1332,5.47,-4.71
40,284,1,21,69,10.80,6.32,1.41,0.84,1.01,1.30,27.88,0.4222,0.2974,0.6882,-6.84,0.4838,0.5146,0.1835,15.99,-1.00
41,286,1,30,41,22.63,4.61,6.46,0.88,0.37,3.29,35.10,0.4514,0.3000,0.8325,-2.49,0.4922,0.5393,0.3064,19.25,4.76
42,290,1,18,80,11.91,2.84,1.45,0.54,0.15,0.54,24.70,0.3906,0.3768,0.8167,1.03,0.5318,0.5437,0.1954,12.77,-2.05
43,312,1,3,53,5.25,2.87,1.13,0.89,0.47,0.57,17.90,0.5681,0.4167,0.6000,-0.32,0.6033,0.6086,0.1184,12.59,-2.10
44,312,1,17,9,0.67,1.22,0.67,0.22,0.00,0.11,8.56,0.3750,,,-1.11,0.3750,0.3750,0.0491,4.70,-5.20
45,337,1,7,22,5.32,2.55,0.68,0.27,0.27,0.23,13.89,0.3750,0.3605,0.8000,2.86,0.5240,0.5397,0.1711,11.74,-2.02
46,337,1,30,39,4.97,1.56,0.41,0.28,0.15,0.36,12.84,0.3509,0.3194,0.9333,-0.85,0.4854,0.5266,0.1763,7.74,-5.59
47,340,1,18,60,8.88,4.00,4.47,1.12,0.87,1.22,24.60,0.4060,0.3430,0.7218,1.87,0.5011,0.5389,0.1610,15.64,5.97
48,341,1,9,82,16.11,5.38,2.84,0.89,0.20,1.17,32.98,0.3961,0.3459,0.8268,-6.09,0.4890,0.5293,0.2146,15.46,0.41
49,355,1,28,57,4.33,4.19,0.98,0.53,0.46,0.51,17.38,0.4850,0.0000,0.7465,0.37,0.4850,0.5341,0.1123,12.94,-1.89
50,361,1,12,70,4.99,2.53,0.79,0.30,0.60,0.66,10.42,0.5198,0.2875,0.6809,-0.46,0.5655,0.5948,0.1997,17.72,1.08
51,363,1,24,47,4.47,3.55,0.49,0.26,0.55,0.53,10.77,0.5931,,0.5352,1.11,0.5931,0.5958,0.1719,19.28,0.69
52,364,1,10,77,5.62,3.82,2.06,0.53,0.34,1.13,14.84,0.4678,0.3624,0.7284,1.69,0.5468,0.5733,0.1777,17.31,2.99
53,387,1,13,54,9.89,3.37,4.17,1.28,0.35,2.15,25.20,0.4209,0.3129,0.7607,-0.74,0.4754,0.5140,0.2061,14.49,2.25
54,388,1,25,46,2.07,0.98,0.41,0.28,0.02,0.37,7.59,0.3063,0.2917,0.5455,-4.52,0.4009,0.4100,0.1650,4.96,-6.01
55,404,1,29,69,18.09,4.29,1.74,0.49,0.01,1.71,30.88,0.4547,0.3868,0.8577,3.17,0.5523,0.5986,0.2387,16.02,-2.99
56,405,1,1,65,14.62,3.85,2.98,1.05,0.22,1.08,28.44,0.4307,0.3682,0.8435,2.95,0.5372,0.5624,0.2170,15.94,1.52
57,409,1,8,30,1.10,0.67,0.17,0.03,0.07,0.13,2.69,0.5556,0.2500,0.4000,0.17,0.5741,0.5651,0.1853,17.80,-1.00
58,414,1,18,61,0.82,0.70,0.34,0.10,0.00,0.21,3.95,0.3148,0.2778,0.8462,0.05,0.3611,0.4186,0.1265,6.47,-4.59
59,423,1,28,34,0.35,0.21,0.12,0.24,0.06,0.06,2.02,0.2308,0.2500,0.6250,-0.94,0.2692,0.3632,0.1166,5.09,-2.35
60,427,1,24,78,23.36,4.38,4.22,0.99,0.33,2.08,30.06,0.4659,0.3828,0.8678,6.01,0.5303,0.5763,0.3213,22.76,5.48
61,443,1,13,66,5.20,1.68,0.77,0.39,0.20,0.47,11.52,0.3846,0.3063,0.8194,-0.56,0.4369,0.4808,0.2255,12.59,-1.38
62,446,1,28,81,9.31,6.10,0.31,0.60,0.93,0.52,20.86,0.4645,0.2969,0.7772,2.33,0.5234,0.5696,0.1794,18.28,-0.18
63,447,1,4,59,2.41,0.88,0.44,0.12,0.02,0.25,5.16,0.3475,0.3469,0.8710,-0.85,0.4078,0.4591,0.2367,10.73,-1.26
64,473,1,14,74,5.32,1.84,0.64,0.72,0.12,0.51,19.00,0.4229,0.3905,0.8889,-2.45,0.5400,0.5504,0.1220,7.21,-6.64
65,480,1,5,76,2.14,2.45,0.36,0.13,0.43,0.45,7.22,0.5854,,0.6552,0.92,0.5854,0.6003,0.1370,17.66,-0.72
66,497,1,22,75,2.80,0.96,0.49,0.13,0.04,0.23,7.14,0.4309,0.3103,0.6563,-2.31,0.5027,0.5196,0.1776,10.49,-3.14
67,515,1,24,82,14.17,4.23,2.26,1.17,0.44,0.83,34.81,0.5338,0.3686,0.8344,7.02,0.6008,0.6267,0.1508,15.18,-1.80
68,516,1,4,80,20.16,6.99,3.75,0.93,0.84,1.88,35.46,0.4909,0.3312,0.8018,1.78,0.5544,0.5928,0.2273,20.71,2.99
69,522,1,12,82,7.48,4.37,0.88,0.54,0.35,0.66,19.08,0.4111,0.3502,0.6951,-2.68,0.4931,0.5301,0.1741,14.49,-1.61
70,532,1,12,46,14.93,4.02,4.61,0.65,0.30,1.67,26.23,0.4475,0.3118,0.8563,0.00,0.5009,0.5572,0.2493,20.09,5.68
71,536,1,11,49,5.18,1.65,1.00,0.43,0.16,0.47,14.08,0.3466,0.3005,0.8421,-1.41,0.4741,0.4897,0.1752,8.64,-3.00
72,536,1,28,19,1.79,1.16,0.68,0.37,0.16,0.21,8.08,0.2895,0.2778,1.0000,-0.58,0.4211,0.4372,0.1201,8.01,-1.86
73,537,1,15,32,18.44,3.19,2.75,1.13,0.25,1.56,27.65,0.4316,0.3087,0.8491,6.44,0.4753,0.5152,0.2914,14.85,1.26
74,548,1,3,79,8.19,4.37,1.87,0.97,0.66,0.71,22.46,0.5059,0.4043,0.7578,-0.57,0.5435,0.5753,0.1511,15.78,0.91
75,563,1,2,66,23.62,6.12,3.50,1.06,0.27,2.70,33.65,0.4733,0.3578,0.7579,6.86,0.5415,0.5745,0.3065,20.64,2.08
76,575,1,6,17,5.29,4.35,0.00,0.24,0.41,0.35,10.32,0.6379,,0.5517,-3.00,0.6379,0.6360,0.1980,24.20,1.29
77,575,1,7,55,1.47,1.11,0.02,0.05,0.16,0.25,3.06,0.5400,,0.6279,0.04,0.5400,0.5876,0.2219,17.83,-2.93
78,584,1,7,55,2.91,2.71,0.62,0.25,0.13,0.42,11.42,0.3806,0.3043,0.9333,0.58,0.4710,0.4950,0.1329,10.87,-3.36
79,587,1,25,79,2.85,1.71,0.44,0.33,0.30,0.46,8.10,0.4263,0.3115,0.6769,-3.05,0.4763,0.5146,0.1732,11.36,-2.48
80,588,1,23,36,0.78,0.86,0.14,0.22,0.08,0.14,4.50,0.2647,0.1111,0.9000,0.25,0.2794,0.3646,0.1211,6.38,-5.27
81,589,1,1,5,5.80,2.80,0.80,0.40,0.00,0.00,16.60,0.3600,0.4000,0.8333,-3.80,0.4800,0.5246,0.1446,11.15,-2.32
82,590,1,5,80,3.54,2.54,0.83,0.45,0.06,0.33,13.18,0.4186,0.3534,0.7692,-0.55,0.5097,0.5252,0.1243,12.10,-2.40
83,593,1,7,79,16.27,3.91,4.77,0.84,0.04,1.57,31.95,0.5020,0.3730,0.8404,2.92,0.5486,0.5832,0.2206,17.90,2.91
84,602,1,30,39,5.15,2.77,0.59,0.15,0.54,0.49,11.26,0.5203,0.2857,0.8750,-1.92,0.5608,0.6069,0.1885,18.46,-0.14
85,618,1,7,68,8.57,3.54,1.22,0.60,0.21,0.59,27.96,0.4012,0.3597,0.8333,3.97,0.5419,0.5583,0.1339,9.66,-5.00
86,624,1,7,65,3.29,0.51,0.88,0.18,0.00,0.40,6.79,0.3907,0.3171,0.8696,-0.15,0.4512,0.4753,0.2578,9.74,-0.73
87,626,1,20,81,11.65,4.90,2.95,1.05,0.32,1.12,28.61,0.3915,0.4036,0.8220,1.54,0.4993,0.5591,0.1781,14.39,0.81
88,651,1,29,70,2.30,0.64,0.90,0.24,0.11,0.47,5.14,0.4040,0.3182,0.6875,-0.16,0.4967,0.5094,0.2320,12.26,2.60
89,654,1,16,57,21.39,5.89,5.47,1.65,0.47,2.12,33.88,0.4801,0.2328,0.8703,4.30,0.4964,0.5922,0.2671,24.79,7.29
90,667,1,27,21,2.19,2.00,0.29,0.38,0.33,0.14,5.77,0.6774,,0.5714,-0.05,0.6774,0.6749,0.1292,23.52,4.63
91,677,1,30,77,13.22,3.39,1.88,1.08,0.34,1.26,30.24,0.4355,0.3897,0.8896,-2.97,0.5314,0.5676,0.1906,12.77,-2.94
92,688,1,8,81,4.10,1.44,2.72,0.78,0.28,0.83,14.61,0.3615,0.3005,0.7692,-2.62,0.4595,0.5025,0.1481,11.23,3.17
93,692,1,22,5,10.00,1.20,2.00,1.00,0.60,1.00,28.90,0.3409,0.4054,0.7143,-2.20,0.5114,0.5310,0.1601,7.55,-4.48
94,694,1,1,74,11.08,11.85,1.24,0.74,1.26,0.59,27.59,0.6126,0.0000,0.4734,1.72,0.6126,0.6044,0.1548,25.78,4.91
95,728,1,3,58,2.84,1.16,0.79,0.24,0.17,0.45,9.52,0.3333,0.3307,0.7000,-0.52,0.4540,0.4624,0.1609,7.45,-3.66
96,728,1,17,22,5.09,1.95,2.27,0.45,0.18,0.36,16.05,0.5063,0.5581,1.0000,-1.05,0.6582,0.6786,0.1085,15.38,2.08
97,733,1,22,66,14.11,9.82,2.59,0.55,0.65,1.77,28.05,0.5249,0.3271,0.6908,-2.05,0.5760,0.6006,0.2097,23.27,3.71
98,738,1,5,42,7.24,3.52,3.93,1.69,0.36,1.36,27.31,0.3984,0.3333,0.7945,2.62,0.4805,0.5276,0.1335,11.98,1.45
99,749,1,7,19,1.79,2.00,0.47,0.32,0.16,0.37,9.33,0.4571,0.5000,0.5000,1.11,0.4714,0.4738,0.1080,9.51,-4.37
100,766,1,28,61,1.33,1.18,0.18,0.13,0.07,0.13,4.60,0.4627,0.3571,1.0000,0.85,0.5373,0.5707,0.1210,12.89,-2.84
101,788,1,10,50,1.34,0.72,1.30,0.26,0.00,0.64,7.44,0.2963,0.3208,0.6667,-0.98,0.4012,0.4069,0.1352,5.80,-2.10
102,792,1,7,40,3.85,2.58,0.43,0.33,0.30,0.43,8.64,0.4627,0.3200,0.6667,-0.25,0.4925,0.5184,0.2177,14.79,0.13
103,802,1,11,80,7.34,2.33,1.88,0.81,0.16,1.43,16.67,0.4480,0.2963,0.7345,-3.40,0.5040,0.5339,0.2125,13.60,-1.04
104,810,1,19,58,1.74,1.55,0.31,0.22,0.12,0.17,6.52,0.3750,0.4000,0.7000,-0.31,0.5341,0.5465,0.1172,13.66,-1.87
105,814,1,15,68,9.79,5.03,1.26,0.57,1.00,0.50,18.33,0.6443,0.2273,0.6538,2.59,0.6499,0.6605,0.1773,25.16,4.64
106,816,1,29,81,15.63,3.37,2.40,0.81,0.20,1.59,26.43,0.4187,0.3183,0.8276,4.73,0.5040,0.5321,0.2703,14.83,-0.30
107,820,1,3,57,7.19,4.63,0.75,0.42,0.89,0.67,17.09,0.6742,,0.5806,-0.51,0.6742,0.6723,0.1515,20.10,0.22
108,837,1,13,75,8.25,2.63,1.65,0.51,0.20,0.60,20.90,0.4528,0.3780,0.8632,-0.63,0.5558,0.5981,0.1593,13.84,-1.73
109,857,1,1,54,16.22,7.81,1.81,0.61,1.04,1.11,30.79,0.5264,0.3636,0.7929,0.67,0.5761,0.6097,0.2065,20.48,1.47
110,861,1,27,29,7.52,5.28,2.10,0.45,0.79,1.55,17.31,0.4903,0.3415,0.8000,1.31,0.5355,0.5937,0.1919,19.56,3.06
111,874,1,29,72,13.69,3.01,5.35,1.33,0.29,1.71,28.59,0.4349,0.4082,0.7963,4.82,0.5417,0.5717,0.2102,17.21,5.30
112,877,1,17,66,9.77,4.14,1.24,0.89,0.23,0.53,25.62,0.4577,0.3946,0.8333,-0.39,0.6048,0.6205,0.1415,14.56,-2.20
113,891,1,5,44,1.52,1.20,0.07,0.09,0.09,0.16,4.53,0.6053,,0.6563,-0.61,0.6053,0.6432,0.1311,13.84,-4.46
114,926,1,8,35,7.89,4.91,1.51,0.54,0.37,1.97,12.30,0.4563,0.3243,0.7356,-0.34,0.5146,0.5649,0.3142,20.94,3.13
115,926,1,17,18,8.56,5.44,1.00,0.89,0.44,0.89,15.92,0.4661,0.2708,0.8158,2.78,0.5212,0.5716,0.2246,20.96,3.57
116,928,1,13,23,10.39,5.09,1.04,1.26,1.22,0.74,22.12,0.5000,0.4495,0.8485,3.87,0.6512,0.6770,0.1682,19.84,1.95
117,928,1,25,48,7.60,5.71,1.42,1.54,1.31,1.21,29.81,0.3810,0.3435,0.8333,-1.06,0.4985,0.5187,0.1263,11.22,-2.49
118,935,1,12,54,6.09,3.61,1.07,0.44,0.35,0.72,19.14,0.4555,0.3333,0.7714,-3.67,0.5374,0.5550,0.1411,11.71,-3.33
119,935,1,24,27,6.93,4.26,1.22,0.81,0.63,1.04,20.83,0.4500,0.3229,0.7059,0.52,0.5469,0.5583,0.1497,12.86,-2.21
120,961,1,24,76,8.32,4.66,1.63,1.25,0.39,0.72,24.81,0.3989,0.3479,0.7889,5.20,0.5156,0.5415,0.1470,12.90,-0.85
121,965,1,15,74,1.76,0.65,0.45,0.27,0.07,0.27,4.57,0.3778,0.2553,0.4706,-0.24,0.4222,0.4334,0.2068,8.79,-0.87
122,971,1,9,72,15.47,4.92,4.94,1.08,0.60,3.25,29.00,0.4161,0.3140,0.8452,-3.82,0.4714,0.5041,0.2776,15.56,2.94
123,985,1,3,26,10.92,1.88,1.88,0.65,0.12,0.96,21.87,0.4929,0.4677,0.8571,3.04,0.6303,0.6448,0.1850,14.11,-1.96
124,985,1,23,50,13.52,3.02,3.62,0.72,0.22,1.68,31.31,0.4848,0.4000,0.8767,2.28,0.5795,0.6034,0.1876,13.74,-1.19
125,986,1,10,64,25.47,5.23,6.31,1.33,0.36,3.22,34.55,0.4371,0.3800,0.9228,7.95,0.5535,0.6014,0.3097,23.61,6.96
126,1019,1,14,44,21.07,8.95,2.77,1.11,2.05,1.86,31.91,0.5324,0.1857,0.7131,-2.09,0.5417,0.5777,0.2731,27.00,6.47
127,1033,1,6,79,0.35,0.81,0.09,0.04,0.11,0.06,2.55,0.6875,,0.4286,0.20,0.6875,0.6318,0.0605,11.59,-3.12
128,1054,1,26,40,7.78,2.35,1.00,0.63,0.28,0.83,13.41,0.4232,0.3289,0.8182,1.50,0.5150,0.5430,0.2539,14.89,0.20
129,1076,1,5,76,27.87,5.16,4.92,0.89,0.32,2.38,36.09,0.5042,0.3521,0.8769,1.01,0.5205,0.5897,0.3200,24.08,4.91
130,1079,1,21,35,0.51,0.17,0.14,0.03,0.00,0.06,1.59,0.5714,0.5000,,-0.40,0.6429,0.6429,0.1255,13.02,-3.21
131,1080,1,16,69,6.12,5.59,0.68,0.35,0.61,1.01,15.44,0.5655,0.4043,0.7500,0.70,0.5983,0.6317,0.1710,18.36,-0.61
132,1109,1,17,17,7.18,3.53,1.71,0.65,0.18,1.65,20.06,0.3305,0.2838,0.8519,-1.94,0.4195,0.4697,0.2003,9.58,-3.69
133,1109,1,26,25,10.32,4.40,3.56,1.48,0.20,1.76,26.58,0.3624,0.3681,0.8393,-1.68,0.4839,0.5317,0.1890,14.66,1.86
134,1111,1,21,14,4.00,4.21,0.14,0.36,0.64,0.50,13.41,0.5319,0.0000,0.5455,-1.00,0.5319,0.5401,0.1374,12.89,-3.10
135,1114,1,9,69,9.22,4.01,1.06,1.03,0.25,0.84,18.39,0.4962,0.2473,0.6500,-3.06,0.5181,0.5412,0.2196,16.73,0.30
136,1128,1,1,75,2.05,1.61,0.45,0.15,0.17,0.27,4.95,0.4732,0.4265,0.7308,-0.84,0.6027,0.6238,0.1703,19.42,3.10
137,1139,1,7,23,15.78,3.13,3.91,0.74,0.26,1.35,28.27,0.4979,0.4038,0.7248,2.48,0.5844,0.6238,0.2285,18.87,2.85
138,1139,1,30,44,12.64,4.70,5.82,0.61,0.16,1.66,30.24,0.3760,0.3097,0.8112,-2.36,0.4472,0.5010,0.2105,15.08,4.91
139,1155,1,7,65,28.42,9.12,8.74,1.15,0.55,4.49,35.40,0.4569,0.3533,0.7444,2.25,0.5285,0.5707,0.3773,29.35,12.55
140,1160,1,21,52,16.87,4.08,1.69,0.88,0.35,1.69,32.02,0.4036,0.3325,0.8429,-5.67,0.4931,0.5413,0.2349,12.13,-3.43
141,1161,1,5,78,8.71,2.74,3.28,0.77,0.37,1.38,27.04,0.5196,0.3763,0.6795,-2.55,0.5850,0.5963,0.1424,11.67,-1.55
142,1163,1,5,21,1.38,0.43,0.71,0.05,0.00,0.24,4.06,0.4783,0.2222,0.5556,-0.10,0.5217,0.5378,0.1660,10.29,0.40
143,1176,1,22,5,2.60,2.20,1.40,1.00,0.00,0.80,15.46,0.2632,0.1429,1.0000,-7.80,0.2895,0.3270,0.1355,7.03,-3.18
144,1179,1,8,18,5.39,3.50,1.61,0.61,0.33,0.72,18.93,0.3636,0.3125,0.7692,-5.00,0.4394,0.4631,0.1554,10.17,-1.53
145,1181,1,3,17,6.88,3.00,4.53,0.82,0.18,1.94,23.99,0.3761,0.2449,0.7391,1.65,0.4274,0.4602,0.1701,10.33,1.38
146,1181,1,28,22,1.82,0.64,0.41,0.23,0.05,0.05,4.08,0.3824,0.2857,1.0000,-1.00,0.4412,0.5208,0.1883,15.72,3.29
147,1194,1,3,26,10.85,9.50,1.31,0.85,0.88,1.38,20.58,0.6103,0.0000,0.5366,2.04,0.6103,0.6102,0.2142,27.63,5.80
148,1194,1,23,50,5.96,8.66,1.94,1.12,0.90,1.58,18.05,0.5378,0.0000,0.5122,-0.28,0.5378,0.5436,0.1774,24.13,6.80
149,1196,1,12,62,11.61,3.65,1.84,0.90,0.16,1.45,24.85,0.4316,0.3686,0.8036,-0.85,0.5072,0.5371,0.2122,13.59,-2.14
150,1208,1,3,37,2.81,1.81,0.46,0.38,0.19,0.24,9.21,0.3611,0.2432,0.8095,-0.27,0.4028,0.4435,0.1584,9.90,-2.29
151,1217,1,25,15,7.07,3.27,5.27,1.53,0.20,2.13,22.42,0.4314,0.0909,0.9444,-6.13,0.4363,0.4822,0.1815,14.16,5.92
152,1222,1,3,55,29.87,7.40,6.38,0.87,0.95,3.47,37.23,0.5184,0.3833,0.9095,4.89,0.5700,0.6344,0.3163,29.07,8.06
153,1255,1,18,73,21.00,4.70,3.77,1.44,0.63,2.60,33.78,0.4410,0.3571,0.7857,2.58,0.5273,0.5602,0.2653,17.99,1.77
154,1258,1,9,4,5.75,1.50,3.50,0.50,0.00,1.25,19.80,0.3000,0.2500,1.0000,-3.00,0.3667,0.3778,0.1904,6.86,0.16
155,1267,1,3,59,4.81,2.92,0.53,0.49,0.41,0.71,16.73,0.4120,0.3529,0.8421,-1.02,0.5019,0.5157,0.1384,9.34,-5.47
156,1282,1,25,78,4.35,2.91,1.12,0.45,0.24,0.72,15.06,0.3929,0.2937,0.7143,-4.46,0.4529,0.4914,0.1486,10.40,-2.81
157,1285,1,14,76,3.78,1.01,0.39,0.30,0.07,0.25,10.66,0.4135,0.3886,0.8182,-0.78,0.5865,0.5934,0.1393,9.88,-5.45
158,1303,1,23,70,29.70,11.37,4.06,1.10,1.41,3.06,32.80,0.4993,0.3705,0.8144,5.26,0.5341,0.6161,0.3752,34.79,10.47
159,1329,1,25,23,13.83,8.09,1.52,0.78,0.43,1.52,28.25,0.6462,0.2667,0.7843,-10.96,0.6557,0.6782,0.1787,21.80,-0.01
160,1329,1,27,54,4.22,3.63,0.93,0.24,0.56,0.85,11.01,0.5283,0.1250,0.7468,-1.37,0.5314,0.5884,0.1714,19.86,1.45
161,1350,1,6,24,0.50,0.96,0.08,0.00,0.25,0.13,2.45,0.4167,,0.2857,0.21,0.4167,0.3979,0.1362,17.12,0.40
162,1361,1,21,65,3.17,2.83,0.38,0.26,0.18,0.14,10.04,0.5165,0.1250,0.6400,-2.20,0.5220,0.5337,0.1344,15.59,-0.86
163,1382,1,2,43,0.44,0.35,0.09,0.00,0.07,0.12,1.35,0.5000,1.0000,0.8000,-0.77,0.5357,0.5864,0.1633,14.11,-3.38
164,1382,1,11,27,2.56,1.48,0.11,0.04,0.30,0.33,3.49,0.7073,0.0000,0.5789,0.00,0.7073,0.6989,0.2655,30.13,3.39
165,1400,1,7,81,10.86,4.63,1.85,1.09,0.48,0.99,32.64,0.4711,0.3954,0.6747,2.98,0.5954,0.6040,0.1389,12.20,-3.26
166,1420,1,28,67,2.82,0.94,1.04,0.30,0.06,0.19,8.01,0.3934,0.3333,0.6250,-0.39,0.4754,0.4882,0.1659,11.68,1.61
167,1428,1,8,39,7.69,0.77,0.87,0.21,0.05,0.59,15.65,0.4239,0.4097,0.9211,1.67,0.5453,0.5775,0.2010,9.30,-5.51
168,1428,1,27,44,8.25,1.43,0.93,0.39,0.07,0.75,15.36,0.4324,0.4172,0.8980,-0.91,0.5389,0.5715,0.2197,12.96,-3.45
169,1430,1,22,5,2.80,3.00,0.40,0.20,0.00,0.80,14.72,0.3000,0.1333,,-7.00,0.3500,0.3500,0.1482,3.44,-8.75
170,1443,1,29,70,2.79,1.41,1.51,0.43,0.09,0.69,10.94,0.4903,0.1852,0.7917,1.11,0.5065,0.5536,0.1289,12.37,-0.75
171,1453,1,20,81,13.89,2.59,2.11,0.98,0.25,1.30,29.11,0.4166,0.3893,0.7080,-1.15,0.5415,0.5543,0.2095,11.40,-2.80
172,1457,1,26,64,21.36,3.61,5.16,1.06,0.39,2.63,32.56,0.4725,0.2972,0.7500,-3.00,0.5064,0.5489,0.2909,18.54,3.70
173,1469,1,22,10,3.70,1.90,3.30,0.30,0.10,1.30,19.95,0.3023,0.3529,0.5556,-7.00,0.3721,0.3940,0.1342,4.40,-2.43
174,1473,1,21,3,10.67,4.33,0.33,0.33,0.00,1.00,39.87,0.2708,0.0476,0.7143,-30.67,0.2813,0.3132,0.1986,0.04,-9.54
175,1477,1,2,51,2.51,3.14,0.16,0.10,0.27,0.39,8.07,0.5258,0.4000,0.8571,1.37,0.5361,0.5854,0.1393,18.06,-1.86
176,1498,1,22,18,10.83,2.72,5.50,1.11,0.28,2.22,19.98,0.4743,0.2353,0.8065,-2.06,0.4857,0.5169,0.2767,21.28,10.38
177,1504,1,14,21,6.05,3.90,0.57,0.19,0.43,0.62,14.82,0.5052,0.2609,0.6053,2.10,0.5361,0.5584,0.1753,12.72,-2.75
178,1507,1,30,74,9.15,5.50,0.92,0.41,1.34,0.88,19.51,0.6934,0.0000,0.6993,-2.84,0.6934,0.7077,0.1681,22.56,1.35
179,1516,1,1,67,11.51,4.60,1.51,0.42,0.18,0.57,24.96,0.4338,0.3810,0.9038,1.60,0.5276,0.5791,0.1852,16.12,-0.90
180,1518,1,3,5,2.40,1.60,1.00,0.00,0.00,1.00,11.62,0.3846,0.2500,,1.80,0.4615,0.4615,0.1330,4.36,-8.49
181,1533,1,6,68,21.66,3.29,8.57,1.31,0.10,3.65,35.74,0.4621,0.3833,0.8921,5.53,0.5362,0.5758,0.2806,20.42,7.07
182,1546,1,16,14,0.93,1.64,0.50,0.36,0.21,0.14,9.15,0.2381,0.2500,0.4000,1.21,0.2619,0.2802,0.0886,4.43,-4.35
183,1552,1,11,44,1.09,1.89,0.39,0.23,0.25,0.14,5.44,0.4318,0.2500,0.7143,0.75,0.4886,0.5098,0.0944,16.52,2.46
184,1554,1,9,55,3.38,1.82,0.36,0.16,0.11,0.33,7.07,0.4490,0.3265,0.6230,-1.15,0.5034,0.5350,0.2131,14.61,-1.15
185,1561,1,29,59,7.56,4.10,0.95,0.42,0.32,0.80,17.60,0.4142,0.3448,0.7848,3.10,0.5066,0.5390,0.1947,14.53,-1.49
186,1573,1,13,32,23.56,6.66,5.50,2.09,0.41,3.94,33.67,0.4214,0.3541,0.8581,2.88,0.4929,0.5377,0.3385,21.70,5.85
187,1587,1,20,75,3.05,3.05,0.43,0.29,0.53,0.36,12.61,0.5181,0.3947,0.8077,0.57,0.5633,0.6062,0.1007,11.62,-3.48
188,1590,1,21,54,12.48,7.80,6.39,0.94,0.37,3.17,31.49,0.4194,0.2629,0.7089,-5.54,0.4612,0.4782,0.2239,18.16,5.70
189,1594,1,21,56,24.48,4.96,5.91,1.27,0.82,2.75,34.68,0.4534,0.2997,0.8099,-4.71,0.4957,0.5572,0.3082,22.23,6.71
190,1595,1,30,70,2.57,1.21,0.39,0.07,0.16,0.26,6.62,0.5688,0.5385,0.8077,0.86,0.6330,0.6824,0.1452,14.10,-3.14
191,1600,1,22,10,2.10,3.60,0.50,0.30,0.90,0.50,11.87,0.4091,0.0000,0.4286,-2.90,0.4091,0.4187,0.1132,11.05,-1.70
192,1621,1,29,68,15.10,14.24,1.06,0.66,2.01,1.75,31.18,0.7126,0.0000,0.6902,6.13,0.7126,0.7324,0.1691,29.85,4.21
193,1635,1,6,46,3.72,1.46,1.98,0.54,0.02,0.78,10.91,0.4156,0.3455,0.6316,-1.15,0.4773,0.5008,0.1859,13.26,2.86
194,1638,1,8,75,15.01,5.85,2.51,0.59,0.59,1.77,31.68,0.5204,0.3346,0.7435,4.28,0.5725,0.6020,0.1983,17.28,-0.97
195,1641,1,11,63,12.14,1.79,2.44,0.44,0.29,1.70,26.50,0.4752,0.4120,0.7778,-2.79,0.5851,0.6136,0.1869,12.99,-3.67
196,1651,1,19,78,11.56,2.27,4.05,0.91,0.15,1.35,27.71,0.3632,0.3410,0.8429,0.51,0.4810,0.5145,0.1966,12.55,1.26
197,1669,1,9,50,18.08,3.82,2.22,0.88,0.98,1.70,29.99,0.4263,0.3583,0.8378,-4.38,0.4914,0.5560,0.2588,16.60,-0.14
198,1677,1,22,9,5.56,2.33,2.22,0.56,0.11,1.00,19.00,0.4737,0.4231,0.7500,-0.22,0.6184,0.6288,0.1271,11.55,-2.00
199,1694,1,23,65,5.63,2.42,0.98,0.92,0.57,0.69,20.83,0.3938,0.3801,0.7857,1.23,0.5547,0.5611,0.1242,9.06,-4.53
200,1696,1,10,46,7.52,7.30,6.96,1.33,1.09,3.02,28.89,0.5253,0.2963,0.6593,4.15,0.5564,0.5824,0.1435,19.14,7.84
201,1699,1,8,71,6.08,3.96,0.83,0.61,0.37,0.80,15.29,0.4862,0.2661,0.8710,-1.25,0.5367,0.5871,0.1724,15.10,-1.23
202,1700,1,11,68,17.01,3.32,2.59,0.65,0.26,1.99,31.44,0.4256,0.3428,0.7966,-7.63,0.5079,0.5469,0.2371,13.78,-2.41
203,1701,1,5,65,7.20,4.25,0.92,1.03,0.49,0.46,23.37,0.5415,0.3564,0.8333,0.31,0.5969,0.6372,0.1162,13.94,-2.59
204,1702,1,8,75,10.29,3.08,1.28,0.37,0.36,0.95,24.65,0.5236,0.3155,0.8333,0.79,0.5737,0.6265,0.1640,13.03,-4.35
205,1704,1,7,78,4.09,2.06,1.01,0.58,0.18,0.56,13.32,0.5078,0.3590,0.6889,0.90,0.5625,0.5783,0.1398,11.39,-2.63
206,1732,1,3,81,4.43,2.81,1.30,0.33,0.17,0.38,11.83,0.4249,0.2621,0.7237,-1.16,0.4856,0.5181,0.1706,15.78,2.53
207,1739,1,20,62,4.44,1.52,0.71,0.50,0.18,0.45,12.68,0.4043,0.3810,0.6842,-0.87,0.5574,0.5650,0.1534,9.78,-3.89
208,1763,1,16,31,2.39,0.55,0.55,0.23,0.03,0.42,6.00,0.4000,0.3500,0.6667,-1.55,0.5077,0.5265,0.1999,9.78,-3.79
209,1766,1,30,45,10.56,3.56,1.07,0.51,0.20,0.73,20.97,0.4908,0.4472,0.6970,-2.82,0.5630,0.5792,0.2107,16.36,-1.69
210,1784,1,12,26,17.46,4.31,9.58,1.85,0.58,3.23,36.06,0.5015,0.4161,0.8488,-3.88,0.5898,0.6291,0.2000,22.30,9.87
211,1784,1,26,51,14.25,3.90,7.43,1.69,0.67,2.25,34.45,0.4573,0.4127,0.8365,-4.43,0.5461,0.5754,0.1829,18.83,7.03
212,1811,1,22,64,7.64,3.03,2.47,0.66,0.20,1.36,21.90,0.3829,0.3497,0.6410,-6.48,0.4530,0.4808,0.1847,10.53,-1.60
213,1831,1,7,42,14.24,3.71,2.19,0.90,0.14,0.81,29.64,0.3943,0.3355,0.7573,0.86,0.4906,0.5197,0.2207,13.09,-0.91
214,1832,1,3,49,20.20,7.16,9.12,1.14,0.63,4.33,33.21,0.4136,0.3322,0.8686,0.47,0.4858,0.5756,0.2878,25.01,11.10
215,1832,1,23,21,21.05,7.10,10.48,1.24,0.24,3.43,37.74,0.4021,0.3262,0.8925,7.14,0.4825,0.6008,0.2484,24.77,11.85
216,1840,1,26,76,2.86,1.47,0.30,0.38,0.32,0.41,11.36,0.4586,0.3069,0.7143,-1.18,0.5442,0.5612,0.1121,8.20,-6.58
217,1852,1,4,26,10.96,4.69,1.88,0.42,0.46,0.85,20.13,0.6453,0.0000,0.6923,1.69,0.6453,0.6720,0.1927,23.15,2.89
218,1852,1,30,46,14.07,6.72,2.09,0.39,0.67,1.09,24.28,0.6449,0.2667,0.7268,0.87,0.6501,0.6836,0.2100,26.02,3.75
219,1864,1,22,79,8.59,1.54,1.37,0.75,0.11,0.77,21.90,0.4340,0.3841,0.8737,-2.65,0.5389,0.5708,0.1650,10.16,-4.42
220,1866,1,3,14,11.29,4.00,1.00,0.50,0.14,1.14,30.19,0.4516,0.4659,0.8333,1.14,0.6169,0.6238,0.1514,10.41,-6.24
221,1873,1,23,76,16.54,6.53,3.32,0.62,0.57,1.53,33.46,0.4824,0.3673,0.8416,2.25,0.5318,0.5658,0.2183,18.11,1.43
222,1881,1,19,42,13.05,7.57,4.00,1.07,0.26,1.93,32.72,0.5052,0.3231,0.7532,-2.69,0.5596,0.6038,0.1690,18.00,1.99
223,1881,1,25,16,16.19,4.38,3.50,1.00,0.13,2.06,26.06,0.5027,0.3735,0.7719,-5.31,0.5874,0.6224,0.2500,20.95,3.04
224,1882,1,13,70,8.04,4.74,2.29,0.71,1.10,1.20,17.37,0.6257,0.4667,0.6894,2.41,0.6448,0.6638,0.1843,23.11,5.96
225,1888,1,16,76,0.42,0.33,0.05,0.01,0.01,0.07,1.09,0.4516,0.2500,1.0000,-0.20,0.4677,0.4950,0.2019,11.31,-3.32
226,1895,1,2,43,1.51,0.67,0.23,0.02,0.05,0.05,3.67,0.4600,0.4318,,0.02,0.6500,0.6500,0.1472,16.31,-0.83
227,1911,1,19,82,7.98,3.84,0.52,0.40,0.67,0.66,17.05,0.6156,0.3509,0.7660,0.27,0.6407,0.6802,0.1654,18.61,-1.73
228,1912,1,9,69,6.57,3.04,4.01,1.13,0.51,1.61,23.88,0.3834,0.2635,0.7703,-5.32,0.4314,0.4608,0.1582,10.30,1.66
229,1915,1,4,50,15.56,4.48,3.54,0.94,0.44,1.62,31.27,0.4587,0.3909,0.8456,-0.40,0.5284,0.5699,0.2077,17.09,1.35
230,1959,1,2,41,0.46,0.61,0.07,0.10,0.05,0.15,2.34,0.1852,0.1667,0.6667,-0.93,0.2407,0.3068,0.1711,6.30,-5.24
231,1959,1,27,9,0.78,1.67,0.33,0.11,0.11,0.22,5.62,0.3333,0.0000,0.7500,-0.22,0.3333,0.4510,0.0831,14.71,-2.22
232,1959,1,29,27,3.89,2.22,0.52,0.33,0.26,0.30,11.05,0.5068,0.4375,0.4762,1.30,0.6507,0.6384,0.1328,15.56,-1.81
233,1960,1,19,78,5.81,4.33,0.81,0.27,0.24,0.65,10.76,0.5199,0.3333,0.7730,-0.58,0.5260,0.5822,0.2261,24.81,4.37
234,1964,1,16,71,19.25,4.63,3.70,0.62,0.11,2.45,30.30,0.4465,0.3986,0.8676,3.38,0.5245,0.5610,0.2891,18.65,1.37
235,1978,1,12,26,18.19,5.08,4.77,0.96,0.38,2.42,35.57,0.4469,0.3620,0.8857,-0.65,0.5457,0.5626,0.2203,15.82,1.50
236,1978,1,26,55,14.40,4.02,1.91,0.87,0.27,1.64,28.62,0.3824,0.3677,0.8696,-2.67,0.5137,0.5399,0.2248,12.53,-2.50
237,1985,1,16,30,1.43,0.87,0.20,0.07,0.10,0.10,5.44,0.3478,0.3214,0.4000,-1.23,0.4457,0.4461,0.1409,7.25,-5.23
238,1991,1,17,55,6.07,2.82,2.18,0.76,0.11,0.75,22.78,0.4291,0.3060,0.9194,5.69,0.5036,0.5525,0.1182,11.18,-2.23
239,1995,1,5,31,1.77,0.94,0.23,0.10,0.06,0.10,5.37,0.4318,0.3226,0.7000,-1.32,0.5455,0.5682,0.1371,10.81,-3.87
240,1996,1,1,24,0.33,0.96,0.50,0.17,0.08,0.04,5.81,0.1500,0.1538,,1.71,0.2000,0.2000,0.0662,3.90,-3.30
241,2010,1,21,8,12.88,10.50,2.13,0.75,0.63,1.00,29.93,0.4889,0.3600,0.4286,-10.88,0.5389,0.5356,0.1918,21.70,3.60
242,2023,1,24,26,5.73,2.12,2.88,0.69,0.00,1.08,13.78,0.4113,0.4444,0.9394,1.81,0.4758,0.5378,0.1998,16.48,5.63
243,2023,1,30,47,5.34,1.43,1.66,0.51,0.19,0.83,14.10,0.4673,0.3433,0.8000,-1.83,0.5210,0.5471,0.1814,11.63,-1.27
244,2024,1,17,70,17.50,4.30,6.53,1.54,0.41,2.61,31.54,0.5010,0.4112,0.7611,6.09,0.5702,0.5928,0.2367,21.47,7.23
245,2025,1,12,49,11.04,2.76,1.84,0.73,0.37,1.00,28.89,0.4148,0.3780,0.8293,-1.96,0.5535,0.5682,0.1612,10.10,-4.00
246,2025,1,26,25,8.32,2.20,1.52,0.84,0.60,0.84,25.64,0.3480,0.3425,0.7619,-4.40,0.4706,0.4877,0.1596,7.45,-4.38
247,2035,1,26,51,9.18,6.22,0.94,0.33,0.80,1.10,21.06,0.6600,0.4000,0.7778,-2.67,0.6633,0.6890,0.1591,20.10,-0.81
248,2048,1,13,25,1.36,0.40,0.32,0.12,0.08,0.16,5.13,0.4615,0.5455,0.8000,1.08,0.5769,0.6028,0.1118,9.76,-5.33
249,2048,1,17,52,2.48,1.29,0.58,0.23,0.08,0.13,11.17,0.3511,0.3000,0.9286,-0.35,0.4427,0.4703,0.1075,7.64,-5.17
250,2057,1,2,70,10.01,7.57,3.31,0.70,1.31,0.93,28.64,0.4675,0.3358,0.8421,5.51,0.5457,0.5738,0.1500,19.85,4.66
251,2064,1,14,65,9.18,2.97,2.45,0.91,0.45,1.26,23.24,0.4164,0.2692,0.8000,-1.38,0.4619,0.5034,0.1936,11.55,-0.74
252,2068,1,11,18,4.28,2.39,1.06,0.28,0.28,1.00,12.92,0.3378,0.2941,0.8947,-1.11,0.4054,0.4675,0.1859,10.14,-3.65
253,2068,1,29,29,5.90,2.34,0.86,0.55,0.41,0.52,16.93,0.4472,0.4146,0.6923,2.83,0.5854,0.6100,0.1392,12.44,-3.22
254,2074,1,14,77,4.83,4.62,0.45,0.44,0.47,0.61,12.61,0.6119,0.5333,0.6575,-1.66,0.6301,0.6567,0.1468,21.03,0.66
255,2079,1,8,68,1.85,0.18,0.10,0.13,0.00,0.10,2.59,0.3861,0.4000,0.8696,-0.18,0.5248,0.5670,0.2954,13.69,-2.07
256,2092,1,1,75,11.89,3.39,2.71,0.73,0.35,1.21,29.19,0.4539,0.3893,0.8077,2.24,0.5592,0.5697,0.1752,12.15,-1.76
257,2098,1,25,25,3.32,1.64,0.64,0.40,0.28,0.40,12.89,0.2963,0.2239,0.6667,-6.40,0.3657,0.3751,0.1611,4.28,-5.13
258,2098,1,29,36,1.19,0.47,0.17,0.11,0.03,0.19,3.11,0.4167,0.3571,1.0000,-1.94,0.5556,0.5761,0.1726,11.63,-4.64
259,2114,1,1,55,12.89,3.20,1.24,0.65,0.38,1.25,28.68,0.4417,0.3795,0.7651,0.51,0.5061,0.5470,0.1992,10.28,-5.06
260,2131,1,8,75,9.31,2.51,2.55,0.55,0.27,1.15,17.47,0.4028,0.3659,0.8560,0.56,0.5175,0.5575,0.2392,15.20,2.76
261,2133,1,13,40,5.80,3.75,0.90,0.18,0.65,0.83,13.46,0.4896,0.3871,0.6897,-1.00,0.5521,0.5665,0.1955,17.49,0.14
262,2133,1,17,23,5.78,4.35,0.57,0.17,0.30,0.43,14.74,0.5192,0.3514,0.8000,-0.61,0.5817,0.6013,0.1509,15.98,-1.45
263,2135,1,10,40,3.10,2.50,2.85,0.68,0.55,0.70,15.07,0.3802,0.2297,0.7500,2.85,0.4504,0.4777,0.1141,14.88,5.39
264,2141,1,29,46,7.07,2.85,3.43,0.50,0.11,1.00,24.39,0.4035,0.3467,0.7727,4.04,0.5404,0.5514,0.1331,11.03,-0.25
265,2144,1,19,60,20.77,5.33,5.12,0.57,0.43,2.52,31.16,0.4608,0.3274,0.8261,2.05,0.4985,0.5539,0.2977,21.47,5.23
266,2148,1,3,29,27.45,4.38,5.76,1.41,0.59,2.52,37.64,0.4692,0.4184,0.9147,4.17,0.5503,0.5916,0.2951,21.97,5.62
267,2155,1,1,3,7.33,4.33,0.00,0.33,0.00,0.33,27.40,0.4444,0.6000,0.7500,0.00,0.5278,0.5567,0.1126,7.29,-8.27
268,2163,1,9,63,8.89,1.38,0.87,0.43,0.14,0.60,18.48,0.4017,0.3082,0.8269,-2.94,0.4907,0.5295,0.2099,9.77,-4.60
269,2166,1,12,53,5.60,2.81,0.19,0.47,0.98,0.75,10.21,0.5631,0.3125,0.6818,-0.74,0.5752,0.6068,0.2245,19.99,0.27
270,2170,1,9,45,6.13,2.73,1.09,0.47,0.40,0.84,15.71,0.4104,0.2655,0.7143,-3.11,0.4701,0.5007,0.1930,11.42,-2.34
271,2170,1,26,24,2.17,0.75,0.21,0.21,0.17,0.38,5.12,0.3469,0.1765,0.7143,-0.67,0.3776,0.4464,0.2393,6.89,-5.28
272,2183,1,13,77,16.40,3.52,4.66,0.71,0.19,2.25,30.35,0.3920,0.3262,0.8466,-0.91,0.4603,0.4881,0.2777,13.59,1.96
273,2190,1,15,78,16.31,5.82,1.10,0.94,2.27,1.67,27.26,0.4151,0.3192,0.8232,4.63,0.4768,0.5354,0.2558,17.49,1.02
274,2205,1,14,60,28.25,7.65,5.82,1.22,0.98,3.27,34.75,0.5242,0.3594,0.7560,-1.95,0.5901,0.6191,0.3249,29.54,8.98
275,2241,1,21,59,5.76,1.32,1.85,0.51,0.08,0.63,13.58,0.3780,0.2903,0.8085,-0.12,0.4604,0.4876,0.2094,11.03,0.98
276,2245,1,23,77,2.57,0.73,0.45,0.18,0.04,0.25,7.91,0.3503,0.3333,0.9355,0.30,0.4774,0.5193,0.1559,7.38,-5.45
277,2249,1,5,27,1.04,1.33,0.30,0.11,0.00,0.30,4.46,0.5217,0.0000,0.5714,-2.26,0.5217,0.5368,0.1249,11.93,-3.78
278,2256,1,22,4,6.50,3.75,0.00,0.00,0.25,0.00,16.13,0.4400,0.4000,,-3.00,0.5200,0.5200,0.1729,13.47,-3.74
279,2259,1,24,69,11.91,3.96,1.43,0.83,0.23,0.68,25.08,0.4596,0.4246,0.8596,3.17,0.5964,0.6254,0.1761,16.15,-1.12
280,2287,1,1,48,1.08,0.54,0.06,0.06,0.04,0.19,2.51,0.5366,0.2308,0.7143,-0.40,0.5732,0.5898,0.1949,14.46,-5.54
281,2288,1,3,73,4.66,2.95,1.78,0.41,0.47,0.66,16.32,0.4691,0.2706,0.5273,-0.81,0.5065,0.5133,0.1381,11.08,-0.31
282,2292,1,27,75,17.04,6.09,2.11,0.77,0.19,1.23,31.89,0.4659,0.3985,0.7564,1.00,0.5445,0.5736,0.2137,17.56,-0.18
283,2295,1,13,21,2.52,1.00,0.62,0.33,0.10,0.33,6.42,0.3333,0.2727,0.7619,-0.38,0.3627,0.4399,0.2221,8.54,-0.67
284,2295,1,25,25,8.56,2.40,2.52,0.84,0.40,1.56,22.46,0.3575,0.3483,0.8333,-11.16,0.4276,0.4569,0.2093,8.82,-1.86
285,2315,1,14,48,6.67,3.23,1.67,0.90,0.29,0.73,22.81,0.4661,0.3143,0.7162,-1.02,0.5319,0.5643,0.1261,10.74,-2.81
286,2320,1,27,6,1.00,1.00,0.83,0.33,0.33,0.17,8.87,0.2000,0.3333,,-2.50,0.3000,0.3000,0.0871,6.13,-2.15
287,2327,1,8,75,26.72,13.59,7.79,1.45,0.84,3.75,33.01,0.5828,0.3368,0.8098,5.92,0.6198,0.6605,0.3193,39.80,17.08
288,2343,1,26,78,5.82,3.15,0.88,0.33,0.60,0.76,13.04,0.6579,0.3448,0.7176,-2.23,0.6767,0.7014,0.1625,19.43,0.00
289,2355,1,19,80,9.28,3.70,2.09,1.63,0.75,1.25,29.19,0.4757,0.3373,0.8405,0.85,0.5252,0.5728,0.1385,11.53,-2.37
290,2365,1,4,54,0.41,0.20,0.07,0.02,0.04,0.11,1.16,0.6429,0.5000,0.3750,-0.26,0.6786,0.6279,0.1595,10.86,-6.29
291,2372,1,14,8,3.38,1.25,0.50,0.25,0.00,0.13,6.33,0.4667,0.2500,0.8000,2.88,0.5000,0.6250,0.1883,17.66,1.61
292,2384,1,27,73,5.66,2.12,3.19,0.58,0.10,0.63,15.73,0.4897,0.1961,0.7802,-0.22,0.5044,0.5448,0.1572,17.16,6.20
293,2385,1,15,74,8.54,2.38,4.38,0.89,0.03,0.62,20.94,0.4511,0.3902,0.8182,3.45,0.5236,0.5439,0.1670,19.01,7.82
294,2393,1,5,61,4.69,2.77,0.49,0.41,0.54,0.49,14.74,0.5385,0.3279,0.8000,0.67,0.5897,0.6333,0.1255,12.56,-3.91
295,2395,1,14,60,2.20,2.87,0.22,0.17,0.43,0.35,6.81,0.6742,,0.4615,-1.80,0.6742,0.6571,0.1285,21.88,1.31
296,2395,1,23,20,3.70,4.60,0.40,0.10,0.45,0.80,10.70,0.5926,,0.7143,-1.95,0.5926,0.6150,0.1593,21.03,-0.58
297,2406,1,9,74,7.04,2.35,3.20,0.57,0.23,1.15,21.61,0.4450,0.4140,0.8850,-2.76,0.5263,0.5792,0.1451,12.03,0.12
298,2417,1,21,4,17.50,3.25,3.00,2.50,0.25,4.00,41.40,0.4643,0.3636,0.4762,-21.25,0.5357,0.5365,0.2167,9.66,-5.69
299,2420,1,24,13,7.31,3.15,1.00,0.62,0.54,0.38,13.91,0.5455,0.3333,0.9000,3.00,0.5833,0.6350,0.1898,22.85,3.70
300,2453,1,13,71,11.73,3.23,2.06,0.59,0.08,0.85,27.03,0.4491,0.4492,0.8961,2.59,0.5978,0.6190,0.1688,13.95,-2.10
301,2469,1,9,9,8.56,5.33,1.11,1.00,1.22,1.00,21.21,0.4571,0.3000,0.5385,3.56,0.5000,0.5085,0.1928,15.24,0.69
302,2495,1,26,23,1.96,0.52,0.39,0.09,0.04,0.00,4.50,0.3191,0.2963,0.7000,-1.26,0.4043,0.4377,0.2122,7.58,-0.10
303,2506,1,30,82,7.73,2.55,1.04,0.43,0.27,0.61,21.96,0.4553,0.3500,0.8710,0.46,0.5642,0.5856,0.1467,11.23,-4.70
304,2511,1,7,62,6.63,5.65,1.10,0.48,0.94,0.76,23.38,0.3983,0.3255,0.7077,1.94,0.5155,0.5371,0.1349,12.78,-2.09
305,2522,1,7,6,5.33,1.33,1.33,0.17,0.00,0.67,10.77,0.4000,0.2353,1.0000,-1.00,0.4800,0.5610,0.2261,14.01,-0.43
306,2524,1,18,77,1.79,1.10,0.29,0.09,0.10,0.23,3.47,0.5114,0.3077,0.7333,0.29,0.5341,0.6031,0.2077,20.30,2.18
307,2532,1,1,41,1.12,0.54,0.17,0.05,0.02,0.05,2.72,0.3556,0.1923,0.7500,-0.59,0.4111,0.4574,0.2061,10.29,-1.22
308,2532,1,20,37,1.27,0.59,0.08,0.05,0.03,0.14,3.00,0.3750,0.3571,0.7000,-1.24,0.5000,0.5293,0.1988,12.61,-4.48
309,2541,1,15,75,4.65,4.39,1.45,0.60,0.29,0.39,17.22,0.5153,0.4127,0.5510,1.23,0.6145,0.6154,0.0998,16.78,1.15
310,2544,1,23,76,6.70,2.30,1.67,0.43,0.12,0.63,18.60,0.3872,0.2895,0.8095,0.41,0.4691,0.5020,0.1772,11.58,-1.83
311,2546,1,2,23,1.13,1.09,0.35,0.13,0.09,0.00,3.71,0.5714,0.0000,0.6667,0.35,0.5714,0.5824,0.1160,20.16,4.63
312,2561,1,21,41,4.56,2.46,1.39,0.46,0.20,0.71,16.83,0.4072,0.3265,0.8636,-4.37,0.5030,0.5292,0.1285,9.33,-3.44
313,2575,1,10,72,9.06,3.25,0.89,0.43,0.31,1.03,16.45,0.5130,0.3356,0.6842,0.49,0.5674,0.5997,0.2295,16.28,-2.04
314,2582,1,30,67,16.87,8.37,3.48,0.63,0.85,2.52,32.89,0.4519,0.3413,0.7123,-4.19,0.5203,0.5473,0.2437,19.47,2.08
315,2591,1,5,67,24.40,4.60,4.52,0.61,0.34,2.55,34.75,0.4764,0.3895,0.8533,-0.39,0.5544,0.6051,0.2908,21.36,2.76
316,2601,1,12,45,6.13,2.09,1.13,0.51,0.31,0.53,13.63,0.3728,0.3333,0.8375,0.98,0.4583,0.5243,0.2045,14.24,0.23
317,2601,1,26,20,6.70,3.00,1.50,0.40,0.40,0.65,16.11,0.4034,0.3019,0.8462,-1.15,0.4706,0.5136,0.1949,15.65,0.93
318,2607,1,27,69,3.84,2.00,0.65,0.14,0.20,0.45,8.53,0.4951,0.3258,0.8293,-0.25,0.5662,0.5967,0.1818,17.34,-0.18
319,2617,1,2,51,4.06,2.04,0.37,0.41,0.31,0.31,14.28,0.4293,0.3494,0.5882,-0.16,0.5082,0.5202,0.1305,9.64,-5.29
320,2642,1,18,82,0.99,0.44,0.11,0.09,0.06,0.12,2.81,0.4110,0.2286,0.7222,-0.13,0.4658,0.5005,0.1655,11.11,-4.42
321,2644,1,6,19,13.58,3.37,3.95,0.84,0.26,1.74,29.84,0.4353,0.3134,0.7447,-2.26,0.4806,0.5105,0.2293,13.33,0.61
322,2644,1,12,39,18.67,3.85,4.44,0.90,0.46,1.92,31.11,0.4469,0.3228,0.7603,-0.49,0.4960,0.5304,0.2729,17.27,3.37
323,2656,1,10,72,6.49,2.82,0.88,0.54,0.08,0.53,17.46,0.4413,0.3369,0.8800,1.31,0.5235,0.5613,0.1587,12.30,-3.33
324,2667,1,9,52,4.00,1.67,2.06,0.69,0.23,0.69,11.61,0.3898,0.2333,0.7887,-1.54,0.4294,0.4994,0.1749,15.32,4.81
325,2673,1,26,73,3.22,2.21,0.62,0.18,0.34,0.59,8.50,0.5341,0.2857,0.6508,-1.04,0.5511,0.5768,0.1714,14.26,-1.51
326,2701,1,19,27,5.22,1.44,1.81,0.41,0.04,0.96,12.64,0.4041,0.2241,0.8333,-3.96,0.4486,0.4660,0.2244,11.69,-0.07
327,2707,1,25,29,23.97,4.14,7.31,0.59,0.38,2.86,36.41,0.4022,0.3239,0.8785,-1.03,0.4855,0.5502,0.2959,20.42,6.44
328,2711,1,25,42,9.76,5.62,1.29,0.60,0.86,0.95,25.91,0.4603,0.3312,0.7340,-0.55,0.5413,0.5753,0.1592,15.24,-1.61
329,2713,1,9,21,5.76,2.71,1.00,0.62,0.33,0.71,18.25,0.4556,0.4219,0.8571,-0.48,0.6056,0.6292,0.1264,11.07,-4.04
330,2738,1,10,82,5.99,7.27,2.01,0.61,0.63,0.82,21.13,0.5714,0.0000,0.6000,2.05,0.5714,0.5859,0.1231,18.69,2.97
331,2739,1,17,14,11.50,3.79,0.43,0.57,1.07,0.86,21.32,0.4656,0.3585,0.8696,-0.50,0.5382,0.5704,0.2179,15.24,-2.23
332,2742,1,22,76,3.34,1.66,0.71,0.03,0.24,0.58,8.05,0.5528,0.3333,0.5926,-0.86,0.5578,0.5701,0.1898,14.45,-2.18
333,2747,1,25,12,2.92,1.25,0.33,0.17,0.17,0.42,10.20,0.4000,0.4500,1.0000,-6.42,0.5500,0.5667,0.1273,6.51,-7.59
334,2750,1,6,74,13.61,7.24,2.16,0.35,0.24,1.32,22.49,0.4297,0.3920,0.8384,1.28,0.5526,0.5937,0.2538,23.92,4.42
335,2756,1,16,64,13.19,4.41,7.41,1.05,0.27,2.63,33.33,0.4402,0.3770,0.8506,3.91,0.5550,0.5998,0.1830,16.57,5.28
336,2772,1,1,76,2.99,1.08,0.53,0.24,0.08,0.26,9.01,0.3978,0.3607,0.8537,-0.67,0.5161,0.5563,0.1436,8.58,-4.53
337,2774,1,9,51,10.43,4.78,1.14,0.43,0.51,1.06,19.40,0.4557,0.3014,0.7841,-3.10,0.5130,0.5765,0.2256,18.71,0.15
338,2774,1,26,25,10.16,5.40,1.20,0.28,0.24,0.76,21.86,0.4888,0.3651,0.8507,-2.80,0.5534,0.6121,0.1815,18.92,-0.55
339,2815,1,21,72,5.01,1.82,1.54,0.43,0.15,0.90,12.61,0.3754,0.2933,0.7900,-2.76,0.4448,0.5000,0.2039,12.19,-0.50
340,2822,1,17,59,2.61,1.39,0.37,0.15,0.15,0.25,6.90,0.4957,0.4231,0.8182,-2.46,0.5913,0.6176,0.1474,15.41,-2.08
341,2828,1,13,81,10.77,5.25,2.58,0.68,0.26,1.04,28.60,0.4841,0.3654,0.7805,0.84,0.5391,0.5721,0.1617,14.82,-0.52
342,2829,1,21,68,9.19,2.51,1.34,0.69,0.18,1.04,20.10,0.3929,0.3603,0.7927,-4.09,0.4762,0.5007,0.2205,10.82,-2.99
343,2845,1,7,76,1.29,0.51,0.04,0.00,0.04,0.20,1.68,0.6000,0.2500,0.5909,0.46,0.6071,0.6150,0.3354,20.38,-3.82
344,2846,1,6,61,14.75,5.66,1.33,0.74,0.49,0.89,30.77,0.4452,0.3579,0.8679,2.82,0.5420,0.5822,0.1957,15.77,-1.68
345,2855,1,19,79,3.96,1.80,0.78,0.42,0.10,0.58,9.31,0.4052,0.2000,0.7957,-0.62,0.4442,0.5050,0.2090,13.52,-0.83
346,2863,1,16,64,8.61,3.59,1.00,0.91,0.47,0.81,21.44,0.5073,0.4129,0.7634,2.45,0.5854,0.6110,0.1642,14.91,-2.33
347,2865,1,4,73,7.45,3.90,2.45,1.21,0.44,0.84,25.56,0.4823,0.3836,0.7009,-0.34,0.5544,0.5786,0.1222,13.93,-0.18
348,2875,1,11,80,8.70,3.71,1.26,0.43,0.50,0.75,20.70,0.5335,0.3571,0.6341,-2.98,0.5908,0.6030,0.1643,15.98,-1.55
349,2876,1,12,28,6.11,1.89,0.75,0.46,0.32,0.50,15.86,0.4167,0.2973,0.6923,-1.61,0.4821,0.4922,0.1866,9.56,-3.92
350,2895,1,11,65,10.00,2.92,0.98,0.88,0.37,0.63,26.34,0.3991,0.3601,0.7944,-3.35,0.5499,0.6016,0.1454,10.21,-4.63
351,2901,1,17,52,4.79,1.77,0.69,0.44,0.15,0.35,19.27,0.3955,0.3376,0.7857,2.67,0.5159,0.5359,0.1064,6.05,-7.04
352,2904,1,23,77,17.03,3.12,4.17,0.71,0.42,1.14,34.42,0.4854,0.4272,0.8659,2.49,0.5518,0.5942,0.2040,16.24,1.22
353,2918,1,1,67,1.19,0.37,0.25,0.10,0.00,0.15,3.28,0.5000,0.3200,0.8889,-0.79,0.5625,0.5886,0.1560,12.76,-3.46
354,2928,1,20,75,1.19,0.56,0.55,0.19,0.01,0.07,4.97,0.2963,0.2500,0.6667,1.35,0.3750,0.3928,0.1402,5.76,-1.14
355,2951,1,19,26,24.27,4.46,5.85,1.31,0.04,2.19,33.78,0.4930,0.3944,0.6667,1.69,0.5641,0.5801,0.2924,23.29,7.03
356,2951,1,25,36,20.53,4.25,4.53,1.00,0.58,1.94,35.19,0.4361,0.3841,0.7059,-3.14,0.5195,0.5317,0.2650,16.61,2.71
357,2954,1,12,28,8.18,3.21,4.68,1.04,0.36,1.04,23.29,0.4808,0.3030,0.8261,-2.64,0.5048,0.5249,0.1644,16.51,6.37
358,2968,1,18,70,9.24,4.19,1.13,0.74,0.77,1.07,25.75,0.4603,0.3175,0.8028,0.03,0.5325,0.5528,0.1536,10.46,-4.08
359,2969,1,4,63,5.40,2.70,0.92,0.41,0.35,0.57,14.21,0.4843,0.3796,0.7361,0.73,0.5650,0.5951,0.1535,14.06,-1.69
360,2972,1,27,51,11.33,2.25,1.25,0.25,0.12,0.84,23.98,0.4624,0.4219,0.7843,-0.75,0.5785,0.5929,0.1841,11.82,-4.63
361,2983,1,24,74,9.19,6.70,0.57,0.30,1.09,1.32,15.84,0.6288,0.2222,0.6986,1.62,0.6310,0.6510,0.2294,26.34,2.54
362,2992,1,9,74,3.69,1.50,0.65,0.28,0.09,0.32,10.19,0.4356,0.3973,0.7308,-0.76,0.5644,0.5773,0.1493,11.90,-2.92
363,3010,1,5,28,2.11,1.18,0.18,0.07,0.11,0.25,7.37,0.3934,0.3333,0.2500,-1.96,0.4672,0.4572,0.1531,5.15,-7.42
364,3012,1,18,78,2.99,1.21,2.31,0.73,0.13,0.49,11.56,0.4400,0.3176,0.7500,0.47,0.5075,0.5354,0.1190,14.68,5.34
365,3013,1,25,80,8.19,1.29,0.74,0.48,0.13,0.69,16.06,0.4007,0.3621,0.8182,-4.40,0.5408,0.5669,0.2148,10.62,-4.57
366,3055,1,15,73,10.84,4.49,2.66,1.42,0.53,1.53,22.70,0.4043,0.3737,0.7500,3.03,0.5043,0.5289,0.2135,17.24,3.33
367,3066,1,15,15,1.67,0.47,0.27,0.00,0.00,0.13,3.86,0.3333,0.3043,0.5000,-0.60,0.4792,0.4852,0.2022,8.83,-3.87
368,3068,1,26,77,6.94,4.35,0.78,0.66,0.42,0.79,16.61,0.4521,0.3065,0.7802,-2.01,0.5156,0.5460,0.1858,17.08,-0.45
369,3075,1,17,70,18.93,5.09,5.11,1.09,0.26,2.71,30.59,0.4427,0.3733,0.8900,4.31,0.5220,0.5766,0.2669,20.29,4.70
370,3113,1,3,81,11.40,1.93,2.26,0.63,0.21,0.90,28.96,0.4081,0.3996,0.8136,1.44,0.5510,0.5628,0.1651,10.34,-3.49
371,3116,1,3,33,2.48,2.70,0.73,0.15,0.33,0.33,8.18,0.3765,0.2222,0.7059,0.12,0.4118,0.4433,0.1672,12.99,1.84
372,3116,1,23,24,1.38,1.04,0.21,0.21,0.08,0.33,4.40,0.4333,0.2500,0.7143,-1.13,0.4667,0.4988,0.1746,8.61,-4.84
373,3117,1,23,57,7.89,2.49,2.44,0.49,0.30,0.77,20.69,0.4293,0.3233,0.8356,-0.51,0.4826,0.5171,0.1833,12.21,0.06
374,3131,1,26,75,11.48,2.21,4.17,0.73,0.32,1.52,27.68,0.4176,0.3156,0.6588,-3.67,0.4775,0.4890,0.2069,11.52,0.87
375,3132,1,29,67,25.87,4.21,5.34,1.48,0.18,2.99,33.82,0.4484,0.3547,0.8530,4.12,0.5327,0.5724,0.3311,21.43,5.17
376,3144,1,6,69,14.99,8.26,2.52,0.81,1.67,1.93,33.79,0.5084,0.2500,0.6627,1.38,0.5223,0.5495,0.2071,19.00,1.17
377,3159,1,14,77,13.61,3.32,2.83,0.79,0.38,1.58,27.77,0.4734,0.3914,0.7949,0.69,0.5781,0.5972,0.2019,15.35,-0.57
378,3161,1,17,5,5.40,4.20,0.40,0.60,0.40,0.60,13.92,0.5000,,0.5556,1.00,0.5000,0.5200,0.1774,16.77,-0.81
379,3161,1,18,7,4.14,3.43,2.29,0.57,0.86,1.00,11.63,0.5909,,0.4286,-0.29,0.5909,0.5781,0.1659,23.24,9.62
380,3166,1,10,71,3.21,1.13,0.32,0.10,0.14,0.18,8.56,0.4372,0.3636,0.7778,-0.59,0.5464,0.5733,0.1533,11.05,-4.65
381,3168,1,13,19,3.05,0.74,1.26,0.37,0.16,0.32,7.23,0.4902,0.3571,0.6000,0.11,0.5392,0.5451,0.1931,16.91,5.34
382,3184,1,15,57,27.44,5.70,6.74,1.16,0.39,3.44,33.14,0.4928,0.3438,0.7614,3.32,0.5302,0.5752,0.3390,27.57,9.35
383,3196,1,16,24,5.38,1.88,0.96,0.25,0.04,0.83,12.43,0.4737,0.3333,0.8889,0.79,0.5307,0.5468,0.2070,10.99,-4.05
384,3198,1,8,75,11.69,2.84,4.24,0.68,0.17,0.95,27.85,0.4820,0.3878,0.8904,4.13,0.5608,0.5799,0.1754,16.25,2.74
385,3201,1,13,58,14.31,4.12,1.95,0.48,0.31,1.19,26.97,0.4342,0.3673,0.8716,-2.47,0.5072,0.5489,0.2335,14.92,-1.19
386,3222,1,22,29,1.90,0.72,0.10,0.14,0.03,0.28,6.73,0.2985,0.2826,1.0000,-1.86,0.3955,0.4051,0.1678,3.15,-9.08
387,3245,1,19,76,4.39,1.93,0.50,0.30,0.09,0.21,11.36,0.3935,0.3817,0.8824,-0.01,0.5217,0.5577,0.1579,12.68,-2.67
388,3246,1,27,69,20.84,8.16,9.09,2.00,0.33,2.61,34.30,0.4617,0.3265,0.7935,0.71,0.5004,0.5327,0.2748,27.24,14.95
389,3258,1,21,47,7.32,2.74,0.47,0.38,0.55,0.30,12.61,0.4556,0.4294,0.8421,0.49,0.5968,0.6299,0.2118,20.04,1.43
390,3264,1,28,80,3.19,1.15,0.56,0.33,0.05,0.40,8.95,0.3889,0.3060,0.8649,-0.98,0.4765,0.5094,0.1701,9.65,-4.03
391,3270,1,24,24,1.42,1.13,0.29,0.33,0.17,0.46,6.05,0.3429,0.2857,0.6000,-0.08,0.4000,0.4315,0.1510,6.04,-5.88
392,3277,1,19,9,7.33,4.33,0.89,0.56,0.78,1.11,20.18,0.5510,0.5000,1.0000,-1.11,0.5918,0.6283,0.1473,15.15,-3.04
393,3277,1,25,38,6.71,5.50,1.92,1.00,0.34,0.71,22.60,0.5152,0.3065,0.6531,-1.32,0.5631,0.5807,0.1260,16.47,0.98
394,3308,1,6,44,0.34,0.16,0.27,0.02,0.00,0.07,1.43,0.3333,0.0000,0.7500,-0.16,0.3333,0.3796,0.1617,10.12,2.02
395,3310,1,2,68,2.88,1.31,0.32,0.29,0.07,0.46,8.44,0.3956,0.2696,0.8077,0.32,0.4808,0.5066,0.1730,7.50,-6.17
396,3313,1,30,76,6.92,1.76,2.86,0.72,0.04,1.04,18.06,0.4626,0.2917,0.7685,-1.14,0.5023,0.5384,0.1851,13.30,1.40
397,3326,1,23,77,9.09,2.64,1.32,0.39,0.17,0.77,22.55,0.4369,0.4031,0.8814,0.87,0.5755,0.5943,0.1684,9.98,-4.42
398,3337,1,11,33,2.33,1.00,1.21,0.45,0.00,0.79,7.92,0.4030,0.2692,0.5333,-1.39,0.4552,0.4800,0.1737,9.95,-1.27
399,3340,1,8,53,5.09,2.77,0.32,0.30,0.25,0.43,13.17,0.5161,0.4625,0.6308,-0.85,0.6156,0.6291,0.1509,13.51,-4.05
400,3345,1,20,31,2.74,4.55,0.74,0.97,1.00,0.65,18.13,0.5333,0.0000,0.7000,-2.19,0.5333,0.5806,0.0727,12.31,-2.24
401,3365,1,18,80,6.59,1.54,1.63,0.34,0.13,0.45,12.19,0.4746,0.3938,0.7826,0.88,0.5508,0.5811,0.2110,17.91,3.33
402,3369,1,7,73,3.29,1.08,0.95,0.37,0.10,0.42,9.38,0.3991,0.3423,0.9600,0.86,0.4843,0.5128,0.1755,10.34,-1.61
403,3372,1,25,57,14.77,10.86,2.75,1.09,0.60,2.51,27.70,0.5350,0.2679,0.6903,0.23,0.5475,0.5864,0.2395,24.46,4.47
404,3374,1,11,82,2.84,1.84,0.43,0.34,0.24,0.26,7.43,0.4830,0.3061,0.7164,-1.43,0.5256,0.5670,0.1589,17.34,0.76
405,3375,1,17,81,6.01,2.73,0.73,0.31,0.21,0.70,14.64,0.4026,0.3480,0.8372,-0.95,0.4881,0.5063,0.1947,12.06,-3.34
406,3394,1,29,79,7.22,4.66,2.42,1.09,0.41,1.00,30.45,0.4572,0.3889,0.8036,2.94,0.5912,0.6081,0.0998,11.13,-2.78
407,3411,1,13,17,2.41,0.94,0.24,0.12,0.06,0.24,5.79,0.4138,0.4444,0.8125,-0.94,0.4828,0.5688,0.1808,13.86,-3.99
408,3411,1,17,33,1.73,1.76,0.15,0.15,0.15,0.15,9.32,0.2571,0.2683,0.7692,-3.88,0.3357,0.3764,0.1142,5.38,-6.74
409,3415,1,22,70,8.64,4.96,1.69,1.39,0.60,0.81,24.98,0.3757,0.3181,0.8462,-4.50,0.4783,0.5012,0.1643,14.36,0.32
410,3417,1,18,71,1.87,0.99,0.35,0.37,0.17,0.32,7.26,0.4038,0.2979,0.6863,0.55,0.4712,0.5259,0.1213,8.50,-4.93
411,3418,1,1,48,8.17,5.90,1.10,0.65,1.25,0.92,20.67,0.6903,,0.7273,2.29,0.6903,0.7143,0.1409,19.81,0.86
412,3419,1,6,67,8.78,3.00,1.81,0.84,0.33,0.87,29.56,0.4803,0.3503,0.7677,1.48,0.5441,0.5889,0.1265,9.62,-4.77
413,3420,1,16,35,2.20,1.17,0.40,0.11,0.20,0.14,6.97,0.4348,0.3462,0.7273,0.17,0.5000,0.5214,0.1445,10.78,-2.69
414,3422,1,16,13,7.62,1.77,2.15,0.38,0.08,1.23,13.31,0.4795,0.4167,0.7368,-0.38,0.5822,0.6084,0.2541,18.17,2.35
415,3439,1,9,49,7.45,3.61,2.27,0.63,0.39,1.18,15.59,0.4476,0.3361,0.7753,-1.43,0.5175,0.5613,0.2160,17.92,4.17
416,3451,1,6,71,9.99,2.06,1.90,0.73,0.14,0.94,20.59,0.4318,0.3565,0.6641,-0.80,0.5437,0.5630,0.2136,12.72,-1.22
417,3458,1,4,78,14.58,3.87,1.08,0.99,0.40,0.86,25.63,0.4399,0.3454,0.6667,-0.33,0.5424,0.5600,0.2310,14.95,-1.30
418,3489,1,6,55,0.71,0.20,0.55,0.05,0.00,0.13,3.01,0.3261,0.2308,0.7500,-0.64,0.3913,0.4083,0.1478,7.33,0.36
419,3499,1,2,33,1.61,0.85,0.18,0.12,0.03,0.24,3.41,0.4737,0.5000,1.0000,-0.21,0.5789,0.6316,0.1959,16.41,-2.29
420,3509,1,29,78,4.28,1.36,0.46,0.12,0.06,0.35,9.44,0.4851,0.3704,0.7674,-0.37,0.5702,0.6121,0.1790,13.88,-3.91
421,3526,1,24,67,14.30,4.22,10.48,1.81,0.30,2.28,31.93,0.4932,0.3166,0.8366,6.87,0.5360,0.5807,0.1972,23.86,15.02
422,3536,1,24,69,9.07,2.54,4.09,0.58,0.25,1.49,18.52,0.4089,0.3365,0.8427,2.14,0.4693,0.4999,0.2467,16.01,6.46
423,3539,1,24,82,1.83,1.07,1.21,0.30,0.07,0.57,6.70,0.3829,0.2222,0.3750,-0.52,0.3943,0.3967,0.1860,10.96,2.00
424,3542,1,10,73,6.88,3.38,0.88,1.32,0.30,0.55,17.09,0.6163,0.3583,0.6034,2.45,0.6788,0.6793,0.1440,17.93,0.18
425,3568,1,25,11,8.18,4.18,1.09,0.82,0.55,1.00,16.14,0.5000,0.1875,0.6000,-6.73,0.5192,0.5319,0.2412,16.39,1.16
426,3600,1,9,28,1.79,1.14,0.25,0.00,0.25,0.18,6.31,0.3600,0.3333,0.5000,0.00,0.4900,0.4914,0.1368,9.55,-4.46
427,3609,1,7,30,1.60,0.70,0.57,0.17,0.07,0.17,4.93,0.3590,0.3333,1.0000,-1.37,0.4872,0.5530,0.1475,12.48,0.30
428,3620,1,4,73,6.53,7.74,3.10,0.84,0.71,1.37,24.55,0.6406,0.0000,0.3918,0.07,0.6406,0.6034,0.1176,18.10,3.35
429,3625,1,27,69,13.26,9.19,2.74,0.65,1.71,1.58,28.54,0.6184,1.0000,0.4947,1.70,0.6192,0.6128,0.1837,23.62,4.81
430,3627,1,21,70,6.63,4.54,1.87,0.56,0.54,1.34,17.61,0.4079,0.2893,0.7000,-0.63,0.4704,0.4854,0.2018,15.61,1.19
431,3636,1,15,31,0.42,0.39,0.03,0.03,0.13,0.03,2.29,0.3125,0.3333,0.0000,-0.97,0.4063,0.3851,0.1039,6.17,-5.73
432,3637,1,10,76,18.49,3.42,4.00,0.79,0.30,2.46,30.04,0.4480,0.3638,0.9248,4.28,0.5477,0.5979,0.2612,16.91,1.02
433,3648,1,11,62,15.31,4.31,6.06,1.11,0.35,3.10,30.76,0.4146,0.3753,0.6425,-4.53,0.5105,0.5314,0.2421,15.79,4.03
434,3649,1,8,9,9.89,6.56,1.89,1.11,0.22,1.33,29.46,0.3592,0.2083,0.5556,6.44,0.4078,0.4160,0.1986,11.10,-1.75
435,3650,1,10,69,7.46,5.25,1.36,0.99,0.42,0.54,20.23,0.4639,0.3704,0.8033,3.35,0.5601,0.5815,0.1503,18.67,1.91
436,3651,1,17,73,14.41,9.00,1.18,0.73,0.70,1.23,27.78,0.4788,0.3935,0.7522,4.30,0.5551,0.5713,0.2141,20.86,1.41
437,3653,1,7,35,18.69,7.46,1.97,0.71,1.69,1.51,28.62,0.4508,0.2832,0.8647,1.40,0.4990,0.5611,0.2872,23.06,4.19
438,3653,1,30,18,20.89,8.33,2.78,0.67,1.39,1.56,26.61,0.4749,0.3671,0.8707,-0.89,0.5309,0.6064,0.3164,29.74,8.76
439,3662,1,7,82,8.74,4.93,1.18,0.45,0.48,0.78,21.93,0.6708,0.3514,0.7830,0.90,0.6870,0.7253,0.1409,17.27,-1.76
440,3665,1,23,23,0.57,0.26,0.13,0.04,0.00,0.13,2.26,0.2941,0.1667,1.0000,-0.78,0.3235,0.3635,0.1818,0.00,-8.44
441,3666,1,13,6,17.83,2.33,2.33,0.33,0.67,1.17,20.90,0.5079,0.5417,0.8571,-2.17,0.6111,0.6824,0.2960,25.06,4.24
442,3666,1,25,40,18.65,3.28,2.05,1.00,0.43,1.55,33.32,0.4557,0.4061,0.8030,-5.18,0.5415,0.5929,0.2296,14.94,-2.36
443,3683,1,27,56,5.14,2.02,1.45,0.36,0.41,1.02,17.23,0.3741,0.3066,0.7458,-1.45,0.4519,0.4866,0.1547,8.01,-4.42
444,3684,1,18,76,6.61,2.29,0.89,0.62,0.30,0.70,15.48,0.4538,0.3755,0.7561,-0.07,0.5641,0.5891,0.1706,13.02,-2.54
445,3688,1,2,78,5.67,1.72,1.78,0.32,0.08,0.53,12.83,0.4290,0.4122,1.0000,0.82,0.5643,0.5782,0.1866,15.59,2.25
446,3704,1,11,16,2.69,1.00,0.25,0.31,0.06,0.44,4.64,0.4545,0.3750,1.0000,0.50,0.5909,0.6185,0.2404,18.52,-1.22
447,3705,1,26,39,1.15,0.79,0.15,0.03,0.21,0.15,3.07,0.4474,,0.6471,-0.18,0.4474,0.4947,0.1876,13.13,-1.32
448,3707,1,20,78,11.31,3.17,3.53,0.69,0.04,1.27,23.11,0.3923,0.3460,0.8806,3.38,0.4869,0.5428,0.2232,14.96,2.79
449,3731,1,26,45,1.33,0.29,0.16,0.02,0.02,0.11,2.98,0.4138,0.2778,0.5000,-0.47,0.4569,0.4676,0.2224,8.07,-5.14
450,3735,1,20,73,19.82,9.81,5.07,0.73,0.53,3.36,34.85,0.4109,0.3077,0.7556,-2.25,0.4591,0.5086,0.2886,19.89,4.40
451,3759,1,14,75,5.92,2.57,1.47,0.39,0.27,0.53,18.90,0.4591,0.3174,0.8390,0.72,0.5425,0.6001,0.1253,12.48,-2.60
452,3765,1,1,35,11.60,2.40,1.09,1.00,0.31,1.26,22.77,0.4023,0.3791,0.9000,-4.74,0.4869,0.5368,0.2318,12.56,-3.53
453,3765,1,20,19,4.79,1.11,0.53,0.63,0.21,0.68,11.34,0.4154,0.2581,0.9063,-2.68,0.4769,0.5754,0.1826,11.88,-4.58
454,3769,1,8,59,3.54,1.83,0.90,0.41,0.15,0.27,11.31,0.5031,0.4302,0.6667,-0.44,0.6180,0.6235,0.1203,13.12,-1.24
455,3772,1,23,62,1.87,1.48,0.26,0.53,0.23,0.16,4.88,0.5625,0.2500,0.4286,-0.65,0.5729,0.5677,0.1670,18.96,4.36
456,3787,1,18,79,8.06,3.81,0.90,0.51,0.90,1.04,15.38,0.4895,0.3434,0.7651,-1.16,0.5494,0.5881,0.2156,18.10,0.58
457,3809,1,4,81,1.85,1.06,0.16,0.11,0.26,0.30,4.53,0.6667,,0.6977,-1.35,0.6667,0.6886,0.1545,16.59,-3.02
458,3814,1,2,44,9.70,2.84,1.50,0.77,0.52,0.89,24.70,0.4431,0.3974,0.8592,1.59,0.5335,0.5705,0.1692,11.95,-3.09
459,3814,1,27,23,10.39,2.61,2.13,0.96,0.26,1.17,22.29,0.4293,0.4444,0.9459,2.96,0.5340,0.5765,0.1927,14.49,-0.55
460,3843,1,8,72,5.60,1.58,1.25,0.71,0.08,0.75,20.56,0.4171,0.3420,0.7273,0.74,0.5300,0.5455,0.1260,6.84,-6.10
461,3871,1,16,79,10.92,2.57,1.63,0.53,0.18,0.76,25.86,0.3994,0.3718,0.8361,1.34,0.5592,0.5732,0.1790,9.74,-3.79
462,3879,1,9,5,5.60,1.40,1.80,0.20,0.20,1.00,18.20,0.3214,0.3810,0.3333,-10.40,0.4643,0.4569,0.1653,4.87,-4.98
463,3879,1,17,20,2.40,0.65,1.05,0.40,0.00,0.55,9.89,0.3158,0.2703,1.0000,-2.55,0.4035,0.4147,0.1519,4.21,-4.69
464,3881,1,20,76,8.03,8.12,0.50,0.76,1.75,0.79,24.32,0.7609,,0.4862,-1.04,0.7609,0.7217,0.1153,21.12,0.51
465,3890,1,21,54,6.78,5.07,0.91,0.54,0.28,0.72,20.14,0.4136,0.3515,0.7407,-4.41,0.5031,0.5262,0.1547,14.08,-2.11
466,3893,1,21,67,6.78,3.24,1.06,0.54,0.51,0.64,14.16,0.5139,0.4444,0.6724,-2.76,0.5820,0.6069,0.1906,18.56,1.58
467,3916,1,6,22,5.95,2.68,4.68,0.82,0.05,1.55,18.57,0.4286,0.3966,0.7500,-1.95,0.5381,0.5668,0.1661,16.34,6.84
468,3916,1,14,33,1.67,1.48,2.03,0.36,0.15,1.03,8.77,0.3239,0.2667,0.5000,-2.03,0.3803,0.3826,0.1569,10.08,2.72
469,3918,1,20,27,11.52,2.89,3.81,0.81,0.44,1.44,23.55,0.4453,0.4022,0.9677,3.41,0.5128,0.5406,0.2284,18.20,4.21
470,3927,1,22,76,8.28,2.12,1.53,0.37,0.16,0.99,19.05,0.3971,0.2917,0.8615,-4.58,0.4666,0.5146,0.2058,11.53,-3.11
471,3944,1,4,75,18.77,4.20,4.35,1.24,0.33,1.28,32.77,0.4439,0.3744,0.8523,0.99,0.5390,0.5657,0.2331,19.03,4.27
472,3945,1,6,34,13.09,4.15,6.62,1.44,0.21,2.65,28.54,0.3625,0.3391,0.8544,5.41,0.4343,0.4876,0.2480,16.17,7.05
473,3966,1,18,65,18.09,3.32,7.08,0.95,0.34,2.54,31.94,0.4113,0.3398,0.8250,3.23,0.5015,0.5441,0.2526,18.29,6.85
474,3973,1,12,47,18.89,12.06,5.02,0.98,0.47,3.04,34.71,0.5797,0.3241,0.7403,0.28,0.6103,0.6486,0.2226,26.64,6.29
475,3973,1,26,16,17.69,11.56,5.44,0.81,0.31,3.25,31.51,0.5545,0.2353,0.7432,-1.69,0.5644,0.6033,0.2451,26.26,7.48
476,4008,1,21,28,5.46,3.32,0.68,0.21,0.54,0.79,15.03,0.5743,0.4483,0.8276,-1.00,0.6386,0.6725,0.1404,14.36,-3.62
477,4012,1,19,49,1.80,1.31,1.55,0.29,0.02,0.47,9.81,0.2991,0.1613,0.7600,-3.06,0.3224,0.3729,0.1277,8.24,-0.08
478,4012,1,30,22,4.86,2.77,4.91,0.68,0.18,1.05,18.91,0.4762,0.2727,0.8400,-0.73,0.5119,0.5632,0.1272,16.38,8.11
479,4045,1,22,48,3.04,1.85,0.52,0.08,0.10,0.44,9.77,0.4186,0.3291,0.8000,-2.67,0.5194,0.5383,0.1462,8.78,-5.25
480,4049,1,2,49,14.37,3.35,4.24,0.84,0.10,2.12,29.24,0.4401,0.3490,0.8483,1.39,0.4974,0.5434,0.2328,14.28,0.82
481,4049,1,11,16,10.19,3.13,5.50,0.75,0.19,2.44,25.28,0.3929,0.3276,0.8718,-6.38,0.4607,0.5186,0.2101,13.59,3.59
482,4065,1,13,29,1.69,0.55,0.28,0.14,0.10,0.24,4.19,0.3913,0.2857,0.7000,0.55,0.4565,0.4861,0.2071,10.33,-3.31
483,4087,1,11,72,9.61,5.46,2.57,0.82,0.94,2.01,20.69,0.4743,0.2479,0.7112,-4.29,0.5019,0.5518,0.2221,17.81,2.71
484,4093,1,6,11,16.00,3.27,2.09,0.91,0.00,2.82,28.75,0.4503,0.2444,0.7436,-2.73,0.4868,0.5233,0.2736,11.63,-4.92
485,4100,1,24,70,8.19,1.80,1.54,0.40,0.13,0.59,20.53,0.3938,0.3683,0.8395,1.96,0.5206,0.5503,0.1690,10.36,-3.25
486,4107,1,3,57,3.47,2.81,0.30,0.18,0.26,0.53,6.85,0.5772,0.2857,0.5854,1.00,0.5839,0.5927,0.2180,22.20,1.32
487,4137,1,28,68,22.81,8.53,5.29,1.25,0.62,2.66,37.91,0.4938,0.3440,0.7493,3.78,0.5249,0.5645,0.2608,21.90,5.19
488,4150,1,16,12,2.17,2.92,0.58,0.00,0.08,0.67,7.32,0.5333,,0.8333,-1.92,0.5333,0.6410,0.1419,13.66,-2.78
489,4162,1,25,58,17.03,2.60,3.81,0.52,0.10,1.98,28.98,0.4429,0.4050,0.8879,-1.47,0.5552,0.5825,0.2514,15.53,0.39
490,4167,1,21,4,11.00,5.25,7.50,1.25,1.00,2.50,43.53,0.3654,0.1250,1.0000,-23.75,0.3750,0.4059,0.1629,9.57,1.57
491,4174,1,20,70,1.29,2.41,0.30,0.16,0.31,0.29,7.93,0.7222,,0.4138,1.09,0.7222,0.6741,0.0688,13.34,-3.21
492,4203,1,17,19,1.63,1.00,0.74,0.21,0.11,0.47,8.43,0.2558,0.2222,0.8333,-1.53,0.3023,0.3396,0.1460,3.97,-5.42
493,4205,1,2,71,12.13,3.80,5.87,1.68,0.25,2.24,32.33,0.4178,0.3306,0.7933,6.23,0.5007,0.5403,0.1839,14.69,3.48
494,4232,1,4,51,3.29,1.12,1.92,0.39,0.20,0.71,10.02,0.3946,0.4000,0.6316,-1.86,0.4216,0.4344,0.1900,11.90,3.35
495,4232,1,30,28,8.64,2.96,5.21,0.96,0.46,1.50,21.96,0.4571,0.3571,0.6000,-2.14,0.4878,0.4895,0.2109,17.14,8.19
496,4235,1,12,26,11.35,6.46,0.69,0.35,0.88,0.77,20.87,0.5305,0.3735,0.7600,-0.92,0.6033,0.6277,0.1981,22.94,1.52
497,4235,1,24,52,3.37,2.67,0.12,0.12,0.35,0.42,7.34,0.4599,0.2308,0.7692,1.06,0.4927,0.5473,0.2065,18.10,-1.03
498,4268,1,25,53,3.89,1.66,2.49,0.85,0.23,0.96,12.05,0.4180,0.2222,0.6563,-2.60,0.4339,0.4743,0.1844,14.76,5.57
499,4275,1,19,28,3.14,1.11,0.29,0.29,0.07,0.29,9.88,0.4459,0.3962,1.0000,1.00,0.5878,0.5911,0.1271,8.12,-6.68
500,4275,1,25,47,2.11,1.53,0.43,0.17,0.15,0.23,11.62,0.3711,0.3200,1.0000,-3.09,0.4948,0.5035,0.0885,5.97,-7.13
501,4321,1,9,11,4.73,1.73,0.36,0.45,0.18,0.55,14.09,0.4130,0.2353,1.0000,-1.36,0.4565,0.5159,0.1569,7.48,-6.78
502,4334,1,1,6,1.83,2.50,1.83,0.00,0.00,0.67,11.58,0.3846,0.0000,0.5000,1.33,0.3846,0.3963,0.1148,8.63,-0.80
503,4334,1,12,45,8.29,2.49,3.42,0.53,0.09,1.51,16.54,0.4581,0.3103,0.7949,-2.69,0.5016,0.5416,0.2359,16.34,4.81
504,4339,1,6,71,5.39,2.31,0.62,0.44,0.25,0.58,14.29,0.4890,0.2769,0.7067,-0.56,0.5172,0.5440,0.1738,11.43,-4.08
505,4344,1,9,73,8.07,8.45,1.12,0.30,1.07,1.16,24.87,0.5102,0.3261,0.7184,-5.03,0.5255,0.5501,0.1475,16.74,-0.72
506,4382,1,16,73,9.88,2.77,1.26,0.38,0.22,0.78,21.74,0.4415,0.4095,0.7925,2.34,0.6020,0.6138,0.1826,12.92,-3.28
507,4386,1,22,48,11.75,3.56,4.35,1.23,0.40,2.98,27.22,0.3613,0.2143,0.7730,-4.29,0.3996,0.4550,0.2537,10.27,0.21
508,4412,1,12,46,3.91,0.98,1.35,0.26,0.09,0.72,12.32,0.3632,0.3000,0.8824,-1.50,0.4342,0.4557,0.1730,6.21,-3.99
509,4422,1,11,78,11.78,5.38,2.85,0.92,0.53,1.78,26.36,0.4979,0.3119,0.7065,-5.18,0.5412,0.5673,0.1970,15.13,0.57
510,4424,1,2,76,26.92,8.01,4.39,0.99,0.64,2.86,35.94,0.4527,0.3533,0.8529,8.78,0.5262,0.5778,0.3230,24.33,5.22
511,4440,1,12,45,7.07,3.82,0.91,0.31,0.18,0.51,15.86,0.6136,0.3158,0.7059,-2.53,0.6409,0.6558,0.1581,19.15,-0.51
512,4449,1,19,78,3.96,1.83,0.95,0.55,0.29,0.54,14.08,0.3763,0.3189,0.6829,-4.18,0.4763,0.4935,0.1396,9.21,-3.44
513,4463,1,2,24,6.92,4.08,0.88,0.38,0.58,0.63,16.40,0.5982,0.3571,0.6875,5.46,0.6429,0.6583,0.1605,17.90,-0.45
514,4463,1,11,51,4.27,2.55,0.39,0.22,0.33,0.61,11.46,0.4693,0.2911,0.6750,-4.29,0.5335,0.5544,0.1667,12.53,-4.18
515,4472,1,2,30,0.70,0.33,0.37,0.03,0.03,0.20,1.99,0.4444,0.2222,0.6000,0.10,0.5000,0.5198,0.1932,12.18,1.02
516,4473,1,3,78,7.31,2.06,1.00,0.42,0.10,0.71,15.08,0.4334,0.2701,0.8286,-1.78,0.4801,0.5189,0.2221,13.42,-2.29
517,4478,1,4,19,7.42,1.11,1.26,0.37,0.16,0.53,11.54,0.4333,0.3966,0.9333,0.74,0.5292,0.5569,0.2732,15.78,1.82
518,4478,1,14,5,7.40,1.60,1.20,0.00,0.40,1.00,20.20,0.3077,0.2273,0.7273,-4.60,0.3718,0.4220,0.2025,2.75,-6.99
519,4490,1,5,75,2.15,0.67,0.27,0.11,0.04,0.11,6.13,0.4104,0.3846,0.8000,0.43,0.5410,0.5637,0.1457,10.66,-4.73
520,4509,1,10,34,19.18,3.68,2.59,0.47,0.50,1.26,27.67,0.4293,0.3851,0.9020,1.94,0.5288,0.5475,0.2972,18.16,2.08
521,4515,1,5,23,5.65,4.74,0.61,0.52,0.30,0.52,16.34,0.5652,0.0000,0.5417,0.17,0.5652,0.5746,0.1488,16.50,-1.27
522,4515,1,12,4,7.25,4.50,0.50,0.00,0.50,1.00,16.43,0.5417,,0.3750,-4.00,0.5417,0.5269,0.1998,14.77,-3.66
523,4515,1,26,52,3.56,3.10,0.35,0.21,0.23,0.56,8.73,0.5033,1.0000,0.5333,-1.02,0.5066,0.5214,0.1955,17.43,-0.89
524,4516,1,4,59,1.14,0.73,0.32,0.14,0.19,0.17,4.44,0.4364,0.2593,0.6000,-0.12,0.5000,0.5251,0.1208,10.72,-2.34
525,4526,1,23,67,5.66,2.25,1.12,1.72,1.06,0.58,25.15,0.5000,0.3125,0.7907,1.30,0.5750,0.5942,0.0964,9.45,-3.76
526,4529,1,15,58,2.03,1.03,0.38,0.40,0.26,0.22,7.94,0.3386,0.3140,0.6250,0.50,0.4449,0.4520,0.1291,6.42,-3.99
527,4531,1,15,73,3.45,2.21,0.85,0.67,0.21,0.47,9.60,0.4537,0.2041,0.6479,-0.36,0.4769,0.5096,0.1659,16.17,1.94
528,4537,1,30,39,0.51,0.31,0.10,0.10,0.05,0.10,1.90,0.2692,0.2500,0.3333,-0.62,0.3462,0.3492,0.1959,6.46,-3.65
529,4554,1,20,74,8.76,3.62,1.04,0.34,0.45,0.76,16.62,0.5307,0.3077,0.7581,2.23,0.5856,0.6141,0.2093,19.37,0.19
530,4558,1,10,81,3.68,2.17,1.57,0.59,0.21,0.84,12.27,0.4894,0.3218,0.5714,0.57,0.5489,0.5606,0.1473,12.74,0.11
531,4566,1,18,75,24.24,9.69,3.59,0.96,1.11,3.01,33.01,0.5288,0.4098,0.8223,3.67,0.5906,0.6404,0.2792,27.31,5.37
532,4575,1,28,71,18.07,2.69,1.99,1.72,0.27,1.03,34.48,0.4144,0.3835,0.8529,2.39,0.5106,0.5456,0.2196,13.16,-1.77
533,4591,1,16,75,7.19,5.16,1.99,0.77,0.20,0.88,26.41,0.4836,0.4145,0.7377,3.07,0.5771,0.5925,0.1181,12.66,-2.24
534,4606,1,12,42,12.86,7.07,1.05,0.67,2.81,1.29,29.40,0.5089,0.3333,0.7524,-0.33,0.5865,0.6148,0.1761,19.05,0.66
535,4630,1,19,75,17.52,11.24,2.53,0.55,0.80,2.39,29.87,0.5437,0.3608,0.8201,0.89,0.5741,0.6168,0.2406,25.39,3.75
536,4632,1,6,35,1.83,1.09,0.31,0.20,0.00,0.29,5.81,0.3710,0.4091,,-0.71,0.5161,0.5161,0.1560,9.61,-4.43
537,4642,1,28,67,19.70,4.31,6.48,1.66,0.52,2.54,36.75,0.4029,0.3769,0.8739,3.16,0.5132,0.5524,0.2394,17.49,5.09
538,4645,1,18,75,6.83,8.32,1.25,1.32,0.61,0.97,25.07,0.5873,0.1429,0.6565,2.17,0.5900,0.6115,0.1096,18.33,0.49
539,4654,1,27,72,12.11,4.25,1.89,1.06,0.57,0.81,26.91,0.4267,0.3605,0.8384,0.44,0.5164,0.5399,0.1888,14.67,0.00
540,4669,1,16,72,8.21,1.75,2.92,0.86,0.17,1.36,22.07,0.4172,0.3684,0.8148,1.38,0.5331,0.5505,0.1793,10.06,-1.24
541,4687,1,5,73,17.64,11.01,3.23,0.96,0.97,1.86,33.12,0.4731,0.3142,0.7603,-0.71,0.5182,0.5334,0.2467,22.93,5.26
542,4688,1,6,60,4.48,2.50,0.87,0.48,0.12,0.27,16.33,0.4562,0.3592,0.6667,0.62,0.5737,0.5843,0.1120,10.37,-3.77
543,4695,1,22,79,15.15,4.51,2.92,0.86,0.43,1.51,30.75,0.4677,0.3542,0.8630,-3.09,0.5169,0.5586,0.2134,15.96,0.08
544,4697,1,22,66,8.55,3.52,1.32,0.30,0.20,0.85,14.54,0.4975,0.3284,0.8062,-2.26,0.5808,0.6228,0.2311,19.89,1.75
545,4698,1,24,73,1.48,0.74,0.21,0.27,0.08,0.18,4.92,0.3942,0.3220,0.5833,0.53,0.4856,0.4941,0.1474,7.65,-4.34
546,4714,1,20,47,9.17,2.36,2.79,0.55,0.15,1.02,20.17,0.4027,0.3668,0.8451,-3.87,0.5014,0.5371,0.2089,15.09,1.74
547,4720,1,27,72,11.79,2.51,2.11,0.61,0.26,0.99,22.40,0.4071,0.3144,0.7838,-1.11,0.4797,0.5120,0.2368,13.67,-0.13
548,4729,1,19,9,1.89,0.89,0.11,0.33,0.11,0.22,8.32,0.3500,0.2500,0.2000,-2.00,0.4000,0.3829,0.1373,3.02,-8.12
549,4742,1,9,3,6.33,3.33,7.00,2.33,1.33,3.67,36.07,0.2308,0.2308,1.0000,-1.00,0.2885,0.3422,0.1451,7.36,1.06
550,4743,1,12,34,2.24,1.03,1.41,0.15,0.18,0.68,8.60,0.3611,0.2353,0.9091,-1.65,0.3889,0.4652,0.1574,7.19,-1.33
551,4770,1,4,68,9.82,4.96,2.16,0.84,0.90,1.21,26.00,0.4699,0.3654,0.7160,2.07,0.5733,0.5884,0.1571,15.23,-0.11
552,4774,1,12,64,7.39,1.30,1.33,0.41,0.05,0.89,15.13,0.4052,0.3767,0.7541,-1.95,0.5000,0.5211,0.2260,10.71,-3.00
553,4776,1,28,56,2.91,1.64,0.38,0.20,0.29,0.34,7.96,0.4058,0.3418,0.6000,-0.96,0.5036,0.5238,0.1694,12.75,-2.41
554,4778,1,21,28,7.11,2.61,0.86,0.68,0.29,0.39,16.62,0.4057,0.3630,0.8000,-1.39,0.5571,0.5615,0.1745,13.74,-1.23
555,4779,1,25,54,6.74,3.69,1.50,0.46,0.52,0.81,16.09,0.5318,0.2368,0.7553,-6.48,0.5487,0.5902,0.1763,16.74,1.08
556,4786,1,21,30,1.03,0.90,0.27,0.10,0.10,0.13,5.21,0.3429,0.2308,0.5000,-1.87,0.4286,0.4320,0.1125,8.01,-4.68
557,4795,1,10,19,1.58,0.74,0.26,0.05,0.05,0.16,3.87,0.5714,0.2000,1.0000,-0.53,0.5952,0.6466,0.1583,11.82,-3.13
558,4836,1,14,79,18.24,7.34,6.96,0.95,0.25,3.73,33.89,0.4444,0.2981,0.6667,-2.67,0.4765,0.5115,0.2753,18.83,5.74
559,4846,1,5,64,12.06,2.84,2.75,0.45,0.17,1.09,26.17,0.4332,0.3853,0.8571,-0.53,0.5388,0.5643,0.1999,12.81,-0.97
560,4848,1,2,26,11.00,3.38,3.54,0.58,0.62,1.23,27.43,0.4087,0.3063,0.8533,6.54,0.4826,0.5437,0.1841,13.61,0.93
561,4848,1,27,49,14.41,3.53,5.59,1.00,0.86,1.78,30.32,0.4263,0.3140,0.8688,0.65,0.4974,0.5512,0.2083,17.18,5.45
562,4870,1,29,67,7.97,7.37,0.39,0.33,1.54,0.79,17.35,0.6515,,0.6228,3.43,0.6515,0.6617,0.1711,25.05,3.27
563,4880,1,27,50,1.22,0.28,0.18,0.08,0.06,0.04,4.10,0.3571,0.3256,0.5385,0.00,0.4821,0.4942,0.1313,6.42,-5.67
564,4881,1,21,62,6.71,2.87,1.10,0.48,0.16,0.87,19.50,0.4629,0.3043,0.7294,-3.79,0.5252,0.5556,0.1542,10.90,-4.60
565,4882,1,10,74,16.97,4.39,2.18,1.03,0.69,1.50,31.48,0.4661,0.3935,0.6340,3.59,0.5432,0.5595,0.2319,15.82,-0.70
566,4884,1,17,25,3.20,1.00,0.92,0.20,0.04,0.48,7.95,0.4262,0.3462,0.5429,-1.88,0.5000,0.5236,0.1892,11.47,-1.43
567,4914,1,25,25,12.36,2.96,3.76,0.96,0.40,2.32,25.59,0.3723,0.2925,0.7010,-10.88,0.4273,0.4759,0.2580,11.96,0.66
568,4931,1,2,77,7.82,3.56,1.01,0.49,0.74,0.81,24.35,0.4745,0.4109,0.9053,1.90,0.5972,0.6353,0.1268,11.01,-4.71
569,4948,1,21,63,5.76,3.49,1.71,0.70,0.16,0.73,17.02,0.4606,0.3388,0.5455,0.40,0.5252,0.5319,0.1573,14.72,0.63
570,4951,1,1,64,5.53,1.36,1.64,0.44,0.05,0.67,12.48,0.3906,0.3627,0.8590,0.23,0.4484,0.4995,0.2180,12.97,0.76
571,4964,1,5,17,9.00,4.06,0.88,0.53,0.53,0.94,24.85,0.5294,0.5172,0.7317,-3.29,0.6029,0.6373,0.1450,13.56,-4.55
572,4986,1,15,64,7.83,2.02,1.02,0.55,0.19,0.64,21.04,0.4505,0.3140,0.7818,1.91,0.5401,0.5589,0.1490,9.40,-5.13
573,4987,1,2,62,9.79,9.48,1.95,0.90,2.16,1.02,29.10,0.7364,0.0000,0.7222,5.97,0.7364,0.7446,0.1156,24.04,3.79
574,5000,1,28,5,6.00,3.20,1.00,1.00,0.20,0.40,10.80,0.7333,0.0000,0.8000,-3.20,0.7333,0.7732,0.1665,29.58,7.59
575,5015,1,6,65,1.69,1.37,0.52,0.22,0.05,0.25,7.07,0.3776,0.3000,0.8333,-0.14,0.4847,0.5193,0.1195,9.83,-3.02
576,5022,1,13,47,3.32,2.83,1.11,0.45,0.38,0.79,10.21,0.4468,0.1724,0.6098,0.81,0.4645,0.4904,0.1801,16.00,1.71
577,5022,1,25,25,4.72,2.76,1.28,0.56,0.28,0.48,11.80,0.4052,0.2703,0.5600,-0.40,0.4483,0.4646,0.2027,16.34,3.63
578,5042,1,11,69,17.65,9.94,2.25,0.78,0.94,1.83,30.34,0.5011,0.3899,0.6235,-5.88,0.5757,0.5947,0.2352,24.01,3.76
579,5065,1,1,79,4.33,2.78,2.38,1.18,0.24,0.57,18.39,0.4535,0.3793,0.8571,0.76,0.5353,0.5763,0.1034,15.20,2.30
580,5099,1,27,52,3.04,1.79,1.13,0.44,0.13,0.58,7.12,0.5781,0.0000,0.4545,-0.58,0.5781,0.5738,0.1923,20.79,5.61
581,5099,1,28,27,6.07,4.26,1.67,1.15,0.41,0.81,17.59,0.4653,0.3953,0.4815,1.85,0.5243,0.5260,0.1609,16.61,2.47
582,5101,1,1,76,28.36,3.74,9.70,0.95,0.09,3.99,34.89,0.4605,0.3820,0.9042,2.09,0.5359,0.6029,0.3455,26.87,11.41
583,5103,1,16,78,3.83,3.77,0.63,0.22,0.26,0.53,9.05,0.5263,0.0909,0.6230,0.81,0.5283,0.5459,0.1999,21.91,3.20
584,5106,1,25,29,4.83,4.31,0.76,0.28,0.21,0.66,12.22,0.5667,0.0000,0.7755,-0.97,0.5667,0.6275,0.1609,18.61,0.24
585,5123,1,13,76,10.33,8.47,1.58,0.47,1.01,1.50,24.36,0.6263,,0.7269,-1.71,0.6263,0.6598,0.1690,22.15,1.48
586,5126,1,8,19,3.26,1.63,0.89,0.11,0.16,0.47,9.28,0.5610,0.5833,0.6429,0.21,0.6463,0.6573,0.1418,13.92,-1.92
587,11,2,28,64,7.94,5.13,0.78,0.48,0.47,0.92,17.82,0.4851,0.2685,0.7016,-0.58,0.5210,0.5539,0.1947,17.19,-0.82
588,23,2,15,42,8.60,11.55,2.31,0.86,1.10,1.88,26.98,0.5970,0.0000,0.3643,5.79,0.5970,0.5645,0.1436,21.73,3.50
589,25,2,16,79,19.35,8.71,3.04,1.11,0.77,2.37,32.88,0.5404,0.0833,0.8060,1.48,0.5408,0.5922,0.2547,22.35,2.79
590,30,2,29,76,6.14,1.59,0.88,0.21,0.20,0.54,15.91,0.4275,0.3553,0.8116,-0.25,0.5324,0.5608,0.1588,9.21,-5.19
591,42,2,15,77,9.04,4.82,1.26,0.58,0.62,0.78,21.84,0.4705,0.3534,0.7500,1.18,0.5600,0.5915,0.1611,15.77,-0.75
592,56,2,18,24,5.63,1.75,1.33,0.33,0.29,0.42,14.83,0.3840,0.3611,0.6190,-1.38,0.4880,0.5028,0.1747,10.15,-1.43
593,56,2,29,55,4.15,1.07,1.38,0.44,0.25,0.82,9.60,0.4882,0.4023,0.6923,-0.33,0.5912,0.6091,0.1859,13.59,0.41
594,60,2,17,73,10.27,3.25,2.23,0.85,0.19,0.99,27.01,0.4399,0.3989,0.9048,3.11,0.5709,0.6123,0.1469,12.73,-2.28
595,61,2,6,71,13.65,9.38,1.59,0.76,1.18,1.31,31.28,0.6438,0.1000,0.7330,4.86,0.6446,0.6699,0.1657,21.85,0.95
596,78,2,19,61,9.02,2.31,3.05,1.10,0.16,1.33,21.48,0.4110,0.3360,0.8125,1.69,0.4959,0.5246,0.1977,12.07,1.05
597,99,2,18,72,8.99,5.11,4.65,1.08,0.88,1.43,27.18,0.5091,0.4095,0.7353,1.26,0.5525,0.5831,0.1442,17.53,5.09
598,115,2,17,63,31.10,11.78,5.70,0.83,0.81,3.90,32.13,0.5532,0.2749,0.6451,5.41,0.5716,0.6055,0.3877,34.96,12.25
599,117,2,17,80,0.64,0.55,0.19,0.04,0.04,0.15,2.58,0.4348,0.0000,0.5000,-1.43,0.4348,0.4580,0.1388,8.65,-4.60
600,119,2,22,64,12.20,4.50,3.67,0.58,0.48,1.42,24.24,0.4541,0.3641,0.8941,-0.41,0.5156,0.5702,0.2153,17.59,3.99
601,123,2,28,68,16.53,4.88,1.93,1.88,0.74,1.94,35.08,0.4757,0.3869,0.8383,1.94,0.5559,0.5863,0.1960,14.00,-2.43
602,129,2,25,13,1.77,0.85,1.62,0.23,0.00,0.46,11.24,0.2500,0.3500,,-3.38,0.3594,0.3594,0.1128,3.34,-3.23
603,164,2,30,76,9.17,6.41,2.78,0.86,0.38,1.62,26.58,0.4370,0.2974,0.7394,-0.67,0.4965,0.5348,0.1681,14.02,0.09
604,172,2,24,72,16.71,9.26,1.60,0.51,0.74,1.67,28.27,0.5885,0.2917,0.7600,-0.10,0.5924,0.6169,0.2307,23.63,1.89
605,174,2,29,75,1.67,1.59,0.15,0.08,0.20,0.24,4.78,0.8194,,0.3500,-1.11,0.8194,0.7735,0.1159,19.97,-1.67
606,185,2,9,49,10.29,5.49,0.73,0.39,0.61,0.94,20.21,0.5288,0.2879,0.7500,-4.67,0.5537,0.5867,0.2066,18.99,-0.74
607,201,2,10,60,2.03,0.67,0.18,0.10,0.07,0.18,3.76,0.3945,0.3810,0.6667,-0.85,0.5413,0.5464,0.2282,14.08,-1.86
608,204,2,4,37,22.65,6.24,8.22,1.24,0.30,3.49,34.27,0.4105,0.3760,0.8430,-4.05,0.5104,0.5412,0.2975,20.62,9.49
609,208,2,14,12,2.75,3.42,0.33,0.08,0.42,0.67,7.32,0.4074,0.3125,0.5455,-0.75,0.5000,0.5182,0.1899,15.42,-0.29
610,208,2,22,52,5.58,3.54,0.81,0.23,0.73,0.42,13.09,0.4953,0.3981,0.6863,0.33,0.5958,0.6133,0.1650,17.58,1.40
611,209,2,22,73,19.68,6.81,3.68,0.82,0.53,2.74,33.29,0.4269,0.2982,0.7378,-2.95,0.4648,0.5295,0.2771,17.76,1.46
612,210,2,15,59,21.14,4.93,4.31,0.95,0.37,2.14,31.22,0.4792,0.4079,0.8829,6.03,0.5676,0.6058,0.2641,20.73,4.09
613,215,2,28,47,3.02,0.96,0.77,0.28,0.28,0.38,5.92,0.4231,0.2941,0.7083,-0.72,0.4808,0.5051,0.2433,14.90,3.55
614,227,2,27,32,3.44,3.19,0.75,0.31,0.59,0.47,12.73,0.5349,0.0000,0.7200,-3.38,0.5349,0.5670,0.1134,12.93,-1.61
615,228,2,26,82,15.00,4.46,1.56,0.70,0.12,1.05,32.47,0.4728,0.3739,0.8475,3.11,0.5563,0.6322,0.1712,15.17,-3.40
616,233,2,28,78,15.12,6.56,4.76,1.06,0.78,1.97,34.33,0.4557,0.2813,0.7724,2.24,0.4867,0.5244,0.2046,16.99,3.28
617,245,2,20,75,19.08,4.91,2.68,0.41,0.20,2.19,33.01,0.4337,0.3103,0.7398,-0.83,0.4851,0.5306,0.2638,13.98,-2.08
618,254,2,28,17,4.24,1.53,1.00,0.65,0.18,0.18,12.41,0.3544,0.3333,1.0000,-2.00,0.4430,0.4507,0.1689,9.59,-0.46
619,254,2,30,52,5.90,2.13,1.83,0.33,0.19,0.87,15.04,0.3860,0.3768,0.7778,-2.58,0.4772,0.5036,0.1949,12.34,-0.33
620,260,2,27,37,5.38,5.22,1.30,0.43,0.89,1.11,13.72,0.6444,0.3750,0.5946,-0.86,0.6556,0.6577,0.1578,21.96,3.71
621,265,2,27,75,8.63,3.29,1.37,0.61,0.27,0.75,19.37,0.5075,0.3944,0.7933,-3.55,0.5677,0.6092,0.1675,16.84,-0.83
622,274,2,13,79,6.05,3.78,1.53,0.68,0.56,0.63,21.64,0.4199,0.3912,0.7083,2.09,0.5827,0.5943,0.1163,11.63,-2.09
623,284,2,21,47,4.17,2.60,0.68,0.40,0.62,0.47,11.82,0.4494,0.4000,0.5538,-0.70,0.5063,0.5252,0.1578,15.15,-0.28
624,284,2,24,23,1.22,0.70,0.26,0.13,0.22,0.22,2.66,0.4800,0.2500,0.4000,-1.61,0.5200,0.5147,0.2255,16.95,3.39
625,286,2,30,54,21.48,3.63,5.02,0.83,0.61,2.69,30.98,0.5057,0.3653,0.8421,0.78,0.5513,0.5929,0.2952,20.92,4.21
626,290,2,14,26,11.12,3.31,1.19,0.81,0.04,1.15,23.88,0.3918,0.3529,0.6190,-0.62,0.5149,0.5212,0.2109,11.21,-3.82
627,290,2,29,55,13.38,3.58,1.69,0.80,0.15,1.09,26.77,0.3961,0.3588,0.8409,-1.29,0.5224,0.5346,0.2149,12.70,-2.16
628,294,2,17,77,3.45,1.49,0.45,0.27,0.09,0.58,9.11,0.3951,0.3310,0.7297,-1.29,0.4918,0.5130,0.1837,8.79,-5.51
629,337,2,7,57,3.61,0.93,0.37,0.19,0.14,0.18,8.63,0.4313,0.3901,0.8667,-0.65,0.6031,0.6182,0.1638,10.22,-4.32
630,340,2,5,22,5.77,4.86,3.45,1.05,0.73,0.82,27.52,0.3950,0.3086,0.5333,0.45,0.5000,0.5056,0.1092,11.12,1.00
631,340,2,14,51,5.65,2.75,2.31,0.78,0.49,0.82,23.75,0.4025,0.3481,0.7800,-1.76,0.5166,0.5475,0.1063,8.53,-2.76
632,341,2,1,25,11.64,4.80,1.36,0.80,0.04,0.68,25.14,0.4696,0.4000,0.8621,4.00,0.5783,0.5994,0.1718,16.00,-1.20
633,341,2,9,52,14.83,4.65,1.62,0.96,0.23,1.04,28.85,0.4043,0.3447,0.8612,-4.75,0.4876,0.5523,0.2131,15.01,-1.34
634,355,2,28,50,0.86,0.50,0.14,0.10,0.10,0.16,3.24,0.5938,0.5000,0.8000,0.12,0.6094,0.6287,0.1117,8.52,-6.21
635,361,2,12,56,1.23,0.88,0.32,0.16,0.18,0.21,3.61,0.5192,0.2857,0.4583,0.27,0.5577,0.5515,0.1552,13.51,0.52
636,361,2,22,23,4.26,3.83,0.91,0.30,0.70,0.43,11.07,0.5753,0.1667,0.6667,0.48,0.5890,0.6055,0.1510,21.42,4.45
637,363,2,24,82,3.21,3.17,0.68,0.22,1.07,0.62,10.66,0.5777,,0.3571,0.59,0.5777,0.5553,0.1412,16.49,1.00
638,401,2,9,22,0.73,0.27,0.18,0.09,0.00,0.00,4.10,0.1852,0.1600,1.0000,0.14,0.2593,0.2869,0.1337,0.00,-7.22
639,404,2,9,59,21.58,3.78,2.58,0.58,0.14,2.29,32.08,0.4875,0.4108,0.8845,-5.59,0.5697,0.6269,0.2584,17.96,-1.73
640,405,2,1,55,13.75,3.00,2.73,0.78,0.33,1.18,27.43,0.4468,0.4056,0.8312,1.16,0.5663,0.5862,0.1994,14.74,-0.20
641,409,2,22,78,8.13,5.19,0.88,0.38,1.09,1.44,19.30,0.5460,0.2655,0.7593,-1.87,0.5774,0.6032,0.1829,18.32,-1.64
642,414,2,29,43,0.14,0.16,0.16,0.07,0.02,0.16,1.59,0.1500,0.0000,,0.05,0.1500,0.1500,0.1656,-5.10,-8.81
643,427,2,24,56,26.27,4.29,5.23,0.91,0.32,2.59,32.78,0.4939,0.3513,0.8547,4.41,0.5459,0.6006,0.3198,22.92,5.59
644,443,2,13,43,3.33,0.70,0.47,0.21,0.00,0.28,5.78,0.4180,0.4138,0.7632,-1.02,0.4672,0.5154,0.2646,13.21,-1.02
645,446,2,28,78,9.13,5.40,0.37,0.60,0.82,0.53,19.54,0.4934,0.3280,0.7619,-0.23,0.5520,0.5905,0.1807,18.39,-0.26
646,447,2,4,55,3.47,1.31,0.75,0.25,0.09,0.58,9.37,0.3575,0.3028,0.6667,-1.76,0.4430,0.4631,0.1943,7.69,-4.10
647,449,2,16,5,3.00,1.00,0.80,0.80,0.40,0.80,13.00,0.4615,0.4000,0.5000,-4.20,0.5385,0.5403,0.1263,7.28,-5.95
648,488,2,27,72,9.35,2.51,1.76,0.46,0.10,1.06,21.53,0.4403,0.3020,0.8286,-5.06,0.5033,0.5243,0.1918,10.86,-3.19
649,496,2,8,82,4.39,2.21,0.72,0.50,0.21,0.43,14.40,0.4948,0.3542,0.6250,-1.39,0.5536,0.5675,0.1305,10.79,-4.06
650,515,2,3,27,26.15,4.48,2.67,0.96,0.59,1.81,34.19,0.4751,0.3757,0.8939,-0.26,0.5427,0.6068,0.3033,21.76,1.75
651,515,2,24,56,17.23,4.34,3.59,1.16,0.80,1.39,36.43,0.4634,0.3870,0.8966,0.77,0.5295,0.5740,0.1934,15.53,0.48
652,522,2,12,82,4.85,2.66,0.54,0.40,0.16,0.41,13.21,0.3856,0.3097,0.7172,0.27,0.4608,0.5199,0.1625,12.20,-3.09
653,532,2,2,69,14.49,4.06,3.59,0.65,0.26,1.42,25.28,0.4836,0.4444,0.8696,2.64,0.5738,0.6150,0.2298,19.91,3.80
654,537,2,15,76,13.78,3.21,2.49,0.86,0.21,1.37,29.14,0.3956,0.3257,0.7792,2.70,0.4677,0.4944,0.2192,9.50,-2.33
655,548,2,8,80,11.54,4.10,3.35,1.09,0.64,1.54,28.50,0.4831,0.3583,0.7582,0.39,0.5445,0.5709,0.1788,14.46,0.64
656,563,2,2,68,26.24,6.75,3.41,1.10,0.38,2.90,35.37,0.4910,0.3347,0.7645,3.76,0.5499,0.5813,0.3151,21.29,2.06
657,575,2,13,50,3.10,2.78,0.08,0.06,0.28,0.28,5.76,0.6354,,0.4583,0.66,0.6354,0.6070,0.2157,25.54,2.80
658,587,2,25,41,0.68,0.46,0.07,0.10,0.12,0.15,2.27,0.3929,0.1429,0.4167,-0.12,0.4107,0.4207,0.1848,7.47,-4.73
659,590,2,14,77,7.03,4.00,1.23,0.77,0.21,0.64,24.15,0.4301,0.3808,0.8718,-0.19,0.5452,0.5610,0.1216,10.93,-3.85
660,593,2,20,71,23.00,3.39,5.93,0.86,0.21,2.00,33.51,0.4912,0.4161,0.8291,2.14,0.5473,0.5971,0.2749,21.11,5.81
661,602,2,8,26,3.19,2.31,0.08,0.08,0.27,0.38,7.88,0.4853,0.4444,0.7222,-2.19,0.5147,0.5466,0.1848,13.93,-4.10
662,602,2,14,42,11.81,6.64,0.69,0.33,0.55,0.67,20.88,0.6545,0.4400,0.7407,-0.86,0.6910,0.7116,0.1822,24.66,1.34
663,618,2,7,78,7.19,3.63,1.38,0.69,0.17,0.46,30.32,0.4085,0.3804,0.7027,-1.12,0.5691,0.5768,0.1006,7.88,-5.85
664,626,2,9,51,12.78,3.10,2.24,0.75,0.16,1.14,22.00,0.4357,0.4142,0.8138,-0.14,0.5436,0.6018,0.2289,16.78,0.93
665,651,2,21,11,3.36,0.36,0.73,0.45,0.00,0.45,6.95,0.4688,0.5000,,-0.09,0.5781,0.5781,0.2028,12.31,-1.66
666,654,2,16,65,22.55,5.77,5.23,1.80,0.32,1.55,32.89,0.5394,0.3495,0.8505,0.72,0.5597,0.6474,0.2589,27.62,8.72
667,655,2,25,40,1.13,0.43,0.28,0.18,0.23,0.03,5.53,0.3208,0.2286,0.7500,-1.75,0.3962,0.4109,0.1105,4.66,-4.77
668,670,2,16,41,2.39,1.27,0.29,0.27,0.02,0.15,5.85,0.5606,0.3500,0.7727,0.54,0.6136,0.6475,0.1508,16.83,-0.95
669,677,2,8,76,10.82,2.74,2.41,1.47,0.46,1.13,31.33,0.4620,0.4232,0.8240,6.49,0.5688,0.5983,0.1423,11.42,-2.87
670,688,2,7,17,0.59,0.12,0.53,0.35,0.00,0.18,3.07,0.2308,0.2727,0.5000,0.65,0.3462,0.3602,0.1493,7.06,1.84
671,694,2,1,67,11.63,10.70,0.87,0.67,1.18,0.81,25.82,0.6530,0.0000,0.6031,-0.45,0.6530,0.6561,0.1573,25.74,3.55
672,728,2,17,81,8.04,2.49,2.43,0.81,0.36,0.96,22.37,0.4230,0.4214,0.8158,0.78,0.5487,0.5595,0.1545,11.17,-1.00
673,733,2,22,60,14.47,8.28,2.20,0.50,0.55,1.77,28.16,0.5253,0.3556,0.7385,-0.68,0.5905,0.6211,0.2059,20.27,1.13
674,738,2,5,67,5.58,2.93,2.88,1.46,0.69,1.15,23.51,0.4545,0.3642,0.8082,2.97,0.5507,0.5878,0.1117,11.27,-0.03
675,765,2,27,16,10.31,3.75,0.63,0.31,0.31,0.69,19.59,0.4609,0.4074,0.8235,-4.38,0.5898,0.6089,0.1934,15.32,-2.76
676,768,2,15,77,1.01,0.49,0.75,0.16,0.06,0.23,3.66,0.4217,0.1333,0.4615,-0.53,0.4337,0.4396,0.1579,13.24,4.61
677,798,2,14,73,1.75,1.03,0.29,0.12,0.10,0.18,7.02,0.4151,0.4194,0.8750,-1.05,0.5377,0.5662,0.1046,8.92,-5.87
678,802,2,11,79,4.71,0.90,0.92,0.42,0.19,0.76,9.95,0.4650,0.2360,0.7500,-2.85,0.4970,0.5234,0.2206,11.65,-2.72
679,814,2,15,56,9.98,5.54,1.29,0.61,0.66,0.98,19.47,0.6562,0.1667,0.7194,-0.25,0.6576,0.6814,0.1773,22.04,1.76
680,816,2,29,62,20.50,3.97,4.35,0.53,0.21,3.00,32.08,0.4442,0.3377,0.8163,0.56,0.5194,0.5580,0.2801,16.39,0.50
681,820,2,3,77,12.48,9.12,1.87,0.84,2.45,1.25,29.49,0.7053,0.0000,0.5407,1.55,0.7053,0.6911,0.1567,23.51,3.68
682,837,2,13,82,2.10,0.65,0.65,0.09,0.06,0.26,7.63,0.3862,0.2750,0.7778,-1.39,0.4241,0.4979,0.1360,6.91,-5.13
683,857,2,1,71,13.11,6.51,1.20,0.59,1.03,1.11,30.00,0.5078,0.2917,0.8034,-0.30,0.5573,0.5928,0.1717,15.24,-2.09
684,861,2,27,67,10.91,6.00,2.69,0.55,0.73,1.93,21.51,0.5182,0.3741,0.7606,-3.57,0.5684,0.5987,0.2124,19.18,2.86
685,874,2,18,24,14.04,3.13,5.00,1.21,0.17,1.21,31.36,0.4596,0.4203,0.8630,1.33,0.5830,0.6308,0.1696,16.67,3.48
686,874,2,29,43,10.72,2.49,7.67,1.02,0.23,1.72,29.66,0.4080,0.3615,0.8125,0.65,0.5107,0.5524,0.1625,15.16,7.51
687,877,2,17,62,7.52,4.56,1.24,0.60,0.18,0.53,23.27,0.3919,0.3385,0.6585,2.16,0.5214,0.5307,0.1387,12.33,-2.54
688,896,2,30,12,3.17,3.17,0.50,0.50,0.33,0.67,10.47,0.6071,0.0000,0.4000,1.58,0.6071,0.5864,0.1373,15.93,-1.66
689,928,2,13,76,3.79,2.18,0.75,0.50,0.43,0.42,10.24,0.4454,0.3971,0.7500,-0.09,0.5633,0.5839,0.1568,14.90,0.61
690,935,2,24,79,7.44,5.39,1.48,0.63,0.78,0.92,24.66,0.4560,0.3953,0.7111,-2.24,0.5560,0.5656,0.1305,12.77,-2.09
691,961,2,17,18,6.89,3.83,1.50,0.67,0.33,0.39,18.87,0.4787,0.4364,0.8333,0.00,0.6064,0.6245,0.1338,15.83,0.65
692,965,2,1,22,2.00,1.73,0.27,0.27,0.09,0.32,6.22,0.3953,0.0833,0.6923,-0.86,0.4070,0.4516,0.1713,12.05,-2.39
693,971,2,9,12,19.92,6.17,6.00,0.83,0.58,3.25,33.33,0.4152,0.2787,0.8372,-5.00,0.4531,0.4919,0.2951,17.00,4.84
694,985,2,3,62,9.05,1.61,1.60,0.58,0.11,0.82,19.53,0.4633,0.4052,0.9273,-1.11,0.5679,0.5928,0.1943,11.91,-2.84
695,986,2,10,56,29.43,6.09,6.29,0.93,0.36,3.20,34.67,0.4934,0.4272,0.9146,4.79,0.6139,0.6557,0.3104,27.54,8.12
696,998,2,19,68,3.34,2.76,1.97,0.63,0.16,0.84,15.33,0.4183,0.3140,0.6500,-0.10,0.4832,0.5031,0.1166,10.71,-0.54
697,1019,2,14,57,25.46,12.32,2.60,1.04,2.00,2.14,33.41,0.5634,0.2568,0.7838,3.60,0.5733,0.6269,0.2845,31.94,8.20
698,1042,2,30,46,3.54,1.41,0.61,0.22,0.17,0.37,9.19,0.3860,0.2429,0.5185,-1.17,0.4357,0.4456,0.2083,8.11,-3.12
699,1054,2,26,80,5.39,1.74,0.84,0.54,0.15,0.66,10.52,0.4231,0.3663,0.7907,0.59,0.5453,0.5628,0.2226,13.31,-0.80
700,1059,2,2,29,0.66,0.31,0.38,0.07,0.07,0.14,2.26,0.4211,0.2857,0.5000,-0.21,0.4737,0.4779,0.1594,12.02,2.17
701,1076,2,5,74,24.54,4.64,5.09,1.12,0.49,2.07,36.24,0.5042,0.3239,0.8719,0.91,0.5219,0.5923,0.2804,21.34,4.45
702,1080,2,16,43,3.98,2.53,0.37,0.16,0.33,0.44,8.14,0.4961,0.2973,0.7273,-2.35,0.5388,0.5763,0.2123,16.61,-0.26
703,1080,2,23,21,1.33,1.19,0.48,0.10,0.24,0.29,3.64,0.5909,0.5000,0.2000,-1.10,0.6136,0.5785,0.1797,17.92,4.25
704,1092,2,26,75,0.63,0.17,0.55,0.09,0.00,0.13,2.84,0.3400,0.3333,0.5714,-0.68,0.4300,0.4427,0.1279,7.16,0.81
705,1109,2,10,72,9.42,4.51,3.50,1.35,0.14,1.56,26.32,0.4352,0.3968,0.8169,1.72,0.5741,0.5934,0.1515,14.85,1.46
706,1110,2,13,37,1.59,1.35,0.11,0.19,0.22,0.24,5.28,0.5106,0.5000,0.6250,-0.59,0.5213,0.5459,0.1415,13.98,-3.51
707,1111,2,6,46,1.24,0.65,0.17,0.09,0.20,0.26,3.82,0.4800,0.3333,1.0000,-0.20,0.5500,0.5601,0.1610,8.73,-5.63
708,1114,2,9,70,7.46,2.77,0.79,0.76,0.23,1.01,14.23,0.5733,0.2381,0.5878,-0.23,0.5800,0.5930,0.2183,16.04,-1.99
709,1128,2,27,75,1.61,1.43,0.71,0.05,0.19,0.43,4.77,0.3846,0.2800,0.7692,-2.03,0.4744,0.4930,0.1791,13.32,2.23
710,1129,2,21,41,4.71,2.56,1.12,0.34,0.17,0.63,13.87,0.4199,0.2653,0.6522,0.95,0.4917,0.5049,0.1591,11.56,-2.17
711,1139,2,3,27,15.89,3.96,8.74,1.04,0.30,2.04,33.96,0.4045,0.2886,0.7967,2.48,0.4649,0.5230,0.2260,17.77,9.28
712,1139,2,7,53,17.74,3.08,5.26,0.74,0.30,1.70,34.12,0.4553,0.4047,0.8213,-1.42,0.5548,0.5987,0.2209,15.99,2.42
713,1155,2,7,66,32.39,8.62,8.02,1.36,0.50,3.58,36.21,0.4962,0.3420,0.7421,1.94,0.5600,0.6093,0.3800,31.36,13.05
714,1160,2,21,75,13.51,4.59,2.05,1.00,0.31,1.23,30.29,0.3883,0.3301,0.7722,0.45,0.4656,0.5132,0.1993,10.96,-2.23
715,1161,2,5,80,8.59,2.75,2.58,0.78,0.33,1.24,26.22,0.4930,0.3122,0.8049,-0.96,0.5447,0.5668,0.1494,10.38,-2.97
716,1163,2,30,14,0.21,0.71,0.57,0.36,0.00,0.21,3.79,0.1000,0.2500,,-0.21,0.1500,0.1500,0.1076,3.28,0.36
717,1176,2,28,50,1.22,0.46,0.62,0.18,0.06,0.10,5.18,0.4386,0.3125,0.6667,-0.18,0.4825,0.5003,0.1084,10.20,-0.78
718,1179,2,26,33,0.67,0.42,0.30,0.18,0.03,0.15,2.41,0.3030,0.1250,,-0.70,0.3333,0.3333,0.2069,7.90,1.06
719,1181,2,5,51,6.39,1.35,2.73,0.22,0.08,1.10,15.44,0.4247,0.3516,0.6585,0.61,0.5000,0.5141,0.2086,11.16,0.71
720,1181,2,17,10,3.90,1.20,1.20,0.20,0.00,0.70,8.29,0.3889,0.4118,1.0000,-2.60,0.4861,0.5164,0.2304,14.31,0.47
721,1194,2,5,76,5.25,5.84,0.43,0.59,0.36,0.99,11.17,0.6058,0.0000,0.5360,0.33,0.6058,0.6064,0.2122,25.57,3.38
722,1196,2,12,49,7.39,2.35,1.31,0.51,0.18,0.84,18.31,0.3694,0.3161,0.8472,-2.33,0.4520,0.4963,0.1911,9.88,-3.30
723,1208,2,3,40,2.13,0.73,0.53,0.25,0.03,0.45,5.70,0.4615,0.0833,0.7059,-0.88,0.4679,0.4972,0.2008,8.09,-4.33
724,1217,2,29,22,13.18,4.55,5.64,1.14,0.45,1.59,25.80,0.5370,0.4722,0.7736,-2.82,0.5764,0.6059,0.1995,21.55,9.09
725,1222,2,3,39,29.69,6.72,5.31,0.82,1.46,3.49,35.97,0.5586,0.3757,0.9336,4.85,0.6069,0.6734,0.3220,28.74,6.50
726,1222,2,24,9,23.11,5.67,3.11,0.22,1.11,2.22,29.91,0.5703,0.5366,0.8333,7.67,0.6563,0.6974,0.2757,27.67,3.79
727,1223,2,9,74,8.27,8.04,1.01,0.59,0.80,1.24,22.57,0.6482,0.0000,0.6115,-3.77,0.6482,0.6551,0.1431,19.72,-0.16
728,1239,2,11,82,9.27,6.05,1.07,1.17,0.57,1.23,21.56,0.4485,0.3430,0.7517,-1.91,0.4932,0.5250,0.1947,16.13,-0.03
729,1255,2,18,80,24.33,5.73,4.38,1.56,0.73,3.24,35.52,0.4588,0.3685,0.7559,1.21,0.5279,0.5635,0.3002,19.80,2.96
730,1267,2,3,32,0.47,0.44,0.06,0.09,0.03,0.13,2.48,0.2500,0.1667,0.5000,0.09,0.2917,0.3014,0.1622,4.20,-7.43
731,1267,2,26,29,2.93,1.62,0.72,0.38,0.17,0.31,10.56,0.4348,0.3488,0.7692,0.07,0.5435,0.5688,0.1180,9.42,-3.26
732,1293,2,26,33,0.73,0.24,0.18,0.15,0.03,0.03,2.15,0.4375,0.5000,0.5714,-0.64,0.6250,0.6289,0.1222,11.16,-0.15
733,1303,2,23,69,31.64,9.71,3.97,0.96,1.62,3.28,33.10,0.5482,0.3300,0.8573,6.14,0.5730,0.6547,0.3755,33.99,8.97
734,1329,2,25,81,6.40,5.16,1.27,0.49,1.26,0.83,19.55,0.6407,0.3889,0.6640,-1.62,0.6512,0.6658,0.1261,17.76,0.51
735,1382,2,11,38,3.32,3.21,0.79,0.16,0.82,0.53,9.58,0.5161,0.0000,0.6818,-1.87,0.5161,0.5607,0.1517,16.86,2.62
736,1400,2,3,26,7.15,4.92,1.58,0.65,0.62,1.00,27.75,0.3508,0.3058,0.7895,-0.92,0.4476,0.4665,0.1386,8.33,-4.19
737,1400,2,7,40,9.13,4.70,1.48,0.95,0.50,0.90,32.19,0.4161,0.3548,0.7500,0.40,0.5403,0.5571,0.1287,9.99,-4.65
738,1420,2,28,82,3.00,0.93,0.85,0.26,0.05,0.30,8.43,0.3595,0.3534,0.7576,-0.49,0.4566,0.4795,0.1744,8.51,-1.91
739,1426,2,29,72,4.56,1.19,0.58,0.21,0.11,0.54,10.64,0.3686,0.3298,0.7955,-2.85,0.4696,0.4949,0.2022,8.06,-5.24
740,1428,2,18,55,1.62,0.27,0.31,0.13,0.04,0.22,4.87,0.3614,0.3043,1.0000,-0.87,0.4458,0.4967,0.1625,5.60,-6.61
741,1443,2,1,46,1.13,0.80,0.83,0.15,0.04,0.33,6.02,0.4167,0.0000,0.6667,-1.26,0.4167,0.4240,0.1162,8.63,-1.93
742,1453,2,20,79,2.09,0.62,0.46,0.20,0.04,0.28,5.81,0.3373,0.3070,0.8571,-0.68,0.4428,0.4708,0.1855,6.82,-4.05
743,1457,2,26,73,25.01,4.19,6.12,1.14,0.32,2.48,33.36,0.5124,0.3243,0.7795,2.41,0.5571,0.5988,0.3008,23.50,7.17
744,1498,2,22,60,13.95,3.90,5.68,1.45,0.43,2.32,29.63,0.5140,0.3103,0.7832,-2.17,0.5339,0.5641,0.2135,17.89,5.06
745,1504,2,14,76,4.89,3.76,0.47,0.34,0.46,0.61,13.47,0.5962,0.2778,0.6190,-0.42,0.6154,0.6263,0.1420,15.19,-2.41
746,1507,2,30,79,8.92,5.48,1.06,0.42,1.25,1.08,20.31,0.7316,,0.6791,-1.13,0.7316,0.7386,0.1532,20.65,0.11
747,1533,2,6,69,21.59,2.68,7.80,1.23,0.13,2.88,35.47,0.4624,0.4102,0.8629,6.35,0.5372,0.5865,0.2719,19.01,6.23
748,1552,2,11,82,2.74,3.74,0.78,0.54,0.35,0.57,11.83,0.4859,0.4068,0.6170,-3.09,0.5537,0.5691,0.1053,13.96,-0.52
749,1554,2,18,50,3.62,1.26,0.36,0.06,0.04,0.28,4.86,0.5431,0.3590,0.7885,0.36,0.6034,0.6516,0.2720,21.84,1.77
750,1561,2,29,56,5.23,2.91,1.02,0.34,0.32,0.66,14.56,0.3798,0.2538,0.8571,1.02,0.4373,0.4748,0.1774,11.29,-2.05
751,1573,2,13,56,23.79,6.11,5.14,1.48,0.36,3.14,34.63,0.4572,0.3709,0.8707,2.80,0.5359,0.5876,0.3003,21.01,4.50
752,1587,2,30,77,2.18,1.21,0.44,0.19,0.16,0.34,6.24,0.5200,0.3333,0.7143,-0.05,0.5520,0.5854,0.1546,10.65,-3.10
753,1590,2,21,76,16.58,7.88,6.17,0.75,0.41,2.78,31.15,0.4821,0.3248,0.7310,-1.38,0.5161,0.5331,0.2467,21.60,7.38
754,1594,2,21,70,30.50,4.70,5.30,1.60,0.93,2.74,34.51,0.5098,0.3452,0.9053,2.13,0.5308,0.6257,0.3294,27.73,7.87
755,1595,2,30,78,2.50,1.27,0.44,0.09,0.15,0.19,8.01,0.5379,0.1379,0.7313,-0.15,0.5530,0.6038,0.1236,10.78,-4.27
756,1621,2,18,73,12.86,11.15,1.19,0.77,1.30,1.67,29.43,0.6593,0.0000,0.6441,-0.10,0.6593,0.6750,0.1635,23.05,1.28
757,1636,2,30,74,5.50,2.77,2.27,0.78,0.35,0.77,14.94,0.4476,0.3220,0.7681,-1.58,0.5014,0.5308,0.1743,16.10,4.34
758,1638,2,8,68,16.31,6.56,2.99,0.79,0.75,1.44,30.22,0.5637,0.3468,0.6083,7.62,0.6032,0.6167,0.2115,21.22,2.84
759,1641,2,11,47,13.09,2.06,2.89,0.64,0.36,1.77,30.18,0.4393,0.3469,0.8148,-4.43,0.5282,0.5722,0.1819,12.00,-3.28
760,1641,2,13,22,10.95,1.68,2.14,0.59,0.36,0.95,24.87,0.4629,0.4234,0.8421,-0.09,0.5971,0.6285,0.1691,12.46,-2.70
761,1651,2,19,56,5.00,1.29,2.07,0.54,0.18,0.48,14.48,0.3680,0.3474,0.7458,0.48,0.5108,0.5448,0.1493,12.06,1.37
762,1651,2,27,22,11.77,2.27,3.64,0.68,0.27,1.18,23.97,0.3800,0.3581,0.7500,-8.45,0.5125,0.5590,0.2038,14.62,2.52
763,1669,2,25,63,20.48,4.49,2.38,0.81,0.84,1.84,35.63,0.4754,0.4011,0.8129,-0.56,0.5542,0.6065,0.2310,16.35,-1.55
765,1694,2,6,20,2.60,0.50,0.20,0.25,0.15,0.35,4.76,0.5000,0.4483,1.0000,-0.70,0.6711,0.6764,0.2142,13.93,-4.10
766,1696,2,10,75,8.23,7.00,6.67,0.99,0.81,2.72,30.64,0.5274,0.3053,0.7130,4.61,0.5696,0.5915,0.1329,16.80,5.49
767,1699,2,10,68,5.38,3.01,0.75,0.37,0.34,0.76,11.71,0.5397,0.3784,0.7761,-2.29,0.6230,0.6501,0.1767,17.10,-0.86
768,1700,2,11,76,22.14,3.74,3.70,0.78,0.24,2.63,34.24,0.4165,0.3375,0.7862,-5.88,0.4853,0.5385,0.2830,15.52,-0.28
769,1701,2,5,39,4.23,2.26,0.59,0.62,0.54,0.51,12.32,0.5648,0.3714,0.6667,1.23,0.6250,0.6455,0.1357,14.19,-2.07
770,1702,2,8,60,7.28,2.40,1.15,0.30,0.28,0.77,18.19,0.4878,0.2885,0.7436,-3.22,0.5335,0.5758,0.1703,11.47,-4.03
771,1704,2,7,60,9.10,3.03,1.72,0.70,0.08,1.20,25.66,0.5366,0.4024,0.7234,1.28,0.6257,0.6448,0.1460,10.46,-5.05
772,1730,2,1,82,7.79,1.87,0.89,0.51,0.15,0.51,17.09,0.4653,0.3900,0.8936,0.77,0.5600,0.5770,0.1795,12.52,-3.35
773,1732,2,2,81,2.10,1.91,0.75,0.17,0.11,0.27,7.02,0.4846,0.3485,0.6563,1.30,0.5731,0.5900,0.1282,14.72,1.27
774,1739,2,20,74,10.80,3.09,2.03,0.64,0.35,0.93,28.66,0.4684,0.3857,0.7959,2.51,0.5988,0.6193,0.1461,11.12,-3.60
775,1766,2,14,34,9.32,4.56,0.68,0.24,0.41,0.50,21.70,0.4846,0.2958,0.7213,1.21,0.5250,0.5526,0.1743,15.39,-2.61
776,1766,2,30,30,13.00,4.27,1.17,0.37,0.40,1.20,24.26,0.4877,0.3371,0.7586,-2.30,0.5340,0.5579,0.2323,15.76,-2.52
777,1784,2,12,56,20.71,3.66,10.45,1.63,0.45,2.52,33.62,0.4899,0.4005,0.8706,-0.63,0.5856,0.6240,0.2423,26.23,14.95
778,1788,2,27,15,1.87,0.80,0.73,0.07,0.00,0.47,5.52,0.3214,0.2000,0.7778,-1.60,0.3750,0.4380,0.1975,8.06,-2.93
779,1811,2,9,22,6.95,2.18,0.91,0.50,0.23,0.95,17.67,0.4228,0.3651,0.6667,-4.73,0.5163,0.5458,0.1797,9.90,-5.29
780,1811,2,22,44,3.39,0.89,0.77,0.36,0.09,0.48,8.19,0.4386,0.3396,0.8378,-0.82,0.5175,0.5718,0.1830,12.81,-1.94
781,1831,2,7,71,14.35,3.54,1.82,0.69,0.17,0.85,30.32,0.4014,0.3855,0.7697,2.25,0.5266,0.5540,0.2077,12.26,-2.68
782,1832,2,23,62,19.61,5.71,9.97,1.15,0.50,3.15,34.44,0.4406,0.3852,0.8670,4.47,0.5362,0.6075,0.2547,24.36,12.49
783,1836,2,7,70,6.00,1.27,0.93,0.24,0.10,0.66,10.12,0.4384,0.4038,0.8228,-0.46,0.5330,0.5710,0.2650,14.52,-1.12
784,1852,2,23,82,3.90,1.94,0.40,0.21,0.30,0.43,8.30,0.5981,0.0000,0.6931,0.23,0.5981,0.6313,0.1908,17.74,-1.30
785,1864,2,22,52,7.63,1.88,1.13,0.87,0.23,0.54,22.78,0.4495,0.4312,0.9000,-1.62,0.6026,0.6199,0.1271,9.41,-4.95
786,1866,2,3,76,7.39,2.16,1.33,0.45,0.17,0.54,20.10,0.4568,0.4264,0.6429,-0.32,0.6182,0.6212,0.1442,10.27,-3.92
787,1867,2,22,47,3.00,1.49,0.34,0.36,0.11,0.45,9.73,0.4393,0.3721,0.7561,0.00,0.5140,0.5638,0.1378,8.44,-6.32
788,1873,2,23,78,13.91,5.44,2.38,0.87,0.51,1.14,31.23,0.5006,0.3889,0.8760,3.79,0.5751,0.6016,0.1838,16.27,-0.45
789,1879,2,25,5,8.80,4.40,6.00,2.20,0.40,1.20,23.98,0.4167,0.3000,0.7333,-0.20,0.4583,0.5164,0.1720,19.86,12.49
790,1881,2,20,25,10.24,7.04,3.60,1.36,0.48,1.52,29.99,0.5860,0.5192,0.7895,7.64,0.6720,0.7030,0.1267,18.51,2.42
791,1881,2,25,53,9.19,7.87,3.77,1.02,0.17,1.49,32.16,0.5041,0.3036,0.7311,2.34,0.5510,0.5862,0.1276,15.58,1.04
792,1882,2,20,82,4.95,6.54,1.24,0.65,0.78,0.80,19.86,0.5352,0.2162,0.6761,1.84,0.5474,0.5667,0.1126,15.42,0.12
793,1888,2,16,77,0.35,0.14,0.00,0.01,0.03,0.01,0.94,0.3448,0.3333,0.8000,-0.32,0.3966,0.4327,0.1988,4.61,-6.69
794,1895,2,2,82,6.24,2.49,0.87,0.35,0.26,0.37,15.73,0.4545,0.4179,0.7059,2.67,0.6313,0.6345,0.1476,13.25,-2.46
795,1911,2,19,82,2.84,1.61,0.41,0.24,0.23,0.38,7.44,0.5513,0.1034,0.6988,-0.85,0.5609,0.6051,0.1580,14.81,-2.13
796,1912,2,9,82,9.59,2.70,5.73,1.27,0.34,2.11,26.26,0.3767,0.2797,0.8214,-6.10,0.4258,0.4547,0.2061,11.34,4.44
797,1915,2,4,50,14.66,4.30,4.12,0.84,0.24,1.98,31.53,0.4750,0.3250,0.8113,-2.16,0.5198,0.5630,0.2002,15.95,0.79
798,1959,2,28,58,2.10,2.12,0.43,0.28,0.10,0.26,10.58,0.4211,0.2537,0.5625,0.22,0.4956,0.5040,0.0946,9.38,-5.01
799,1960,2,19,82,3.20,2.20,0.40,0.21,0.16,0.48,5.59,0.5266,0.2727,0.7788,0.23,0.5355,0.6100,0.2389,23.76,3.22
800,1964,2,16,71,18.97,5.07,3.94,0.72,0.23,2.23,32.90,0.4391,0.3780,0.9341,2.39,0.5307,0.5664,0.2578,17.44,1.31
801,1978,2,12,80,16.80,5.00,2.81,1.15,0.33,1.74,31.02,0.4576,0.4254,0.8217,-1.05,0.5963,0.6138,0.2101,17.13,0.39
802,1985,2,16,82,2.88,2.29,0.52,0.44,0.21,0.55,11.82,0.4306,0.3394,0.4643,-1.26,0.5162,0.5168,0.1259,9.48,-5.02
803,1991,2,12,24,2.38,0.75,0.88,0.29,0.13,0.29,6.93,0.5588,0.5238,0.8889,0.96,0.7206,0.7508,0.1149,14.60,0.36
804,1991,2,17,50,3.50,1.34,1.78,0.38,0.06,0.54,13.34,0.4470,0.3108,0.7391,0.36,0.5341,0.5748,0.1140,10.81,-1.19
805,2023,2,1,81,3.05,0.91,1.10,0.46,0.15,0.44,10.43,0.4182,0.4091,0.8438,0.21,0.5000,0.5276,0.1352,8.83,-2.39
806,2024,2,17,67,19.25,5.09,7.39,1.18,0.37,2.94,32.57,0.4790,0.3844,0.8588,7.18,0.5562,0.5859,0.2532,21.95,8.28
807,2025,2,1,53,2.38,0.43,0.47,0.09,0.19,0.23,7.75,0.3840,0.3448,,-1.25,0.5040,0.5040,0.1423,5.35,-6.17
808,2025,2,7,23,3.43,1.39,0.70,0.61,0.39,0.43,12.83,0.3671,0.2857,0.6250,-2.74,0.4684,0.4787,0.1408,6.82,-4.47
809,2035,2,26,77,1.69,1.04,0.12,0.04,0.14,0.18,4.51,0.6180,0.6250,0.7895,-0.90,0.6461,0.6676,0.1377,13.38,-4.66
810,2057,2,2,66,9.33,5.91,2.86,0.45,0.92,0.56,29.11,0.4760,0.4462,0.7143,4.68,0.6273,0.6308,0.1198,15.88,1.32
811,2064,2,29,78,8.95,2.69,3.15,0.53,0.37,1.62,16.83,0.4192,0.2857,0.7500,-0.10,0.4666,0.5081,0.2596,16.35,4.53
812,2068,2,23,80,3.35,1.18,0.55,0.18,0.11,0.33,10.09,0.4721,0.3364,0.7500,-0.20,0.5660,0.5998,0.1393,9.66,-5.33
813,2069,2,22,74,2.61,1.34,0.41,0.16,0.09,0.24,10.97,0.3626,0.3382,0.8333,-1.14,0.4890,0.5081,0.1104,6.13,-7.11
814,2092,2,26,76,15.00,3.30,2.91,1.05,0.32,1.28,28.98,0.4850,0.4020,0.7252,2.92,0.6033,0.6171,0.1995,15.46,0.20
815,2094,2,30,11,4.64,1.91,0.91,0.27,0.36,0.45,8.63,0.6000,0.5000,0.9375,-0.64,0.7200,0.7959,0.1683,21.53,3.19
816,2114,2,1,70,14.70,4.06,1.34,0.50,0.24,1.17,30.36,0.4611,0.3497,0.8261,-0.26,0.5219,0.5635,0.1978,11.81,-4.39
817,2131,2,8,49,10.37,1.76,2.55,0.57,0.27,1.37,16.73,0.3986,0.3776,0.8659,-2.94,0.5035,0.5403,0.2846,15.37,2.67
818,2131,2,13,23,6.57,2.13,2.04,0.48,0.09,0.65,11.53,0.4015,0.3514,0.7500,0.65,0.4964,0.5178,0.2639,17.20,6.85
819,2133,2,17,32,2.06,1.38,0.13,0.06,0.22,0.34,5.78,0.4815,0.3333,0.6154,-0.78,0.5370,0.5526,0.1598,11.08,-5.64
820,2135,2,10,10,1.70,1.70,1.90,0.40,0.30,0.90,11.24,0.4667,0.1111,0.6667,3.50,0.5000,0.5208,0.0936,9.80,-0.40
821,2141,2,17,48,6.60,2.67,3.13,0.69,0.13,1.15,21.74,0.4355,0.4089,0.8571,1.67,0.6028,0.6162,0.1264,12.16,-0.08
822,2144,2,19,45,24.71,5.47,5.82,0.71,0.42,3.29,34.17,0.4838,0.3902,0.8824,2.13,0.5222,0.5824,0.3116,21.82,4.90
823,2148,2,3,41,26.44,4.98,5.15,1.00,0.80,2.22,36.05,0.4860,0.3736,0.8827,3.07,0.5653,0.6037,0.3030,22.25,5.44
824,2148,2,7,20,26.95,5.00,6.00,1.25,0.60,1.85,38.14,0.5104,0.3919,0.9468,4.80,0.5859,0.6336,0.2753,23.45,6.70
825,2149,2,22,12,4.58,3.67,0.50,1.17,0.33,0.33,10.33,0.4151,0.4000,0.5556,-1.58,0.4717,0.4828,0.2116,22.86,6.70
826,2153,2,9,76,15.84,3.79,5.09,0.80,0.22,3.12,30.33,0.4161,0.3429,0.7472,-8.45,0.4771,0.5282,0.2557,13.08,0.84
827,2166,2,12,81,5.62,3.48,0.63,0.38,1.15,0.63,12.86,0.5629,0.1429,0.6507,-1.53,0.5660,0.5952,0.1755,18.27,1.37
828,2171,2,2,55,0.36,0.31,0.16,0.07,0.07,0.04,1.96,0.2593,0.2500,0.5000,-1.29,0.3519,0.3587,0.1220,7.96,-1.21
829,2180,2,30,13,4.31,0.62,1.15,0.31,0.08,0.31,10.34,0.4524,0.0833,0.7727,-1.31,0.4643,0.5418,0.1806,11.63,-1.04
830,2183,2,8,23,5.52,1.22,2.17,0.39,0.04,0.83,13.87,0.3828,0.2794,0.8333,-2.26,0.4570,0.4764,0.2097,10.29,0.50
831,2183,2,13,55,10.29,2.11,3.33,0.69,0.09,1.75,24.32,0.4180,0.3500,0.9242,-0.49,0.4932,0.5231,0.2098,10.95,-1.29
832,2190,2,15,63,18.62,6.76,0.95,1.03,3.00,1.70,28.37,0.5061,0.3546,0.7876,5.81,0.5669,0.6131,0.2485,22.33,2.73
833,2205,2,14,57,27.89,8.02,6.58,0.88,0.56,3.12,34.28,0.4996,0.3210,0.7676,3.75,0.5492,0.5833,0.3344,28.47,10.17
834,2241,2,10,48,6.44,1.63,2.81,0.48,0.10,0.63,16.99,0.4876,0.3889,0.9268,-1.92,0.5599,0.5941,0.1511,14.15,2.48
835,2245,2,21,81,8.53,2.16,1.09,0.59,0.10,0.48,17.23,0.4409,0.4086,0.8200,2.63,0.5994,0.6259,0.1776,14.35,-1.64
836,2259,2,3,25,16.56,4.80,2.08,1.40,0.32,1.08,30.81,0.4684,0.3718,0.8506,2.32,0.5648,0.6101,0.2128,17.32,0.20
837,2259,2,24,19,12.42,3.42,1.37,0.79,0.32,0.53,22.60,0.4740,0.4545,0.8182,5.11,0.6040,0.6293,0.1975,17.50,0.17
838,2287,2,1,73,5.41,3.86,1.14,0.52,0.47,0.56,14.27,0.4907,0.2885,0.6282,-0.14,0.5373,0.5543,0.1616,16.79,1.69
839,2288,2,12,79,0.65,0.38,0.19,0.09,0.08,0.10,2.05,0.4490,0.2000,0.5000,-0.09,0.4796,0.4855,0.1573,8.65,-1.13
840,2292,2,27,70,19.79,4.54,2.61,0.66,0.16,1.91,29.47,0.4519,0.3292,0.7492,-7.01,0.5121,0.5510,0.2799,17.55,0.30
841,2295,2,25,65,2.91,0.68,0.91,0.29,0.09,0.66,6.41,0.3764,0.3457,0.6585,-2.35,0.4551,0.4820,0.2518,9.54,-1.14
842,2315,2,27,30,5.80,3.17,2.23,0.53,0.20,1.10,15.64,0.5328,0.4500,0.6667,-3.07,0.6066,0.6252,0.1525,15.93,1.60
843,2327,2,8,69,24.49,11.84,9.83,1.26,0.68,3.58,33.67,0.6321,0.3826,0.8217,9.28,0.6600,0.7015,0.2731,37.38,18.26
844,2336,2,5,21,0.95,0.24,0.29,0.10,0.00,0.10,2.67,0.4000,0.5000,0.6250,1.24,0.5000,0.5400,0.1621,11.64,-1.45
845,2343,2,14,55,1.00,1.00,0.07,0.05,0.22,0.16,3.21,0.5405,0.0000,0.7500,-0.62,0.5405,0.6004,0.1316,16.56,-2.14
846,2343,2,29,25,3.48,2.68,0.44,0.20,0.36,0.56,12.04,0.7143,0.7143,0.7778,-1.96,0.8163,0.8214,0.0919,12.99,-5.10
847,2355,2,19,67,9.69,4.01,2.42,1.54,0.63,1.31,29.11,0.4691,0.3353,0.7640,2.24,0.5250,0.5675,0.1451,11.56,-1.81
848,2365,2,4,68,2.31,1.81,0.22,0.25,0.44,0.46,8.09,0.5583,0.2105,0.7308,-0.47,0.5750,0.5972,0.1252,12.05,-4.64
849,2384,2,27,70,12.50,3.50,6.40,1.27,0.13,1.57,28.34,0.4590,0.2848,0.8605,-4.64,0.4892,0.5344,0.1943,18.38,7.84
850,2385,2,15,81,10.15,2.47,5.15,1.02,0.07,0.91,23.94,0.4380,0.3712,0.8061,1.17,0.5232,0.5457,0.1783,18.25,7.59
851,2393,2,5,75,4.25,2.04,0.45,0.39,0.49,0.33,11.91,0.5000,0.3375,0.7381,1.63,0.5587,0.5975,0.1455,13.13,-2.81
852,2395,2,8,82,2.43,2.46,0.41,0.15,0.28,0.59,7.15,0.7652,1.0000,0.4583,-1.45,0.7696,0.7310,0.1375,18.61,-1.68
853,2406,2,9,73,5.85,1.45,2.97,0.47,0.12,0.77,16.82,0.4274,0.3889,0.7917,-1.51,0.5271,0.5579,0.1533,12.54,2.20
854,2410,2,16,33,2.48,0.94,0.30,0.21,0.06,0.30,6.19,0.4058,0.2286,0.9474,-0.48,0.4638,0.5300,0.1909,10.51,-4.42
855,2412,2,29,28,3.11,1.39,0.29,0.14,0.11,0.11,8.30,0.3365,0.2381,0.5000,-3.11,0.4087,0.4113,0.1931,8.28,-3.50
856,2420,2,1,55,1.29,0.65,0.38,0.09,0.02,0.16,3.20,0.5682,0.4783,0.8333,0.02,0.6932,0.7204,0.1414,16.68,0.92
857,2420,2,11,26,0.69,0.62,0.42,0.04,0.12,0.00,2.26,0.3158,0.2000,1.0000,-0.19,0.3684,0.4335,0.1477,20.77,11.27
858,2453,2,13,42,6.52,1.98,0.88,0.45,0.10,0.71,17.26,0.4645,0.4470,0.9500,2.24,0.6043,0.6233,0.1519,10.90,-5.26
859,2453,2,15,25,10.88,3.00,2.16,0.52,0.04,0.64,23.60,0.5263,0.5401,0.9474,4.68,0.7427,0.7583,0.1430,16.71,-0.58
860,2467,2,29,74,9.18,8.38,0.93,0.35,2.34,0.78,23.03,0.7198,0.3333,0.5157,0.97,0.7210,0.7015,0.1333,24.37,3.67
861,2506,2,30,74,11.08,2.80,1.18,0.43,0.12,0.74,28.29,0.4974,0.4245,0.8523,-1.68,0.6368,0.6573,0.1415,11.72,-5.57
862,2511,2,7,37,5.95,3.65,1.41,0.32,0.81,0.73,25.13,0.4556,0.3482,0.7105,-1.16,0.5710,0.5923,0.1033,9.01,-4.93
863,2524,2,18,82,1.70,0.68,0.16,0.12,0.07,0.26,3.54,0.5679,0.3636,0.6842,-0.11,0.6173,0.6552,0.1878,14.30,-4.17
864,2532,2,9,56,4.23,1.93,0.27,0.25,0.21,0.57,10.59,0.4693,0.3707,0.7879,-1.54,0.5894,0.6123,0.1618,10.70,-5.98
865,2532,2,25,26,6.85,2.65,0.69,0.38,0.00,0.69,13.79,0.4444,0.3143,0.7407,-5.38,0.5163,0.5398,0.2213,14.39,-2.67
866,2537,2,28,74,2.46,2.31,0.42,0.28,0.77,0.27,10.84,0.4800,0.0833,0.6271,2.11,0.4833,0.5172,0.1042,9.84,-2.82
867,2541,2,15,74,4.92,4.19,1.35,1.04,0.34,0.50,20.19,0.4313,0.3390,0.7778,2.82,0.5250,0.5419,0.1042,12.64,-1.14
868,2544,2,23,76,1.84,0.55,0.29,0.13,0.04,0.32,4.65,0.4324,0.3913,0.7222,0.03,0.5135,0.5519,0.1920,10.62,-5.44
869,2546,2,2,80,3.26,2.46,0.66,0.14,0.58,0.31,10.05,0.6647,0.2308,0.8205,0.76,0.6735,0.6973,0.1158,17.44,0.02
870,2561,2,1,81,0.44,0.32,0.21,0.06,0.01,0.06,2.04,0.4054,0.2381,0.5000,-0.04,0.4730,0.4752,0.1097,8.56,-2.11
871,2575,2,10,71,9.38,3.25,1.76,0.58,0.44,1.34,19.64,0.5252,0.3699,0.6522,-0.75,0.5795,0.5971,0.1978,14.64,-1.38
872,2582,2,30,64,21.20,7.23,3.73,0.56,0.45,2.97,34.98,0.4483,0.3326,0.7300,0.16,0.5184,0.5444,0.2811,17.62,0.77
873,2588,2,15,52,2.02,1.21,0.40,0.23,0.08,0.35,7.97,0.3895,0.3380,0.7778,-1.50,0.5158,0.5305,0.1177,6.66,-6.23
874,2591,2,5,77,24.84,4.48,4.25,0.90,0.23,2.52,35.95,0.4849,0.3750,0.8481,0.23,0.5584,0.6068,0.2856,19.86,1.76
875,2599,2,10,62,6.69,3.47,1.55,0.45,0.32,0.87,19.27,0.4713,0.3668,0.7667,0.52,0.5876,0.6096,0.1390,12.08,-2.39
876,2607,2,24,80,5.70,3.50,0.85,0.20,0.38,0.74,12.23,0.5282,0.2500,0.7524,1.76,0.5593,0.5950,0.1938,17.63,0.00
877,2617,2,27,50,5.94,2.28,1.00,0.48,0.26,0.60,16.89,0.4672,0.2623,0.6964,-3.60,0.4981,0.5236,0.1534,10.56,-3.81
878,2639,2,7,25,2.16,0.80,0.08,0.08,0.00,0.12,4.26,0.4884,0.4000,0.2500,-1.64,0.6047,0.5804,0.2112,13.21,-4.20
879,2644,2,6,76,11.80,3.71,3.78,0.95,0.32,1.53,29.44,0.4313,0.3920,0.7222,2.55,0.5168,0.5462,0.1890,12.97,0.36
880,2656,2,24,82,7.37,2.74,1.21,0.37,0.09,0.95,18.37,0.4425,0.4453,0.9038,0.96,0.5642,0.6067,0.1639,11.87,-4.21
881,2667,2,24,29,5.00,1.55,2.24,0.62,0.03,0.72,12.52,0.3932,0.3793,0.7368,-1.21,0.4402,0.5103,0.1921,13.87,3.79
882,2673,2,26,77,0.56,0.78,0.16,0.05,0.14,0.21,2.09,0.5333,0.0000,0.6875,0.25,0.5333,0.5805,0.1418,15.11,-0.93
883,2677,2,13,52,23.83,6.50,3.92,1.38,0.54,1.69,33.61,0.5121,0.4160,0.8710,4.23,0.5718,0.6234,0.2715,25.32,5.88
884,2678,2,17,17,2.53,2.00,0.06,0.12,0.00,0.35,6.69,0.4828,0.3889,0.8889,-1.59,0.6034,0.6523,0.1469,13.06,-5.80
885,2701,2,19,56,2.04,0.59,0.41,0.18,0.04,0.18,4.19,0.4545,0.4412,0.8636,1.11,0.5398,0.5835,0.1987,14.66,0.36
886,2707,2,25,68,27.44,4.07,6.25,0.74,0.26,2.81,30.98,0.4626,0.3708,0.9140,1.54,0.5641,0.6446,0.3418,27.64,8.91
887,2711,2,25,54,6.65,2.61,0.93,0.37,0.37,0.67,18.07,0.4422,0.3671,0.7174,-3.52,0.5380,0.5553,0.1629,11.20,-4.07
888,2713,2,9,60,5.77,2.38,0.68,0.47,0.47,0.50,19.98,0.4167,0.3645,0.8205,-3.37,0.5451,0.5669,0.1202,8.21,-6.00
889,2729,2,15,47,2.55,1.09,0.43,0.11,0.04,0.26,3.74,0.5269,0.3529,0.5926,-1.02,0.5591,0.5721,0.2809,21.64,4.80
890,2738,2,10,82,7.05,9.27,2.52,0.63,0.61,0.55,23.88,0.6302,0.0000,0.6065,1.91,0.6302,0.6391,0.1070,21.54,5.41
891,2739,2,17,78,15.88,6.67,1.27,0.47,2.47,1.37,30.42,0.5306,0.3736,0.7842,5.10,0.6062,0.6305,0.1945,19.67,0.53
892,2742,2,6,81,1.38,0.63,0.23,0.02,0.10,0.31,3.68,0.6400,0.5000,0.7778,-0.72,0.6533,0.6753,0.1632,11.14,-6.35
893,2750,2,6,50,6.94,5.60,1.52,0.14,0.14,0.94,16.42,0.3895,0.3538,0.8889,1.66,0.5105,0.5548,0.1974,18.18,1.70
894,2750,2,16,21,7.71,5.67,1.90,0.43,0.24,1.10,19.94,0.3885,0.2970,0.8571,1.24,0.4964,0.5353,0.1901,16.10,1.02
895,2756,2,16,57,10.79,3.95,4.93,1.00,0.37,1.81,30.13,0.4041,0.3452,0.8593,0.96,0.5144,0.5648,0.1683,13.32,1.94
896,2774,2,26,79,7.11,3.80,0.84,0.34,0.39,0.81,15.79,0.4583,0.3625,0.8145,1.33,0.5650,0.6075,0.1819,16.61,-1.42
897,2815,2,4,46,6.41,2.67,3.30,0.80,0.26,1.28,18.55,0.4016,0.2947,0.8514,-3.20,0.4567,0.5147,0.1697,13.99,3.16
898,2822,2,17,42,1.36,1.33,0.38,0.10,0.12,0.21,5.17,0.3276,0.2188,0.6667,0.05,0.3879,0.4323,0.1463,10.99,-1.60
899,2822,2,27,19,10.84,6.79,2.42,0.53,0.37,1.37,23.31,0.4535,0.3433,0.6923,-6.11,0.5203,0.5445,0.2006,18.89,2.72
900,2828,2,13,81,8.80,3.41,2.27,0.52,0.27,0.99,23.12,0.5191,0.3889,0.7797,0.02,0.5926,0.6190,0.1537,13.87,-1.33
901,2829,2,21,77,6.71,2.01,1.56,0.52,0.14,0.81,15.37,0.3932,0.3152,0.7636,0.74,0.4741,0.4922,0.2080,10.98,-1.02
902,2845,2,11,81,1.26,0.74,0.11,0.06,0.02,0.17,2.11,0.6833,0.0000,0.7407,0.81,0.6833,0.7095,0.2096,26.93,1.07
903,2846,2,29,66,25.62,8.64,1.86,0.64,0.58,1.92,34.42,0.4987,0.3914,0.8747,2.47,0.5860,0.6403,0.2673,24.63,1.92
904,2855,2,19,77,9.06,3.62,2.45,0.70,0.18,1.26,23.27,0.4326,0.3028,0.7886,0.08,0.4904,0.5386,0.1795,13.31,-0.89
905,2863,2,16,73,9.36,4.71,1.60,0.97,0.42,1.08,28.46,0.4635,0.3559,0.8053,-0.12,0.5401,0.5713,0.1459,12.06,-3.41
906,2865,2,4,19,1.84,1.26,0.58,0.21,0.05,0.11,7.04,0.3889,0.2143,0.5714,-1.37,0.4306,0.4478,0.1296,9.57,-1.45
907,2875,2,11,82,12.67,5.51,1.50,0.50,0.37,1.11,27.96,0.5694,0.3148,0.6802,-4.49,0.6167,0.6353,0.1654,16.83,-2.18
908,2884,2,1,42,0.50,0.29,0.05,0.02,0.00,0.05,1.56,0.3913,0.1429,1.0000,0.02,0.4130,0.4397,0.1659,9.59,-5.53
909,2895,2,1,26,1.65,0.42,0.12,0.04,0.04,0.04,3.24,0.4194,0.4000,0.8750,-0.15,0.5806,0.6228,0.1748,13.89,-2.97
910,2895,2,11,50,4.28,1.24,0.46,0.46,0.08,0.36,12.04,0.3529,0.3419,0.9111,-1.66,0.5088,0.5638,0.1437,8.12,-5.66
911,2898,2,12,78,16.69,4.08,1.49,0.62,0.17,1.95,28.49,0.4343,0.3226,0.8282,-2.29,0.4869,0.5657,0.2475,14.29,-3.85
912,2901,2,17,67,2.67,1.69,0.51,0.30,0.19,0.27,12.25,0.3625,0.3145,0.8571,0.79,0.4844,0.5194,0.0982,7.07,-6.02
913,2904,2,23,60,20.30,2.93,3.53,0.82,0.13,1.33,33.59,0.4808,0.4336,0.8451,4.02,0.5685,0.6049,0.2445,16.66,0.57
914,2918,2,25,6,15.33,3.17,8.33,1.00,0.17,1.67,31.47,0.5000,0.4615,0.9231,-12.33,0.5882,0.6240,0.1864,20.80,10.08
915,2928,2,20,82,2.71,0.61,0.88,0.45,0.10,0.30,9.27,0.3581,0.2985,0.6667,0.65,0.4512,0.4754,0.1470,7.34,-2.85
916,2951,2,19,75,20.91,4.37,5.72,0.93,0.51,2.44,35.33,0.4368,0.3886,0.7689,0.79,0.5153,0.5412,0.2662,17.33,3.98
917,2954,2,12,76,8.55,3.08,5.22,1.07,0.13,1.88,20.08,0.5432,0.4407,0.8529,-0.82,0.5681,0.5899,0.1921,20.15,8.68
918,2968,2,18,80,11.91,3.84,1.85,0.93,0.95,1.40,30.21,0.5168,0.3978,0.7361,0.88,0.5915,0.6114,0.1586,11.71,-3.52
919,2969,2,4,56,10.63,4.82,1.98,1.18,0.52,1.43,26.67,0.4474,0.3218,0.8462,-3.02,0.5132,0.5512,0.1737,12.92,-1.58
920,2969,2,23,26,6.15,2.92,0.73,0.65,0.19,0.50,16.12,0.4878,0.4000,0.8235,0.77,0.5366,0.5799,0.1656,12.27,-3.00
921,2972,2,27,67,9.76,2.06,1.36,0.19,0.09,0.87,19.61,0.4570,0.4128,0.7571,-3.54,0.5746,0.5905,0.1939,11.53,-3.90
922,2983,2,7,77,2.42,1.39,0.14,0.05,0.34,0.47,4.60,0.6400,0.4000,0.5854,-0.74,0.6480,0.6502,0.2303,18.85,-2.75
923,2988,2,4,70,3.51,1.33,0.77,0.21,0.09,0.61,11.24,0.3960,0.3250,0.7500,-2.14,0.4604,0.5185,0.1511,8.52,-5.77
924,2992,2,9,81,2.26,0.91,0.35,0.20,0.01,0.14,6.47,0.4079,0.4227,0.8182,-0.54,0.5428,0.5659,0.1410,10.67,-3.62
925,3012,2,18,45,3.58,1.38,3.29,0.71,0.09,0.73,15.08,0.4207,0.3077,0.8333,1.87,0.5034,0.5264,0.1171,13.41,4.70
926,3055,2,23,79,9.87,3.95,2.49,1.59,0.52,1.29,27.21,0.4255,0.3896,0.7931,1.29,0.5461,0.5658,0.1664,12.68,-0.51
927,3066,2,6,12,2.08,0.75,0.42,0.33,0.00,0.00,4.88,0.4091,0.2778,1.0000,-0.42,0.5227,0.5463,0.1749,16.07,2.88
928,3068,2,26,81,3.96,2.44,0.49,0.27,0.26,0.40,8.50,0.5890,0.2368,0.7397,1.09,0.6096,0.6391,0.1771,19.79,0.87
929,3075,2,17,33,15.06,4.24,4.94,0.70,0.15,2.15,24.28,0.4360,0.3148,0.9020,4.00,0.4988,0.5511,0.2742,19.84,6.74
930,3113,2,3,80,3.08,0.55,0.70,0.19,0.04,0.38,7.08,0.4115,0.3657,0.8333,-0.83,0.5287,0.5536,0.1986,10.89,-2.76
931,3117,2,23,82,7.77,2.33,2.93,0.30,0.16,1.15,19.11,0.4791,0.3784,0.8534,1.76,0.5348,0.5749,0.1862,13.79,0.71
932,3118,2,25,4,4.25,3.75,1.00,0.50,1.25,1.00,22.20,0.3043,0.2500,0.0000,-5.00,0.3696,0.3626,0.1289,5.33,-5.33
933,3125,2,18,57,0.81,0.44,0.09,0.07,0.11,0.05,1.69,0.5000,0.3333,1.0000,0.42,0.5278,0.5820,0.1898,19.97,2.73
934,3131,2,26,81,5.56,1.30,2.28,0.54,0.19,0.77,17.87,0.4536,0.3198,0.8065,0.01,0.5326,0.5453,0.1411,9.75,-1.59
935,3132,2,6,70,27.46,4.13,4.30,1.41,0.39,2.57,34.75,0.4843,0.3858,0.8668,4.83,0.5717,0.6145,0.3239,22.16,3.78
936,3144,2,6,80,15.96,8.89,2.80,0.75,1.49,1.83,33.94,0.5544,0.2157,0.6743,4.24,0.5660,0.5908,0.2040,20.06,1.99
937,3145,2,6,25,1.24,0.80,0.12,0.16,0.12,0.04,3.38,0.4286,0.3750,1.0000,1.24,0.4821,0.5208,0.1638,14.86,0.08
938,3159,2,26,79,13.18,2.57,3.77,0.62,0.25,1.85,21.77,0.4485,0.3593,0.8889,0.86,0.5383,0.5868,0.2586,18.07,3.69
939,3166,2,10,79,3.82,1.33,0.65,0.23,0.09,0.43,10.34,0.4758,0.3630,0.6981,-0.09,0.5837,0.6032,0.1466,11.48,-4.34
940,3182,2,18,64,0.66,0.28,0.28,0.13,0.08,0.13,2.38,0.4186,0.1176,0.8000,-0.83,0.4419,0.4646,0.1498,10.19,-0.40
941,3184,2,15,61,26.16,5.85,8.08,1.08,0.26,3.38,31.93,0.4662,0.3067,0.7485,4.95,0.5041,0.5570,0.3495,27.21,12.37
942,3196,2,3,48,2.00,1.23,0.52,0.17,0.10,0.29,5.95,0.4024,0.4082,1.0000,0.63,0.5244,0.5556,0.1584,11.86,-1.43
943,3196,2,7,24,1.50,0.50,0.25,0.04,0.00,0.17,2.90,0.4242,0.3636,,-0.83,0.5455,0.5455,0.2387,8.51,-2.81
944,3198,2,30,64,9.67,3.22,4.97,0.67,0.20,0.92,25.73,0.4850,0.3788,0.8219,0.27,0.5601,0.5827,0.1574,16.99,5.34
945,3201,2,13,66,11.03,3.91,1.73,0.64,0.32,0.85,27.65,0.4261,0.3648,0.7816,-0.24,0.5132,0.5343,0.1778,11.35,-2.92
946,3245,2,19,79,14.53,3.56,1.42,1.13,0.54,0.77,30.99,0.4838,0.4064,0.9053,0.48,0.6100,0.6496,0.1666,14.76,-2.55
947,3246,2,1,74,20.47,5.26,6.05,1.51,0.26,2.16,36.40,0.4640,0.3437,0.8316,-0.84,0.5144,0.5401,0.2453,19.38,5.53
948,3248,2,8,65,19.97,3.95,6.15,1.02,0.25,2.23,32.82,0.4544,0.3981,0.8333,4.62,0.5370,0.5713,0.2629,19.71,5.94
949,3249,2,26,80,12.20,4.64,1.23,0.76,0.53,0.75,29.76,0.4527,0.4112,0.7654,1.24,0.5844,0.5968,0.1585,13.03,-3.16
950,3258,2,2,26,4.54,2.62,0.46,0.15,0.19,0.35,12.43,0.4719,0.3846,0.6923,1.96,0.6124,0.6229,0.1408,13.09,-3.71
951,3258,2,21,49,5.41,2.76,0.78,0.22,0.39,0.29,12.69,0.4384,0.3944,0.7949,3.12,0.5764,0.6018,0.1579,14.95,-0.20
952,3264,2,4,24,8.38,1.92,2.17,0.58,0.17,0.92,17.83,0.4410,0.4045,0.6765,0.00,0.5528,0.5712,0.2003,14.52,0.51
953,3277,2,19,66,6.68,5.36,1.80,0.85,0.56,0.64,20.93,0.6098,0.3333,0.6962,2.80,0.6328,0.6490,0.1197,17.74,1.65
954,3305,2,12,80,8.86,2.49,4.26,0.88,0.16,1.58,25.93,0.4410,0.3498,0.7903,-3.29,0.5124,0.5281,0.1623,11.12,0.68
955,3310,2,12,77,9.58,3.60,1.27,0.71,0.44,0.97,23.59,0.4271,0.3662,0.8380,-2.74,0.5246,0.5655,0.1691,10.45,-3.65
956,3313,2,6,78,2.01,0.59,1.01,0.22,0.05,0.31,6.48,0.5182,0.2857,0.9118,0.14,0.5727,0.6282,0.1331,12.13,0.40
957,3326,2,23,80,7.96,2.31,0.96,0.39,0.18,0.68,18.90,0.4422,0.4010,0.8667,0.94,0.5956,0.6104,0.1715,10.67,-4.58
958,3337,2,11,81,2.79,1.21,1.63,0.38,0.09,1.06,11.29,0.3418,0.2857,0.6667,-1.86,0.4262,0.4469,0.1547,7.16,-3.37
959,3340,2,8,62,4.47,2.23,0.29,0.27,0.37,0.50,11.74,0.5612,0.2615,0.6452,-1.56,0.6046,0.6203,0.1532,11.57,-5.10
960,3345,2,9,55,0.58,0.67,0.13,0.24,0.16,0.15,2.76,0.4000,0.5000,0.7000,-1.13,0.4167,0.4651,0.1189,10.51,-1.32
961,3365,2,18,68,10.35,2.50,1.94,0.62,0.07,0.96,18.41,0.4480,0.2888,0.7778,-0.12,0.5016,0.5265,0.2511,14.84,0.75
962,3369,2,7,72,1.88,0.86,0.81,0.22,0.10,0.40,8.44,0.3636,0.2537,0.6667,0.49,0.4280,0.4607,0.1312,5.46,-4.90
963,3370,2,14,47,5.57,1.17,0.72,0.23,0.06,0.66,11.23,0.4064,0.3254,0.8095,-0.45,0.4880,0.5034,0.2348,9.80,-4.42
964,3370,2,30,36,6.50,1.50,1.56,0.47,0.11,0.97,12.10,0.4472,0.3918,0.9000,-0.92,0.5427,0.5630,0.2448,15.07,0.57
965,3372,2,25,55,12.62,8.56,2.71,0.78,0.80,2.16,25.30,0.5188,0.3613,0.6615,0.16,0.5614,0.5887,0.2234,20.69,3.34
966,3375,2,12,24,13.04,4.67,2.08,0.50,0.29,1.33,24.64,0.4758,0.4220,0.7209,-6.33,0.5685,0.5863,0.2147,16.91,-0.14
967,3375,2,17,54,4.24,2.17,0.70,0.22,0.13,0.63,11.06,0.3858,0.3922,0.8605,-1.85,0.4873,0.5303,0.1768,12.35,-3.31
968,3394,2,3,78,8.60,4.92,3.63,0.83,0.63,1.46,30.88,0.3862,0.3890,0.7246,1.00,0.5236,0.5382,0.1375,10.52,-0.87
969,3415,2,22,44,2.91,2.18,0.84,0.43,0.25,0.39,11.77,0.3525,0.3023,0.7619,-2.68,0.4590,0.4877,0.1228,10.29,-2.29
970,3417,2,24,80,6.61,3.14,1.31,0.70,0.43,0.79,16.88,0.3913,0.3350,0.7240,1.33,0.4710,0.5306,0.1784,13.50,-0.59
971,3418,2,1,80,9.89,7.20,1.01,0.70,1.34,1.01,23.11,0.6378,0.3077,0.7806,0.79,0.6419,0.6781,0.1518,20.38,1.02
972,3419,2,6,77,6.36,2.43,1.13,0.73,0.39,0.55,21.46,0.4944,0.3626,0.7573,1.64,0.5819,0.6135,0.1205,9.71,-4.62
973,3420,2,26,50,0.92,0.68,0.26,0.14,0.14,0.14,4.96,0.4211,0.3333,0.8750,-0.22,0.5132,0.5539,0.0840,5.42,-5.99
974,3422,2,16,51,8.80,2.51,2.86,1.12,0.24,1.71,21.68,0.3970,0.3302,0.7468,-0.69,0.4839,0.5128,0.2128,11.18,-0.43
975,3439,2,29,68,12.46,6.18,3.71,0.88,0.54,2.47,28.55,0.4991,0.3941,0.8534,0.21,0.5826,0.6426,0.1787,16.57,0.83
976,3441,2,9,19,8.68,3.11,0.89,0.74,0.16,0.95,19.62,0.4254,0.2931,0.7234,-1.58,0.4888,0.5334,0.2008,10.51,-4.11
977,3441,2,21,32,3.53,1.63,0.34,0.44,0.00,0.50,8.52,0.4681,0.2581,0.6071,-0.34,0.5106,0.5314,0.1893,9.36,-4.81
978,3451,2,6,81,8.26,2.17,1.42,0.43,0.14,0.64,19.11,0.4509,0.3718,0.6944,2.81,0.5604,0.5792,0.1833,11.86,-2.76
979,3458,2,4,57,17.05,4.37,0.95,1.19,0.32,1.12,27.15,0.4310,0.3186,0.7596,-4.88,0.4969,0.5338,0.2653,15.06,-1.40
980,3526,2,24,67,12.22,3.75,7.82,1.36,0.33,1.70,28.18,0.4401,0.3755,0.8313,1.25,0.5135,0.5546,0.1948,19.97,11.52
981,3536,2,24,52,9.48,2.04,4.12,0.63,0.15,1.56,18.62,0.4150,0.3676,0.7656,1.48,0.4901,0.5123,0.2481,14.89,5.62
982,3542,2,10,7,5.71,4.29,1.14,0.86,0.57,0.57,16.04,0.6071,0.4444,0.6667,2.14,0.6786,0.6821,0.1230,18.19,1.71
983,3542,2,25,22,2.77,1.77,1.00,0.73,0.05,0.55,11.61,0.5854,0.5294,1.0000,1.09,0.6951,0.7133,0.0942,11.06,-2.86
984,3609,2,7,82,1.16,0.77,0.56,0.07,0.01,0.15,3.94,0.3563,0.3548,0.8462,-0.61,0.4828,0.5123,0.1472,11.67,1.34
985,3620,2,4,56,12.23,9.66,3.66,0.63,0.63,1.55,28.50,0.6692,,0.6055,-4.79,0.6692,0.6734,0.1562,23.55,5.33
986,3620,2,13,23,7.48,6.91,1.74,0.48,0.52,1.30,19.86,0.7273,,0.7719,-0.04,0.7273,0.7605,0.1364,21.25,1.49
987,3625,2,27,46,12.09,9.04,3.07,0.78,1.13,2.09,26.08,0.6160,0.0000,0.6047,-5.85,0.6160,0.6251,0.1876,23.72,4.89
988,3625,2,28,26,13.12,9.12,2.15,1.15,1.31,1.12,27.18,0.6522,,0.5694,4.73,0.6522,0.6516,0.1769,24.61,5.24
989,3627,2,21,38,7.26,4.18,1.68,0.53,1.13,1.13,18.46,0.4337,0.3654,0.6286,-5.16,0.5100,0.5219,0.1833,15.63,1.34
990,3637,2,10,82,20.43,2.74,4.50,0.77,0.26,3.07,29.98,0.4304,0.3359,0.8699,-0.13,0.5141,0.5734,0.2937,16.11,0.97
991,3648,2,11,59,19.15,5.32,5.73,1.39,0.29,3.19,34.30,0.4423,0.3662,0.7841,-5.81,0.5221,0.5649,0.2465,17.57,3.44
992,3649,2,8,63,17.14,5.41,1.03,0.59,0.46,1.08,28.54,0.4871,0.4141,0.8000,6.63,0.6022,0.6208,0.2287,18.15,-1.40
993,3650,2,28,9,4.89,2.11,0.89,1.22,0.00,0.44,16.27,0.5000,0.3529,1.0000,-2.33,0.6000,0.6563,0.1041,13.34,-2.66
994,3651,2,17,71,13.90,9.46,1.48,0.41,0.23,1.14,25.61,0.4956,0.3696,0.7680,0.24,0.5548,0.5752,0.2193,22.93,2.70
995,3653,2,30,68,22.13,8.03,2.56,0.85,1.47,2.01,31.17,0.4980,0.3848,0.8510,1.18,0.5653,0.6265,0.2772,24.88,4.41
996,3658,2,29,24,1.00,0.67,0.17,0.04,0.00,0.08,2.18,0.6667,0.5714,,-0.13,0.8000,0.8000,0.1369,21.97,1.32
997,3662,2,7,82,6.17,3.83,0.84,0.59,0.32,0.79,17.78,0.7323,0.0000,0.6667,2.02,0.7323,0.7378,0.1272,14.17,-3.60
998,3666,2,13,60,16.98,2.92,1.82,0.83,0.30,1.68,26.12,0.4789,0.3972,0.8123,-2.07,0.5592,0.6125,0.2623,16.74,-1.73
999,3673,2,13,33,1.24,0.67,0.82,0.06,0.00,0.30,3.75,0.4390,0.2778,0.0000,-0.33,0.5000,0.4895,0.1810,14.41,4.17
1000,3683,2,27,4,7.00,3.25,4.50,0.25,0.50,2.75,23.35,0.3462,0.2500,0.7778,-0.50,0.4038,0.4673,0.1777,9.38,-0.73
1001,3684,2,18,54,9.13,2.44,1.56,0.52,0.28,1.28,22.09,0.4670,0.3814,0.8442,0.00,0.5646,0.5970,0.1738,10.32,-4.74
1002,3688,2,2,69,3.91,1.28,0.93,0.20,0.01,0.58,9.32,0.4122,0.3636,0.7500,0.17,0.5265,0.5356,0.1996,11.63,-2.43
1003,3704,2,12,14,1.50,1.21,0.43,0.14,0.36,0.50,5.00,0.2414,0.1333,1.0000,1.00,0.2759,0.3365,0.2252,8.97,-1.52
1004,3707,2,20,82,14.74,4.11,3.40,0.98,0.17,1.22,28.59,0.4476,0.3700,0.8185,3.88,0.5374,0.5784,0.2111,16.61,2.05
1005,3735,2,20,77,25.14,9.96,4.10,0.64,0.27,2.81,35.54,0.4595,0.3428,0.7571,2.21,0.5356,0.5812,0.2980,23.06,4.38
1006,3759,2,14,65,12.82,2.97,3.31,0.51,0.29,1.52,28.35,0.5286,0.3981,0.8642,3.29,0.6163,0.6866,0.1626,15.88,-0.92
1007,3765,2,20,53,3.17,0.58,0.38,0.28,0.15,0.28,8.26,0.4485,0.3036,0.8788,-0.21,0.5110,0.5581,0.1633,9.42,-5.35
1008,3765,2,25,27,8.11,2.11,1.37,0.89,0.22,1.19,20.43,0.4432,0.3182,0.8333,-6.74,0.5227,0.5630,0.1784,10.75,-4.27
1009,3769,2,8,54,1.50,1.02,0.35,0.24,0.07,0.37,5.83,0.3125,0.3636,0.7500,-1.72,0.4125,0.4561,0.1508,6.51,-5.50
1010,3772,2,23,82,3.50,3.20,0.33,0.55,0.62,0.55,9.20,0.5933,0.1667,0.7451,-0.21,0.5957,0.6200,0.1650,19.11,1.23
1011,3787,2,18,75,10.41,4.44,1.03,0.56,0.71,1.23,16.68,0.5373,0.3456,0.6772,-1.71,0.6023,0.6170,0.2485,20.44,1.27
1012,3802,2,9,21,2.14,1.76,0.19,0.19,0.05,0.14,9.43,0.3864,0.2500,1.0000,1.00,0.4432,0.4824,0.1093,6.70,-6.69
1013,3809,2,4,80,6.65,5.20,0.48,0.14,0.89,0.74,15.23,0.6294,1.0000,0.7486,-1.41,0.6310,0.6760,0.1573,20.59,-0.17
1014,3814,2,19,24,7.21,2.33,1.54,1.21,0.38,0.96,22.21,0.4189,0.3837,0.7619,-1.04,0.5304,0.5501,0.1491,9.54,-3.46
1015,3814,2,27,43,11.19,2.77,3.19,0.93,0.26,1.47,23.18,0.4360,0.3575,0.8833,-3.16,0.5271,0.5562,0.2070,14.80,1.57
1016,3843,2,18,71,3.59,1.17,1.06,0.39,0.06,0.32,14.31,0.4354,0.3496,0.7692,-2.00,0.5383,0.5638,0.1053,7.55,-5.01
1017,3871,2,16,57,4.70,1.21,0.81,0.25,0.00,0.49,12.11,0.3713,0.3281,0.9063,-0.98,0.5042,0.5337,0.1814,7.16,-5.24
1018,3881,2,20,61,7.13,9.10,0.87,0.92,1.79,0.67,26.05,0.6714,,0.4836,3.03,0.6714,0.6518,0.1012,19.48,1.34
1019,3884,2,16,37,3.14,3.41,0.68,0.32,0.32,0.43,11.49,0.5281,0.0000,0.7097,0.73,0.5281,0.5651,0.1232,14.44,-1.04
1020,3890,2,21,54,5.41,3.33,0.80,0.44,0.20,0.35,15.07,0.4435,0.3333,0.8333,-0.19,0.5181,0.5479,0.1466,13.67,-1.50
1021,3893,2,27,56,3.07,1.93,0.68,0.32,0.13,0.55,8.46,0.4323,0.3000,0.4878,-1.96,0.4903,0.4970,0.1796,11.92,-1.73
1022,3898,2,15,78,5.97,2.47,0.76,0.37,0.24,0.73,16.14,0.4286,0.3066,0.6308,-0.78,0.5060,0.5194,0.1677,9.74,-4.90
1023,3913,2,10,40,0.58,0.30,0.15,0.03,0.03,0.40,1.56,0.3500,0.3333,1.0000,-1.18,0.4250,0.5080,0.2615,2.24,-14.30
1024,3918,2,20,75,2.03,0.53,0.61,0.09,0.07,0.29,4.50,0.3836,0.3016,0.9167,-0.39,0.4434,0.4626,0.2377,11.52,0.38
1025,3927,2,22,54,6.19,1.57,1.00,0.46,0.15,0.69,17.48,0.4314,0.3813,0.7500,-0.76,0.5334,0.5426,0.1590,9.01,-5.37
1026,3927,2,24,21,8.95,3.29,1.95,0.48,0.10,0.29,18.40,0.4277,0.3469,0.8571,-1.67,0.5301,0.5460,0.1957,14.82,2.48
1027,3944,2,4,66,20.14,3.92,4.83,1.12,0.24,2.03,33.65,0.4150,0.3267,0.8091,-4.36,0.4844,0.5172,0.2700,16.19,3.22
1028,3945,2,6,34,5.03,2.06,3.38,0.76,0.18,0.91,16.65,0.3427,0.2561,0.8000,1.32,0.4017,0.4421,0.1784,11.46,4.56
1029,3966,2,14,19,15.58,2.63,5.42,0.53,0.42,2.05,27.68,0.4842,0.4144,0.7347,7.53,0.5882,0.6102,0.2297,18.92,4.81
1030,3966,2,18,54,17.91,3.06,6.19,1.11,0.39,2.72,32.93,0.4649,0.3905,0.8563,-1.07,0.5667,0.6040,0.2282,17.33,3.78
1031,3971,2,14,20,2.35,0.70,0.20,0.10,0.00,0.15,6.46,0.3061,0.3714,0.8000,0.00,0.4388,0.4590,0.1767,4.20,-6.93
1032,3971,2,18,36,2.08,0.33,0.33,0.08,0.03,0.11,5.03,0.4237,0.3878,0.8571,0.58,0.5847,0.6041,0.1587,9.94,-4.21
1033,3973,2,26,79,19.11,12.32,7.25,0.82,0.49,2.91,34.63,0.6151,0.3735,0.7420,2.68,0.6317,0.6677,0.2141,28.57,10.78
1034,3983,2,29,7,9.86,4.29,2.14,0.86,0.29,1.43,22.97,0.4561,0.2581,0.6923,-0.86,0.5263,0.5501,0.1891,13.50,-0.87
1035,4006,2,21,27,5.15,2.33,0.56,0.22,0.07,0.63,9.29,0.5393,0.4186,0.8333,3.15,0.6404,0.6800,0.1991,18.88,-1.33
1036,4006,2,24,56,3.84,2.54,1.02,0.23,0.09,0.64,9.52,0.4270,0.3913,0.8182,-0.50,0.5028,0.5447,0.1879,14.49,0.39
1037,4008,2,21,17,2.12,1.82,0.24,0.06,0.29,0.24,6.68,0.5000,0.1250,0.7143,0.82,0.5167,0.5441,0.1374,12.32,-2.96
1038,4045,2,22,67,2.31,0.93,0.46,0.12,0.07,0.24,6.73,0.4508,0.3243,0.9130,-1.18,0.5492,0.5866,0.1418,8.98,-4.33
1039,4049,2,14,68,12.21,2.43,4.38,0.74,0.15,1.65,29.21,0.4154,0.3289,0.8571,1.84,0.4723,0.5454,0.1868,12.30,0.27
1040,4087,2,11,76,14.59,8.92,3.83,0.92,0.92,2.54,28.56,0.5532,0.3333,0.7153,-3.72,0.5651,0.5990,0.2156,22.08,4.74
1041,4093,2,29,51,13.43,2.06,2.71,0.53,0.12,1.67,22.46,0.5064,0.3934,0.8191,-0.55,0.5577,0.6165,0.2358,15.75,-0.70
1042,4100,2,24,46,7.52,1.46,2.02,0.57,0.11,0.78,17.54,0.3767,0.3769,0.8824,0.83,0.5017,0.5365,0.1910,10.82,-0.94
1043,4107,2,3,70,3.24,2.86,0.53,0.21,0.46,0.60,7.89,0.5439,0.5455,0.6364,-1.44,0.5614,0.5815,0.1911,18.51,1.28
1044,4108,2,25,81,9.74,2.91,1.16,0.47,0.30,1.02,21.96,0.4722,0.3604,0.7143,-3.67,0.5509,0.5683,0.1913,11.90,-4.21
1045,4137,2,28,71,24.23,7.83,5.85,0.92,0.51,2.38,37.35,0.4798,0.3240,0.7743,1.73,0.5152,0.5652,0.2744,21.90,6.28
1046,4152,2,3,44,6.61,5.98,5.82,1.23,0.55,2.20,25.12,0.5660,0.0000,0.4386,0.91,0.5660,0.5594,0.1457,16.92,7.00
1047,4162,2,25,62,21.06,2.60,4.08,0.68,0.23,2.06,35.01,0.4469,0.3772,0.8939,-1.21,0.5483,0.5811,0.2534,14.78,-0.28
1048,4174,2,20,82,2.17,2.95,0.30,0.18,0.34,0.33,9.90,0.7757,0.0000,0.7500,-1.38,0.7757,0.7804,0.0750,14.57,-3.45
1049,4205,2,2,61,11.52,3.13,6.26,1.52,0.38,2.34,32.08,0.4153,0.3363,0.7458,3.93,0.5108,0.5375,0.1778,12.69,3.13
1050,4226,2,3,14,2.36,1.07,1.21,0.43,0.07,0.14,6.54,0.4194,0.3077,1.0000,-0.79,0.4839,0.5105,0.1618,14.87,7.46
1051,4226,2,16,19,0.58,0.47,0.26,0.21,0.16,0.05,3.52,0.3571,0.1667,,-0.89,0.3929,0.3929,0.1002,6.26,-1.82
1052,4232,2,8,72,1.50,0.75,1.39,0.11,0.10,0.61,5.52,0.3969,0.1667,0.5000,-0.50,0.4046,0.4067,0.1944,10.54,3.61
1053,4235,2,12,79,8.13,4.99,0.84,0.27,0.76,0.91,16.19,0.4764,0.2827,0.7591,-1.20,0.5295,0.5649,0.2114,18.47,0.71
1054,4268,2,4,59,8.03,2.83,4.42,1.27,0.42,1.39,23.56,0.4115,0.2162,0.7358,-1.19,0.4381,0.4753,0.1771,13.04,4.32
1055,4269,2,11,79,12.78,7.20,1.28,0.54,0.94,1.32,31.02,0.4081,0.3069,0.7864,-7.03,0.4753,0.5139,0.1853,13.08,-2.45
1056,4282,2,27,59,10.41,5.00,2.41,0.73,0.39,1.64,24.70,0.4529,0.2463,0.6983,-3.98,0.4828,0.5091,0.1986,13.51,-0.69
1057,4312,2,23,47,0.89,0.30,0.17,0.15,0.06,0.06,1.90,0.4857,0.4000,0.7500,-0.06,0.5143,0.5452,0.2105,14.53,2.61
1058,4339,2,6,77,4.26,2.69,0.43,0.35,0.25,0.35,14.55,0.4479,0.3158,0.7018,0.08,0.5000,0.5238,0.1367,10.63,-4.78
1059,4344,2,9,54,10.50,7.46,1.30,0.37,0.63,1.26,26.19,0.4422,0.3268,0.7383,-4.19,0.5181,0.5597,0.1728,15.54,-1.53
1060,4382,2,16,80,11.54,3.23,2.14,0.53,0.15,0.86,28.40,0.4101,0.3499,0.8764,-1.81,0.5348,0.5566,0.1768,10.75,-3.02
1061,4386,2,22,54,9.70,2.98,2.87,1.24,0.50,1.74,23.07,0.4189,0.3267,0.7227,-0.74,0.4932,0.5278,0.2040,12.53,0.22
1062,4390,2,3,75,5.04,1.05,0.91,0.41,0.13,0.67,9.82,0.4610,0.3563,0.9167,0.33,0.5186,0.5971,0.2233,13.46,-1.90
1063,4422,2,11,32,8.84,3.69,2.63,0.66,0.22,1.47,21.18,0.4803,0.2826,0.7246,-2.94,0.5087,0.5456,0.1876,11.98,-0.43
1064,4424,2,2,74,30.07,8.77,4.62,1.05,0.69,2.88,36.92,0.4663,0.3499,0.8537,6.35,0.5433,0.6070,0.3292,26.81,6.58
1065,4440,2,12,54,1.28,0.72,0.19,0.06,0.09,0.17,4.22,0.4615,0.2222,0.7143,-0.28,0.4923,0.5068,0.1423,8.75,-5.49
1066,4449,2,19,80,0.63,0.21,0.16,0.11,0.03,0.05,2.02,0.4000,0.4231,0.7500,-0.21,0.5222,0.5346,0.1353,9.60,-1.96
1067,4456,2,5,79,1.08,0.47,0.28,0.14,0.06,0.10,2.71,0.4444,0.2593,0.6667,0.15,0.4931,0.5231,0.1855,13.84,1.59
1068,4463,2,12,28,1.75,0.79,0.32,0.07,0.21,0.11,3.88,0.4773,0.1818,0.4167,-0.68,0.5000,0.4972,0.2049,16.66,2.39
1069,4473,2,3,82,7.37,1.16,0.95,0.24,0.09,0.77,11.56,0.4408,0.3835,0.8678,-0.05,0.4967,0.5671,0.2808,15.49,-1.86
1070,4509,2,10,73,20.67,3.92,2.23,0.67,0.40,1.68,31.22,0.4361,0.4118,0.8788,2.23,0.5563,0.5759,0.2642,16.38,-0.71
1071,4516,2,4,79,3.32,1.92,0.46,0.28,0.29,0.56,12.26,0.3992,0.3171,0.7021,-2.06,0.4811,0.5064,0.1320,8.49,-6.23
1072,4526,2,23,51,2.55,1.24,0.45,0.88,0.27,0.16,11.59,0.4310,0.3333,0.7500,1.47,0.5216,0.5359,0.0975,7.95,-3.97
1073,4526,2,25,22,7.41,3.50,1.36,1.73,0.82,0.73,27.70,0.4380,0.3882,0.6250,-4.05,0.5584,0.5658,0.1148,10.44,-3.09
1074,4531,2,15,80,5.36,3.84,1.20,0.73,0.36,0.55,14.75,0.6144,0.2667,0.5506,-0.01,0.6209,0.6215,0.1378,18.99,1.96
1075,4537,2,30,19,0.47,0.63,0.21,0.05,0.00,0.11,3.23,0.1579,0.1000,1.0000,-0.37,0.1842,0.2264,0.1537,2.27,-5.38
1076,4554,2,20,69,7.20,2.71,0.96,0.33,0.17,0.55,15.22,0.4463,0.3441,0.8085,0.83,0.5477,0.5652,0.1960,14.71,-1.43
1077,4558,2,14,42,1.93,1.45,0.60,0.24,0.17,0.40,8.68,0.5000,0.2000,0.7333,-2.02,0.5303,0.5579,0.1037,8.25,-4.97
1078,4558,2,29,25,2.96,2.52,1.60,0.24,0.12,0.68,13.42,0.4026,0.1739,0.8889,-2.48,0.4286,0.4570,0.1207,9.21,-1.89
1079,4566,2,18,29,20.76,8.14,4.83,0.69,0.59,2.97,33.00,0.4953,0.3659,0.8741,1.34,0.5654,0.6176,0.2539,21.68,4.37
1080,4575,2,28,72,15.94,2.40,1.47,1.44,0.19,0.76,29.42,0.4332,0.3689,0.8390,-0.72,0.5219,0.5599,0.2180,13.89,-1.94
1081,4591,2,23,76,3.50,3.88,0.79,0.51,0.20,0.58,25.27,0.4267,0.3929,0.8261,1.78,0.5489,0.5657,0.0658,5.82,-7.95
1082,4606,2,12,67,16.61,6.96,1.33,0.54,2.09,1.54,27.24,0.5484,0.3735,0.7826,-0.70,0.6119,0.6513,0.2236,22.34,1.97
1083,4630,2,19,79,14.11,10.18,1.77,0.25,0.66,2.01,24.91,0.5466,0.3486,0.8259,-0.13,0.5699,0.6096,0.2348,23.75,2.56
1084,4642,2,28,71,18.80,3.94,6.97,1.73,0.54,1.97,35.70,0.3930,0.3416,0.8975,2.75,0.4861,0.5398,0.2334,17.21,6.86
1085,4645,2,14,26,7.19,6.65,1.62,1.15,0.23,1.12,24.05,0.5286,0.3030,0.7838,-1.27,0.5643,0.5983,0.1263,15.76,-0.72
1086,4645,2,29,52,8.31,7.87,2.73,1.02,0.29,1.31,24.12,0.5563,0.3333,0.6569,-1.31,0.5868,0.6069,0.1428,19.38,3.41
1087,4654,2,27,43,16.35,3.44,3.16,1.00,0.40,1.33,27.39,0.4387,0.3872,0.7800,-6.86,0.5252,0.5501,0.2443,17.45,2.67
1088,4669,2,16,74,8.66,1.96,2.26,0.84,0.07,1.24,23.77,0.4021,0.3343,0.8718,-0.38,0.5053,0.5330,0.1756,8.54,-3.71
1089,4678,2,2,38,0.66,1.26,0.18,0.05,0.21,0.29,4.52,0.4583,0.2500,1.0000,-0.34,0.4792,0.5024,0.0912,6.30,-6.51
1090,4687,2,5,82,17.65,11.01,3.23,0.73,0.70,1.70,33.49,0.5200,0.3487,0.8354,-0.24,0.5727,0.5942,0.2198,23.52,4.58
1091,4688,2,6,50,4.12,3.00,0.74,0.56,0.42,0.34,17.83,0.4124,0.3543,0.6522,2.16,0.5395,0.5504,0.1033,8.94,-4.45
1092,4695,2,22,81,18.33,4.06,3.49,0.95,0.21,2.06,32.21,0.4848,0.3611,0.8416,0.62,0.5429,0.5894,0.2364,16.62,0.09
1093,4697,2,22,62,9.68,4.18,1.35,0.60,0.21,1.10,17.89,0.5000,0.3129,0.8407,-0.44,0.5644,0.6301,0.2119,18.18,0.10
1094,4698,2,24,72,3.49,1.93,0.74,0.53,0.31,0.31,12.71,0.3700,0.3295,0.8387,1.28,0.4956,0.5215,0.1227,8.34,-3.25
1095,4711,2,25,82,2.63,1.60,0.41,0.12,0.16,0.35,7.55,0.4192,0.2857,0.7556,-1.40,0.4596,0.4959,0.1746,10.49,-3.63
1096,4714,2,7,15,4.80,1.07,1.27,0.13,0.13,0.27,9.59,0.4211,0.2500,0.8095,-0.07,0.4825,0.5435,0.2230,14.85,2.26
1097,4720,2,14,71,9.21,1.54,0.90,0.42,0.24,0.65,18.27,0.4478,0.3655,0.8585,-2.92,0.5342,0.5700,0.2024,12.36,-3.92
1098,4721,2,13,35,11.03,2.63,5.09,0.77,0.34,2.29,21.57,0.4071,0.3028,0.6814,-3.03,0.4558,0.4965,0.2710,15.67,6.11
1099,4757,2,3,27,9.15,2.67,1.07,0.56,0.26,0.63,18.15,0.5100,0.3333,0.8182,0.04,0.5500,0.5757,0.2114,14.76,-1.67
1100,4757,2,24,21,3.19,2.33,0.52,0.33,0.24,0.14,9.37,0.4286,0.3158,0.5000,2.57,0.4714,0.4726,0.1605,13.40,0.26
1101,4770,2,4,75,15.25,4.77,2.33,0.88,1.05,1.47,31.73,0.4438,0.3481,0.7299,-5.00,0.5199,0.5424,0.2065,13.99,-0.84
1102,4774,2,24,42,5.81,0.86,1.50,0.14,0.10,0.81,9.38,0.3672,0.3604,0.6667,-0.14,0.4453,0.4577,0.3272,11.55,1.71
1103,4775,2,11,47,3.09,0.96,1.00,0.32,0.04,0.30,9.20,0.3625,0.2375,0.5556,-1.00,0.4219,0.4318,0.1761,8.51,-1.20
1104,4776,2,3,68,4.74,2.07,0.71,0.37,0.25,0.32,13.64,0.4914,0.4444,0.7234,-0.10,0.6207,0.6372,0.1320,12.31,-3.28
1105,4778,2,21,50,4.28,1.50,0.56,0.28,0.22,0.20,10.61,0.3933,0.3580,0.8000,2.72,0.5562,0.5728,0.1564,11.85,-2.34
1106,4779,2,25,74,6.20,3.22,1.76,0.43,0.16,0.96,15.97,0.5604,0.3906,0.7200,-2.45,0.5991,0.6253,0.1626,15.58,-0.24
1107,4787,2,8,44,1.70,0.84,0.25,0.05,0.25,0.18,4.23,0.4915,0.4286,0.5500,-1.07,0.5424,0.5531,0.1788,15.02,-1.10
1108,4826,2,27,43,4.28,1.91,2.28,0.58,0.12,1.51,15.55,0.3209,0.3846,0.5909,-4.60,0.3674,0.3926,0.1844,5.64,-2.86
1109,4836,2,13,21,15.81,4.86,7.62,1.10,0.48,3.38,30.22,0.4885,0.3562,0.6579,1.10,0.5382,0.5619,0.2511,20.32,8.06
1110,4836,2,14,53,15.60,6.06,7.38,1.00,0.43,3.47,28.14,0.4170,0.2958,0.6555,-0.83,0.4602,0.4960,0.2890,19.86,9.53
1111,4846,2,5,74,9.66,2.86,2.76,0.73,0.08,1.00,23.39,0.4428,0.3721,0.8714,1.93,0.5505,0.5722,0.1801,13.31,-0.03
1112,4848,2,2,82,12.40,3.57,3.91,0.66,0.93,1.16,28.28,0.4617,0.3811,0.8750,5.95,0.5600,0.6036,0.1775,16.10,2.69
1113,4852,2,8,41,0.51,0.41,0.10,0.07,0.05,0.05,1.60,0.4211,0.3333,0.6667,-0.41,0.5000,0.5167,0.1487,13.02,-0.02
1114,4881,2,21,82,5.84,2.57,0.98,0.48,0.18,0.68,15.83,0.5124,0.3934,0.8310,0.11,0.5785,0.6075,0.1456,12.79,-3.38
1115,4882,2,10,40,15.83,4.65,2.13,1.13,0.70,1.20,29.76,0.4726,0.3956,0.6111,2.95,0.5567,0.5645,0.2166,15.55,0.11
1116,4884,2,17,10,5.00,0.70,1.40,0.00,0.20,1.20,8.67,0.4865,0.3333,0.8889,-3.90,0.5676,0.6104,0.2553,13.91,-2.46
1117,4931,2,2,82,7.82,4.43,1.60,0.50,0.38,1.00,24.94,0.4538,0.3952,0.7705,2.51,0.5746,0.6051,0.1314,11.27,-3.73
1118,4936,2,21,76,13.89,4.43,3.26,1.36,0.46,1.62,29.94,0.5214,0.3561,0.8115,-0.70,0.5674,0.6013,0.1848,16.39,0.90
1119,4940,2,21,66,4.36,3.65,1.15,0.42,0.18,0.56,13.85,0.4359,0.4071,0.7037,-1.36,0.5342,0.5587,0.1349,13.66,-0.25
1120,4948,2,21,55,7.73,4.75,1.91,0.82,0.25,0.58,21.93,0.5173,0.3731,0.4359,1.36,0.5896,0.5851,0.1371,15.31,0.69
1121,4955,2,4,63,6.14,4.83,0.29,0.44,0.71,0.63,13.14,0.6375,,0.6907,-1.25,0.6375,0.6589,0.1708,22.92,1.22
1122,4963,2,25,5,10.60,3.00,2.00,0.60,0.40,0.80,25.30,0.6154,0.3750,0.6667,-7.60,0.6538,0.6572,0.1470,13.94,-2.16
1123,4964,2,5,82,10.16,3.99,1.22,0.88,0.85,1.23,28.33,0.4638,0.4152,0.8571,-1.73,0.5487,0.5759,0.1579,11.78,-4.33
1124,4986,2,15,41,5.12,1.93,0.85,0.34,0.15,0.90,13.67,0.4286,0.2577,0.7727,-1.85,0.4923,0.5105,0.1799,8.39,-5.56
1125,4987,2,2,35,7.97,8.34,1.43,0.63,1.37,0.97,23.54,0.7471,0.0000,0.6098,4.94,0.7471,0.7419,0.1176,22.82,2.56
1126,4989,2,15,41,0.73,0.37,0.10,0.15,0.05,0.12,2.55,0.3000,0.1429,1.0000,-0.83,0.3500,0.3669,0.1838,4.01,-5.46
1127,4994,2,19,29,26.00,6.97,4.59,1.10,0.55,3.41,32.97,0.6077,0.3684,0.7137,5.14,0.6151,0.6521,0.2978,27.65,5.12
1128,5022,2,25,32,6.13,4.53,3.06,0.94,0.34,1.34,24.25,0.4091,0.3111,0.7143,-1.19,0.4444,0.4660,0.1438,10.23,-0.29
1129,5029,2,9,24,12.71,8.08,0.67,0.17,0.83,1.54,25.20,0.5306,0.1667,0.7119,-9.17,0.5367,0.5628,0.2214,17.91,-1.95
1130,5029,2,10,36,4.03,2.03,0.39,0.08,0.19,0.39,7.28,0.6277,0.5000,0.6842,-2.97,0.6330,0.6548,0.2016,19.79,-0.35
1131,5042,2,7,70,15.91,7.01,1.73,0.43,1.03,1.73,24.84,0.5150,0.3763,0.7722,-0.66,0.5832,0.6240,0.2645,22.81,2.26
1132,5065,2,30,51,7.24,3.53,3.80,1.80,0.33,0.86,23.95,0.4742,0.3445,0.8667,1.35,0.5447,0.5813,0.1297,16.92,5.00
1133,5075,2,7,44,2.59,1.07,1.32,0.18,0.11,0.43,7.61,0.4694,0.3214,0.6842,-2.50,0.5153,0.5359,0.1703,13.99,2.59
1134,5089,2,12,3,8.00,2.00,1.67,0.67,0.00,0.00,18.60,0.3810,0.3333,1.0000,8.00,0.5238,0.5484,0.1603,11.88,0.37
1135,5099,2,28,82,2.93,2.02,0.91,0.66,0.06,0.51,9.70,0.5455,0.1765,0.6923,-1.12,0.5606,0.5730,0.1353,13.88,-0.21
1136,5101,2,1,75,25.52,2.89,9.88,1.07,0.12,4.00,33.88,0.4295,0.3348,0.8858,1.33,0.4849,0.5727,0.3276,23.78,10.97
1137,5103,2,16,17,2.35,1.35,0.12,0.12,0.12,0.24,4.90,0.5926,0.4286,0.8333,0.59,0.6481,0.6748,0.1845,15.73,-2.92
1138,5106,2,16,17,5.76,3.76,0.59,0.18,0.24,0.82,12.75,0.6271,0.0000,0.6857,-2.82,0.6271,0.6586,0.1839,16.93,-2.63
1139,5123,2,13,77,10.62,9.82,1.00,0.38,1.27,1.52,28.17,0.6342,0.0000,0.6975,-0.43,0.6342,0.6610,0.1492,19.66,-0.89
1140,5126,2,8,77,3.86,1.66,1.04,0.29,0.18,0.48,11.55,0.4758,0.3739,0.9268,-0.86,0.5705,0.6060,0.1388,11.76,-2.35
1141,11,3,20,50,7.44,7.02,1.06,0.60,1.12,1.08,23.74,0.5251,0.2600,0.6429,0.12,0.5468,0.5640,0.1431,16.03,-1.51
1142,11,3,28,25,7.72,5.44,1.76,0.64,0.48,1.16,17.48,0.4588,0.2766,0.5714,-2.12,0.4971,0.5120,0.2133,18.31,2.70
1143,25,3,16,74,18.47,9.96,3.76,1.09,0.89,2.19,32.66,0.5211,0.3571,0.7545,0.68,0.5285,0.5757,0.2509,23.95,5.10
1144,30,3,28,28,6.46,3.21,1.29,0.71,0.54,1.07,22.80,0.3913,0.2174,0.6111,-4.61,0.4321,0.4529,0.1530,7.71,-5.41
1145,30,3,29,51,5.37,2.47,0.92,0.53,0.57,0.67,19.67,0.4257,0.3310,0.7500,-2.37,0.5201,0.5314,0.1216,8.85,-5.62
1146,42,3,15,74,8.84,4.76,1.86,0.58,0.73,0.93,21.87,0.4349,0.3487,0.6207,-3.72,0.5282,0.5394,0.1808,15.92,0.52
1147,56,3,18,82,7.99,2.04,2.49,0.78,0.51,0.93,23.42,0.4387,0.3910,0.8000,3.80,0.5604,0.5780,0.1489,10.86,-2.02
1148,60,3,24,75,13.52,3.93,3.03,0.92,0.60,1.27,33.52,0.4985,0.4607,0.8776,3.49,0.6488,0.6790,0.1461,14.37,-1.85
1149,61,3,6,77,16.51,10.53,2.73,0.69,1.05,1.57,31.71,0.6337,0.0000,0.7420,2.61,0.6337,0.6639,0.1962,25.72,3.99
1150,69,3,15,5,2.60,3.40,1.00,0.80,0.00,0.40,25.08,0.2609,0.0000,0.5000,-13.00,0.2609,0.2722,0.0864,0.43,-8.49
1151,78,3,19,65,6.11,1.97,1.80,0.91,0.23,0.62,15.83,0.4116,0.3768,0.6731,3.69,0.5246,0.5396,0.1740,12.61,0.64
1152,99,3,18,80,6.33,3.41,4.14,0.89,0.59,1.14,22.27,0.4596,0.2292,0.7080,2.09,0.4723,0.5129,0.1457,14.65,4.11
1153,115,3,17,73,30.44,11.52,6.52,1.19,1.08,3.42,35.17,0.6114,0.2742,0.6573,4.64,0.6238,0.6485,0.3302,34.84,12.35
1154,117,3,17,82,0.39,0.16,0.21,0.09,0.05,0.17,1.90,0.5333,0.0000,0.0000,-0.49,0.5333,0.5181,0.1251,4.46,-6.61
1155,119,3,22,81,11.57,3.84,2.91,0.79,0.46,1.56,22.43,0.4351,0.3382,0.8257,1.36,0.4961,0.5455,0.2387,15.86,1.76
1156,123,3,20,27,12.04,3.78,1.30,1.48,0.85,1.41,29.70,0.4883,0.3942,0.7907,13.07,0.5684,0.5911,0.1731,12.68,-4.03
1157,123,3,28,28,14.57,3.79,2.57,1.00,0.46,1.54,32.14,0.4891,0.3742,0.7174,1.32,0.5841,0.5978,0.1830,13.49,-2.57
1158,164,3,30,79,13.95,6.84,3.62,0.75,0.46,2.03,28.56,0.5056,0.3745,0.7399,-4.16,0.5604,0.5969,0.2028,19.09,2.25
1159,172,3,25,56,16.43,10.88,1.61,1.00,0.75,1.77,31.85,0.5701,0.1000,0.8228,-5.68,0.5708,0.5869,0.2140,22.82,1.38
1160,174,3,24,47,0.74,0.68,0.06,0.02,0.13,0.09,2.40,0.6957,,0.2308,-1.02,0.6957,0.6093,0.1274,13.64,-3.49
1161,180,3,25,41,0.83,1.24,0.32,0.07,0.49,0.37,5.50,0.6364,,0.5000,-2.20,0.6364,0.6232,0.0802,7.54,-5.36
1162,185,3,9,39,6.79,3.03,0.69,0.13,0.36,0.74,12.27,0.5912,0.1667,0.8197,-1.90,0.5939,0.6375,0.2091,20.25,-1.16
1163,185,3,30,24,13.25,8.08,1.17,0.63,0.79,1.25,23.95,0.5815,0.4706,0.7077,-2.63,0.5991,0.6221,0.2070,23.96,1.89
1164,187,3,4,30,0.77,0.30,0.23,0.10,0.00,0.13,2.16,0.3333,0.1250,0.8571,0.17,0.3542,0.4247,0.2117,10.42,-1.77
1165,201,3,30,60,2.80,2.05,0.48,0.30,0.25,0.32,8.23,0.3806,0.3196,0.6786,-0.38,0.4806,0.5020,0.1596,12.43,-1.28
1166,204,3,4,23,22.87,4.91,7.65,1.74,0.17,3.61,30.93,0.4326,0.3553,0.8654,-6.04,0.5154,0.5611,0.3303,21.84,9.67
1167,208,3,23,72,3.51,3.31,0.57,0.31,0.83,0.54,10.28,0.4899,0.3906,0.6800,-0.65,0.5530,0.5750,0.1516,17.03,0.90
1168,209,3,22,80,22.55,6.93,5.39,0.89,0.59,3.09,34.99,0.4549,0.3390,0.7245,0.01,0.4972,0.5457,0.2990,20.59,4.27
1169,210,3,15,43,23.19,4.30,5.35,1.00,0.51,2.60,33.55,0.4639,0.3806,0.8696,-4.67,0.5522,0.5887,0.2847,19.58,4.11
1170,215,3,2,49,1.14,0.71,0.39,0.10,0.06,0.20,3.49,0.3725,0.1250,0.8000,0.41,0.3922,0.4682,0.1767,10.93,-0.96
1171,215,3,25,30,16.70,4.77,3.60,0.93,0.57,2.23,29.19,0.4076,0.3115,0.7800,-8.07,0.4710,0.5081,0.2741,16.15,1.60
1172,227,3,27,47,3.06,2.40,0.77,0.26,0.30,0.19,8.93,0.4956,0.3333,0.6905,-0.68,0.5088,0.5476,0.1431,16.45,1.90
1173,228,3,26,82,12.20,3.04,1.21,0.66,0.15,0.71,29.03,0.4740,0.3870,0.8010,-0.98,0.5758,0.6111,0.1583,12.39,-5.04
1174,233,3,28,60,19.85,8.23,6.05,1.25,1.47,2.75,34.91,0.4745,0.3412,0.7809,-2.40,0.5281,0.5658,0.2491,23.18,7.60
1175,245,3,20,29,16.34,3.83,2.17,0.41,0.31,1.62,26.43,0.4227,0.3308,0.8306,-0.59,0.4781,0.5355,0.2724,15.45,-1.29
1176,245,3,28,36,19.33,5.67,3.61,0.53,0.36,2.19,29.77,0.5528,0.3917,0.6287,-3.78,0.6006,0.6154,0.2575,20.96,2.04
1177,260,3,27,21,3.00,3.62,1.00,0.38,0.81,0.71,9.78,0.7250,0.0000,0.8333,-2.19,0.7250,0.7387,0.1180,21.41,3.97
1178,264,3,6,32,1.28,0.44,0.31,0.03,0.06,0.25,4.15,0.3061,0.3030,0.2500,-2.63,0.4082,0.4039,0.1978,5.10,-6.48
1179,265,3,3,20,1.15,0.45,0.20,0.15,0.10,0.10,3.38,0.5000,0.2000,1.0000,-0.65,0.5313,0.6170,0.1379,14.81,-2.37
1180,265,3,24,51,3.41,1.98,0.67,0.43,0.39,0.25,11.71,0.4267,0.3125,0.7222,-0.82,0.4933,0.5246,0.1308,12.38,-2.23
1181,274,3,13,3,2.67,2.33,1.67,1.00,1.33,0.33,18.07,0.3750,0.2857,,0.00,0.5000,0.5000,0.0717,10.17,-0.15
1182,274,3,23,64,4.88,3.77,1.92,0.70,0.53,0.61,23.05,0.4556,0.3989,0.7143,2.77,0.5988,0.6064,0.0876,11.08,-2.65
1183,284,3,29,6,8.00,4.50,0.83,1.00,1.17,1.17,23.68,0.6207,0.2500,0.8333,-5.33,0.6552,0.7001,0.1238,17.25,-3.16
1184,286,3,24,53,18.19,4.38,5.00,0.98,0.51,2.47,33.33,0.5129,0.4298,0.8134,2.02,0.5816,0.6071,0.2304,17.81,2.04
1185,290,3,17,79,11.25,3.67,1.37,0.75,0.11,0.68,29.60,0.4432,0.4133,0.7143,3.68,0.5983,0.6028,0.1468,10.86,-4.84
1186,294,3,17,68,3.10,1.46,0.46,0.19,0.10,0.40,8.94,0.4880,0.4000,0.6786,-0.18,0.5783,0.5916,0.1459,10.83,-5.34
1187,333,3,30,36,2.06,0.72,0.44,0.08,0.03,0.22,4.15,0.4531,0.3793,0.5556,0.72,0.5391,0.5444,0.2151,14.14,-0.23
1188,337,3,4,32,7.69,1.59,0.81,0.72,0.28,0.53,18.23,0.3942,0.3750,0.8889,-3.06,0.5529,0.5697,0.1836,9.76,-4.66
1189,337,3,21,47,0.94,0.21,0.19,0.06,0.06,0.02,1.94,0.3846,0.4167,0.9333,0.51,0.5769,0.6748,0.1616,15.70,1.59
1190,340,3,17,26,6.04,3.62,2.62,0.73,0.50,0.62,20.90,0.3913,0.3611,0.8519,-1.77,0.4855,0.5238,0.1376,12.95,1.35
1191,340,3,23,48,6.13,3.02,3.00,0.50,0.38,1.02,19.15,0.4315,0.3211,0.8095,-0.31,0.5041,0.5470,0.1482,13.15,1.48
1192,341,3,1,63,13.70,6.52,1.46,0.81,0.17,0.86,32.72,0.4161,0.3156,0.8374,-0.30,0.4971,0.5488,0.1693,14.45,-2.65
1193,361,3,22,82,3.79,3.49,0.96,0.39,0.88,0.54,11.67,0.6029,0.1429,0.6552,0.32,0.6077,0.6288,0.1342,19.19,2.58
1194,362,3,5,36,2.22,0.89,0.36,0.08,0.06,0.28,7.44,0.3810,0.2727,0.8000,-1.25,0.4524,0.4640,0.1578,5.60,-7.32
1195,363,3,15,32,4.88,5.97,1.59,0.31,1.06,1.19,22.43,0.5630,,0.4783,-1.94,0.5630,0.5602,0.1066,12.46,-2.75
1196,363,3,21,28,0.64,0.64,0.07,0.04,0.11,0.14,2.62,0.5833,,0.5000,-0.11,0.5833,0.5799,0.1156,11.40,-6.11
1197,366,3,22,82,3.85,1.70,1.11,0.43,0.26,0.68,14.19,0.4656,0.3936,0.6125,-0.40,0.5405,0.5599,0.1281,8.60,-5.03
1198,368,3,4,49,1.41,0.98,0.49,0.16,0.22,0.12,5.80,0.4808,0.4500,0.6667,-0.55,0.5673,0.5887,0.0997,12.83,-1.17
1199,401,3,9,14,2.43,0.71,0.21,0.00,0.07,0.00,6.00,0.3103,0.3200,0.8000,1.50,0.4483,0.5090,0.1759,9.07,-4.71
1200,404,3,9,30,18.83,3.13,2.37,0.77,0.13,2.10,30.70,0.4682,0.4155,0.7788,-8.37,0.5694,0.6001,0.2489,15.00,-3.04
1201,404,3,20,30,10.10,1.93,0.87,0.23,0.03,1.27,18.57,0.4297,0.3701,0.8000,-3.17,0.5215,0.5493,0.2521,10.46,-6.64
1202,405,3,1,82,16.26,3.32,3.01,1.17,0.32,1.37,29.29,0.4282,0.3744,0.9207,1.55,0.5373,0.5686,0.2243,15.04,0.42
1203,409,3,24,71,3.14,1.93,0.24,0.14,0.35,0.27,6.60,0.6159,0.4231,0.7895,0.18,0.6887,0.6997,0.1657,21.40,0.18
1204,412,3,4,17,2.18,1.88,0.24,0.18,0.41,0.18,6.96,0.6800,0.0000,0.7500,-1.41,0.6800,0.6913,0.1156,18.22,-1.05
1205,427,3,24,68,27.07,4.53,6.94,0.90,0.41,2.62,35.98,0.4920,0.3636,0.8862,4.65,0.5502,0.6112,0.3012,23.10,7.04
1206,443,3,13,60,2.78,0.87,0.22,0.18,0.13,0.40,5.75,0.4037,0.2692,0.6970,-1.85,0.4472,0.4757,0.2575,8.65,-5.67
1207,446,3,28,69,4.67,3.00,0.33,0.20,0.35,0.41,10.21,0.5069,0.3298,0.7717,0.41,0.5783,0.6253,0.1739,18.47,-1.13
1208,447,3,4,37,1.35,0.24,0.16,0.03,0.03,0.05,2.19,0.4390,0.4333,0.5000,-0.30,0.5976,0.5969,0.2398,16.41,-0.37
1209,449,3,25,6,1.67,1.67,1.33,0.00,0.00,1.33,9.53,0.2381,0.0000,,-3.67,0.2381,0.2381,0.2187,0.60,-7.94
1210,488,3,27,81,8.52,1.83,1.93,0.33,0.10,1.12,19.68,0.4315,0.3470,0.8730,-4.60,0.5056,0.5261,0.1986,10.45,-3.67
1211,496,3,8,82,7.32,3.73,1.61,0.51,0.43,0.67,20.20,0.4596,0.3841,0.6940,-0.16,0.5248,0.5535,0.1585,13.40,-1.37
1212,515,3,3,82,19.59,4.54,3.65,0.99,0.37,2.00,34.81,0.4359,0.3716,0.8139,-2.26,0.5209,0.5602,0.2445,16.32,0.15
1213,516,3,4,74,19.58,6.82,3.12,0.88,0.45,1.86,34.88,0.4620,0.3489,0.8246,-8.55,0.5269,0.5561,0.2500,18.15,0.76
1214,522,3,2,80,2.51,2.00,0.55,0.24,0.10,0.25,7.88,0.4444,0.2727,0.6024,1.43,0.4935,0.5303,0.1456,14.13,-1.03
1215,532,3,25,44,13.93,3.36,4.86,0.61,0.18,1.36,25.47,0.4395,0.4121,0.8190,-1.84,0.5222,0.5603,0.2318,18.59,5.75
1216,536,3,3,18,2.33,1.00,0.28,0.06,0.06,0.17,5.78,0.3261,0.3438,0.5000,1.56,0.4457,0.4480,0.2048,9.79,-3.76
1217,537,3,11,73,12.53,3.37,1.63,0.88,0.14,1.21,30.51,0.4284,0.3595,0.8435,-0.29,0.5150,0.5494,0.1765,8.91,-5.44
1218,548,3,12,34,11.71,4.53,2.94,1.03,0.24,1.21,28.84,0.4745,0.3267,0.8171,2.35,0.5271,0.5684,0.1655,14.10,-0.53
1219,548,3,28,37,8.86,3.51,2.49,0.65,0.24,1.22,23.91,0.4813,0.3175,0.8333,-8.41,0.5187,0.5571,0.1641,12.76,-1.85
1220,563,3,2,71,22.68,5.45,3.51,1.17,0.52,2.34,32.99,0.4992,0.3537,0.7033,5.82,0.5569,0.5800,0.2904,19.81,1.99
1221,566,3,12,41,0.51,0.12,0.12,0.00,0.00,0.05,1.52,0.5333,0.0000,0.6250,-0.59,0.5333,0.5670,0.1391,6.44,-6.56
1222,567,3,13,64,1.39,0.97,0.39,0.19,0.09,0.14,6.16,0.4111,0.2917,0.5000,-1.44,0.4889,0.4897,0.1112,7.22,-4.55
1223,575,3,25,58,1.29,1.48,0.12,0.09,0.12,0.19,3.45,0.5077,,0.2903,-1.02,0.5077,0.4769,0.1909,17.27,0.21
1224,590,3,9,31,3.00,2.32,0.81,0.52,0.03,0.39,13.45,0.2963,0.2807,0.8667,-4.13,0.3704,0.4058,0.1319,8.44,-4.25
1225,590,3,18,51,3.02,1.41,0.69,0.16,0.04,0.35,8.04,0.4407,0.3690,0.8636,0.02,0.5720,0.6031,0.1577,13.42,-2.43
1226,593,3,20,82,26.98,3.39,6.33,0.85,0.16,2.27,33.25,0.4794,0.4011,0.8471,6.24,0.5434,0.5925,0.3278,23.64,7.33
1227,602,3,16,82,2.65,1.72,0.28,0.12,0.20,0.26,5.38,0.5772,0.1818,0.8723,0.13,0.5906,0.6394,0.1943,21.42,0.92
1228,615,3,1,27,3.00,1.22,1.00,0.26,0.19,0.37,7.27,0.3696,0.2250,0.5000,-1.30,0.4185,0.4240,0.2285,11.10,2.25
1229,618,3,11,74,1.30,0.99,0.20,0.16,0.07,0.14,5.64,0.4146,0.4030,1.0000,-0.72,0.5793,0.5822,0.0947,9.41,-5.79
1230,626,3,9,45,12.00,2.44,1.51,0.47,0.24,0.71,20.01,0.3941,0.4008,0.9030,-4.13,0.5160,0.5807,0.2347,15.39,-0.70
1231,626,3,20,29,5.14,1.38,0.69,0.24,0.03,0.55,10.72,0.3067,0.3012,0.7273,-2.41,0.3834,0.4197,0.2789,8.09,-3.86
1232,651,3,30,55,4.56,1.05,2.29,0.53,0.15,0.91,10.29,0.4876,0.3077,0.8611,-0.87,0.5473,0.5788,0.2001,15.76,4.92
1233,654,3,16,65,19.17,4.89,4.58,1.22,0.26,1.57,31.42,0.4994,0.4138,0.8584,3.31,0.5372,0.6262,0.2426,22.99,5.05
1234,670,3,16,50,1.94,0.74,0.20,0.20,0.10,0.16,5.18,0.4304,0.3548,0.7826,-0.54,0.5000,0.5442,0.1681,10.88,-4.40
1235,677,3,8,76,10.08,2.41,2.41,1.29,0.55,0.99,31.61,0.4600,0.4058,0.8938,7.53,0.5664,0.6015,0.1305,10.38,-3.85
1236,685,3,25,73,7.22,4.70,1.19,0.90,0.45,1.15,23.83,0.4498,0.3372,0.7576,-2.59,0.5160,0.5472,0.1398,10.83,-4.44
1237,694,3,1,76,11.00,10.21,1.20,0.57,1.39,0.97,24.78,0.5712,0.0000,0.6311,-0.22,0.5712,0.5899,0.1743,24.08,3.71
1238,728,3,5,82,4.35,0.73,1.15,0.45,0.20,0.44,12.23,0.3781,0.3291,0.5714,0.33,0.4836,0.4849,0.1778,7.86,-3.16
1239,733,3,22,61,9.89,6.25,1.56,0.57,0.46,1.11,23.06,0.5247,0.3743,0.6940,0.84,0.6000,0.6230,0.1750,17.96,-0.39
1240,738,3,5,78,9.17,3.50,3.17,1.54,0.90,1.31,26.16,0.4677,0.4084,0.7604,0.05,0.5933,0.6130,0.1482,14.25,1.10
1241,743,3,14,24,1.00,0.50,0.13,0.08,0.00,0.13,2.46,0.5625,,1.0000,-1.83,0.5625,0.6438,0.1591,11.66,-4.83
1242,765,3,27,81,6.22,2.54,1.27,0.59,0.52,0.70,18.12,0.4080,0.3646,0.8152,-1.74,0.5336,0.5695,0.1442,12.29,-2.74
1243,766,3,30,18,4.94,2.94,1.06,0.56,0.50,0.56,13.04,0.4103,0.2889,0.8000,-3.28,0.4936,0.5260,0.1681,15.95,0.98
1244,798,3,14,80,3.55,1.78,0.75,0.25,0.21,0.44,11.81,0.4274,0.3559,0.7826,-0.21,0.5145,0.5436,0.1361,10.53,-4.40
1245,806,3,27,21,2.14,1.05,0.48,0.33,0.14,0.14,6.71,0.4848,0.0833,0.8000,1.19,0.5000,0.5682,0.1293,11.66,-1.74
1246,814,3,15,10,6.80,3.20,0.90,0.50,0.60,0.30,13.45,0.5593,0.1667,0.1429,-0.80,0.5678,0.5477,0.2033,20.59,3.10
1247,816,3,29,56,16.82,3.36,4.95,0.63,0.11,2.61,30.04,0.4130,0.2945,0.8806,-3.41,0.4688,0.5208,0.2602,14.98,1.35
1248,820,3,3,75,11.21,9.41,1.96,0.61,1.95,1.24,28.21,0.6289,0.2000,0.5510,-3.71,0.6297,0.6293,0.1574,22.20,2.98
1249,833,3,3,32,4.16,2.53,0.56,0.25,0.50,0.47,11.57,0.5376,0.3636,0.7000,-1.69,0.6022,0.6262,0.1464,15.74,-2.33
1250,837,3,13,82,5.65,1.80,0.93,0.50,0.17,0.40,17.81,0.4716,0.3804,0.8592,-1.12,0.5710,0.6041,0.1260,9.83,-5.38
1251,857,3,29,70,14.67,8.21,1.10,0.57,0.87,1.40,27.16,0.5322,0.3707,0.7946,-4.39,0.5898,0.6206,0.2042,20.39,-0.13
1252,861,3,27,69,11.25,5.36,2.81,0.49,0.75,1.91,22.11,0.4838,0.3204,0.7531,-5.70,0.5308,0.5645,0.2271,17.00,1.77
1253,874,3,18,76,11.43,2.87,5.91,1.16,0.22,1.34,28.85,0.4565,0.4420,0.9107,3.61,0.5955,0.6267,0.1614,16.60,5.19
1254,877,3,17,76,5.63,3.14,2.12,0.53,0.25,0.64,22.05,0.4352,0.3445,0.7586,-0.18,0.5533,0.5745,0.1093,11.04,-2.56
1255,920,3,30,64,8.31,4.00,1.72,0.89,0.75,1.36,26.80,0.4352,0.3459,0.7023,-6.55,0.5093,0.5433,0.1420,10.40,-4.32
1256,921,3,23,44,3.93,1.05,0.36,0.18,0.02,0.11,6.56,0.4821,0.3750,0.7465,0.27,0.5357,0.6039,0.2261,18.63,-0.17
1257,928,3,13,3,3.00,2.67,2.33,2.00,0.67,0.00,23.10,0.3333,0.2500,0.5000,15.00,0.4444,0.4555,0.0615,9.23,0.51
1258,928,3,23,31,3.81,2.87,0.55,1.06,0.52,0.35,13.52,0.4494,0.3542,0.8750,1.90,0.5449,0.5926,0.1117,13.38,-1.21
1259,935,3,5,77,3.94,2.82,0.75,0.39,0.27,0.42,13.62,0.4303,0.3922,0.7500,-2.35,0.5498,0.5678,0.1257,11.17,-3.36
1260,961,3,17,51,6.12,3.16,1.29,0.75,0.18,0.45,22.65,0.4222,0.3494,0.7222,-1.35,0.5296,0.5458,0.1177,9.80,-4.36
1261,971,3,9,74,18.99,3.62,6.27,0.76,0.30,2.86,28.02,0.4490,0.3552,0.8686,-4.73,0.5000,0.5456,0.3099,19.79,6.68
1262,985,3,4,9,8.00,1.78,1.56,0.56,0.33,0.56,17.61,0.4407,0.3214,0.9167,-2.78,0.5169,0.5600,0.2011,14.04,-0.98
1263,985,3,7,47,3.28,1.11,0.64,0.36,0.06,0.34,9.71,0.3724,0.3625,0.8947,1.81,0.4724,0.5021,0.1585,8.76,-4.36
1264,986,3,10,74,26.43,4.46,5.12,0.73,0.38,2.84,32.72,0.4498,0.4075,0.9228,2.55,0.5734,0.6160,0.3150,22.97,4.80
1265,998,3,19,61,5.80,3.87,2.69,1.39,0.41,0.97,22.28,0.4469,0.3111,0.6415,1.16,0.5145,0.5294,0.1257,13.28,0.94
1266,1019,3,14,79,23.75,12.16,3.37,1.15,2.25,2.01,34.18,0.5557,0.2710,0.8159,1.91,0.5670,0.6212,0.2685,30.94,8.81
1267,1042,3,30,65,2.34,1.11,0.49,0.28,0.15,0.20,9.44,0.4026,0.3500,0.5833,-2.31,0.4481,0.4618,0.1228,6.60,-5.63
1268,1076,3,5,80,23.71,4.25,5.26,1.13,0.56,1.69,37.36,0.4797,0.3333,0.8529,-0.78,0.5074,0.5840,0.2601,20.21,4.03
1269,1109,3,20,82,15.35,3.62,2.63,1.30,0.44,1.38,28.78,0.4432,0.4014,0.7544,1.98,0.5842,0.5972,0.2153,15.55,0.04
1270,1110,3,13,24,1.21,1.00,0.17,0.21,0.04,0.08,2.67,0.5263,,0.6429,-0.08,0.5263,0.5763,0.1828,24.62,5.40
1271,1119,3,28,72,7.08,1.83,0.94,0.47,0.03,0.69,17.61,0.4247,0.3651,0.8627,-5.25,0.5236,0.5455,0.1750,9.51,-5.54
1272,1129,3,21,37,3.59,1.38,1.00,0.22,0.14,0.51,9.86,0.4224,0.3000,0.8750,0.03,0.5129,0.5405,0.1704,11.82,-2.30
1273,1139,3,3,48,12.58,3.29,6.00,0.79,0.19,1.29,30.70,0.3908,0.3201,0.7813,-0.56,0.4800,0.5304,0.1844,14.72,4.46
1274,1139,3,14,28,6.82,1.68,2.43,0.46,0.46,1.04,24.23,0.3972,0.3889,0.8800,3.36,0.5213,0.5859,0.1233,8.30,-4.53
1275,1155,3,7,70,33.86,9.24,9.80,1.41,0.54,4.03,37.48,0.4867,0.3817,0.7862,4.56,0.5726,0.6173,0.3614,32.89,15.27
1276,1160,3,21,79,10.89,3.59,1.43,0.90,0.59,0.94,28.43,0.4384,0.3939,0.8258,4.39,0.5571,0.5929,0.1558,10.62,-4.38
1277,1161,3,5,76,12.16,2.84,3.18,0.89,0.47,1.36,29.11,0.5007,0.4034,0.8095,-2.08,0.5834,0.6038,0.1733,13.23,-1.38
1278,1176,3,23,15,3.47,1.33,1.80,0.47,0.07,0.33,9.48,0.5556,0.4737,0.7500,1.40,0.6806,0.6886,0.1348,20.49,6.26
1279,1194,3,5,79,8.39,8.96,0.47,0.92,0.61,1.03,17.11,0.5563,0.0000,0.5917,0.33,0.5563,0.5756,0.2148,26.92,4.60
1280,1196,3,26,79,2.91,1.34,0.56,0.35,0.10,0.33,9.11,0.3810,0.3465,0.7879,-0.85,0.4857,0.5122,0.1496,8.47,-4.27
1281,1208,3,27,9,2.89,1.11,0.56,0.22,0.00,0.33,5.70,0.5556,0.5000,1.0000,0.67,0.6389,0.6729,0.1863,18.81,0.13
1282,1217,3,29,73,4.89,2.59,3.48,0.93,0.38,1.08,17.11,0.4696,0.3694,0.6875,0.19,0.5351,0.5457,0.1364,14.11,4.74
1283,1222,3,24,76,26.74,6.51,4.97,0.91,1.20,3.21,36.72,0.5230,0.4128,0.8558,3.83,0.5815,0.6263,0.2912,24.41,4.26
1284,1223,3,9,72,11.68,9.85,2.04,0.46,0.65,1.79,24.69,0.6188,0.0000,0.7901,-4.32,0.6188,0.6533,0.1860,23.74,2.53
1285,1239,3,11,23,9.35,6.65,1.17,1.35,0.83,0.87,20.87,0.4656,0.3600,0.6364,3.83,0.5132,0.5282,0.2017,19.22,2.99
1286,1255,3,18,79,25.94,5.44,5.13,1.28,0.53,3.05,35.07,0.4608,0.3571,0.8360,5.47,0.5218,0.5754,0.3248,22.00,4.44
1287,1267,3,26,80,1.16,0.53,0.19,0.13,0.05,0.05,3.43,0.4146,0.3846,0.5556,-0.56,0.5366,0.5409,0.1409,10.58,-2.87
1288,1293,3,26,79,3.92,1.57,1.08,0.65,0.37,0.47,12.38,0.4612,0.4167,0.7429,1.18,0.6121,0.6265,0.1250,11.31,-1.80
1289,1303,3,23,43,31.47,10.00,5.09,1.07,1.53,3.49,30.45,0.5288,0.3885,0.8827,6.21,0.5605,0.6444,0.3945,37.58,12.97
1290,1329,3,24,80,4.74,4.03,0.79,0.34,0.76,0.76,14.61,0.6008,1.0000,0.7742,-1.33,0.6067,0.6447,0.1325,16.68,-1.61
1291,1340,3,9,18,5.06,2.56,0.56,0.33,0.22,0.44,16.26,0.5714,0.4167,0.6800,-5.56,0.6607,0.6791,0.1124,12.19,-5.76
1292,1340,3,15,5,2.00,2.80,1.20,0.00,0.20,0.20,14.80,0.2667,0.2500,,-5.60,0.3333,0.3333,0.0947,6.52,-4.08
1293,1344,3,7,57,7.09,2.46,2.67,0.37,0.09,0.82,17.86,0.5390,0.4900,0.7727,4.11,0.6259,0.6494,0.1510,15.45,1.11
1294,1382,3,1,77,3.66,2.51,0.60,0.32,0.36,0.57,8.86,0.5829,0.0000,0.6667,-1.25,0.5829,0.6151,0.1684,16.72,-0.50
1295,1400,3,3,77,7.53,4.12,1.39,0.73,0.49,0.77,25.13,0.4207,0.3482,0.7174,-1.39,0.5352,0.5459,0.1336,10.46,-4.00
1296,1420,3,9,30,6.40,1.43,1.70,0.63,0.07,0.90,11.40,0.4303,0.3158,0.6842,-3.60,0.5030,0.5283,0.2657,16.09,2.62
1297,1420,3,20,17,1.82,0.35,0.35,0.06,0.00,0.18,3.55,0.3913,0.3077,0.8182,-0.24,0.4783,0.5568,0.2227,13.19,-2.12
1298,1420,3,28,31,5.06,2.10,2.35,0.58,0.19,1.06,15.31,0.4088,0.3500,0.7727,-2.16,0.5109,0.5352,0.1617,11.68,0.20
1299,1426,3,9,17,14.53,4.12,1.65,0.82,0.29,1.00,28.46,0.4789,0.4257,0.8462,-2.12,0.5921,0.6131,0.1931,15.47,-2.19
1300,1426,3,29,52,8.56,3.38,1.40,0.58,0.35,0.98,22.30,0.4497,0.3906,0.8000,0.17,0.5768,0.5924,0.1538,12.17,-3.78
1301,1443,3,1,74,1.12,0.69,1.24,0.15,0.04,0.27,5.59,0.3778,0.2000,0.7647,-1.27,0.3889,0.4257,0.1194,11.43,3.80
1302,1453,3,9,30,6.93,1.80,1.50,0.83,0.23,0.67,18.05,0.3731,0.2696,0.7941,-4.30,0.4502,0.4816,0.1898,9.29,-2.47
1303,1457,3,26,74,26.57,4.59,5.65,2.03,0.42,2.62,35.93,0.4648,0.3690,0.7376,3.15,0.5339,0.5665,0.3113,21.26,5.96
1304,1483,3,28,31,4.94,2.26,1.29,0.32,0.13,0.81,13.00,0.4435,0.2381,0.9167,-5.13,0.4839,0.5471,0.1756,13.14,-2.18
1305,1498,3,22,45,7.44,3.07,2.67,0.93,0.33,1.11,20.23,0.4724,0.2222,0.6970,0.29,0.4785,0.4919,0.1911,13.58,1.04
1306,1504,3,15,5,3.40,5.00,0.60,0.40,0.40,1.60,16.22,0.3636,0.1667,0.0000,-3.20,0.3864,0.3512,0.1753,6.29,-7.49
1307,1507,3,7,29,11.17,6.93,1.59,0.72,1.93,0.97,21.47,0.7796,,0.6071,2.93,0.7796,0.7691,0.1658,27.08,5.47
1308,1507,3,30,45,10.89,8.02,1.53,0.98,2.16,1.02,26.48,0.6905,,0.7059,-4.16,0.6905,0.7074,0.1396,22.02,2.79
1309,1516,3,9,10,5.20,1.40,1.20,0.20,0.20,0.10,8.95,0.5455,0.5833,0.8750,2.60,0.7045,0.7985,0.1639,23.36,5.50
1310,1516,3,17,26,1.81,0.69,0.46,0.23,0.04,0.38,5.95,0.3784,0.1765,0.8889,-1.85,0.4189,0.5232,0.1589,7.82,-5.86
1311,1516,3,30,32,5.66,2.38,0.97,0.19,0.09,0.38,12.04,0.4351,0.3125,0.8393,-2.41,0.5115,0.5815,0.1832,16.20,-0.42
1312,1533,3,6,57,18.04,2.67,6.54,1.30,0.12,3.09,33.35,0.4459,0.3708,0.8343,1.96,0.5244,0.5599,0.2581,16.03,2.99
1313,1554,3,18,50,1.98,0.62,0.08,0.08,0.02,0.12,2.44,0.4800,0.2813,0.7200,0.14,0.5400,0.5756,0.3360,18.90,0.41
1314,1571,3,29,77,12.65,2.74,4.31,0.47,0.09,2.44,26.26,0.3914,0.3341,0.8475,-4.86,0.4816,0.5333,0.2284,13.12,-0.30
1315,1573,3,13,74,22.58,5.24,3.54,1.53,0.50,2.07,33.81,0.4709,0.4133,0.9072,6.23,0.5692,0.6125,0.2690,19.97,2.37
1316,1587,3,20,21,0.76,1.33,0.43,0.10,0.29,0.24,7.88,0.3043,0.0000,1.0000,-1.14,0.3043,0.3350,0.0747,2.50,-7.28
1317,1590,3,21,80,12.33,6.43,4.83,0.65,0.55,2.10,25.15,0.4746,0.3374,0.8065,4.70,0.5230,0.5468,0.2322,21.37,6.83
1318,1593,3,3,50,1.08,0.52,0.12,0.02,0.06,0.12,1.63,0.5000,0.2727,0.5385,-0.16,0.5341,0.5430,0.2941,18.78,1.81
1319,1594,3,21,75,30.05,5.53,6.20,2.00,0.89,2.16,34.03,0.5353,0.3532,0.8737,8.17,0.5672,0.6358,0.3311,30.75,11.54
1320,1595,3,30,81,2.33,1.16,0.42,0.16,0.14,0.28,5.76,0.4688,0.2439,0.8056,0.06,0.5000,0.5374,0.1804,13.44,-1.85
1321,1599,3,8,49,1.78,0.43,0.55,0.27,0.00,0.29,4.60,0.4638,0.3947,0.6667,0.31,0.5725,0.5856,0.1715,10.89,-1.83
1322,1607,3,15,49,3.53,0.88,2.67,0.55,0.10,0.59,13.34,0.4167,0.4250,1.0000,-3.18,0.5938,0.5970,0.1154,12.18,2.71
1323,1621,3,18,79,13.43,12.43,1.29,0.66,2.05,1.49,32.83,0.6612,0.0000,0.6385,5.20,0.6612,0.6753,0.1549,23.03,1.59
1324,1636,3,15,18,9.44,7.56,4.28,1.39,0.50,1.50,27.61,0.3492,0.3115,0.6333,-3.94,0.3995,0.4204,0.1972,15.89,5.50
1325,1636,3,24,51,3.88,2.29,1.53,0.45,0.18,0.57,10.95,0.3886,0.2875,0.8621,-0.43,0.4482,0.4811,0.1837,14.39,2.67
1326,1638,3,8,73,13.88,6.45,3.55,0.77,0.62,1.44,31.47,0.5559,0.2899,0.6580,5.79,0.5838,0.6071,0.1802,18.58,1.67
1327,1641,3,24,68,11.01,1.79,2.04,0.97,0.44,1.07,27.84,0.4434,0.3778,0.7969,1.93,0.5647,0.5796,0.1664,11.00,-3.97
1328,1651,3,27,80,1.43,0.45,0.61,0.11,0.03,0.21,3.91,0.3519,0.3012,0.8125,0.29,0.4676,0.4955,0.1789,11.86,0.92
1329,1669,3,25,58,19.52,3.29,2.62,0.78,0.59,2.00,31.56,0.4506,0.4022,0.8173,-6.05,0.5159,0.5733,0.2599,15.61,-1.67
1330,1693,3,17,78,3.23,0.82,0.38,0.12,0.05,0.15,7.87,0.4235,0.4083,0.8947,0.64,0.5995,0.6166,0.1528,10.33,-5.00
1331,1696,3,10,75,6.33,5.31,4.43,0.73,0.63,1.80,19.87,0.4973,0.3953,0.7297,2.28,0.5659,0.5871,0.1535,18.73,7.10
1332,1700,3,11,82,19.63,5.16,3.55,0.80,0.34,2.33,31.72,0.4227,0.3322,0.8040,0.38,0.4981,0.5414,0.2754,17.39,0.97
1333,1701,3,5,11,10.00,6.09,0.45,0.91,0.73,0.64,20.95,0.6000,0.3704,0.7692,2.55,0.6667,0.6814,0.1692,21.33,0.06
1334,1702,3,11,79,6.44,2.25,0.89,0.20,0.39,0.58,16.55,0.4563,0.3313,0.8188,-0.97,0.5287,0.5897,0.1559,11.78,-4.52
1335,1704,3,7,58,8.09,3.17,2.24,0.81,0.16,1.03,25.95,0.4786,0.3850,0.6842,-1.72,0.5749,0.5876,0.1317,10.74,-3.65
1336,1730,3,1,46,1.04,0.39,0.11,0.02,0.04,0.17,3.71,0.2903,0.2564,1.0000,-1.11,0.3710,0.3817,0.1708,3.23,-9.35
1337,1739,3,9,9,3.56,1.33,1.56,0.56,0.44,0.78,12.81,0.2143,0.1429,0.9091,-4.89,0.2619,0.3416,0.2020,5.25,-1.69
1338,1739,3,20,45,7.27,1.96,1.16,0.67,0.07,0.47,20.21,0.3951,0.3632,0.7059,0.11,0.5297,0.5433,0.1521,8.93,-4.70
1339,1752,3,28,12,2.17,1.92,0.42,0.25,1.50,1.00,10.00,0.2895,0.0000,0.4444,-6.67,0.2895,0.3098,0.1913,5.40,-4.79
1340,1753,3,1,12,2.00,1.83,0.33,0.42,0.33,0.08,6.07,0.3478,0.3333,0.8333,-3.42,0.4130,0.4680,0.1516,13.99,2.93
1341,1766,3,14,70,13.19,4.20,1.16,0.59,0.36,0.66,26.08,0.5370,0.4224,0.7388,1.76,0.6095,0.6279,0.1853,16.77,-2.30
1342,1772,3,25,19,4.21,2.37,2.84,0.58,0.47,1.58,16.60,0.4085,0.3200,0.8235,-0.21,0.4648,0.5097,0.1481,9.36,-0.78
1343,1784,3,12,69,20.13,3.93,10.90,1.20,0.70,2.30,32.23,0.4771,0.3645,0.8546,4.26,0.5701,0.6050,0.2476,27.07,16.86
1344,1811,3,16,17,0.59,0.35,0.47,0.00,0.00,0.18,4.47,0.2857,0.1250,0.5000,1.24,0.3214,0.3360,0.1033,1.16,-7.48
1345,1831,3,7,79,14.42,3.22,1.76,0.53,0.08,0.87,26.84,0.4016,0.3534,0.8521,0.16,0.5097,0.5422,0.2272,13.17,-2.38
1346,1832,3,13,72,16.56,5.13,8.53,1.07,0.79,2.57,34.31,0.4282,0.3811,0.8779,4.04,0.5414,0.6123,0.2078,21.04,9.01
1347,1836,3,7,82,6.46,1.60,1.33,0.27,0.05,0.76,12.07,0.4071,0.3616,0.7763,-1.54,0.4916,0.5171,0.2497,12.63,-0.96
1348,1864,3,22,54,6.89,1.69,1.61,0.91,0.26,0.57,24.03,0.4411,0.3707,0.7556,1.69,0.5690,0.5871,0.1179,8.50,-5.05
1349,1866,3,9,38,1.03,0.34,0.26,0.08,0.05,0.11,4.48,0.3590,0.3333,0.5000,-1.26,0.4872,0.4890,0.1099,3.76,-7.37
1350,1873,3,23,76,15.84,5.96,2.86,0.92,0.61,1.22,31.16,0.4869,0.3527,0.8779,2.95,0.5347,0.5762,0.2084,18.66,1.45
1351,1881,3,20,81,9.40,8.33,4.09,0.93,0.28,1.46,33.42,0.4345,0.3101,0.7913,4.27,0.4934,0.5215,0.1364,15.04,1.21
1352,1882,3,20,78,7.46,8.03,2.41,1.12,1.09,1.19,24.32,0.6438,0.3333,0.7070,5.21,0.6452,0.6704,0.1206,20.25,3.37
1353,1895,3,2,79,9.01,3.49,1.04,0.51,0.32,0.41,22.03,0.4462,0.4237,0.8947,6.23,0.6228,0.6286,0.1508,13.74,-2.91
1354,1901,3,19,81,6.47,1.83,0.86,0.23,0.09,0.49,14.33,0.3816,0.3658,0.8375,0.15,0.5011,0.5334,0.2001,10.94,-3.86
1355,1911,3,14,79,3.84,2.67,0.42,0.43,0.37,0.54,11.11,0.7200,0.0000,0.6220,-1.35,0.7200,0.7177,0.1255,14.98,-3.54
1356,1912,3,9,50,5.78,2.38,4.10,0.72,0.40,1.02,20.16,0.4134,0.2973,0.6600,-4.88,0.4523,0.4738,0.1501,12.63,4.09
1357,1915,3,4,25,14.48,4.68,4.64,1.12,0.48,2.04,31.92,0.4680,0.3607,0.7654,-5.32,0.5051,0.5441,0.2064,16.05,1.93
1358,1915,3,21,26,5.31,2.46,1.62,0.46,0.04,0.58,17.21,0.4528,0.5172,0.6923,-0.04,0.5236,0.5602,0.1338,12.15,-2.45
1359,1939,3,25,66,13.15,2.94,5.09,0.73,0.20,3.21,26.75,0.3852,0.3246,0.8186,-7.50,0.4398,0.4894,0.2671,10.65,0.12
1360,1941,3,29,52,5.62,3.56,0.62,0.54,0.58,0.52,16.47,0.4500,0.3786,0.7931,-2.88,0.5604,0.5776,0.1381,13.21,-2.88
1361,1964,3,16,46,19.02,4.83,4.09,0.65,0.07,2.02,30.59,0.4408,0.3964,0.8559,0.67,0.5306,0.5581,0.2788,18.22,2.29
1362,1978,3,12,52,11.98,3.21,2.67,0.83,0.60,1.19,25.68,0.4429,0.3838,0.8485,1.75,0.5754,0.5861,0.1855,14.13,-0.17
1363,1978,3,23,32,12.19,3.19,3.03,0.84,0.34,1.28,25.75,0.4264,0.3886,0.9231,-0.84,0.5495,0.5661,0.2076,13.72,0.23
1364,1985,3,16,69,5.87,3.04,1.01,0.77,0.43,0.49,19.79,0.4650,0.3958,0.6389,0.10,0.5805,0.5872,0.1253,10.98,-3.75
1365,2006,3,11,31,1.06,0.71,0.32,0.10,0.06,0.10,2.41,0.4231,0.5000,0.8000,0.42,0.5577,0.5851,0.1787,18.74,5.85
1366,2023,3,11,82,6.27,1.50,1.71,0.51,0.07,0.65,15.47,0.4460,0.3871,0.9206,1.04,0.5468,0.5779,0.1674,11.24,-1.76
1367,2024,3,2,69,12.46,5.41,4.83,0.88,0.77,1.80,32.80,0.4804,0.4286,0.8333,6.19,0.5806,0.5967,0.1641,16.52,2.19
1368,2025,3,8,82,2.85,0.87,0.82,0.44,0.11,0.17,10.51,0.4536,0.4044,0.7500,0.67,0.5954,0.5977,0.1070,9.10,-3.67
1369,2035,3,7,48,1.63,1.63,0.31,0.06,0.19,0.25,4.93,0.5593,,0.5714,-0.71,0.5593,0.5715,0.1457,15.74,-0.92
1370,2035,3,30,28,4.32,3.71,0.36,0.29,0.36,0.43,11.34,0.5568,0.3333,0.8462,-2.00,0.5625,0.6084,0.1487,17.28,-1.38
1371,2037,3,21,82,16.55,7.90,2.44,0.65,2.32,1.60,29.43,0.5299,0.3696,0.7927,5.16,0.5976,0.6318,0.2181,23.52,4.20
1372,2049,3,14,45,0.76,0.29,0.18,0.07,0.04,0.20,2.42,0.2222,0.1333,0.6000,-1.20,0.2444,0.3160,0.2498,-0.16,-7.26
1373,2057,3,2,67,8.39,6.16,2.51,0.57,0.93,0.72,25.97,0.5107,0.4186,0.8667,6.28,0.6396,0.6502,0.1215,17.73,1.57
1374,2064,3,29,80,6.45,1.51,2.21,0.56,0.24,0.81,12.60,0.3957,0.3297,0.8073,-1.34,0.4602,0.5030,0.2411,14.65,4.34
1375,2068,3,23,45,3.20,1.29,0.62,0.33,0.11,0.42,11.32,0.4476,0.3000,0.7609,0.44,0.5190,0.5749,0.1217,8.34,-6.28
1376,2069,3,22,78,3.24,1.08,0.37,0.19,0.05,0.21,10.45,0.3883,0.3731,0.8077,-0.38,0.5631,0.5818,0.1262,7.60,-7.04
1377,2076,3,22,33,0.88,0.21,0.18,0.06,0.06,0.09,2.02,0.3333,0.2800,0.5000,0.12,0.4500,0.4565,0.2273,9.39,-1.55
1378,2092,3,26,64,10.23,3.50,2.59,0.70,0.36,0.83,24.42,0.4429,0.3607,0.7660,1.17,0.5527,0.5640,0.1739,13.41,0.01
1379,2114,3,1,58,15.36,3.83,1.50,0.69,0.28,1.43,28.99,0.4585,0.3849,0.8469,-0.84,0.5468,0.5946,0.2083,13.42,-4.02
1380,2124,3,15,11,2.91,1.45,0.36,0.27,0.27,0.18,10.30,0.3529,0.2500,1.0000,-1.09,0.4265,0.4530,0.1439,7.91,-5.11
1381,2131,3,13,78,3.28,0.71,1.19,0.33,0.05,0.56,6.93,0.3865,0.3259,0.7826,-0.83,0.4741,0.4902,0.2504,11.66,1.87
1382,2141,3,22,71,4.17,2.00,2.86,0.61,0.07,0.94,16.47,0.4361,0.4348,0.8235,2.32,0.5903,0.6117,0.1169,11.89,0.71
1383,2144,3,19,65,20.49,4.98,5.58,0.77,0.62,2.51,32.35,0.4916,0.3554,0.8013,2.69,0.5339,0.5781,0.2729,20.60,4.93
1384,2148,3,7,58,25.64,5.00,5.16,1.28,0.48,1.83,34.99,0.4969,0.4109,0.9048,4.78,0.5734,0.6077,0.2818,23.47,6.15
1385,2149,3,22,63,6.24,4.13,0.48,0.68,1.11,0.43,14.52,0.5105,0.3750,0.7195,2.89,0.5839,0.6101,0.1682,20.90,2.11
1386,2153,3,9,80,14.81,3.30,3.70,0.71,0.51,2.38,27.72,0.4286,0.3360,0.7492,-4.38,0.4923,0.5356,0.2506,13.36,-0.43
1387,2164,3,15,55,12.71,3.56,1.07,0.51,0.44,1.18,22.42,0.4281,0.3566,0.7516,-3.53,0.5187,0.5545,0.2440,15.05,-2.75
1388,2166,3,12,79,4.85,3.01,0.63,0.43,0.77,0.49,9.76,0.6652,0.0000,0.7157,0.37,0.6652,0.6891,0.1733,22.31,3.49
1389,2183,3,8,82,10.16,1.89,3.76,0.54,0.15,1.29,22.16,0.4312,0.3592,0.8061,0.96,0.4987,0.5212,0.2191,12.49,1.52
1390,2189,3,17,79,1.58,1.43,0.63,0.20,0.08,0.35,7.24,0.5000,0.3696,0.7273,-1.13,0.5850,0.5961,0.1006,8.35,-4.25
1391,2190,3,15,68,21.85,5.37,2.26,1.18,1.56,2.35,31.24,0.4444,0.3197,0.8082,-5.00,0.4948,0.5526,0.3074,18.10,0.91
1392,2191,3,10,79,6.84,4.32,1.04,0.37,0.96,0.62,14.31,0.7018,0.0000,0.5606,0.41,0.7018,0.6922,0.1645,23.97,3.46
1393,2205,3,14,73,24.96,7.10,8.07,1.22,0.52,3.36,34.30,0.5398,0.4105,0.7500,2.99,0.5985,0.6297,0.2934,28.97,11.11
1394,2214,3,16,76,11.70,3.75,2.57,1.01,0.26,1.45,27.81,0.4892,0.3218,0.8114,1.42,0.5359,0.5743,0.1879,13.35,-2.04
1395,2217,3,15,9,4.78,4.89,2.89,0.67,0.22,1.00,16.60,0.3400,0.3077,0.4545,-2.67,0.3800,0.3920,0.1808,14.38,5.40
1396,2231,3,15,24,7.13,5.54,1.13,0.50,1.17,1.38,23.86,0.5515,,0.8400,-4.71,0.5515,0.5816,0.1359,12.41,-4.15
1397,2245,3,21,78,8.15,2.31,1.27,0.59,0.28,0.60,18.53,0.4577,0.4164,0.8654,4.51,0.6093,0.6261,0.1674,13.90,-2.31
1398,2259,3,3,65,11.94,3.86,2.12,0.75,0.23,0.88,24.60,0.4459,0.3909,0.7890,-1.18,0.5574,0.5817,0.1974,15.39,-0.29
1399,2287,3,1,62,14.45,7.87,3.27,1.08,0.76,1.63,30.47,0.5114,0.3550,0.7279,-1.23,0.5620,0.5843,0.1925,20.18,3.13
1400,2292,3,27,69,15.71,5.46,2.83,0.74,0.29,1.45,29.54,0.4536,0.3460,0.7919,-5.03,0.5273,0.5650,0.2202,16.68,0.47
1401,2295,3,3,15,2.07,0.47,0.20,0.20,0.07,0.33,4.09,0.3810,0.4000,0.9167,-1.67,0.4762,0.5898,0.2294,12.12,-5.43
1402,2298,3,21,13,0.85,0.77,0.31,0.08,0.00,0.31,5.09,0.3125,0.3333,,-0.54,0.3438,0.3438,0.1315,3.12,-8.80
1403,2327,3,8,79,26.39,12.35,8.96,1.37,0.86,3.00,34.64,0.5826,0.3593,0.8174,8.63,0.6120,0.6501,0.2963,36.39,17.56
1404,2340,3,26,59,1.08,0.68,0.34,0.12,0.08,0.17,3.25,0.3944,0.0909,0.5455,0.15,0.4085,0.4219,0.1924,9.31,-0.50
1405,2343,3,6,82,1.30,0.76,0.18,0.09,0.16,0.16,3.29,0.5972,0.2143,0.8571,-1.11,0.6181,0.6585,0.1550,17.07,-1.48
1406,2355,3,19,77,10.87,3.53,2.58,1.36,0.81,1.21,30.15,0.4983,0.4176,0.8671,3.00,0.5952,0.6365,0.1418,12.67,-1.98
1407,2384,3,27,78,9.88,3.71,6.13,1.00,0.12,1.49,27.41,0.5050,0.3351,0.8559,-0.28,0.5583,0.5913,0.1525,17.93,6.24
1408,2385,3,30,71,11.13,2.52,6.83,1.00,0.25,0.93,27.22,0.4895,0.4141,0.8000,-7.00,0.5691,0.5778,0.1638,19.35,9.31
1409,2393,3,7,77,8.53,3.25,0.97,0.69,0.66,0.84,23.15,0.4828,0.3431,0.7132,0.71,0.5657,0.5921,0.1492,12.12,-4.49
1410,2395,3,8,82,1.73,1.91,0.32,0.07,0.20,0.28,4.82,0.6237,,0.4906,-1.07,0.6237,0.6104,0.1550,19.27,0.92
1411,2406,3,10,48,1.31,0.63,0.88,0.08,0.06,0.25,6.16,0.3594,0.3095,0.5714,-0.25,0.4609,0.4696,0.1132,7.31,-2.29
1412,2410,3,16,72,4.89,2.67,1.25,0.35,0.19,0.58,12.45,0.4520,0.3988,0.7021,2.07,0.5676,0.5834,0.1727,14.95,0.11
1413,2412,3,29,26,5.54,1.38,0.88,0.15,0.08,0.50,14.30,0.4636,0.4156,0.7143,-0.31,0.6091,0.6198,0.1487,9.84,-5.70
1414,2453,3,15,50,8.58,2.26,2.72,0.40,0.04,1.08,19.99,0.4476,0.4496,0.8889,-3.74,0.6175,0.6407,0.1681,14.85,-0.24
1415,2467,3,29,65,7.97,7.40,0.92,0.46,2.37,1.02,22.98,0.6543,0.2105,0.6022,-2.29,0.6600,0.6625,0.1285,20.95,1.32
1416,2469,3,8,50,0.44,0.36,0.18,0.04,0.02,0.02,1.20,0.4118,0.4000,0.7500,-0.22,0.4706,0.5361,0.1567,20.17,7.40
1417,2506,3,30,81,13.21,2.78,1.94,0.52,0.20,1.21,25.53,0.4861,0.3833,0.7261,-5.49,0.6020,0.6199,0.1964,14.07,-3.00
1418,2511,3,7,45,4.24,3.18,1.51,0.38,0.67,0.62,19.37,0.4315,0.3478,0.7021,2.76,0.5411,0.5730,0.0974,10.00,-3.45
1419,2532,3,9,40,5.58,1.88,0.58,0.33,0.18,0.55,14.01,0.4624,0.3298,0.9091,-2.13,0.5457,0.5698,0.1654,10.34,-5.65
1420,2541,3,15,67,3.51,3.84,1.64,0.76,0.76,0.69,17.52,0.4231,0.3167,0.8400,-2.25,0.5144,0.5365,0.0981,13.51,-0.09
1421,2544,3,23,47,1.87,0.64,0.53,0.30,0.06,0.21,6.38,0.3947,0.3500,0.7000,0.96,0.4868,0.5189,0.1355,9.69,-3.24
1422,2546,3,2,75,4.45,3.48,0.89,0.31,0.81,0.28,13.11,0.6995,1.0000,0.9074,2.91,0.7020,0.7365,0.1106,20.49,1.78
1423,2561,3,1,23,5.87,2.26,2.17,0.57,0.26,0.87,23.54,0.4904,0.4118,0.8333,0.04,0.6250,0.6330,0.1020,8.56,-4.70
1424,2575,3,10,75,15.84,4.73,2.17,0.73,0.48,1.63,25.99,0.5290,0.3212,0.7458,1.67,0.5597,0.5979,0.2423,18.85,0.09
1425,2582,3,30,71,21.87,6.54,4.17,0.52,0.69,2.70,32.13,0.4631,0.3356,0.7750,-7.92,0.5206,0.5474,0.2992,20.02,3.10
1426,2588,3,15,52,7.29,2.46,1.12,0.56,0.23,0.87,15.48,0.3894,0.3397,0.8257,-2.19,0.4769,0.5399,0.2114,12.78,-2.34
1427,2591,3,5,26,18.73,4.96,3.77,0.81,0.31,2.00,33.53,0.4521,0.3491,0.8544,-3.54,0.5306,0.5779,0.2433,16.66,0.45
1428,2607,3,11,78,3.51,2.21,0.83,0.26,0.42,0.40,9.79,0.5146,0.2500,0.8000,2.06,0.5388,0.5840,0.1483,15.94,0.28
1429,2639,3,7,59,2.31,0.85,0.34,0.17,0.05,0.24,5.27,0.4463,0.2600,0.6522,0.31,0.5000,0.5186,0.2009,12.46,-2.84
1430,2644,3,6,75,12.69,3.73,4.61,1.01,0.45,1.56,26.11,0.4207,0.3253,0.7662,1.60,0.4866,0.5240,0.2324,16.79,4.88
1431,2667,3,24,50,1.42,0.62,0.60,0.14,0.06,0.16,3.70,0.3636,0.1250,0.7436,0.30,0.3818,0.4920,0.1891,15.21,4.04
1432,2673,3,26,63,1.90,2.03,0.79,0.17,0.52,0.43,7.05,0.6173,0.0000,0.5882,2.25,0.6173,0.6253,0.1192,16.43,2.09
1433,2677,3,13,68,23.72,6.12,3.59,1.63,0.87,1.75,34.27,0.5250,0.4167,0.8846,5.76,0.5852,0.6262,0.2691,24.56,4.70
1434,2695,3,14,62,0.18,0.06,0.10,0.03,0.02,0.16,1.66,0.1905,0.1111,0.6667,-1.18,0.2143,0.2464,0.1362,-2.83,-13.70
1435,2701,3,19,32,1.38,0.44,0.56,0.16,0.03,0.25,4.48,0.3077,0.1000,0.9091,-0.59,0.3269,0.3871,0.1945,7.10,-2.23
1436,2701,3,29,29,1.55,0.41,0.66,0.14,0.03,0.21,4.11,0.4500,0.1538,0.7778,-1.52,0.4750,0.5118,0.1788,13.91,1.58
1437,2707,3,17,74,23.99,4.32,6.86,0.97,0.24,2.61,34.84,0.4236,0.3537,0.9202,5.26,0.5098,0.5904,0.2854,21.54,6.59
1438,2711,3,24,67,2.27,1.12,0.31,0.15,0.15,0.21,6.84,0.4597,0.3000,0.8500,-1.31,0.5444,0.5723,0.1397,11.02,-4.56
1439,2712,3,7,55,8.78,6.87,1.09,0.65,1.40,0.91,23.54,0.7466,0.0000,0.5062,2.62,0.7466,0.7282,0.1270,19.90,0.08
1440,2713,3,9,28,4.07,1.71,0.89,0.46,0.18,0.57,16.77,0.3448,0.2857,0.6667,-7.11,0.4397,0.4600,0.1263,4.94,-7.04
1441,2714,3,17,50,0.52,0.42,0.10,0.04,0.00,0.10,1.81,0.5000,0.2000,0.7500,-0.54,0.5227,0.5471,0.1366,8.58,-5.93
1442,2729,3,15,24,1.63,0.63,0.58,0.13,0.13,0.25,4.11,0.3784,0.3000,0.5333,0.21,0.4189,0.4472,0.2164,9.41,0.91
1443,2729,3,29,7,7.86,2.86,2.71,0.43,0.29,0.86,12.96,0.6000,0.3333,0.8182,-0.29,0.6571,0.6903,0.2187,26.26,9.66
1444,2738,3,10,82,4.07,5.11,1.62,0.34,0.35,0.61,14.57,0.5966,0.0000,0.6747,0.46,0.5966,0.6196,0.1135,18.24,2.80
1445,2739,3,17,79,12.53,5.18,1.61,0.54,2.39,1.00,30.52,0.4848,0.3663,0.8209,3.52,0.5828,0.6081,0.1605,15.56,-0.93
1446,2742,3,17,51,0.35,0.10,0.08,0.02,0.06,0.04,1.27,0.3684,0.2500,1.0000,-0.45,0.4211,0.4527,0.1438,5.33,-5.64
1447,2750,3,16,62,7.82,5.45,1.85,0.29,0.16,0.77,14.91,0.4401,0.3443,0.7870,1.76,0.5571,0.5965,0.2198,22.74,5.94
1448,2756,3,16,37,8.19,3.49,3.97,1.05,0.41,1.43,28.04,0.4256,0.3851,0.8333,0.35,0.5537,0.5816,0.1346,11.43,-0.25
1449,2756,3,23,23,8.00,2.83,4.61,0.87,0.26,1.39,28.37,0.4444,0.4045,0.8485,-0.48,0.5778,0.6153,0.1253,11.61,0.17
1450,2771,3,1,24,0.58,0.29,0.00,0.00,0.00,0.04,2.16,0.2353,0.2308,0.7500,-0.54,0.3235,0.3731,0.1601,0.37,-10.59
1451,2774,3,26,59,7.10,4.36,1.22,0.29,0.32,0.64,19.63,0.4455,0.3836,0.7000,3.03,0.5763,0.5955,0.1441,14.07,-2.28
1452,2815,3,4,22,2.45,1.05,1.27,0.32,0.00,0.68,9.10,0.2879,0.1667,0.9167,-2.59,0.3258,0.3788,0.1855,5.44,-3.01
1453,2822,3,27,82,2.32,1.79,0.60,0.09,0.15,0.23,5.50,0.4710,0.2969,0.7353,0.55,0.5323,0.5590,0.1776,20.25,3.95
1454,2828,3,13,75,8.77,3.39,1.59,0.57,0.20,0.64,24.97,0.5152,0.3480,0.8316,0.69,0.5872,0.6152,0.1378,11.96,-3.90
1455,2829,3,4,31,10.74,4.03,4.68,1.55,0.10,1.81,27.99,0.4529,0.3645,0.7586,-3.94,0.5236,0.5522,0.1894,15.72,2.95
1456,2829,3,21,46,1.07,0.52,0.43,0.07,0.00,0.20,2.59,0.5000,0.4211,1.0000,-0.11,0.6000,0.6058,0.1812,18.49,2.74
1457,2845,3,11,81,0.56,0.40,0.07,0.01,0.02,0.06,0.88,0.5294,0.0000,0.6429,-0.25,0.5294,0.5603,0.2713,28.05,6.17
1458,2846,3,29,55,23.24,8.16,2.00,0.91,0.47,1.40,33.09,0.4798,0.3986,0.8989,0.38,0.5781,0.6315,0.2495,23.87,2.44
1459,2855,3,19,69,6.75,3.48,1.86,0.71,0.17,0.94,18.22,0.4632,0.3867,0.7907,2.97,0.5422,0.5755,0.1638,14.64,-0.49
1460,2863,3,16,65,9.85,4.32,2.20,0.72,0.45,1.18,27.02,0.4311,0.3491,0.7778,1.02,0.5036,0.5311,0.1748,11.95,-2.48
1461,2865,3,4,30,7.03,3.63,3.47,1.07,0.60,1.47,25.10,0.3814,0.3140,0.6061,-5.23,0.4442,0.4597,0.1621,11.13,0.22
1462,2875,3,23,76,2.82,1.68,0.66,0.26,0.14,0.39,9.41,0.5439,0.3043,0.5385,-0.04,0.5643,0.5687,0.1324,10.12,-4.05
1463,2895,3,1,81,4.01,1.14,0.46,0.25,0.10,0.23,12.25,0.4558,0.4404,0.8095,-1.20,0.6438,0.6647,0.1115,7.69,-7.07
1464,2898,3,12,60,14.27,3.90,1.98,0.58,0.23,1.62,25.64,0.4465,0.3738,0.8214,-1.53,0.5068,0.5620,0.2338,14.77,-2.26
1465,2901,3,1,59,1.86,0.90,0.39,0.27,0.19,0.14,7.00,0.3505,0.3478,0.7500,-1.17,0.4742,0.5113,0.1180,8.04,-4.05
1466,2904,3,23,73,24.88,3.53,5.93,0.95,0.45,1.59,35.97,0.4496,0.3726,0.8677,4.15,0.5243,0.5728,0.2811,20.20,5.77
1467,2918,3,14,28,0.79,0.21,0.36,0.25,0.04,0.07,2.76,0.4762,0.4000,,-0.32,0.5238,0.5238,0.1302,12.05,1.67
1468,2918,3,25,33,4.03,1.12,2.27,0.42,0.09,0.55,10.78,0.3841,0.2857,0.7647,-2.85,0.4348,0.4571,0.1942,13.29,5.19
1469,2928,3,20,82,6.85,1.22,1.39,0.61,0.09,0.37,16.19,0.4515,0.4098,0.8600,-0.20,0.5716,0.5903,0.1660,11.50,-2.20
1470,2951,3,19,66,20.03,4.33,4.62,0.94,0.62,1.67,32.71,0.4588,0.4291,0.8273,2.95,0.5720,0.5922,0.2495,19.13,3.93
1471,2954,3,12,81,8.98,2.36,4.81,0.89,0.10,1.33,15.94,0.5565,0.4091,0.7903,1.17,0.5717,0.5860,0.2380,24.88,13.44
1472,2968,3,18,72,10.51,3.11,1.40,0.88,0.58,1.21,29.24,0.4889,0.3373,0.7215,2.17,0.5573,0.5711,0.1590,9.01,-5.94
1473,2969,3,28,82,2.06,0.96,0.45,0.23,0.07,0.37,6.56,0.3439,0.1690,0.7297,-1.98,0.3757,0.4116,0.1876,6.38,-5.04
1474,2972,3,12,19,3.95,0.58,0.68,0.26,0.00,0.21,10.75,0.4058,0.3214,0.5000,0.68,0.5362,0.5366,0.1546,7.18,-5.51
1475,2972,3,27,48,5.75,1.00,1.19,0.23,0.04,0.50,14.58,0.4419,0.4393,0.5882,-3.25,0.6186,0.6203,0.1481,9.79,-4.69
1476,2983,3,26,81,2.28,1.56,0.21,0.17,0.25,0.42,4.19,0.5985,0.1429,0.5778,0.09,0.6023,0.6094,0.2352,22.40,0.94
1477,2988,3,4,78,3.87,1.31,0.65,0.27,0.13,0.38,11.30,0.4391,0.3333,0.7765,-2.94,0.5130,0.5647,0.1504,9.56,-5.26
1478,3012,3,18,67,2.91,1.07,1.64,0.52,0.10,0.28,9.35,0.4828,0.4719,0.7222,2.31,0.6276,0.6376,0.1224,16.05,4.39
1479,3055,3,23,41,10.27,3.44,2.78,1.46,0.39,0.95,24.96,0.3861,0.3598,0.8354,5.32,0.4931,0.5332,0.1809,13.55,1.29
1480,3061,3,4,30,1.10,2.17,0.30,0.20,0.47,0.47,10.22,0.4286,,0.7500,-4.43,0.4286,0.4958,0.0683,3.56,-8.43
1481,3066,3,6,77,6.30,1.56,1.40,0.25,0.05,0.25,13.88,0.4020,0.4040,0.9286,0.36,0.5840,0.5983,0.1767,13.19,-0.45
1482,3068,3,9,14,10.50,6.00,1.93,1.71,0.50,1.79,29.39,0.5000,0.3023,0.9524,-5.14,0.5570,0.5964,0.1594,14.62,-2.27
1483,3068,3,24,51,3.63,2.16,0.37,0.37,0.18,0.53,8.78,0.5077,0.2941,0.8837,-0.73,0.5654,0.6211,0.1718,16.15,-2.84
1484,3073,3,4,31,10.42,2.06,6.00,0.71,0.13,2.26,26.28,0.4373,0.2936,0.8393,-5.94,0.4946,0.5319,0.2109,13.62,3.26
1485,3073,3,21,51,1.94,0.47,1.49,0.18,0.06,0.57,7.08,0.4066,0.2444,0.7368,2.16,0.4670,0.4982,0.1558,9.91,0.59
1486,3075,3,17,55,15.05,4.67,5.31,0.93,0.27,2.31,27.05,0.4930,0.3806,0.8333,2.27,0.5661,0.5950,0.2370,19.46,5.46
1487,3096,3,4,78,16.40,4.04,2.24,0.85,0.54,1.69,30.55,0.4395,0.3732,0.8266,-6.54,0.5245,0.5517,0.2414,13.61,-2.22
1488,3104,3,18,32,0.91,0.63,0.25,0.06,0.03,0.03,1.63,0.6500,0.4000,0.5000,0.25,0.7000,0.6944,0.1872,30.74,11.96
1489,3113,3,1,57,0.89,0.35,0.25,0.16,0.02,0.14,3.54,0.3725,0.3824,,-0.68,0.5000,0.5000,0.1203,6.49,-5.63
1490,3113,3,16,21,3.62,0.71,0.95,0.52,0.00,0.38,10.18,0.3375,0.2075,1.0000,2.14,0.4063,0.4479,0.2000,7.42,-3.02
1491,3117,3,9,8,3.38,2.25,0.75,0.25,0.13,0.38,7.89,0.4231,0.3333,0.6667,-3.38,0.4808,0.4941,0.2035,17.78,2.36
1492,3117,3,18,51,3.49,1.00,0.98,0.31,0.10,0.55,9.62,0.4000,0.2642,0.8182,-0.55,0.4438,0.4962,0.1875,9.02,-3.35
1493,3118,3,25,45,1.36,1.24,0.47,0.20,0.22,0.20,8.47,0.2973,0.2449,0.5556,-1.80,0.3784,0.3912,0.0980,5.36,-5.80
1494,3125,3,18,64,0.78,0.27,0.13,0.08,0.08,0.03,1.43,0.4722,0.4000,0.8571,0.31,0.5278,0.5930,0.2150,20.03,4.60
1495,3131,3,26,81,4.68,1.17,1.65,0.21,0.04,0.53,13.59,0.4520,0.3608,0.7143,-0.56,0.5402,0.5549,0.1502,9.95,-2.49
1496,3132,3,6,56,26.13,5.00,5.95,1.80,0.54,2.75,34.69,0.4619,0.3684,0.8648,5.80,0.5455,0.5952,0.3122,23.60,7.17
1497,3144,3,6,50,15.70,9.36,3.20,0.90,1.44,1.80,30.64,0.5797,0.3729,0.7193,0.66,0.5996,0.6258,0.2083,23.68,4.65
1498,3145,3,6,24,0.96,0.42,0.25,0.08,0.00,0.08,3.00,0.4167,0.3000,0.0000,-1.25,0.4792,0.4705,0.1616,8.90,-3.13
1499,3159,3,26,72,15.42,2.94,5.14,0.63,0.54,2.08,26.00,0.4434,0.3499,0.8293,0.14,0.5263,0.5645,0.2598,17.63,5.01
1500,3166,3,10,73,7.30,2.68,0.78,0.58,0.33,0.60,15.84,0.4619,0.3600,0.7849,1.36,0.5476,0.5782,0.1850,14.40,-2.38
1501,3168,3,13,34,0.97,0.53,0.62,0.09,0.09,0.15,3.51,0.3261,0.1176,0.5000,-1.09,0.3478,0.3520,0.1941,9.68,3.16
1502,3182,3,18,59,0.31,0.20,0.10,0.08,0.02,0.07,1.28,0.5000,0.0000,,-0.10,0.5000,0.5000,0.1300,10.98,-3.03
1503,3184,3,15,15,15.07,3.33,4.87,0.47,0.33,1.80,21.19,0.4706,0.2745,0.8125,0.73,0.5118,0.5702,0.3047,23.83,9.32
1504,3196,3,7,80,0.83,0.49,0.20,0.06,0.04,0.15,2.71,0.3382,0.3571,0.8333,-0.71,0.4485,0.4672,0.1643,9.48,-4.09
1505,3198,3,9,6,4.33,1.83,1.33,0.17,0.00,0.17,10.03,0.4138,0.2222,,2.00,0.4483,0.4483,0.2186,16.03,3.57
1506,3198,3,18,27,3.85,1.33,1.81,0.52,0.22,0.15,12.62,0.3958,0.4167,0.6667,2.33,0.5000,0.5134,0.1382,13.57,2.78
1507,3201,3,6,15,4.60,1.67,0.67,0.13,0.13,0.73,12.01,0.4407,0.4138,0.6250,-3.40,0.5424,0.5518,0.1852,9.51,-6.49
1508,3201,3,23,43,5.74,2.53,0.60,0.30,0.26,0.44,14.81,0.4390,0.4000,0.8611,-0.21,0.5268,0.5592,0.1612,11.30,-4.33
1509,3245,3,19,59,14.27,4.75,2.10,0.86,0.47,0.58,28.65,0.4428,0.3798,0.8146,4.49,0.5789,0.6124,0.1881,17.59,0.60
1510,3246,3,1,82,21.38,5.07,6.12,1.35,0.29,2.45,33.94,0.4593,0.3628,0.7939,-1.88,0.5280,0.5554,0.2681,20.46,6.10
1511,3248,3,8,59,21.19,4.10,6.51,0.97,0.66,2.12,31.55,0.4807,0.4252,0.8533,5.27,0.5543,0.5858,0.2829,22.57,8.28
1512,3249,3,26,77,15.22,5.45,1.68,1.03,0.77,0.83,33.62,0.4544,0.3581,0.8306,1.79,0.5482,0.5692,0.1817,13.96,-2.00
1513,3251,3,25,81,4.64,2.77,0.99,0.65,0.26,0.68,16.64,0.3962,0.2678,0.6607,-2.02,0.4631,0.4813,0.1419,9.65,-4.17
1514,3258,3,9,17,2.65,1.71,0.59,0.18,0.29,0.12,10.07,0.3409,0.3824,0.5000,2.71,0.4886,0.4917,0.1204,9.48,-3.07
1515,3258,3,21,23,0.74,0.91,0.17,0.04,0.04,0.17,3.97,0.3636,0.0909,0.0000,-0.09,0.3864,0.3788,0.1260,6.63,-6.68
1516,3258,3,30,38,2.50,1.97,0.61,0.13,0.18,0.42,8.88,0.3667,0.2745,0.7500,-3.53,0.4444,0.4808,0.1437,10.09,-3.71
1517,3264,3,2,79,2.05,0.65,0.44,0.14,0.01,0.15,5.23,0.4161,0.3889,0.6667,1.89,0.5693,0.5746,0.1624,12.32,-2.23
1518,3277,3,19,62,5.65,4.95,1.82,0.98,0.31,0.79,19.62,0.5726,0.4154,0.7705,1.15,0.6286,0.6534,0.1145,16.82,0.68
1519,3305,3,12,70,8.94,2.01,4.00,0.90,0.09,1.44,24.24,0.4981,0.3567,0.8036,0.93,0.5565,0.5726,0.1618,12.29,0.42
1520,3310,3,12,72,12.18,3.82,1.50,0.90,0.68,0.89,27.71,0.4961,0.4192,0.7810,2.24,0.6063,0.6307,0.1605,12.71,-3.07
1521,3326,3,6,82,9.37,3.39,1.20,0.37,0.22,0.88,22.33,0.4494,0.3763,0.8500,0.38,0.5672,0.5832,0.1770,10.84,-4.66
1522,3340,3,8,74,2.51,1.69,0.43,0.20,0.51,0.36,7.79,0.4631,0.2609,0.6774,-2.27,0.4832,0.5276,0.1552,11.92,-2.23
1523,3365,3,9,7,4.29,1.43,0.43,0.14,0.29,0.29,8.23,0.5217,0.3333,0.6667,-4.43,0.5652,0.5850,0.2128,18.02,-1.06
1524,3365,3,15,9,5.67,1.56,1.78,0.33,0.00,0.56,17.34,0.4000,0.1739,1.0000,-0.22,0.4364,0.4528,0.1746,7.29,-3.52
1525,3372,3,24,77,10.77,10.87,3.91,1.05,1.04,2.27,26.99,0.5104,0.2444,0.6398,5.25,0.5279,0.5587,0.1930,22.40,6.56
1526,3375,3,12,40,2.35,0.83,0.45,0.15,0.03,0.30,4.57,0.4512,0.3056,0.8182,-0.40,0.5183,0.5412,0.2254,14.18,-0.74
1527,3375,3,28,41,6.59,2.83,1.07,0.49,0.29,1.00,12.90,0.4654,0.3474,0.8333,-4.46,0.5415,0.5733,0.2240,17.79,-0.31
1528,3394,3,3,50,7.28,4.42,2.74,0.64,0.58,1.02,24.04,0.3877,0.3660,0.6818,-0.44,0.5369,0.5438,0.1378,11.75,-0.28
1529,3394,3,24,30,8.13,5.20,2.73,0.90,0.50,0.73,25.07,0.4112,0.3758,0.6923,4.63,0.5491,0.5553,0.1400,14.68,1.48
1530,3415,3,22,82,1.30,0.98,0.24,0.11,0.09,0.20,5.26,0.3571,0.2805,0.5714,-0.85,0.4598,0.4649,0.1339,9.16,-5.36
1531,3417,3,24,68,4.07,2.26,0.94,0.71,0.35,0.53,14.12,0.4175,0.3085,0.7451,0.09,0.4879,0.5521,0.1304,11.90,-2.64
1532,3418,3,1,64,8.77,5.88,1.16,0.41,0.94,0.70,21.95,0.6110,0.3333,0.7931,-0.53,0.6425,0.6742,0.1363,18.09,-0.47
1533,3419,3,6,71,9.11,2.90,1.86,0.80,0.48,0.76,26.57,0.4896,0.3907,0.6788,0.56,0.5771,0.5988,0.1397,11.28,-3.60
1534,3439,3,28,30,11.87,5.23,4.27,1.23,0.60,2.37,24.64,0.5481,0.3380,0.8235,-6.77,0.5983,0.6440,0.1994,19.22,4.18
1535,3439,3,29,51,7.96,4.98,4.29,0.73,0.24,1.59,19.98,0.5620,0.4286,0.8421,-1.16,0.6318,0.6771,0.1561,20.14,6.81
1536,3441,3,30,61,3.39,1.39,0.57,0.44,0.08,0.34,6.45,0.4850,0.2826,0.6531,-2.26,0.5240,0.5489,0.2259,15.98,1.74
1537,3451,3,27,72,6.79,2.50,1.65,0.50,0.15,0.65,17.63,0.4792,0.3891,0.6731,-4.90,0.5911,0.6009,0.1511,12.86,-1.74
1538,3458,3,23,71,14.77,4.80,1.42,1.08,0.66,1.23,28.95,0.4408,0.3108,0.7500,-0.35,0.4983,0.5352,0.2265,13.70,-2.14
1539,3526,3,10,59,9.03,3.81,6.66,1.19,0.10,1.29,25.95,0.4411,0.3714,0.8269,1.86,0.5246,0.5440,0.1572,17.51,9.09
1540,3536,3,17,50,5.82,1.24,2.18,0.44,0.06,0.62,14.04,0.4550,0.3969,0.8409,-0.28,0.5721,0.6028,0.1649,12.71,0.97
1541,3536,3,23,32,8.97,1.72,3.00,0.63,0.25,1.09,18.83,0.4131,0.3824,0.9130,0.09,0.5135,0.5332,0.2241,12.88,1.82
1542,3542,3,10,51,4.71,2.22,0.94,0.76,0.35,0.53,13.32,0.5628,0.3636,0.6087,1.63,0.6175,0.6214,0.1362,13.70,-1.55
1543,3560,3,15,9,5.33,4.11,0.22,0.67,0.44,0.56,13.50,0.5143,0.3846,0.7000,1.00,0.5857,0.6091,0.1534,18.06,-1.45
1544,3596,3,5,60,1.48,0.60,0.22,0.12,0.12,0.17,5.38,0.4156,0.3158,0.6842,-0.07,0.4935,0.5213,0.1301,5.81,-7.21
1545,3599,3,8,55,0.76,0.25,0.38,0.07,0.00,0.16,2.21,0.4286,0.3600,0.7500,-0.02,0.5571,0.5713,0.1646,10.91,-0.02
1546,3613,3,15,21,12.90,3.19,4.67,1.71,0.48,2.67,25.09,0.4926,0.4167,0.7455,-3.43,0.5665,0.5964,0.2315,16.80,3.62
1547,3620,3,13,57,4.28,4.11,0.96,0.25,0.30,0.63,11.83,0.5686,0.0000,0.7071,0.19,0.5686,0.6207,0.1536,19.48,1.14
1548,3624,3,10,79,8.63,5.41,3.46,0.77,0.18,1.11,24.91,0.4539,0.3846,0.6329,3.34,0.5293,0.5398,0.1554,15.90,2.42
1549,3625,3,28,50,11.10,8.58,2.54,0.70,1.52,1.54,26.38,0.6561,,0.5514,-0.34,0.6561,0.6528,0.1625,22.07,3.54
1550,3627,3,4,20,6.70,3.95,1.50,0.70,0.60,0.80,17.26,0.4286,0.3636,0.7568,-2.00,0.5048,0.5524,0.1844,17.18,1.21
1551,3627,3,21,38,0.32,0.26,0.13,0.03,0.03,0.08,1.59,0.2500,0.1818,0.5000,-0.89,0.3125,0.3378,0.1504,4.63,-5.21
1552,3637,3,30,82,16.54,2.59,4.18,1.05,0.30,2.29,28.60,0.4132,0.3262,0.8767,-6.73,0.4907,0.5287,0.2650,12.96,0.72
1553,3644,3,28,29,3.97,2.83,2.07,0.69,0.69,0.72,12.41,0.3846,0.3333,0.8333,-2.48,0.4808,0.5138,0.1598,16.83,6.22
1554,3647,3,6,71,4.01,1.54,1.66,0.30,0.21,0.63,9.15,0.5088,0.3529,0.7321,-0.35,0.5351,0.5640,0.2029,18.27,4.59
1555,3649,3,8,82,16.54,6.89,1.49,0.51,0.65,1.12,31.27,0.4838,0.3971,0.8364,5.76,0.5857,0.6014,0.2091,17.91,-1.06
1556,3650,3,28,42,0.93,0.69,0.19,0.12,0.12,0.05,4.14,0.4242,0.3478,1.0000,0.52,0.5455,0.5682,0.0897,9.11,-4.27
1557,3651,3,17,82,13.78,7.40,1.27,0.83,0.41,1.11,24.50,0.5076,0.4065,0.7903,-0.06,0.5621,0.5809,0.2296,20.58,1.30
1558,3653,3,2,58,19.74,7.05,1.98,0.72,1.91,1.53,29.13,0.5160,0.3754,0.8576,7.19,0.5891,0.6470,0.2533,24.35,3.58
1559,3658,3,29,25,2.12,1.72,0.24,0.16,0.24,0.20,7.45,0.4750,0.4286,0.7500,-1.12,0.5875,0.6089,0.1119,13.16,-3.78
1560,3662,3,7,79,2.63,2.71,1.06,0.33,0.25,0.41,10.58,0.6792,0.3333,0.7079,0.04,0.6840,0.7165,0.0912,14.91,-0.05
1561,3666,3,13,79,13.37,2.47,1.04,0.54,0.28,0.84,25.20,0.4857,0.4349,0.8314,2.68,0.5944,0.6258,0.2018,13.63,-4.44
1562,3673,3,29,15,0.80,1.13,1.07,0.13,0.07,0.13,4.74,0.3158,0.0000,,1.53,0.3158,0.3158,0.1254,14.54,8.03
1563,3684,3,14,79,8.82,2.91,1.51,0.73,0.44,0.92,26.69,0.4423,0.3961,0.7353,-1.49,0.5656,0.5790,0.1389,9.69,-5.19
1564,3688,3,2,82,9.60,3.23,3.43,0.48,0.07,0.74,22.26,0.4677,0.3848,0.8214,5.48,0.5835,0.5965,0.1730,16.40,2.96
1565,3691,3,7,64,1.89,1.23,0.34,0.11,0.06,0.13,5.25,0.3846,0.2889,0.6829,-1.34,0.4471,0.4957,0.1652,13.87,-1.01
1566,3704,3,22,21,1.90,0.95,0.86,0.33,0.24,0.33,7.83,0.3684,0.1765,0.7500,-0.43,0.4079,0.4621,0.1361,8.94,-1.76
1567,3705,3,2,49,3.14,2.49,0.41,0.27,0.43,0.27,6.80,0.6442,,0.7143,2.76,0.6442,0.6620,0.1688,23.42,4.13
1568,3707,3,20,31,14.52,2.48,2.39,0.52,0.10,1.00,23.23,0.4537,0.3951,0.8723,3.90,0.5493,0.5978,0.2408,17.07,0.39
1569,3707,3,28,38,18.58,4.79,6.76,0.89,0.18,1.84,33.29,0.4222,0.3948,0.8411,-4.08,0.5179,0.5644,0.2370,19.27,6.89
1570,3710,3,10,57,2.88,1.26,0.63,0.11,0.04,0.30,6.92,0.3972,0.3636,0.6897,0.30,0.5106,0.5333,0.1842,11.36,-1.92
1571,3731,3,28,9,5.22,2.44,0.89,0.78,0.00,0.78,13.44,0.4390,0.2727,0.8333,-3.11,0.5122,0.5385,0.1816,12.41,-2.95
1572,3735,3,20,50,22.04,8.46,4.58,0.50,0.24,3.18,32.60,0.4725,0.3115,0.7815,4.36,0.5179,0.5687,0.2977,21.92,3.58
1573,3758,3,25,71,8.69,3.52,0.94,0.46,0.54,0.73,17.10,0.4609,0.3592,0.7419,-2.65,0.5491,0.5714,0.2089,14.54,-1.28
1574,3759,3,14,82,15.85,4.29,5.49,0.80,0.30,2.12,32.06,0.4862,0.3667,0.8529,-0.50,0.5681,0.6134,0.2036,17.90,3.10
1575,3765,3,14,59,4.41,1.68,0.81,0.80,0.24,0.53,16.68,0.3889,0.3364,0.7593,-0.85,0.4679,0.5043,0.1274,7.86,-5.70
1576,3772,3,23,82,7.32,5.95,1.33,0.82,1.02,0.82,19.38,0.5396,0.3684,0.7176,1.17,0.5615,0.5798,0.1597,18.46,2.05
1577,3787,3,18,81,13.46,5.22,1.31,0.78,0.90,1.37,24.25,0.4771,0.4142,0.7365,3.06,0.5764,0.5949,0.2327,17.72,-0.55
1578,3802,3,9,26,3.19,1.27,0.54,0.12,0.50,0.27,9.43,0.5000,0.3871,0.6250,-1.50,0.5909,0.5970,0.1346,10.77,-3.67
1579,3809,3,4,70,9.31,7.70,0.77,0.37,1.06,1.04,25.12,0.6915,0.0000,0.7374,-6.13,0.6915,0.7169,0.1334,18.80,-2.06
1580,3814,3,16,46,9.24,2.63,2.28,0.52,0.30,0.78,23.98,0.4438,0.3474,0.9444,-2.33,0.5389,0.5731,0.1648,11.96,-2.12
1581,3871,3,16,69,12.68,2.51,2.78,0.67,0.23,1.38,27.61,0.4504,0.3953,0.8889,0.55,0.5889,0.6122,0.1902,12.09,-2.52
1582,3878,3,10,43,0.72,0.14,0.12,0.02,0.07,0.05,1.88,0.3333,0.1176,0.6364,0.63,0.3636,0.4096,0.2113,6.50,-4.15
1583,3881,3,20,33,5.24,7.97,0.55,1.12,1.06,0.76,23.26,0.5748,,0.4091,0.39,0.5748,0.5543,0.1027,16.83,-1.09
1584,3884,3,16,68,1.46,1.24,0.50,0.10,0.12,0.26,4.47,0.5000,0.5333,0.7600,0.18,0.5556,0.5964,0.1498,15.93,0.81
1585,3890,3,19,68,1.69,1.12,0.31,0.15,0.06,0.24,4.91,0.4737,0.3333,0.7500,-0.32,0.5421,0.5635,0.1552,13.84,-2.72
1586,3898,3,15,51,7.90,3.92,1.49,0.49,0.22,1.06,21.85,0.4016,0.3013,0.6866,-4.16,0.4624,0.4850,0.1822,10.91,-3.61
1587,3898,3,24,30,0.73,0.37,0.13,0.07,0.00,0.10,2.10,0.4348,0.1250,1.0000,-0.43,0.4565,0.4693,0.1831,10.41,-4.15
1588,3913,3,30,17,2.41,0.65,0.65,0.47,0.18,0.41,3.88,0.5200,0.6667,0.7647,3.35,0.5600,0.6312,0.2517,24.18,8.07
1589,3918,3,15,40,4.78,1.13,1.95,0.20,0.05,0.78,9.99,0.4606,0.3659,0.8889,-0.83,0.5061,0.5399,0.2281,15.67,3.01
1590,3944,3,4,31,22.45,3.77,6.39,1.03,0.39,2.10,34.37,0.4590,0.3578,0.8450,-9.42,0.5346,0.5745,0.2759,20.45,6.19
1591,3944,3,16,31,16.42,4.19,4.65,1.00,0.29,1.32,31.46,0.4232,0.3708,0.9130,0.00,0.4967,0.5309,0.2429,16.65,3.62
1592,3958,3,25,63,2.46,1.46,0.98,0.19,0.05,0.49,10.05,0.3354,0.3590,0.7600,-1.97,0.4224,0.4506,0.1380,6.93,-4.43
1593,3966,3,14,80,17.11,2.95,6.03,0.86,0.45,1.95,31.05,0.4556,0.4147,0.8281,2.30,0.5602,0.5878,0.2309,17.72,4.95
1594,3971,3,19,45,3.38,0.89,0.40,0.13,0.02,0.42,8.68,0.4336,0.4505,0.9286,0.29,0.6150,0.6378,0.1559,8.96,-7.41
1595,3973,3,26,82,19.43,13.66,8.21,0.90,0.59,3.32,35.71,0.5936,0.3793,0.7036,0.84,0.6091,0.6369,0.2236,29.40,12.01
1596,3983,3,29,80,2.21,1.28,0.24,0.06,0.09,0.35,5.05,0.3797,0.2031,0.7857,-0.64,0.4209,0.4846,0.2193,12.51,-3.99
1597,3990,3,11,34,0.59,0.38,0.09,0.03,0.06,0.00,1.77,0.6429,0.0000,1.0000,-0.38,0.6429,0.6720,0.1060,16.57,-0.98
1598,4000,3,5,22,1.64,1.64,0.00,0.05,0.00,0.23,2.99,0.5185,,0.6667,1.55,0.5185,0.5576,0.2436,25.30,0.08
1599,4003,3,10,42,1.95,1.17,0.33,0.10,0.05,0.17,4.57,0.5091,0.3704,0.9412,0.38,0.6000,0.6562,0.1542,16.78,-0.55
1600,4006,3,10,74,5.77,3.41,1.74,0.38,0.14,0.86,13.05,0.4535,0.3533,0.8462,-0.62,0.5420,0.5812,0.1887,17.73,2.68
1601,4008,3,21,40,0.85,0.90,0.05,0.00,0.18,0.08,2.45,0.5789,0.3333,0.6667,0.03,0.6316,0.6641,0.1277,16.83,-1.15
1602,4011,3,9,78,7.51,1.60,3.03,0.56,0.15,1.15,17.32,0.4277,0.3750,0.8788,-3.21,0.5156,0.5415,0.1996,13.10,1.75
1603,4045,3,22,47,0.55,0.36,0.15,0.02,0.00,0.11,1.79,0.3846,0.3750,0.0000,-0.28,0.5000,0.4836,0.1671,8.22,-4.65
1604,4049,3,3,31,13.68,3.29,5.65,0.55,0.29,2.26,29.91,0.4239,0.4122,0.7969,-3.10,0.5068,0.5351,0.2257,14.13,2.39
1605,4049,3,28,51,13.69,2.75,6.14,0.90,0.16,1.63,30.55,0.4419,0.3500,0.8523,-0.59,0.5107,0.5588,0.1959,15.38,4.27
1606,4067,3,19,9,1.56,0.78,0.56,0.22,0.11,0.00,6.11,0.3077,0.5000,0.8333,3.11,0.3462,0.4476,0.1226,9.75,-0.80
1607,4087,3,11,63,21.13,9.35,4.95,1.21,0.73,2.57,32.47,0.5367,0.2973,0.6932,0.78,0.5535,0.5854,0.2713,24.90,7.23
1608,4088,3,29,46,5.24,2.22,1.20,0.28,0.13,1.02,12.70,0.3899,0.2957,0.9024,-3.76,0.4679,0.5105,0.2047,11.34,-3.35
1609,4093,3,29,78,18.69,2.63,4.91,0.79,0.23,2.12,26.60,0.4875,0.3938,0.8595,-1.83,0.5491,0.6071,0.2768,20.79,5.00
1610,4100,3,30,49,6.67,1.27,1.10,0.51,0.20,0.61,14.82,0.4307,0.3376,0.8261,-3.04,0.5274,0.5557,0.1873,10.08,-3.55
1611,4107,3,3,71,5.85,5.48,1.20,0.34,0.62,0.99,12.97,0.5714,0.2667,0.6098,0.90,0.5782,0.5961,0.1972,22.78,4.16
1612,4108,3,25,51,10.00,3.14,1.84,0.55,0.24,1.41,20.76,0.4055,0.3333,0.8235,-4.82,0.4747,0.5243,0.2245,12.26,-2.52
1613,4121,3,12,77,3.27,1.16,0.69,0.43,0.03,0.19,10.57,0.3930,0.3141,0.8846,0.90,0.5000,0.5240,0.1322,7.86,-4.20
1614,4137,3,12,41,21.27,7.78,3.71,0.76,0.37,1.41,31.80,0.5494,0.3861,0.6994,2.54,0.5795,0.6021,0.2559,24.06,5.22
1615,4137,3,28,40,21.63,6.15,4.75,0.80,0.25,2.08,33.86,0.5217,0.3172,0.7578,0.23,0.5586,0.5998,0.2545,21.66,3.96
1616,4152,3,3,16,5.75,7.44,5.38,0.75,0.56,1.69,22.44,0.5811,,0.4000,-2.38,0.5811,0.5707,0.1303,21.12,9.60
1617,4158,3,28,4,5.00,1.75,3.00,1.50,0.50,0.25,16.88,0.4286,0.2500,,-7.75,0.4762,0.4762,0.1441,14.81,7.04
1618,4162,3,25,51,20.37,3.27,5.00,0.45,0.10,2.47,31.02,0.4301,0.3852,0.9157,-6.47,0.5233,0.5676,0.2808,17.02,2.17
1619,4167,3,15,9,4.67,2.22,2.78,0.78,0.33,1.11,17.92,0.3148,0.2941,0.7500,-3.22,0.3611,0.3766,0.1722,8.24,0.23
1620,4174,3,20,76,1.21,1.93,0.33,0.11,0.25,0.21,7.69,0.6909,,0.6667,-0.13,0.6909,0.7016,0.0608,12.34,-4.53
1621,4205,3,15,20,14.45,2.65,4.30,2.05,0.25,3.10,30.24,0.4304,0.3134,0.7679,-1.00,0.5190,0.5523,0.2274,12.44,-0.78
1622,4226,3,16,15,2.60,0.93,0.93,0.60,0.20,0.33,8.73,0.4545,0.4118,1.0000,-2.87,0.5606,0.5756,0.1328,11.57,-0.49
1623,4232,3,4,46,3.02,1.65,3.15,0.37,0.09,1.02,16.11,0.4177,0.5000,0.7500,-6.09,0.4304,0.4350,0.1225,8.96,0.12
1624,4235,3,12,68,8.84,4.96,0.93,0.25,0.56,0.65,15.39,0.5924,0.4236,0.6923,-0.19,0.6696,0.6818,0.1957,23.48,2.48
1625,4261,3,23,29,1.79,0.14,0.41,0.28,0.00,0.24,2.92,0.3913,0.3714,0.6000,-0.24,0.5326,0.5394,0.2838,13.07,1.90
1626,4268,3,3,70,5.27,2.34,2.90,0.97,0.17,0.97,15.12,0.4349,0.2936,0.7414,-0.51,0.4822,0.5075,0.1773,13.98,4.67
1627,4269,3,11,79,13.22,7.80,1.53,0.66,0.77,1.13,30.68,0.4538,0.3632,0.8108,-1.06,0.5366,0.5709,0.1771,16.13,-1.17
1628,4270,3,4,72,4.19,1.00,0.82,0.14,0.10,0.54,10.12,0.3910,0.4315,0.8667,-2.69,0.5000,0.5108,0.2036,8.47,-4.80
1629,4282,3,27,74,11.64,6.43,3.36,0.84,0.54,1.89,29.64,0.4381,0.3084,0.7708,-4.65,0.4832,0.5129,0.1892,14.60,0.30
1630,4312,3,2,23,1.52,0.87,0.39,0.48,0.17,0.35,5.63,0.4333,0.1818,0.8750,1.65,0.4667,0.5221,0.1429,9.72,-3.02
1631,4312,3,23,41,3.12,1.41,0.85,0.61,0.27,0.63,9.20,0.3898,0.2162,0.8235,-1.61,0.4237,0.4813,0.1793,9.81,-1.89
1632,4339,3,2,49,1.08,0.63,0.16,0.12,0.10,0.18,2.49,0.4667,0.3750,0.7273,0.20,0.5000,0.5317,0.2088,15.46,-0.68
1633,4339,3,15,28,7.82,3.43,0.71,0.61,0.61,0.54,15.61,0.4462,0.2895,0.7907,-0.04,0.4744,0.5119,0.2271,16.64,0.18
1634,4344,3,9,56,8.98,5.45,1.30,0.30,0.68,1.18,25.40,0.4869,0.3829,0.7529,-2.38,0.5746,0.5997,0.1457,13.71,-3.79
1635,4372,3,8,67,3.39,0.91,0.70,0.25,0.10,0.34,8.14,0.3694,0.2971,0.7097,-1.54,0.4617,0.4817,0.2079,8.72,-2.73
1636,4382,3,6,70,12.19,4.83,4.04,0.91,0.41,1.60,31.99,0.4176,0.3507,0.7938,3.63,0.5330,0.5534,0.1733,13.11,0.14
1637,4386,3,22,76,12.41,3.01,2.70,1.39,0.62,1.74,26.64,0.4706,0.3974,0.7564,0.59,0.5777,0.6024,0.1987,13.59,-1.09
1638,4405,3,16,43,0.98,0.16,0.12,0.02,0.02,0.19,2.02,0.3947,0.3333,1.0000,-0.47,0.5263,0.5401,0.2445,8.33,-8.10
1639,4422,3,11,73,3.63,2.70,0.88,0.58,0.21,0.51,14.13,0.4716,0.2987,0.6667,1.07,0.5218,0.5383,0.1169,9.43,-3.91
1640,4424,3,2,75,26.49,8.01,4.85,1.00,0.57,2.51,35.27,0.4712,0.3760,0.8330,8.11,0.5515,0.6041,0.3042,25.36,6.28
1641,4440,3,5,75,0.61,0.49,0.13,0.07,0.03,0.09,2.50,0.5128,0.2222,0.8000,0.21,0.5385,0.5583,0.1136,10.38,-5.02
1642,4449,3,28,80,1.10,0.56,0.35,0.15,0.04,0.18,3.61,0.3718,0.3000,0.8182,-0.99,0.4487,0.5018,0.1510,9.94,-2.32
1643,4456,3,5,74,2.43,1.53,1.09,0.36,0.24,0.43,9.20,0.4395,0.2297,0.5814,0.49,0.4936,0.5116,0.1348,10.64,-0.60
1644,4463,3,13,70,5.34,3.49,0.87,0.30,0.73,0.60,14.38,0.5363,0.3714,0.7600,0.89,0.5813,0.6013,0.1556,15.19,-1.10
1645,4473,3,3,75,19.76,2.85,2.56,0.60,0.21,1.65,27.67,0.4420,0.3636,0.8563,-2.68,0.5025,0.5542,0.3077,16.64,-0.24
1646,4495,3,11,62,9.55,6.60,2.63,1.26,0.61,1.45,22.39,0.5359,0.1379,0.6839,0.73,0.5448,0.5757,0.1840,20.37,4.14
1647,4496,3,9,65,8.55,6.18,1.85,1.05,0.91,1.29,24.34,0.4833,0.1858,0.5966,-3.55,0.5052,0.5222,0.1653,14.74,-0.15
1648,4509,3,10,79,17.41,3.22,2.23,0.63,0.44,1.48,28.91,0.4325,0.3873,0.9270,0.09,0.5508,0.5761,0.2433,15.07,-1.57
1649,4515,3,6,62,2.60,2.81,0.82,0.19,0.23,0.47,8.86,0.6134,0.0000,0.2885,-0.21,0.6134,0.5674,0.1367,16.42,0.40
1650,4516,3,4,82,2.43,1.78,0.35,0.13,0.33,0.18,9.52,0.4372,0.3457,0.5500,-0.60,0.5137,0.5188,0.1180,10.16,-4.62
1651,4526,3,25,77,4.60,1.77,1.17,1.47,0.64,0.52,19.32,0.3975,0.3463,0.7586,-3.01,0.5237,0.5368,0.1063,9.61,-3.11
1652,4531,3,2,25,3.20,2.16,0.80,0.36,0.36,0.20,10.97,0.5152,0.2857,0.5714,1.68,0.5758,0.5790,0.1214,14.92,-0.46
1653,4531,3,15,39,5.23,4.03,1.46,1.08,0.90,0.74,17.95,0.4085,0.2264,0.4186,-2.62,0.4366,0.4398,0.1608,13.24,1.00
1654,4554,3,12,82,10.28,3.90,1.56,0.57,0.52,0.84,21.10,0.5734,0.4032,0.7700,1.72,0.6615,0.6766,0.1686,18.16,-0.39
1655,4558,3,26,17,0.41,0.82,0.24,0.06,0.06,0.12,3.09,0.2500,0.2500,,-0.53,0.2917,0.2917,0.1140,3.28,-4.28
1656,4566,3,18,62,21.76,8.31,3.05,0.69,0.66,2.85,32.67,0.5037,0.4159,0.8733,5.18,0.5752,0.6248,0.2760,21.57,1.28
1657,4575,3,28,78,12.49,2.41,1.53,0.99,0.13,0.60,25.56,0.4262,0.3929,0.7708,-2.49,0.5313,0.5477,0.2016,12.61,-2.49
1658,4591,3,13,76,0.61,0.93,0.21,0.17,0.07,0.08,5.52,0.3556,0.3667,1.0000,-0.68,0.4778,0.4965,0.0552,5.83,-6.90
1659,4591,3,23,3,2.00,4.67,0.00,1.00,0.67,0.67,22.13,0.4000,0.4000,,9.33,0.6000,0.6000,0.0466,5.71,-8.61
1660,4606,3,12,78,16.83,6.83,1.28,0.50,1.85,1.40,26.62,0.5237,0.3580,0.7729,2.82,0.5875,0.6261,0.2351,21.96,1.72
1661,4623,3,9,45,2.82,1.13,0.24,0.18,0.16,0.31,6.83,0.4405,0.4528,0.9063,-1.67,0.5833,0.6474,0.1562,11.40,-5.26
1662,4630,3,19,82,12.22,8.79,2.11,0.40,0.83,1.35,23.48,0.5591,0.3083,0.7854,1.93,0.5848,0.6191,0.2092,23.84,4.19
1663,4642,3,11,73,17.40,3.81,8.07,1.38,0.81,1.73,36.77,0.4155,0.3874,0.8603,2.51,0.5270,0.5676,0.1988,17.70,7.60
1664,4645,3,14,33,4.55,4.18,1.09,1.09,0.15,0.85,17.62,0.5175,0.2963,0.6667,1.30,0.5526,0.5776,0.1159,13.86,-2.35
1665,4654,3,27,69,19.17,3.78,4.01,1.06,0.33,1.57,32.58,0.4716,0.3722,0.8010,-4.22,0.5502,0.5780,0.2360,18.39,2.21
1666,4665,3,26,53,4.25,1.81,0.36,0.38,0.13,0.23,9.65,0.4398,0.3750,0.8000,0.04,0.5576,0.5693,0.1756,13.80,-2.36
1667,4669,3,14,13,2.62,0.69,1.62,0.69,0.00,0.38,16.73,0.3061,0.1071,0.5000,2.38,0.3367,0.3408,0.1092,2.31,-5.66
1668,4686,3,30,12,7.08,3.00,1.08,0.42,0.58,0.83,12.78,0.4328,0.2778,0.7727,2.67,0.5075,0.5543,0.2416,15.24,1.05
1669,4687,3,5,77,17.79,10.40,3.30,0.65,0.78,1.56,33.89,0.4839,0.2939,0.8217,-2.34,0.5219,0.5403,0.2352,20.99,3.82
1670,4688,3,6,57,5.11,3.82,0.75,0.70,0.44,0.35,19.44,0.4138,0.3911,0.7692,3.11,0.5841,0.5977,0.1049,11.36,-3.69
1671,4695,3,22,72,19.74,5.29,3.74,1.06,0.39,1.90,32.47,0.4818,0.2814,0.8495,2.83,0.5246,0.5747,0.2585,18.88,2.09
1672,4697,3,22,82,10.59,4.23,1.17,0.48,0.26,1.18,17.25,0.6014,0.3304,0.8137,1.13,0.6359,0.6763,0.2302,21.37,-0.23
1673,4711,3,25,73,8.74,6.96,0.97,0.58,0.30,0.90,23.30,0.4597,0.2950,0.7544,-4.63,0.5000,0.5460,0.1641,15.17,-2.02
1674,4712,3,12,72,1.67,0.88,0.56,0.21,0.15,0.24,4.73,0.4091,0.4000,0.8889,0.26,0.5091,0.5265,0.1616,13.93,1.39
1675,4720,3,3,68,8.31,1.87,1.09,0.47,0.29,0.75,14.87,0.4228,0.3838,0.7627,0.07,0.5285,0.5454,0.2472,13.83,-1.49
1676,4723,3,21,82,6.84,2.28,1.46,0.93,0.45,0.55,20.63,0.4910,0.4188,0.7838,1.55,0.6018,0.6121,0.1299,11.78,-2.73
1677,4733,3,2,25,0.60,0.80,0.20,0.20,0.04,0.12,3.34,0.4000,0.2222,0.5000,1.88,0.4667,0.4723,0.0985,9.32,-3.10
1678,4757,3,18,20,2.05,1.10,0.45,0.20,0.05,0.20,6.23,0.4390,0.1538,0.7500,2.55,0.4634,0.4794,0.1679,10.66,-2.70
1679,4770,3,4,45,13.33,5.16,2.16,0.84,0.71,1.47,28.57,0.4460,0.3238,0.7128,-6.42,0.5236,0.5451,0.2089,14.13,-1.27
1680,4770,3,7,29,11.69,6.17,1.52,1.17,0.93,1.03,32.24,0.4205,0.3136,0.6275,5.38,0.5083,0.5224,0.1640,13.00,-2.39
1681,4775,3,17,29,0.48,0.17,0.17,0.10,0.00,0.07,1.93,0.3000,0.3333,,-0.45,0.3500,0.3500,0.1720,6.14,-3.54
1682,4776,3,15,11,1.18,0.82,0.45,0.27,0.00,0.27,7.48,0.3158,0.1000,0.0000,-2.73,0.3421,0.3270,0.1229,3.40,-7.32
1683,4776,3,24,47,2.21,0.96,0.21,0.19,0.15,0.34,8.13,0.3608,0.3200,0.6667,-0.77,0.4845,0.5019,0.1364,5.48,-8.50
1684,4778,3,21,55,2.49,0.73,0.44,0.09,0.13,0.13,5.10,0.4712,0.4353,1.0000,-0.64,0.6490,0.6531,0.1744,15.74,-0.06
1685,4779,3,3,82,5.27,2.37,0.99,0.28,0.23,0.77,10.45,0.5273,0.3971,0.7938,-0.89,0.5707,0.6107,0.2124,17.06,-0.30
1686,4787,3,8,82,6.49,3.15,1.05,0.51,1.07,0.71,18.15,0.4653,0.2961,0.6698,-0.84,0.5157,0.5389,0.1630,12.75,-1.99
1687,4821,3,27,72,21.14,10.49,3.81,1.22,3.53,3.61,29.26,0.4646,0.3249,0.7956,-1.99,0.5185,0.5648,0.3233,29.64,10.00
1688,4826,3,27,75,3.57,1.25,2.21,0.39,0.12,0.73,11.68,0.4744,0.2182,0.6667,-1.92,0.5023,0.5375,0.1480,11.70,1.64
1689,4836,3,13,68,11.09,5.04,4.50,1.09,0.34,2.12,22.49,0.4540,0.2727,0.6875,1.53,0.4857,0.5140,0.2524,19.18,6.59
1690,4846,3,5,79,19.10,4.53,5.13,0.67,0.23,2.10,36.47,0.4475,0.3759,0.8385,-0.44,0.5339,0.5701,0.2281,15.60,1.16
1691,4848,3,2,76,14.57,4.08,4.96,0.97,1.14,1.47,31.33,0.4613,0.3960,0.9013,8.14,0.5781,0.6110,0.1875,17.84,4.25
1692,4852,3,15,4,1.50,3.00,0.25,1.00,0.25,0.50,15.93,0.1250,0.2000,,-7.00,0.1875,0.1875,0.1181,2.70,-7.13
1693,4872,3,11,57,10.16,3.16,0.58,0.53,0.30,0.81,15.44,0.4540,0.3591,0.6786,-0.49,0.5385,0.5607,0.2725,17.94,-0.93
1694,4881,3,21,82,6.61,2.27,1.05,0.68,0.23,0.68,14.98,0.5623,0.4921,0.7887,1.15,0.6446,0.6638,0.1651,16.01,-1.84
1695,4882,3,10,72,13.04,4.46,1.65,0.58,0.57,1.21,26.67,0.4526,0.3583,0.7513,-0.81,0.5109,0.5439,0.2099,14.01,-2.26
1696,4914,3,7,31,1.74,0.42,0.55,0.03,0.03,0.23,3.64,0.3704,0.2000,0.6471,-1.84,0.3981,0.4392,0.2620,11.72,0.76
1697,4931,3,4,30,13.40,4.97,3.10,0.67,0.40,1.87,29.60,0.5035,0.3730,0.7647,-4.27,0.5851,0.6177,0.1975,14.72,-1.32
1698,4931,3,7,47,8.13,3.60,1.72,0.51,0.57,1.13,26.42,0.4132,0.3762,0.7455,-2.47,0.5379,0.5598,0.1363,8.35,-5.23
1699,4936,3,21,71,19.08,3.97,4.54,1.13,0.63,1.73,31.32,0.5398,0.4274,0.8145,5.39,0.5916,0.6214,0.2378,20.32,3.94
1700,4940,3,21,74,3.73,3.16,1.49,0.38,0.36,0.46,12.12,0.4167,0.3681,0.8049,1.68,0.5329,0.5609,0.1364,15.62,2.81
1701,4948,3,21,72,4.51,2.90,1.29,0.53,0.13,0.44,14.29,0.4679,0.3972,0.5000,2.11,0.5679,0.5679,0.1352,13.03,-0.76
1702,4952,3,28,7,2.71,5.43,0.29,0.43,0.57,0.43,15.21,0.2647,0.2000,0.0000,-8.00,0.2794,0.2724,0.1485,7.16,-3.20
1703,4955,3,4,19,12.74,9.68,1.16,0.84,1.05,0.89,26.77,0.6490,,0.7188,-1.11,0.6490,0.6754,0.1646,24.13,2.53
1704,4963,3,11,50,1.26,0.46,0.14,0.08,0.02,0.08,2.59,0.5400,0.4000,0.5385,0.46,0.5600,0.5653,0.1977,15.54,-1.87
1705,4964,3,5,48,8.94,3.46,1.38,0.83,0.69,1.19,24.45,0.4429,0.3986,0.7879,-0.29,0.5251,0.5528,0.1670,11.27,-4.14
1706,4986,3,15,75,5.60,2.40,1.00,0.48,0.12,0.88,13.83,0.3968,0.3069,0.8267,-3.29,0.4735,0.5109,0.1987,11.14,-3.54
1707,4987,3,25,6,6.83,6.33,0.83,1.17,1.17,1.17,19.80,0.6538,,0.7778,-5.00,0.6538,0.6842,0.1296,18.60,-0.05
1708,4989,3,15,72,7.24,4.03,2.43,0.65,0.47,1.28,19.95,0.4459,0.3780,0.8000,-1.26,0.5501,0.5972,0.1593,14.84,0.41
1709,4994,3,19,77,20.79,5.27,4.57,0.99,0.61,2.51,28.66,0.5704,0.3333,0.7024,1.86,0.5731,0.6104,0.2977,24.91,5.80
1710,5003,3,3,54,3.96,2.43,0.83,0.20,0.07,0.35,12.31,0.4246,0.3243,0.8261,-0.07,0.4916,0.5370,0.1448,12.00,-3.04
1711,5015,3,1,12,2.33,1.00,0.25,0.17,0.00,0.17,6.09,0.5263,0.4706,,-1.92,0.7368,0.7368,0.1266,14.61,-4.32
1712,5029,3,9,82,5.44,4.10,0.66,0.15,0.48,0.80,13.30,0.6131,0.0000,0.7059,-3.96,0.6131,0.6374,0.1634,17.33,-2.09
1713,5042,3,14,56,6.20,4.54,0.88,0.29,0.59,0.89,15.56,0.4659,0.3070,0.7021,0.05,0.5322,0.5682,0.1765,16.75,-1.14
1714,5065,3,16,27,2.81,1.00,1.37,0.70,0.11,0.11,10.59,0.3939,0.3667,0.8125,2.30,0.4773,0.5203,0.1222,12.98,1.95
1715,5065,3,30,33,4.06,1.79,2.48,1.06,0.24,0.33,13.81,0.3934,0.3684,0.8276,-1.48,0.4508,0.4972,0.1338,15.79,6.40
1716,5099,3,24,27,0.85,1.04,0.26,0.19,0.07,0.15,3.31,0.5238,0.0000,0.3333,-0.41,0.5238,0.5152,0.1289,15.08,0.62
1717,5099,3,28,47,2.43,1.60,1.06,0.38,0.06,0.23,7.45,0.6207,0.1667,0.4167,-0.62,0.6264,0.6177,0.1275,17.22,3.76
1718,5101,3,1,62,22.40,2.40,9.40,1.16,0.18,3.79,31.32,0.4296,0.3731,0.8550,-1.87,0.5164,0.5850,0.3045,22.34,10.45
1719,5103,3,29,79,2.81,2.63,0.37,0.10,0.23,0.47,6.90,0.5380,0.2083,0.6786,-1.68,0.5516,0.5654,0.1799,19.41,-0.23
1720,5106,3,19,79,0.96,1.42,0.49,0.11,0.06,0.20,4.05,0.4194,0.3333,0.6053,0.58,0.4274,0.4827,0.1297,14.82,2.28
1721,5123,3,13,71,11.18,8.82,1.31,0.31,1.17,1.11,25.27,0.6493,,0.7229,2.59,0.6493,0.6706,0.1658,22.22,1.18
1722,11,4,20,61,6.21,5.20,0.90,0.77,0.69,0.74,19.17,0.5015,0.2778,0.5942,-0.79,0.5168,0.5303,0.1505,15.63,-1.13
1723,23,4,11,70,3.16,4.59,0.94,0.31,0.40,0.76,11.25,0.5455,0.0000,0.4607,2.47,0.5455,0.5412,0.1355,19.34,1.70
1724,25,4,16,81,17.01,9.07,4.14,1.20,0.64,1.98,32.62,0.4848,0.3519,0.7640,0.02,0.5197,0.5599,0.2362,21.62,4.89
1725,30,4,28,67,9.96,3.61,1.46,0.87,0.45,0.81,25.95,0.4981,0.3992,0.7083,-3.19,0.5927,0.6008,0.1477,12.53,-3.47
1726,42,4,15,67,12.10,6.21,2.81,0.78,0.43,1.06,24.77,0.4830,0.3681,0.6915,2.22,0.5756,0.5882,0.1854,20.48,3.78
1727,53,4,8,49,0.65,0.24,0.22,0.04,0.02,0.10,2.39,0.3171,0.1765,0.7500,-0.51,0.3537,0.3742,0.1756,4.22,-4.99
1728,56,4,18,82,9.43,3.23,2.72,0.61,0.41,1.21,25.28,0.4383,0.3811,0.7797,3.29,0.5528,0.5787,0.1613,12.27,-1.76
1729,60,4,24,64,10.63,3.03,2.14,0.84,0.30,1.17,24.12,0.4479,0.4257,0.8158,-1.23,0.6002,0.6306,0.1772,13.96,-1.96
1730,61,4,6,82,13.45,9.73,1.93,0.94,0.89,1.18,28.00,0.7063,0.0000,0.7184,6.27,0.7063,0.7239,0.1596,26.05,3.51
1731,78,4,19,65,8.91,2.09,3.98,1.14,0.22,1.32,21.02,0.3916,0.3592,0.8108,-3.57,0.4981,0.5230,0.1994,13.96,4.02
1732,99,4,10,45,4.20,2.44,1.80,0.58,0.44,0.44,12.02,0.4497,0.3654,0.6667,-1.56,0.5059,0.5224,0.1570,16.88,5.12
1733,99,4,16,32,5.25,3.00,2.00,0.44,0.41,0.53,14.41,0.4925,0.3333,0.7895,1.50,0.5149,0.5573,0.1641,16.60,3.40
1734,115,4,17,68,29.47,11.53,6.24,0.84,1.09,3.01,33.09,0.6005,0.2222,0.6154,4.87,0.6058,0.6235,0.3562,35.38,13.43
1735,119,4,22,76,8.29,2.68,2.51,0.59,0.42,1.36,16.24,0.4236,0.3532,0.8230,-0.21,0.4945,0.5314,0.2485,14.47,2.36
1736,123,4,20,77,17.30,4.65,2.13,1.43,0.84,1.32,35.15,0.4761,0.3717,0.8097,3.91,0.5594,0.5912,0.1994,15.02,-1.74
1737,164,4,25,81,15.05,6.44,3.47,0.88,0.43,2.42,26.68,0.4763,0.3655,0.7796,-0.96,0.5504,0.6049,0.2335,20.15,2.48
1738,172,4,25,64,9.00,6.34,1.00,0.48,0.61,1.08,18.84,0.5662,0.1875,0.6667,-2.53,0.5726,0.5825,0.1957,21.03,0.76
1739,184,4,23,10,6.70,7.00,1.00,0.90,1.20,0.70,25.32,0.3913,0.1563,0.8000,-8.40,0.4275,0.4564,0.1365,13.69,-1.28
1740,185,4,15,26,1.65,1.08,0.15,0.08,0.12,0.04,3.80,0.4857,0.1111,0.6667,0.62,0.5000,0.5338,0.1731,18.31,0.77
1741,185,4,30,26,3.58,2.12,0.27,0.27,0.19,0.42,6.25,0.5429,0.2000,0.6522,-0.81,0.5571,0.5804,0.2335,22.67,1.35
1742,201,4,30,34,1.21,0.65,0.06,0.06,0.06,0.15,2.87,0.5000,0.5000,0.5000,1.00,0.6500,0.6455,0.1580,15.01,-4.95
1743,204,4,4,47,25.19,4.94,7.36,1.15,0.28,3.55,32.00,0.4048,0.3390,0.8428,-2.77,0.4940,0.5363,0.3570,20.13,8.45
1744,205,4,5,39,6.85,3.03,2.95,1.21,0.44,1.05,19.93,0.3663,0.3436,0.8148,2.56,0.5041,0.5238,0.1597,13.62,2.73
1745,208,4,13,33,3.88,3.64,0.48,0.27,0.85,0.58,10.68,0.4660,0.3000,0.6800,-1.61,0.5388,0.5614,0.1647,16.80,0.45
1746,208,4,19,5,2.00,5.00,0.40,0.00,0.60,0.20,12.22,0.4444,0.0000,1.0000,-4.40,0.4444,0.5061,0.0775,15.00,-1.16
1747,209,4,22,46,25.89,7.50,4.76,0.78,0.61,2.96,34.38,0.4523,0.3199,0.7273,-0.46,0.5000,0.5512,0.3404,22.33,4.89
1748,210,4,15,69,19.23,6.06,5.35,1.16,0.41,2.45,31.96,0.4843,0.3923,0.8939,2.07,0.5648,0.6004,0.2342,20.85,5.20
1749,215,4,25,81,6.90,1.67,1.98,0.53,0.42,1.06,13.82,0.3905,0.3243,0.7280,-0.68,0.4615,0.4973,0.2428,14.04,1.64
1750,227,4,1,58,2.55,1.47,0.33,0.16,0.28,0.09,6.47,0.5310,0.2593,0.6364,-0.03,0.5619,0.5803,0.1470,15.09,-0.45
1751,228,4,27,80,12.08,3.70,1.65,0.46,0.18,0.59,27.20,0.4992,0.4302,0.8177,-0.41,0.6138,0.6496,0.1559,15.28,-2.78
1752,233,4,28,67,18.69,7.49,5.64,1.39,0.94,2.75,31.86,0.4459,0.2714,0.7550,-1.94,0.4817,0.5235,0.2725,21.78,7.37
1753,245,4,28,64,19.11,5.72,4.91,0.72,0.27,2.59,29.21,0.4684,0.3497,0.6302,-2.17,0.5229,0.5465,0.2873,19.80,4.64
1754,260,4,27,54,2.91,2.80,0.31,0.26,0.56,0.43,6.89,0.5812,,0.6364,-2.24,0.5812,0.5969,0.1784,22.05,2.87
1755,264,4,6,19,1.95,0.37,0.42,0.05,0.05,0.11,3.94,0.3421,0.3667,,-1.79,0.4868,0.4868,0.2241,10.42,-0.34
1756,270,4,28,65,6.45,2.43,0.82,0.26,0.15,0.42,16.03,0.4294,0.4054,0.8889,-2.82,0.5807,0.5903,0.1528,11.05,-4.23
1757,274,4,13,78,4.01,2.79,1.08,0.67,0.46,0.44,17.54,0.4370,0.4335,0.8095,1.95,0.6218,0.6330,0.0903,10.48,-3.69
1758,275,4,4,15,7.27,3.33,3.73,1.00,0.13,2.07,24.69,0.3231,0.2143,0.8667,-11.27,0.3692,0.3990,0.1926,8.26,-1.38
1759,286,4,24,53,17.02,3.34,3.68,1.09,0.53,1.87,32.11,0.4971,0.3864,0.8029,-5.15,0.5706,0.5979,0.2243,15.24,-0.20
1760,290,4,9,82,16.29,2.61,1.70,0.89,0.06,1.01,27.84,0.4304,0.4164,0.6786,2.13,0.5794,0.5898,0.2262,13.81,-2.60
1761,294,4,17,43,1.21,0.74,0.19,0.07,0.02,0.30,2.83,0.3830,0.3333,0.7500,0.28,0.4574,0.4973,0.2349,11.88,-4.84
1762,300,4,3,45,2.02,0.84,1.38,0.71,0.04,0.47,10.34,0.3208,0.1750,0.7619,-2.60,0.3538,0.3948,0.1279,6.92,-1.67
1763,361,4,22,74,6.78,6.26,1.85,0.66,1.32,0.97,19.31,0.6106,0.1071,0.6391,1.08,0.6150,0.6314,0.1454,20.75,3.85
1764,363,4,27,32,4.50,4.94,0.97,0.50,0.72,0.84,16.49,0.5877,,0.4000,-3.13,0.5877,0.5760,0.1234,15.40,-1.43
1765,366,4,22,80,9.20,2.88,3.00,1.08,0.60,1.74,23.59,0.4226,0.3179,0.7614,-0.50,0.4726,0.5207,0.1976,11.80,-0.76
1766,405,4,1,30,7.67,2.17,1.60,0.67,0.20,1.23,19.14,0.3641,0.2937,0.8824,-1.43,0.4608,0.4958,0.1913,8.11,-4.44
1767,405,4,13,30,11.43,3.10,3.23,0.70,0.17,1.23,24.99,0.4739,0.4266,0.8750,5.00,0.5877,0.6080,0.1910,14.00,0.15
1768,409,4,24,77,3.17,1.35,0.29,0.12,0.32,0.26,5.82,0.5246,0.3441,0.7692,-0.48,0.6120,0.6274,0.2127,20.77,0.56
1769,418,4,23,75,4.49,3.27,0.36,0.35,0.92,0.81,12.06,0.7031,0.0000,0.6700,-1.49,0.7031,0.7140,0.1444,16.76,-2.93
1770,427,4,24,75,25.64,4.07,7.05,0.89,0.21,2.93,37.27,0.4606,0.3321,0.8944,-2.36,0.5250,0.5890,0.2945,19.83,4.96
1771,443,4,19,45,9.96,2.98,2.04,1.18,0.20,1.16,22.05,0.4357,0.3500,0.7882,-3.11,0.5000,0.5354,0.2009,13.27,-0.98
1772,446,4,28,78,6.44,2.87,0.42,0.31,0.32,0.37,11.05,0.4919,0.3627,0.7816,0.06,0.5865,0.6148,0.2136,20.26,0.56
1773,449,4,17,12,1.42,0.42,0.83,0.33,0.17,0.67,5.14,0.5000,0.2000,0.6667,0.17,0.5417,0.5806,0.1654,11.62,-2.49
1774,480,4,12,23,2.65,1.83,0.26,0.09,0.39,0.22,4.90,0.6444,0.3333,0.3333,1.91,0.6556,0.6402,0.2025,25.97,4.54
1775,488,4,27,75,3.09,0.68,0.51,0.15,0.03,0.43,5.57,0.4599,0.4024,0.8182,-0.33,0.5481,0.5756,0.2398,13.85,-2.90
1776,496,4,8,79,15.42,5.19,2.59,1.08,0.47,1.03,33.86,0.5798,0.3973,0.8271,6.08,0.6340,0.6655,0.1593,17.03,-0.96
1777,515,4,20,82,17.61,3.16,3.73,0.91,0.52,1.61,37.03,0.5004,0.3542,0.8136,4.07,0.5697,0.5847,0.1976,14.17,-1.55
1778,516,4,4,64,20.31,7.52,3.88,0.69,0.70,2.13,31.70,0.4307,0.3133,0.8701,-4.05,0.4954,0.5413,0.2805,20.99,4.25
1779,522,4,23,6,8.67,3.67,0.67,0.67,0.50,1.33,23.70,0.4872,0.3333,0.5714,-5.17,0.5641,0.5757,0.1608,9.63,-7.11
1780,532,4,30,31,9.84,2.94,3.16,0.42,0.16,1.23,18.20,0.4333,0.2857,0.8804,-3.90,0.4667,0.5437,0.2419,18.24,4.22
1781,537,4,11,78,13.32,3.46,1.62,0.77,0.21,0.97,30.19,0.4317,0.3991,0.8182,2.72,0.5353,0.5579,0.1773,9.93,-4.63
1782,542,4,19,18,7.89,3.22,0.72,0.56,0.56,0.67,18.43,0.4862,0.3256,0.7333,-8.06,0.5505,0.5810,0.1731,13.45,-3.36
1783,548,4,19,28,6.75,3.43,2.00,0.61,0.25,0.71,20.31,0.4101,0.3556,0.7500,-6.36,0.4551,0.4875,0.1603,11.40,-1.18
1784,548,4,28,19,7.95,3.58,1.47,0.89,0.16,1.00,18.56,0.4351,0.3056,0.8966,-2.53,0.4771,0.5252,0.2008,14.11,-1.18
1785,563,4,2,71,19.69,5.18,4.03,1.03,0.27,2.28,30.39,0.4633,0.3240,0.7640,5.66,0.5152,0.5549,0.2898,18.79,2.78
1786,567,4,13,70,1.10,0.93,0.34,0.10,0.06,0.17,3.89,0.4583,0.2308,0.7143,-0.76,0.5000,0.5128,0.1410,12.72,-1.54
1787,575,4,7,5,9.40,6.20,0.40,0.80,0.60,1.00,14.58,0.7241,,0.8333,-0.60,0.7241,0.7427,0.2157,29.12,3.42
1788,593,4,20,67,25.22,2.79,7.09,0.90,0.12,2.45,34.34,0.4875,0.3829,0.8214,2.18,0.5508,0.6048,0.2977,21.65,6.61
1789,602,4,12,54,6.83,3.94,0.89,0.44,0.59,0.52,15.21,0.5071,0.3203,0.8235,-1.41,0.5798,0.6060,0.1767,18.55,0.73
1790,602,4,16,22,1.68,1.05,0.18,0.05,0.32,0.09,4.59,0.4583,0.3750,1.0000,1.14,0.5833,0.6617,0.1318,16.46,-1.08
1791,615,4,1,22,2.41,0.95,0.77,0.14,0.09,0.36,5.62,0.3830,0.2105,0.7222,-1.05,0.4255,0.4825,0.2078,13.11,0.89
1792,626,4,16,79,4.32,1.53,0.66,0.34,0.09,0.35,10.56,0.4183,0.4150,0.7755,1.32,0.5760,0.5992,0.1681,13.26,-2.93
1793,651,4,23,31,10.35,2.23,4.45,0.97,0.26,1.65,21.99,0.4260,0.3516,0.8696,-2.97,0.5072,0.5400,0.2187,14.76,4.28
1794,651,4,30,41,5.24,1.00,1.95,0.27,0.12,0.68,8.66,0.4798,0.3659,0.7907,-1.02,0.5231,0.5601,0.2583,18.16,6.86
1795,654,4,10,31,17.35,5.32,5.74,1.61,0.26,1.42,31.63,0.4760,0.2794,0.8701,6.06,0.5045,0.6175,0.2096,23.46,7.80
1796,654,4,16,42,9.71,2.93,2.76,0.64,0.24,0.62,17.50,0.5440,0.3611,0.8039,1.29,0.5700,0.6429,0.2090,23.54,6.40
1797,657,4,5,81,8.49,3.43,0.98,0.36,0.93,0.91,18.66,0.4541,0.3609,0.8148,-0.43,0.5405,0.5709,0.1882,14.26,-2.34
1798,670,4,19,50,3.92,1.70,0.44,0.46,0.18,0.44,10.03,0.4304,0.3250,0.6800,-2.64,0.5127,0.5444,0.1719,11.50,-3.90
1799,677,4,22,80,8.41,2.11,1.70,1.24,0.43,0.78,28.48,0.4393,0.3424,0.8632,0.14,0.5432,0.5744,0.1257,8.97,-5.16
1800,685,4,25,82,10.76,5.49,2.13,1.41,0.61,1.33,31.08,0.4581,0.3750,0.7222,-1.39,0.5524,0.5717,0.1448,12.39,-2.44
1801,694,4,1,56,8.61,8.23,1.11,0.59,0.88,0.82,20.50,0.5628,0.0000,0.5474,-1.21,0.5628,0.5687,0.1680,22.26,3.09
1802,704,4,21,48,2.54,1.13,0.29,0.10,0.44,0.15,5.14,0.4433,0.3333,0.7778,0.85,0.5567,0.5814,0.1940,18.07,1.99
1803,716,4,30,81,9.91,4.16,4.40,0.62,0.26,1.74,29.89,0.4032,0.3433,0.8118,-9.70,0.4966,0.5171,0.1601,11.09,-0.47
1804,723,4,26,38,3.63,2.00,1.08,0.55,0.11,0.47,10.42,0.3701,0.2951,0.5909,1.13,0.4409,0.4714,0.1806,11.58,0.06
1805,728,4,5,79,1.94,0.49,0.51,0.16,0.04,0.14,4.06,0.3767,0.3333,0.8000,0.47,0.4966,0.5086,0.2114,13.77,2.00
1806,733,4,22,70,8.83,7.03,1.91,0.74,0.59,1.10,25.12,0.4603,0.2342,0.7371,-0.19,0.4980,0.5440,0.1618,14.97,-0.26
1807,738,4,21,61,6.26,2.57,2.21,1.41,0.49,0.61,16.74,0.4502,0.3593,0.8235,5.00,0.5466,0.5728,0.1537,15.92,4.20
1808,742,4,27,79,14.73,3.68,4.09,0.92,0.28,2.15,26.65,0.4307,0.2853,0.7227,-3.10,0.4791,0.5252,0.2604,15.37,2.00
1809,743,4,23,5,6.00,7.40,2.00,0.20,0.20,0.20,19.56,0.5000,0.0000,0.6667,-1.20,0.5000,0.5365,0.1248,17.93,3.76
1810,743,4,28,11,7.18,6.91,1.64,0.55,0.73,1.91,26.20,0.5000,0.2500,0.7222,-2.64,0.5156,0.5492,0.1284,11.75,-4.49
1811,765,4,27,80,10.06,3.90,1.38,0.76,0.44,0.89,23.81,0.4136,0.3690,0.9022,-0.96,0.5470,0.5746,0.1739,13.38,-2.59
1812,766,4,30,64,8.50,5.48,0.94,1.02,0.61,0.84,20.95,0.5109,0.3834,0.6849,-4.50,0.6010,0.6138,0.1570,17.31,-0.62
1813,796,4,13,26,0.69,0.46,0.23,0.19,0.04,0.08,2.26,0.2917,0.1538,0.5000,-0.38,0.3333,0.3494,0.2090,10.48,2.41
1814,798,4,7,32,11.22,4.22,2.50,0.91,0.31,1.53,30.41,0.4106,0.3642,0.8615,-2.06,0.5017,0.5430,0.1719,11.86,-3.25
1815,798,4,14,47,8.30,2.62,1.40,0.74,0.45,0.83,24.56,0.4444,0.3681,0.8506,-0.36,0.5486,0.5976,0.1406,10.50,-4.93
1816,802,4,16,34,0.82,0.26,0.24,0.15,0.09,0.18,2.04,0.3548,0.1818,0.6667,-0.15,0.3871,0.4162,0.2543,11.79,0.40
1817,806,4,25,10,1.00,1.10,0.90,0.10,0.10,0.90,6.01,0.3333,0.0000,0.6667,0.40,0.3333,0.3754,0.1520,5.96,-6.59
1818,812,4,18,52,3.13,1.02,0.50,0.69,0.04,0.15,10.04,0.4667,0.4314,0.7838,0.85,0.5583,0.5980,0.1197,9.33,-4.08
1819,814,4,15,66,8.09,4.94,1.00,0.79,0.55,0.62,18.29,0.6211,0.0588,0.7011,2.74,0.6224,0.6383,0.1531,18.91,0.55
1820,816,4,29,40,15.00,2.95,3.45,0.78,0.23,2.15,24.07,0.4077,0.3621,0.7972,-5.10,0.4929,0.5396,0.2805,15.98,1.33
1821,820,4,3,70,10.34,7.36,2.24,0.89,1.43,1.24,26.88,0.5634,0.2381,0.5130,-7.10,0.5678,0.5694,0.1699,18.76,2.01
1822,830,4,25,82,5.32,6.43,0.94,0.41,1.34,0.88,16.14,0.5389,0.2857,0.5962,-0.02,0.5599,0.5740,0.1431,19.24,2.36
1823,833,4,3,61,6.89,2.97,0.66,0.39,0.34,0.75,17.09,0.3575,0.3333,0.8375,-4.28,0.4745,0.5157,0.1930,9.45,-5.05
1824,837,4,13,74,9.41,2.18,1.04,0.54,0.09,0.61,23.61,0.4706,0.4089,0.8915,-0.89,0.5696,0.6140,0.1540,10.49,-5.90
1825,848,4,29,74,8.31,3.18,6.03,0.89,0.22,2.81,24.85,0.4216,0.2485,0.6818,-5.45,0.4595,0.4938,0.1904,12.52,3.20
1826,857,4,29,41,18.49,7.98,1.95,0.95,0.98,2.51,29.77,0.5273,0.3986,0.8476,-0.39,0.5829,0.6284,0.2433,21.21,0.23
1827,861,4,5,30,8.00,6.23,1.97,0.50,0.47,1.23,18.40,0.5412,0.3000,0.8837,1.53,0.5941,0.6352,0.1715,20.65,2.84
1828,861,4,27,42,3.93,2.36,1.21,0.33,0.33,0.55,9.93,0.4580,0.3043,0.8857,-1.64,0.5115,0.5635,0.1747,14.42,1.90
1829,874,4,18,72,8.08,2.53,4.43,1.10,0.19,1.04,24.38,0.3996,0.4097,0.9000,3.68,0.5353,0.5733,0.1452,13.63,3.20
1830,877,4,17,69,3.13,1.58,1.01,0.13,0.16,0.35,8.74,0.4689,0.3210,0.7742,-0.19,0.5424,0.5665,0.1577,14.01,-0.03
1831,920,4,30,60,11.75,4.77,3.28,1.30,0.68,2.08,31.89,0.4167,0.2748,0.7486,-9.42,0.4665,0.5103,0.1791,11.89,-1.77
1832,921,4,23,82,6.49,2.61,1.18,0.39,0.16,0.63,15.24,0.3823,0.2582,0.8039,-1.94,0.4417,0.5016,0.2043,12.76,-1.85
1833,935,4,2,28,1.64,1.71,0.43,0.21,0.39,0.29,7.18,0.3556,0.2903,0.6250,-0.75,0.4556,0.4740,0.1256,11.09,-2.17
1834,935,4,5,30,2.07,0.83,0.17,0.07,0.03,0.00,3.76,0.4889,0.4286,0.7500,-0.93,0.6556,0.6630,0.1743,17.02,-0.02
1835,961,4,26,60,0.38,0.33,0.10,0.05,0.00,0.07,1.71,0.3182,0.2667,0.8333,-0.30,0.4091,0.4667,0.1200,7.45,-5.58
1836,971,4,9,75,24.40,5.67,8.51,0.95,0.71,4.12,32.70,0.4695,0.3565,0.8459,2.33,0.5206,0.5649,0.3341,23.73,10.00
1837,985,4,4,78,5.69,1.45,0.77,0.35,0.09,0.41,13.61,0.4781,0.4560,0.8462,-2.19,0.5991,0.6164,0.1580,12.10,-4.40
1838,986,4,10,72,23.86,4.31,5.85,1.11,0.42,2.78,31.28,0.4483,0.3967,0.9331,4.15,0.5719,0.6182,0.2983,23.52,6.85
1839,989,4,20,48,0.63,0.38,0.10,0.06,0.04,0.08,2.32,0.3226,0.3158,0.6667,-0.33,0.4194,0.4459,0.1498,7.66,-5.61
1840,998,4,1,76,13.97,5.80,4.32,3.00,0.71,2.00,33.33,0.4929,0.3448,0.6029,-0.84,0.5367,0.5458,0.1832,17.43,3.78
1841,1005,4,11,11,2.18,1.91,0.18,0.09,0.45,0.18,4.60,0.7692,,0.8000,-1.00,0.7692,0.7895,0.1396,25.86,4.23
1842,1019,4,7,10,18.00,9.10,4.00,0.50,2.00,2.00,26.60,0.4605,0.2333,0.6875,0.40,0.4836,0.5199,0.3266,26.97,10.50
1843,1019,4,14,44,24.57,11.34,3.20,1.23,2.05,2.11,32.71,0.5277,0.2979,0.7882,0.48,0.5462,0.6011,0.3064,30.70,8.89
1844,1042,4,30,47,1.51,0.66,0.21,0.30,0.13,0.15,4.77,0.3836,0.2414,0.6154,-0.49,0.4315,0.4510,0.1605,9.21,-3.49
1845,1059,4,2,27,1.22,0.48,0.48,0.19,0.04,0.48,3.45,0.3529,0.2222,0.7143,-1.04,0.4118,0.4450,0.2382,9.89,-3.58
1846,1076,4,26,77,22.21,3.87,4.44,0.81,0.42,1.36,35.95,0.4771,0.3281,0.8571,1.43,0.5092,0.5692,0.2512,18.11,2.31
1847,1101,4,12,20,1.50,0.45,0.65,0.30,0.10,0.20,3.26,0.3438,0.3000,1.0000,2.00,0.4375,0.4562,0.2444,14.57,8.31
1848,1109,4,18,63,11.48,3.62,3.57,1.16,0.27,1.57,25.49,0.4216,0.3973,0.7778,2.76,0.5683,0.5824,0.1969,14.87,1.60
1849,1110,4,4,73,5.52,6.00,0.77,0.63,0.55,0.84,16.99,0.5964,0.0000,0.5948,-1.68,0.5964,0.6087,0.1349,18.58,-0.42
1850,1119,4,28,55,14.13,3.51,1.78,0.87,0.18,1.51,28.86,0.4096,0.3497,0.8581,-3.82,0.4977,0.5432,0.2138,11.36,-4.12
1851,1129,4,21,52,2.73,1.56,0.60,0.33,0.13,0.35,7.79,0.4320,0.3239,0.6875,0.87,0.5240,0.5377,0.1578,12.89,-1.57
1852,1134,4,18,68,3.22,0.74,1.44,0.29,0.01,0.78,7.59,0.4408,0.3378,0.5333,0.28,0.5000,0.5032,0.2281,11.64,0.53
1853,1139,4,7,81,10.77,2.58,4.31,0.86,0.21,1.26,26.37,0.4164,0.3344,0.8025,-2.74,0.4963,0.5527,0.1805,13.90,1.95
1854,1155,4,7,22,28.14,8.32,7.82,2.00,0.41,3.41,35.66,0.4635,0.3538,0.7671,7.64,0.5440,0.5837,0.3300,27.21,11.79
1855,1155,4,14,28,28.18,8.07,7.54,1.61,0.43,3.71,35.15,0.4383,0.3792,0.7912,6.29,0.5295,0.5901,0.3465,26.70,10.53
1856,1160,4,21,72,9.72,3.94,1.58,1.06,0.54,0.71,28.37,0.4347,0.4084,0.7250,7.46,0.5765,0.5837,0.1357,10.36,-3.65
1857,1161,4,5,48,11.79,3.35,4.33,0.90,0.38,1.44,29.04,0.4922,0.3280,0.7848,-4.88,0.5612,0.5850,0.1675,14.28,1.21
1858,1176,4,23,50,5.70,1.20,1.56,0.48,0.24,0.30,12.41,0.4870,0.4000,0.7333,-2.06,0.5478,0.5705,0.1862,15.96,2.20
1859,1194,4,23,61,4.80,5.08,0.56,0.64,0.30,0.90,12.31,0.5000,0.1500,0.6222,-4.02,0.5064,0.5355,0.1918,18.67,0.33
1860,1196,4,5,43,0.84,0.47,0.21,0.00,0.00,0.02,1.73,0.4615,0.4000,0.7500,0.28,0.5769,0.6098,0.1718,19.21,3.93
1861,1197,4,21,36,1.00,0.72,0.14,0.14,0.00,0.11,3.48,0.4000,0.4762,1.0000,-0.61,0.5667,0.5829,0.1173,10.29,-4.86
1862,1217,4,13,75,6.32,3.35,2.80,1.71,0.36,0.99,23.77,0.4394,0.3348,0.6818,3.49,0.5252,0.5306,0.1289,10.87,0.00
1863,1219,4,24,77,6.64,3.47,0.74,0.57,0.52,0.52,18.32,0.4298,0.3106,0.4872,-2.19,0.5157,0.5170,0.1686,10.49,-3.52
1864,1222,4,24,62,26.56,6.03,4.24,0.81,1.24,3.06,36.53,0.5267,0.4301,0.8393,-0.61,0.5979,0.6419,0.2908,23.37,2.68
1865,1223,4,9,78,11.77,10.35,2.68,0.69,1.14,1.74,26.07,0.6923,,0.6694,0.46,0.6923,0.7035,0.1648,24.81,4.75
1866,1239,4,11,75,8.99,4.80,1.11,1.29,0.65,0.87,18.70,0.4882,0.3427,0.7653,2.09,0.5436,0.5672,0.1949,18.73,1.86
1867,1251,4,15,68,8.97,8.06,0.96,0.53,1.25,1.29,20.82,0.5797,0.3462,0.7087,2.41,0.6005,0.6239,0.1658,20.99,1.20
1868,1255,4,18,80,27.21,5.63,4.49,1.14,0.64,3.11,35.89,0.4473,0.3946,0.8367,3.64,0.5465,0.5947,0.3159,21.31,3.02
1869,1266,4,23,60,7.42,2.47,1.15,0.75,0.27,0.82,19.25,0.4550,0.3632,0.6957,-4.67,0.5463,0.5587,0.1697,10.69,-4.17
1870,1267,4,7,50,3.36,2.30,0.84,0.38,0.40,0.32,12.17,0.4963,0.4074,0.9231,-3.16,0.5778,0.5969,0.1114,12.14,-2.19
1871,1293,4,26,82,8.12,2.59,1.46,1.48,0.77,0.87,23.76,0.4892,0.4330,0.8488,0.78,0.6390,0.6636,0.1273,12.06,-2.93
1872,1303,4,23,25,18.08,6.20,3.40,0.56,0.72,2.48,22.98,0.4444,0.2987,0.8817,-2.28,0.4810,0.5804,0.3508,25.77,6.37
1873,1328,4,3,10,5.50,0.90,1.20,0.30,0.10,0.80,15.10,0.3269,0.2955,0.8000,-7.00,0.4519,0.4876,0.1879,4.30,-6.69
1874,1329,4,13,31,2.10,1.87,0.29,0.06,0.23,0.32,5.73,0.5510,0.0000,0.7857,-0.29,0.5510,0.5892,0.1648,17.34,-1.51
1875,1329,4,29,45,4.78,3.73,1.00,0.22,0.71,0.69,12.62,0.6069,0.6000,0.6316,-2.60,0.6172,0.6321,0.1501,19.52,1.09
1876,1340,4,3,30,8.90,4.00,1.83,0.80,0.33,1.30,22.16,0.4273,0.3117,0.7534,-2.20,0.4818,0.5295,0.1921,12.66,-2.20
1877,1344,4,7,23,7.57,1.43,2.43,0.52,0.13,0.96,16.18,0.4776,0.4340,0.7419,-2.09,0.5634,0.5893,0.2001,13.54,0.57
1878,1382,4,28,34,1.71,1.50,0.53,0.12,0.26,0.41,4.31,0.5306,,0.7500,-0.65,0.5306,0.5522,0.1901,17.39,2.79
1879,1395,4,29,75,9.20,5.87,1.87,0.64,0.29,1.36,20.29,0.5019,0.3500,0.6503,-4.88,0.5763,0.5939,0.1885,17.55,0.63
1880,1400,4,3,24,8.67,3.79,1.29,0.75,0.50,0.75,24.15,0.4591,0.4352,0.6250,1.71,0.6069,0.6134,0.1442,11.60,-3.70
1881,1400,4,14,45,7.58,3.47,1.31,0.89,0.24,0.84,27.55,0.4420,0.3981,0.7143,5.96,0.5906,0.5977,0.1156,9.04,-6.04
1882,1409,4,21,50,1.30,0.54,0.24,0.16,0.06,0.08,4.06,0.2604,0.1944,0.5000,0.14,0.3333,0.3355,0.2113,4.10,-3.38
1883,1426,4,9,76,5.87,2.83,0.86,0.41,0.16,0.71,16.27,0.4021,0.3348,0.8333,0.21,0.5040,0.5440,0.1593,10.73,-4.69
1884,1457,4,26,45,24.98,5.00,6.13,1.47,0.44,2.96,36.95,0.4689,0.3217,0.8293,0.51,0.5210,0.5670,0.2894,19.85,4.70
1885,1457,4,27,17,19.71,4.29,6.82,1.47,0.29,2.41,34.01,0.4464,0.2737,0.8194,-5.41,0.4929,0.5374,0.2610,17.98,6.19
1886,1480,4,12,46,1.00,0.65,0.20,0.07,0.07,0.13,3.93,0.4324,0.1000,0.6842,-0.41,0.4459,0.5071,0.1229,7.57,-6.18
1887,1498,4,26,28,2.18,0.71,0.96,0.36,0.07,0.54,6.58,0.4179,0.5000,1.0000,0.18,0.4478,0.4523,0.1984,9.95,-0.93
1888,1502,4,12,77,1.31,0.90,0.25,0.23,0.14,0.16,4.82,0.3804,0.3000,0.8000,0.21,0.4620,0.5010,0.1329,9.80,-3.32
1889,1507,4,7,67,10.46,5.79,1.19,0.34,1.52,0.99,18.29,0.7022,,0.6888,0.52,0.7022,0.7164,0.1951,25.73,3.82
1890,1533,4,6,77,20.05,2.78,6.57,1.18,0.14,2.45,29.88,0.4719,0.4008,0.8784,6.48,0.5622,0.6002,0.2737,20.65,7.01
1891,1546,4,4,4,7.00,1.50,3.25,0.75,0.50,1.50,19.83,0.4074,0.3750,0.7500,-9.75,0.4630,0.4868,0.1880,8.37,-0.57
1892,1554,4,18,74,1.86,0.73,0.15,0.08,0.04,0.16,2.97,0.4952,0.2778,0.6857,0.01,0.5429,0.5731,0.2625,17.49,-0.76
1893,1571,4,29,72,15.63,3.51,5.24,0.64,0.13,2.54,29.28,0.3906,0.3432,0.8175,-7.11,0.4853,0.5386,0.2445,15.02,2.11
1894,1572,4,30,74,7.89,3.74,2.27,0.91,0.64,1.28,24.00,0.3743,0.3276,0.7473,-4.64,0.4804,0.5060,0.1602,9.63,-2.25
1895,1573,4,23,46,14.46,4.76,3.87,1.63,0.43,2.30,28.99,0.4298,0.3582,0.8144,-1.80,0.5140,0.5427,0.2392,15.70,1.80
1896,1587,4,4,80,1.34,1.50,0.26,0.11,0.23,0.31,5.11,0.4947,0.5000,0.6000,-1.55,0.5000,0.5154,0.1346,11.99,-3.46
1897,1590,4,5,71,14.39,7.97,7.08,1.18,0.63,2.85,29.81,0.4649,0.3777,0.7813,-0.96,0.5307,0.5700,0.2180,23.21,9.91
1898,1594,4,21,76,32.26,4.88,6.32,1.66,1.00,2.39,33.68,0.5211,0.3753,0.8976,11.87,0.5703,0.6376,0.3502,31.15,11.62
1899,1595,4,30,78,1.65,0.85,0.19,0.12,0.03,0.13,5.05,0.4943,0.3333,0.6600,-0.94,0.5517,0.5917,0.1276,11.24,-5.40
1900,1599,4,24,43,4.51,1.81,1.81,0.49,0.12,0.40,10.72,0.4304,0.4333,0.8636,-0.67,0.5538,0.5785,0.1782,17.49,5.44
1901,1621,4,18,72,12.03,10.90,1.76,0.78,1.44,1.24,33.18,0.6686,,0.6740,4.54,0.6686,0.6872,0.1312,20.73,0.69
1902,1636,4,14,29,5.55,3.86,1.45,1.03,0.38,0.90,18.72,0.4375,0.3824,0.8182,-0.38,0.5278,0.5408,0.1414,12.82,-1.52
1903,1638,4,8,51,14.67,4.84,3.22,0.45,0.27,1.43,28.37,0.5312,0.4360,0.8101,5.90,0.6066,0.6496,0.1912,18.60,0.70
1904,1641,4,23,49,5.43,0.94,1.33,0.53,0.24,0.57,15.69,0.4265,0.4088,0.7500,-1.47,0.5637,0.5908,0.1466,10.27,-3.96
1905,1645,4,7,27,0.89,0.19,0.22,0.07,0.04,0.19,2.10,0.3913,0.3636,0.5000,0.41,0.4783,0.4847,0.2256,5.47,-4.86
1906,1669,4,25,78,8.68,2.09,1.29,0.53,0.59,0.83,19.53,0.3728,0.3649,0.8494,-2.59,0.4669,0.5232,0.1957,10.76,-3.26
1907,1693,4,17,73,7.29,2.37,1.47,0.51,0.10,0.52,22.46,0.4282,0.4258,0.8148,3.03,0.6100,0.6188,0.1257,8.81,-5.09
1908,1696,4,10,71,8.63,5.83,5.39,1.39,0.99,2.45,27.94,0.4244,0.3252,0.6871,3.87,0.5029,0.5343,0.1601,14.93,4.37
1909,1700,4,11,81,21.12,4.62,3.46,0.88,0.32,2.47,32.88,0.4238,0.3568,0.8119,2.25,0.5056,0.5448,0.2758,16.43,0.05
1910,1701,4,6,26,2.27,1.54,0.42,0.38,0.04,0.15,6.36,0.3651,0.2424,0.5000,1.85,0.4286,0.4377,0.1833,11.04,-0.01
1911,1701,4,19,55,5.24,3.24,0.82,1.00,0.55,0.51,19.86,0.4464,0.3519,0.7576,-4.73,0.5313,0.5691,0.1092,11.18,-3.93
1912,1702,4,11,81,2.12,0.72,0.25,0.07,0.05,0.11,4.90,0.5041,0.3671,0.8077,-0.47,0.6240,0.6494,0.1479,13.41,-3.78
1913,1704,4,4,68,7.44,2.53,1.59,1.09,0.22,1.03,27.75,0.4276,0.3911,0.6806,-5.35,0.5428,0.5589,0.1182,6.99,-6.58
1914,1739,4,7,48,10.00,3.73,2.10,0.67,0.21,1.27,22.29,0.4630,0.3980,0.7654,-0.15,0.5726,0.5990,0.1849,14.55,-1.45
1915,1739,4,23,32,19.13,4.53,3.97,1.31,0.38,2.50,29.48,0.4694,0.3727,0.7519,-7.94,0.5590,0.5924,0.2710,19.44,2.65
1916,1753,4,1,48,4.10,2.90,0.56,0.58,0.69,0.31,11.09,0.4211,0.2593,0.7619,1.81,0.4825,0.5198,0.1596,15.97,1.40
1917,1766,4,14,62,12.50,4.76,1.34,0.73,0.42,0.79,30.15,0.5087,0.4130,0.7699,2.55,0.5972,0.6193,0.1595,14.08,-3.60
1918,1784,4,12,74,17.81,3.42,8.95,1.39,0.64,1.61,32.32,0.4703,0.3828,0.8514,3.07,0.5772,0.6126,0.2189,23.28,12.68
1919,1791,4,8,45,0.73,0.49,0.09,0.00,0.09,0.04,1.47,0.5833,0.2500,0.7500,-0.04,0.6250,0.6405,0.1797,20.34,2.30
1920,1831,4,9,80,10.55,2.29,1.54,0.48,0.09,0.60,26.91,0.4059,0.3676,0.8552,0.31,0.5294,0.5674,0.1563,10.05,-5.09
1921,1832,4,13,79,22.81,5.77,8.70,1.49,0.70,4.32,35.31,0.4100,0.3518,0.8737,4.35,0.5008,0.5815,0.2984,22.13,8.51
1922,1836,4,7,74,6.70,1.20,1.09,0.38,0.07,1.11,12.26,0.4348,0.3858,0.6977,-0.88,0.5266,0.5489,0.2548,10.53,-4.58
1923,1839,4,29,23,1.39,0.91,0.35,0.43,0.04,0.13,6.00,0.3143,0.2800,0.5000,1.35,0.4143,0.4251,0.1243,6.32,-3.53
1924,1864,4,22,56,2.59,1.14,0.54,0.46,0.21,0.30,12.69,0.3835,0.3564,0.5833,1.54,0.5188,0.5243,0.0966,6.25,-7.17
1925,1873,4,9,76,13.18,5.68,2.13,0.97,0.75,1.12,30.34,0.4770,0.3447,0.8614,2.46,0.5335,0.5706,0.1773,15.79,-0.76
1926,1881,4,20,77,13.65,9.57,5.88,1.55,0.35,2.05,37.62,0.5247,0.3333,0.7756,2.64,0.5792,0.6109,0.1545,19.23,4.48
1927,1882,4,21,56,11.00,10.77,3.88,0.84,1.09,1.64,27.79,0.5769,0.0000,0.6726,7.32,0.5769,0.5949,0.1664,23.35,6.96
1928,1895,4,2,76,7.96,2.95,0.84,0.54,0.17,0.30,20.28,0.4515,0.4160,1.0000,4.28,0.6266,0.6317,0.1435,12.71,-3.79
1929,1901,4,19,64,9.44,2.47,1.03,0.47,0.36,0.91,20.63,0.3723,0.3313,0.8163,-4.95,0.4712,0.5041,0.2111,10.67,-4.42
1930,1911,4,14,59,6.49,4.56,0.98,0.53,0.86,0.73,18.53,0.7220,0.0000,0.6224,1.47,0.7220,0.7196,0.1252,16.60,-1.59
1931,1912,4,3,6,9.00,3.00,5.17,0.67,0.67,1.50,27.07,0.4186,0.3810,0.8333,-4.00,0.5116,0.5592,0.1465,13.19,2.87
1932,1939,4,25,81,10.33,2.44,4.14,0.84,0.16,2.19,21.72,0.4190,0.3535,0.7670,-0.47,0.4956,0.5396,0.2273,13.00,1.63
1933,1941,4,29,4,3.50,3.75,0.50,1.25,1.00,0.50,18.63,0.2222,0.2500,0.7500,-5.50,0.3056,0.3543,0.1177,7.09,-3.53
1934,1964,4,16,81,22.53,4.85,5.22,0.85,0.21,2.42,33.40,0.4719,0.3739,0.8847,1.01,0.5628,0.6042,0.2830,21.48,4.20
1935,1978,4,10,82,11.12,3.22,1.63,0.84,0.28,1.11,22.72,0.4173,0.3698,0.8281,1.72,0.5464,0.5601,0.2064,13.05,-2.14
1936,1985,4,16,81,5.90,3.10,1.38,0.84,0.46,0.67,22.42,0.4578,0.3820,0.7209,0.78,0.5716,0.5830,0.1146,9.54,-4.38
1937,2023,4,11,81,4.20,0.96,1.02,0.23,0.14,0.46,9.71,0.4382,0.4000,0.8293,1.10,0.5730,0.5964,0.1698,12.03,-2.00
1938,2024,4,2,72,9.53,3.68,3.32,0.92,0.38,1.07,26.33,0.4433,0.3529,0.9091,4.71,0.5375,0.5652,0.1588,14.01,0.60
1939,2030,4,9,82,6.37,2.66,1.00,0.60,0.21,0.88,15.45,0.4736,0.2384,0.7541,-0.67,0.5168,0.5557,0.1817,11.86,-3.60
1940,2035,4,30,78,2.95,2.27,0.54,0.12,0.29,0.27,6.81,0.6522,0.0000,0.8333,-0.46,0.6522,0.6995,0.1474,22.92,2.88
1941,2037,4,21,34,14.09,7.56,1.85,0.68,2.09,1.65,25.79,0.4897,0.3793,0.7537,8.65,0.5543,0.5988,0.2221,22.31,3.40
1942,2049,4,23,13,7.85,2.00,2.77,0.38,0.46,1.31,23.12,0.3711,0.3043,0.8421,-8.00,0.4433,0.4841,0.1773,8.32,-3.07
1943,2057,4,2,71,7.58,5.20,1.80,0.51,0.72,0.65,23.36,0.4230,0.3631,0.8947,5.59,0.5466,0.5631,0.1390,14.88,-0.39
1944,2064,4,5,79,4.80,1.27,1.05,0.27,0.14,0.51,9.16,0.4570,0.3361,0.7347,0.24,0.5275,0.5672,0.2170,15.28,0.43
1945,2069,4,22,81,2.95,0.93,0.43,0.27,0.07,0.16,9.72,0.4211,0.4000,0.8824,-0.81,0.5895,0.6051,0.1180,8.23,-6.13
1946,2076,4,22,81,3.30,0.86,0.54,0.16,0.14,0.44,8.66,0.3740,0.2957,0.6957,-1.06,0.4790,0.4906,0.1940,6.48,-6.16
1947,2092,4,5,27,12.70,3.15,3.04,1.11,0.26,1.11,28.87,0.4388,0.3763,0.7143,6.26,0.5578,0.5656,0.1800,12.99,-0.62
1948,2092,4,26,44,7.68,2.73,1.68,0.82,0.36,0.84,20.43,0.4129,0.3024,0.7143,-1.48,0.5129,0.5243,0.1717,11.00,-2.26
1949,2094,4,15,78,5.63,1.65,0.49,0.21,0.72,0.44,9.59,0.5148,0.4050,0.7857,0.32,0.6475,0.6659,0.1978,18.72,0.07
1950,2102,4,20,52,0.92,0.98,0.21,0.02,0.29,0.40,4.18,0.6774,,0.4615,-1.21,0.6774,0.6536,0.1165,9.36,-7.42
1951,2114,4,1,38,18.08,3.63,1.42,0.82,0.13,1.50,27.19,0.4664,0.3900,0.8663,-1.47,0.5651,0.6226,0.2417,16.68,-2.64
1952,2114,4,6,27,14.30,4.19,1.30,0.70,0.30,0.85,25.06,0.4852,0.4255,0.8205,5.44,0.5963,0.6342,0.2041,16.35,-1.71
1953,2131,4,13,50,2.88,0.48,0.56,0.36,0.08,0.48,4.44,0.3913,0.3875,0.8846,-0.68,0.5261,0.5694,0.2959,14.79,0.98
1954,2134,4,24,81,3.15,2.74,0.88,0.35,0.36,0.48,12.91,0.6043,0.0000,0.5800,-0.26,0.6043,0.6100,0.1055,12.36,-3.15
1955,2141,4,18,68,0.22,0.16,0.34,0.03,0.00,0.13,1.68,0.2609,0.2000,,0.03,0.3261,0.3261,0.1217,3.86,-2.17
1956,2144,4,19,19,21.05,5.26,4.89,0.84,0.58,3.63,31.32,0.4655,0.3739,0.8545,-6.74,0.5300,0.5599,0.3066,18.51,2.23
1957,2148,4,7,51,24.20,4.71,4.53,1.29,0.45,2.18,35.36,0.4730,0.4011,0.9159,2.43,0.5492,0.5937,0.2756,20.25,3.27
1958,2149,4,22,79,4.81,3.97,0.51,0.77,1.01,0.42,13.80,0.4136,0.2583,0.6822,-0.48,0.4738,0.5120,0.1638,17.03,1.47
1959,2153,4,9,32,16.50,3.88,3.72,0.88,0.34,2.78,28.07,0.4600,0.4091,0.7328,-1.94,0.5363,0.5689,0.2644,15.77,-0.19
1960,2164,4,15,34,6.15,2.71,0.85,0.35,0.15,0.91,13.49,0.3719,0.3368,0.7250,-2.00,0.4523,0.4825,0.2211,11.55,-3.41
1961,2166,4,12,5,7.00,5.60,1.00,0.60,1.60,1.00,16.78,0.6087,,0.5000,2.00,0.6087,0.6001,0.1757,19.38,2.45
1962,2180,4,12,50,3.24,0.88,1.06,0.42,0.10,0.32,7.62,0.4754,0.3750,0.7750,-0.02,0.5369,0.5802,0.1774,14.08,1.97
1963,2183,4,23,49,2.78,0.86,0.92,0.33,0.06,0.35,7.84,0.3910,0.3378,0.7778,-0.39,0.4850,0.4965,0.1784,9.64,-1.30
1964,2189,4,17,80,2.81,2.19,0.99,0.40,0.18,0.71,11.93,0.4767,0.3867,0.5000,-0.43,0.5518,0.5527,0.1204,8.95,-4.65
1965,2190,4,15,74,22.18,5.64,2.00,1.24,1.53,2.07,29.82,0.4880,0.3753,0.7814,4.47,0.5482,0.5911,0.2830,20.63,1.91
1966,2191,4,10,82,4.96,3.79,1.27,0.28,0.46,0.55,11.79,0.5762,0.0000,0.5784,-0.74,0.5762,0.5867,0.1722,21.70,4.29
1967,2199,4,14,55,1.13,0.33,0.40,0.16,0.05,0.24,3.30,0.3134,0.2813,0.7857,-1.29,0.3806,0.4237,0.2094,7.61,-2.21
1968,2205,4,14,70,24.43,7.80,8.21,1.00,0.56,3.71,34.92,0.5126,0.3763,0.7825,-0.77,0.5713,0.6040,0.3034,26.80,10.16
1969,2214,4,16,80,7.03,3.50,2.06,0.76,0.18,1.21,16.80,0.4644,0.3190,0.7535,-2.03,0.5056,0.5483,0.2035,16.38,1.02
1970,2229,4,4,58,5.43,2.33,0.91,0.45,0.43,0.60,18.47,0.4055,0.3354,0.8000,-4.76,0.5000,0.5178,0.1362,7.74,-5.79
1971,2231,4,14,25,2.28,2.44,0.24,0.08,0.36,0.56,9.03,0.6190,,0.4167,0.00,0.6190,0.6028,0.1215,9.01,-7.10
1972,2231,4,19,27,1.41,1.63,0.37,0.26,0.22,0.37,6.16,0.4688,,0.3810,-0.67,0.4688,0.4607,0.1301,9.24,-3.57
1973,2241,4,6,70,12.54,2.47,3.39,1.11,0.04,1.31,19.89,0.5162,0.4387,0.8716,4.31,0.6060,0.6426,0.2379,21.15,5.32
1974,2245,4,21,74,10.15,2.62,1.61,0.64,0.11,0.50,21.43,0.4410,0.4129,0.8113,7.35,0.6051,0.6173,0.1738,13.64,-1.67
1975,2247,4,30,28,7.14,1.86,2.46,0.39,0.11,1.11,21.24,0.3814,0.2471,0.8857,-5.89,0.4356,0.4776,0.1727,7.55,-3.70
1976,2259,4,3,65,16.46,3.80,2.98,0.82,0.38,1.52,27.69,0.4752,0.3897,0.8933,-3.08,0.5817,0.6324,0.2319,18.54,0.97
1977,2287,4,1,50,13.30,6.98,3.54,1.10,0.72,2.10,24.91,0.5028,0.3212,0.7521,1.32,0.5446,0.5730,0.2266,22.83,5.49
1978,2292,4,27,76,12.71,4.79,1.63,0.64,0.28,0.99,23.77,0.4815,0.3173,0.7732,-2.82,0.5383,0.5727,0.2177,17.39,-0.36
1979,2295,4,3,81,10.36,3.67,2.16,1.01,0.37,1.43,23.76,0.3890,0.3142,0.7698,-5.22,0.4698,0.4993,0.2197,10.72,-1.84
1980,2296,4,16,49,0.88,0.57,0.08,0.10,0.08,0.08,2.00,0.6923,0.4286,0.4444,0.10,0.7500,0.7176,0.1544,20.32,0.34
1981,2327,4,8,70,29.59,12.74,10.23,1.81,0.64,3.29,36.72,0.5762,0.4169,0.8004,8.49,0.6268,0.6627,0.2969,37.54,19.16
1982,2340,4,26,41,0.63,0.56,0.17,0.15,0.17,0.17,3.17,0.4231,0.4000,,0.10,0.5000,0.5000,0.1090,8.89,-4.57
1983,2340,4,30,22,5.95,2.91,1.68,0.91,0.27,0.73,17.49,0.4660,0.3077,0.6571,-5.27,0.5243,0.5532,0.1502,13.91,-0.42
1984,2346,4,21,64,2.11,1.89,0.91,0.25,0.06,0.44,8.62,0.3835,0.2540,0.6071,1.17,0.4436,0.4645,0.1342,10.16,-1.96
1985,2355,4,19,27,7.59,2.89,2.41,1.37,0.33,1.30,24.01,0.4360,0.3056,0.8250,-0.74,0.5000,0.5406,0.1453,10.10,-2.45
1986,2356,4,26,63,2.13,0.90,0.19,0.08,0.16,0.25,4.82,0.6506,0.3750,0.6389,-1.02,0.6687,0.6779,0.1644,15.35,-4.44
1987,2365,4,7,12,11.42,6.58,1.25,0.75,0.83,0.67,21.69,0.8356,0.3333,0.7000,-1.08,0.8425,0.8374,0.1527,26.12,2.87
1988,2365,4,13,43,1.42,1.07,0.23,0.14,0.30,0.23,4.83,0.7222,0.0000,0.7500,-0.19,0.7222,0.7389,0.1076,14.99,-2.94
1989,2381,4,8,44,0.59,0.39,0.11,0.11,0.11,0.11,2.83,0.3235,0.0588,1.0000,-1.02,0.3382,0.3681,0.1380,3.54,-6.68
1990,2384,4,5,18,11.50,3.22,4.89,1.06,0.28,0.78,25.26,0.5724,0.5000,0.8824,-2.28,0.6103,0.6470,0.1617,20.69,6.92
1991,2384,4,27,26,4.08,2.04,3.65,0.65,0.15,0.69,16.07,0.4691,0.2800,0.7667,1.00,0.5123,0.5626,0.1157,14.70,5.71
1992,2385,4,24,81,10.23,2.42,5.30,0.85,0.10,1.12,26.84,0.4480,0.4140,0.8947,-1.14,0.5695,0.5854,0.1634,15.57,4.15
1993,2393,4,13,77,10.14,3.42,0.78,1.03,0.43,0.86,24.33,0.5263,0.3562,0.7034,3.23,0.5925,0.6093,0.1660,12.73,-4.64
1994,2395,4,8,82,2.55,3.46,0.65,0.20,0.33,0.49,8.42,0.6500,,0.4219,-0.57,0.6500,0.6214,0.1285,20.13,1.81
1995,2406,4,22,82,2.16,0.90,0.88,0.32,0.05,0.22,7.46,0.4026,0.3645,0.7778,0.43,0.5292,0.5466,0.1299,10.61,-0.85
1996,2410,4,16,64,7.67,2.72,2.03,0.55,0.20,0.92,17.70,0.4622,0.3756,0.8276,-0.42,0.5662,0.6013,0.1860,14.87,-0.13
1997,2412,4,29,72,7.93,2.56,0.94,0.54,0.11,0.50,17.64,0.4295,0.3758,0.8491,-4.96,0.5537,0.5729,0.1768,11.58,-3.36
1998,2433,4,15,43,0.84,0.28,0.44,0.05,0.00,0.12,2.15,0.3667,0.3043,0.7778,0.63,0.4833,0.5300,0.1714,13.24,3.88
1999,2441,4,7,13,1.85,1.62,0.15,0.00,0.15,0.08,5.13,0.7692,,0.6667,-2.77,0.7692,0.7673,0.1083,18.38,-1.88
2000,2441,4,19,6,1.67,3.00,0.50,0.17,0.17,0.50,9.87,0.4444,,0.5000,-6.50,0.4444,0.4647,0.0976,9.81,-4.98
2001,2453,4,15,68,8.47,2.69,3.16,0.74,0.07,1.06,21.64,0.4780,0.4330,0.8947,1.79,0.6090,0.6315,0.1452,15.46,1.11
2002,2467,4,29,66,9.71,10.71,1.47,0.55,2.09,1.30,26.37,0.6635,0.1765,0.5197,-4.98,0.6706,0.6596,0.1381,23.98,3.37
2003,2506,4,30,63,11.13,2.83,1.62,0.40,0.22,1.00,24.93,0.4577,0.3704,0.8488,-4.33,0.5658,0.5912,0.1753,11.93,-4.30
2004,2511,4,7,36,2.86,2.64,1.19,0.25,0.47,0.64,17.69,0.3854,0.2653,0.7619,-0.47,0.4531,0.4894,0.0860,6.22,-6.25
2005,2518,4,14,80,8.83,2.70,0.83,0.30,0.10,0.46,18.68,0.4614,0.3765,0.7619,-0.91,0.5763,0.5943,0.1869,13.20,-3.89
2006,2532,4,10,21,2.19,0.81,0.24,0.10,0.19,0.19,3.99,0.5000,0.2667,0.7500,-0.14,0.5556,0.5820,0.2220,18.29,0.11
2007,2536,4,20,80,1.01,0.34,0.88,0.15,0.05,0.23,3.70,0.3293,0.2979,0.7647,-0.01,0.4146,0.4526,0.1593,10.68,4.68
2008,2537,4,14,49,1.84,1.88,0.33,0.16,0.33,0.24,6.97,0.6061,0.0000,0.7143,-0.14,0.6061,0.6236,0.1089,13.74,-2.53
2009,2541,4,15,77,1.45,1.96,0.55,0.39,0.18,0.21,7.25,0.4505,0.3710,0.8750,0.75,0.5769,0.5925,0.0802,15.23,0.14
2010,2546,4,2,79,5.58,4.91,1.48,0.46,0.90,0.39,17.24,0.6679,0.0000,0.6907,5.08,0.6679,0.6833,0.1144,19.86,2.72
2011,2561,4,1,65,6.34,2.40,2.26,0.55,0.40,0.77,17.65,0.4966,0.4369,0.7111,-0.97,0.6507,0.6607,0.1305,13.94,0.31
2012,2575,4,10,50,14.38,4.34,2.08,0.76,0.42,1.42,22.89,0.4542,0.3046,0.6681,0.16,0.4947,0.5354,0.2767,17.61,1.20
2013,2582,4,17,33,14.48,5.61,2.21,0.48,0.36,2.21,31.80,0.4555,0.3333,0.6635,-0.48,0.5204,0.5447,0.2162,12.76,-4.12
2014,2582,4,30,32,15.19,5.78,2.47,0.63,0.22,2.28,27.72,0.4198,0.2813,0.6020,-12.59,0.4692,0.4878,0.2691,14.19,-1.43
2015,2588,4,15,50,6.86,4.10,2.66,0.88,0.40,1.38,19.64,0.4896,0.4444,0.6979,3.60,0.5726,0.6055,0.1435,15.49,1.26
2016,2588,4,26,19,6.05,2.84,1.32,0.95,0.16,0.89,19.34,0.4375,0.3846,0.5789,-2.84,0.5417,0.5510,0.1447,9.28,-4.27
2017,2591,4,5,42,23.98,4.81,4.50,0.93,0.24,2.88,34.10,0.5113,0.4459,0.7967,0.24,0.6070,0.6373,0.2669,21.30,2.02
2018,2591,4,26,32,22.41,3.53,3.78,0.59,0.06,2.72,36.57,0.5107,0.4459,0.8738,-2.50,0.6111,0.6421,0.2427,16.57,-2.23
2019,2607,4,11,78,2.56,1.76,0.47,0.17,0.13,0.27,6.41,0.5329,0.4231,0.6750,-0.32,0.5691,0.5896,0.1585,16.99,0.00
2020,2625,4,16,81,3.01,1.12,0.78,0.38,0.09,0.27,9.48,0.4322,0.3333,0.6721,-0.10,0.5101,0.5402,0.1448,8.93,-3.27
2021,2639,4,28,28,8.43,3.07,1.11,0.46,0.21,0.54,17.37,0.4211,0.3267,0.6825,-0.61,0.5079,0.5420,0.1956,13.55,-1.48
2022,2644,4,1,28,13.86,3.43,2.68,0.86,0.50,0.89,24.71,0.4817,0.3382,0.7222,0.71,0.5581,0.5831,0.2155,17.47,2.13
2023,2644,4,6,38,10.21,2.82,3.68,0.87,0.50,1.34,23.79,0.4530,0.4054,0.6988,6.26,0.5537,0.5799,0.1836,15.54,2.31
2024,2656,4,24,82,1.01,0.24,0.13,0.07,0.00,0.12,1.76,0.3649,0.2432,0.9524,0.30,0.4257,0.4986,0.2880,13.32,-2.14
2025,2673,4,14,31,0.71,1.00,0.26,0.03,0.10,0.29,3.94,0.4545,0.3333,0.2500,-1.87,0.4773,0.4630,0.1179,6.02,-6.93
2026,2673,4,26,50,1.04,1.28,0.60,0.16,0.36,0.22,5.16,0.5366,0.1667,0.5385,-1.90,0.5488,0.5565,0.0959,13.74,1.76
2027,2677,4,13,37,21.51,5.92,3.14,1.59,0.46,1.95,31.89,0.4976,0.4105,0.8099,8.00,0.5602,0.5885,0.2821,21.74,3.10
2028,2695,4,3,30,3.73,1.77,0.57,0.27,0.23,0.40,9.95,0.4216,0.3800,0.7000,-1.43,0.5147,0.5263,0.1734,11.00,-3.42
2029,2704,4,5,23,0.91,0.39,0.13,0.04,0.04,0.09,2.30,0.5333,0.3000,1.0000,-0.35,0.6333,0.6612,0.1434,9.64,-4.70
2030,2707,4,17,57,24.95,4.67,7.07,1.18,0.18,2.81,36.06,0.4490,0.3765,0.9227,0.84,0.5479,0.6227,0.2777,22.55,6.57
2031,2712,4,7,46,6.83,5.87,1.85,0.43,1.22,0.89,18.11,0.7016,,0.6301,2.63,0.7016,0.7037,0.1363,21.80,4.02
2032,2714,4,17,53,0.57,0.66,0.09,0.09,0.00,0.11,2.00,0.3333,0.0000,0.7500,-0.55,0.3333,0.4407,0.1670,13.20,-2.54
2033,2738,4,10,81,4.25,5.70,1.46,0.57,0.46,0.48,14.11,0.5144,0.4000,0.5657,1.44,0.5180,0.5349,0.1340,19.61,5.14
2034,2739,4,17,79,12.97,5.04,1.80,0.63,1.85,1.05,31.81,0.5065,0.3723,0.8261,1.43,0.5962,0.6214,0.1593,15.15,-1.73
2035,2750,4,16,69,1.77,1.36,0.32,0.22,0.06,0.20,3.64,0.3565,0.3582,0.6957,-0.36,0.4609,0.4875,0.2497,19.57,4.95
2036,2756,4,23,38,3.63,1.76,2.53,0.87,0.29,0.55,17.36,0.3504,0.3295,0.8182,-1.87,0.4744,0.5246,0.1026,9.43,0.12
2037,2774,4,26,71,6.35,4.45,1.15,0.58,0.32,0.55,19.01,0.4198,0.3403,0.7000,-0.99,0.5281,0.5511,0.1444,14.09,-1.50
2038,2822,4,27,80,4.70,2.24,0.54,0.24,0.20,0.33,8.23,0.5037,0.3774,0.7500,-0.33,0.6140,0.6338,0.2103,21.02,1.99
2039,2828,4,1,30,9.80,3.07,2.07,0.63,0.13,0.73,22.72,0.5413,0.3864,0.6667,-0.50,0.6193,0.6286,0.1567,14.13,-1.52
2040,2828,4,13,39,5.72,2.74,1.51,0.72,0.28,0.64,18.78,0.4462,0.3467,0.7188,-2.05,0.5128,0.5333,0.1394,10.34,-2.86
2041,2829,4,4,14,13.07,2.71,2.79,0.50,0.29,1.79,22.79,0.4348,0.4000,0.9048,-3.93,0.5093,0.5375,0.2615,13.84,-0.66
2042,2846,4,29,49,18.20,5.67,1.43,0.67,0.35,1.35,30.12,0.4229,0.3459,0.8757,-3.80,0.5214,0.5708,0.2410,16.81,-1.61
2043,2855,4,7,73,12.52,4.49,2.85,0.96,0.15,1.53,26.29,0.5084,0.2752,0.8125,-1.88,0.5506,0.5841,0.2023,16.74,0.14
2044,2863,4,7,22,3.41,1.86,1.18,0.55,0.14,0.59,12.49,0.3889,0.2500,0.6250,-1.50,0.4167,0.4542,0.1531,8.90,-2.88
2045,2863,4,23,36,7.81,3.78,1.92,0.94,0.56,1.19,26.20,0.4353,0.3793,0.6216,-3.39,0.5065,0.5311,0.1452,10.46,-3.81
2046,2865,4,4,39,7.85,4.51,2.28,1.10,0.67,1.08,24.80,0.4328,0.3226,0.6939,-1.38,0.5075,0.5284,0.1452,12.89,-0.73
2047,2865,4,24,16,3.25,3.00,1.00,0.81,0.38,0.56,12.87,0.3509,0.1111,0.7500,-3.19,0.3772,0.4175,0.1533,10.66,-0.72
2048,2872,4,30,19,3.95,2.32,0.89,0.47,0.00,0.63,12.32,0.4167,0.2727,0.9000,-6.95,0.4583,0.4908,0.1606,11.25,-3.54
2049,2875,4,23,28,5.50,2.57,0.68,0.39,0.57,0.43,17.13,0.6162,0.3810,0.8276,1.00,0.6566,0.6890,0.1140,11.17,-5.08
2050,2875,4,29,26,4.62,2.04,1.12,0.23,0.23,0.46,16.62,0.4902,0.1892,0.7222,-6.54,0.5245,0.5459,0.1166,8.55,-5.38
2051,2884,4,3,78,6.71,2.81,1.56,0.44,0.12,0.95,16.86,0.4065,0.3511,0.7931,-3.31,0.5129,0.5331,0.1896,12.25,-2.32
2052,2895,4,1,81,4.36,1.07,0.74,0.32,0.19,0.38,10.24,0.3969,0.3899,0.8205,-0.74,0.5623,0.6059,0.1605,10.96,-3.32
2053,2898,4,12,74,15.12,5.09,1.82,0.61,0.31,1.80,28.42,0.4536,0.3357,0.8303,1.35,0.5097,0.5743,0.2296,14.98,-2.94
2054,2899,4,19,56,5.80,3.73,0.82,0.39,0.73,0.77,14.12,0.5745,0.3182,0.7727,-1.59,0.6191,0.6389,0.1594,16.72,-0.87
2055,2904,4,23,68,20.13,2.56,4.66,1.34,0.31,1.82,28.83,0.4372,0.3368,0.8789,-1.82,0.5110,0.5619,0.2999,19.09,4.95
2056,2928,4,20,73,8.37,2.21,2.56,0.92,0.23,0.56,21.82,0.4059,0.3686,0.8125,2.89,0.5110,0.5312,0.1696,12.01,0.31
2057,2929,4,23,24,14.67,2.33,2.50,0.63,0.00,1.54,24.66,0.4599,0.3835,0.8750,-1.13,0.5529,0.5893,0.2505,14.79,-1.70
2058,2951,4,19,63,18.78,3.37,3.60,0.73,0.38,1.68,29.08,0.4440,0.3725,0.7168,-4.43,0.5295,0.5497,0.2731,16.38,1.73
2059,2954,4,12,77,9.14,2.43,4.44,1.04,0.26,1.38,17.98,0.5215,0.3125,0.7403,-0.78,0.5338,0.5501,0.2351,20.85,9.46
2060,2968,4,18,82,12.20,5.73,1.99,1.34,0.90,1.16,31.88,0.4772,0.3300,0.8125,2.10,0.5372,0.5616,0.1643,13.64,-1.73
2061,2972,4,26,80,1.84,0.28,0.09,0.05,0.03,0.08,4.27,0.4274,0.4356,0.6000,0.34,0.6154,0.6166,0.1585,7.76,-7.87
2062,3012,4,26,47,1.13,0.45,0.51,0.23,0.00,0.23,4.04,0.3636,0.3846,0.6875,0.02,0.4773,0.5192,0.1399,9.79,-1.82
2063,3012,4,27,35,1.29,0.26,0.77,0.14,0.03,0.14,3.55,0.5357,0.4500,1.0000,1.60,0.6964,0.7343,0.1230,17.47,5.43
2064,3055,4,10,6,10.33,3.33,2.83,1.17,0.33,1.67,20.17,0.4074,0.3714,0.6250,4.50,0.5278,0.5389,0.2246,13.09,1.79
2065,3066,4,6,73,6.97,2.15,1.48,0.73,0.19,0.48,19.20,0.4057,0.3723,0.9655,4.40,0.5672,0.5827,0.1435,10.40,-2.81
2066,3073,4,4,47,5.72,1.85,2.70,0.32,0.00,1.57,16.26,0.3480,0.3600,0.8293,-2.74,0.4304,0.4621,0.2030,8.83,-2.06
2067,3075,4,17,22,12.91,3.73,4.45,0.73,0.18,1.55,23.26,0.5196,0.4198,0.8636,2.86,0.6029,0.6357,0.2190,20.05,5.64
2068,3075,4,30,15,10.00,3.47,3.20,1.20,0.20,1.27,20.61,0.4127,0.2766,0.8684,-1.27,0.4643,0.5255,0.2197,16.78,4.21
2069,3096,4,4,27,21.04,4.85,3.63,1.07,0.74,2.81,34.21,0.4033,0.3549,0.8608,-4.59,0.5092,0.5402,0.2785,14.63,-0.22
2070,3103,4,13,62,2.45,0.94,0.55,0.27,0.08,0.42,6.78,0.4328,0.2105,0.8000,-1.02,0.4627,0.5087,0.1838,10.89,-3.76
2071,3113,4,13,29,1.28,0.03,0.17,0.03,0.00,0.03,2.09,0.5000,0.5000,0.8889,-0.45,0.7250,0.7721,0.1835,11.50,-3.43
2072,3113,4,29,46,1.61,0.46,0.46,0.26,0.07,0.35,5.66,0.3421,0.2982,1.0000,-0.04,0.4539,0.4731,0.1533,6.91,-5.67
2073,3117,4,3,31,6.42,1.65,2.06,0.48,0.03,0.65,15.86,0.4650,0.3889,0.7576,-2.16,0.5541,0.5801,0.1747,12.39,-0.43
2074,3117,4,14,51,2.27,1.04,0.75,0.20,0.06,0.39,6.76,0.4330,0.2941,0.8462,-1.00,0.4845,0.5349,0.1653,11.74,-2.16
2075,3118,4,25,33,0.55,0.30,0.21,0.18,0.03,0.15,3.05,0.3810,0.2000,0.0000,-0.36,0.4286,0.4113,0.1114,3.76,-6.67
2076,3125,4,18,81,1.47,0.58,0.22,0.19,0.15,0.14,3.41,0.4889,0.3256,0.8947,-0.20,0.5667,0.6049,0.1724,14.62,-0.55
2077,3129,4,19,80,8.31,7.51,1.24,0.46,1.23,1.03,24.45,0.5467,0.0000,0.6225,-6.43,0.5467,0.5715,0.1443,17.63,-0.46
2078,3130,4,21,35,6.63,1.89,1.80,0.71,0.11,0.83,16.79,0.4946,0.3833,0.8182,3.40,0.5571,0.5843,0.1657,11.45,-1.95
2079,3131,4,16,32,9.66,2.56,5.00,1.28,0.25,1.56,29.60,0.5043,0.4468,0.7021,2.00,0.5948,0.6114,0.1441,12.89,1.10
2080,3131,4,28,48,5.81,1.77,4.23,0.65,0.17,1.63,22.50,0.4344,0.3590,0.6757,-1.40,0.5205,0.5360,0.1327,8.45,-0.77
2081,3132,4,6,71,23.96,4.54,4.99,1.34,0.24,2.10,31.43,0.4432,0.3681,0.8232,7.35,0.5314,0.5749,0.3118,21.85,6.28
2082,3144,4,6,71,18.54,9.28,3.18,0.86,1.59,2.04,30.52,0.5574,0.3696,0.7246,7.69,0.6043,0.6326,0.2348,25.86,5.52
2083,3147,4,28,66,5.89,4.71,2.21,0.83,0.52,1.06,19.48,0.4382,0.2429,0.7317,-3.65,0.4621,0.4961,0.1506,13.71,0.96
2084,3159,4,26,65,17.18,3.77,5.57,0.94,0.58,2.45,31.60,0.4388,0.3248,0.8652,1.78,0.5128,0.5490,0.2455,16.00,3.33
2085,3166,4,10,78,9.28,2.42,1.23,0.76,0.40,0.69,21.14,0.4331,0.3739,0.7970,1.69,0.5440,0.5778,0.1754,12.25,-3.16
2086,3182,4,4,17,5.12,3.00,1.12,0.59,0.12,1.06,16.48,0.4737,0.3704,0.6250,-8.88,0.5395,0.5470,0.1481,11.35,-4.77
2087,3182,4,9,51,1.24,0.86,0.45,0.20,0.06,0.18,4.28,0.4600,0.2857,0.9286,0.33,0.5000,0.5609,0.1275,14.23,0.01
2088,3184,4,15,51,22.73,4.02,7.14,1.20,0.24,3.63,29.78,0.4544,0.3088,0.8245,4.43,0.5039,0.5630,0.3243,22.19,8.13
2089,3196,4,14,33,1.33,0.45,0.52,0.03,0.06,0.09,3.75,0.3333,0.3043,0.8333,-0.55,0.4063,0.4344,0.1910,8.11,0.23
2090,3198,4,24,72,3.24,0.93,1.01,0.28,0.04,0.29,7.93,0.4256,0.3605,0.8571,0.65,0.5051,0.5457,0.1824,14.11,0.76
2091,3245,4,19,56,20.07,4.79,3.36,1.00,0.70,1.84,33.12,0.4541,0.3607,0.8870,-6.86,0.5483,0.5977,0.2378,18.13,1.12
2092,3246,4,19,31,17.48,6.45,7.35,2.03,0.39,3.42,32.65,0.3927,0.2989,0.8226,-6.68,0.4453,0.4940,0.2706,19.06,8.11
2093,3248,4,8,67,21.43,3.90,6.01,1.36,0.49,2.06,36.09,0.4737,0.3929,0.8862,4.94,0.5433,0.5841,0.2419,19.03,4.61
2094,3249,4,26,76,12.39,6.67,1.43,0.80,0.91,0.79,34.35,0.4439,0.3430,0.8333,0.61,0.5378,0.5530,0.1514,12.75,-3.05
2095,3251,4,25,82,3.50,2.22,0.83,0.43,0.21,0.52,12.69,0.4194,0.2250,0.4561,-0.61,0.4677,0.4719,0.1399,9.93,-3.92
2096,3264,4,29,78,4.28,1.15,0.97,0.24,0.09,0.67,9.74,0.3907,0.3448,0.8000,-1.36,0.5066,0.5261,0.2038,10.89,-3.10
2097,3276,4,17,13,1.77,0.85,0.54,0.08,0.15,0.31,5.35,0.5294,0.4167,,-0.15,0.6765,0.6765,0.1369,12.19,-2.86
2098,3276,4,23,18,0.83,0.56,0.17,0.06,0.00,0.00,3.81,0.3333,0.3333,0.5000,-0.67,0.4667,0.4723,0.1034,4.24,-6.50
2099,3277,4,1,44,4.61,2.34,0.86,0.45,0.30,0.36,10.53,0.5161,0.4474,0.6923,-2.16,0.6258,0.6315,0.1567,18.11,1.51
2100,3305,4,12,75,8.40,2.72,4.12,0.97,0.15,1.48,24.31,0.4559,0.2882,0.7955,2.53,0.5029,0.5430,0.1660,12.57,1.18
2101,3310,4,12,61,8.67,2.79,0.84,0.57,0.28,0.54,17.74,0.5095,0.4368,0.9114,3.18,0.6226,0.6584,0.1765,14.93,-2.73
2102,3326,4,1,28,12.11,2.96,1.57,0.39,0.25,1.21,23.01,0.4412,0.4130,0.7931,-0.14,0.5809,0.5952,0.2061,11.77,-3.78
2103,3326,4,6,51,8.73,3.71,1.31,0.33,0.14,0.94,20.65,0.4770,0.4000,0.7931,3.88,0.6063,0.6168,0.1669,11.71,-4.07
2104,3340,4,8,82,2.24,1.10,0.28,0.30,0.46,0.17,7.41,0.4965,0.3269,0.6136,-0.28,0.5567,0.5737,0.1223,11.48,-3.12
2105,3365,4,19,9,7.44,2.22,2.00,0.11,0.44,0.89,18.67,0.3562,0.2963,0.6364,-4.67,0.4110,0.4304,0.2232,8.94,-2.06
2106,3372,4,4,30,7.93,5.63,2.27,0.57,0.60,1.33,15.70,0.4974,0.2826,0.6271,-3.83,0.5317,0.5536,0.2339,22.57,6.60
2107,3372,4,24,37,5.81,6.19,1.27,0.62,0.43,1.54,15.99,0.4540,0.3220,0.6957,-1.86,0.5123,0.5560,0.1882,17.02,-0.15
2108,3394,4,24,75,9.07,4.65,2.17,0.89,0.44,0.87,24.49,0.4228,0.4059,0.7308,-2.07,0.5798,0.5848,0.1567,13.75,-0.40
2109,3415,4,23,10,4.80,4.30,1.30,0.50,0.30,0.30,17.13,0.5455,0.4545,0.6667,-3.40,0.6970,0.6993,0.0945,17.55,0.23
2110,3417,4,4,17,7.82,2.41,1.12,1.59,0.47,0.88,16.14,0.3878,0.3200,0.7736,0.53,0.4694,0.5481,0.2126,15.92,0.87
2111,3417,4,24,34,4.41,2.12,0.41,0.62,0.32,0.47,10.31,0.4912,0.3810,0.6875,-0.65,0.5614,0.5856,0.1828,15.65,-1.71
2112,3418,4,1,74,13.24,8.88,2.27,0.93,0.92,1.22,27.62,0.5685,0.3151,0.7570,0.50,0.6024,0.6338,0.1737,22.30,3.44
2113,3419,4,6,56,6.02,2.32,1.21,0.57,0.29,0.41,18.81,0.4644,0.3709,0.7174,4.52,0.5693,0.5866,0.1257,9.90,-3.96
2114,3439,4,19,23,9.26,5.09,3.13,0.74,0.48,1.78,22.10,0.5000,0.3889,0.7538,-0.78,0.5467,0.5963,0.1850,16.22,1.69
2115,3439,4,28,27,6.33,3.30,2.07,0.59,0.30,1.30,14.18,0.5000,0.4419,0.7907,-1.48,0.5805,0.6245,0.1941,16.22,1.84
2116,3458,4,23,77,11.77,4.78,1.40,1.19,0.39,1.04,26.99,0.4696,0.2934,0.7514,-3.35,0.5175,0.5508,0.1910,13.57,-2.45
2117,3526,4,27,80,8.86,3.60,7.38,1.26,0.26,1.58,27.94,0.4276,0.3785,0.9213,-0.03,0.5471,0.5791,0.1417,16.74,8.49
2118,3536,4,20,76,6.58,1.37,2.67,0.51,0.21,0.68,14.34,0.4013,0.3633,0.9074,2.68,0.5056,0.5322,0.2100,13.38,4.11
2119,3539,4,4,10,0.60,1.30,2.00,0.60,0.30,0.70,12.33,0.1429,,,-5.40,0.1429,0.1429,0.0963,3.03,-1.90
2120,3539,4,19,19,4.16,3.47,7.68,0.95,0.42,2.74,20.39,0.3663,0.1667,0.5714,-5.00,0.3713,0.3795,0.1715,15.39,11.68
2121,3542,4,10,67,5.97,2.76,1.24,0.78,0.25,0.58,13.84,0.5738,0.3263,0.7105,0.67,0.6258,0.6355,0.1622,16.77,0.81
2122,3577,4,2,41,1.32,0.98,0.32,0.12,0.05,0.20,4.54,0.4146,0.3939,0.7778,1.12,0.5732,0.6005,0.1261,11.51,-3.41
2123,3596,4,5,80,4.58,2.11,0.49,0.48,0.25,0.34,14.04,0.4460,0.3268,0.7895,0.38,0.5331,0.5711,0.1301,10.00,-5.15
2124,3599,4,8,72,2.78,0.99,1.49,0.26,0.07,0.33,9.26,0.4278,0.3960,0.7500,0.72,0.5389,0.5449,0.1325,12.02,1.13
2125,3613,4,15,81,9.62,3.20,4.28,1.27,0.37,1.70,20.77,0.4798,0.3973,0.7135,0.54,0.5530,0.5820,0.1945,17.07,5.93
2126,3618,4,1,13,3.31,0.85,0.15,0.00,0.00,0.31,5.50,0.6400,0.5294,1.0000,2.23,0.8200,0.8308,0.1745,15.66,-6.69
2127,3620,4,24,80,4.16,5.69,1.68,0.41,0.59,0.74,16.25,0.6188,0.0000,0.6484,0.68,0.6188,0.6445,0.1088,18.07,2.26
2128,3624,4,10,66,11.32,4.92,3.33,1.05,0.20,1.14,26.00,0.4452,0.3722,0.7579,3.95,0.5366,0.5568,0.1838,16.71,2.57
2129,3625,4,28,66,12.48,8.29,2.39,1.00,1.08,1.68,25.54,0.6269,0.3333,0.6736,-0.56,0.6278,0.6414,0.1883,23.00,3.62
2130,3637,4,30,67,20.45,3.03,4.48,1.25,0.37,2.99,29.40,0.4321,0.3795,0.8852,-8.00,0.5443,0.5916,0.2900,16.91,1.85
2131,3647,4,6,71,2.65,0.94,1.00,0.24,0.21,0.54,7.23,0.5143,0.4375,0.7188,-0.63,0.5893,0.6101,0.1593,14.75,-0.17
2132,3648,4,13,46,9.11,3.48,3.13,0.93,0.24,1.83,19.21,0.4226,0.2453,0.6447,-0.59,0.4545,0.4757,0.2587,14.44,2.51
2133,3648,4,17,31,11.35,3.81,3.61,1.23,0.06,1.68,19.30,0.4939,0.4085,0.8710,1.74,0.5531,0.6156,0.2502,22.22,6.72
2134,3649,4,8,77,18.16,7.01,2.14,0.65,0.49,1.35,33.68,0.5038,0.3947,0.7680,3.44,0.5959,0.6168,0.2032,18.19,-0.63
2135,3651,4,17,55,12.18,7.31,1.85,0.64,0.45,1.04,22.20,0.4650,0.3714,0.8356,1.82,0.5205,0.5428,0.2420,21.31,3.83
2136,3653,4,2,53,15.43,5.36,1.64,0.58,1.19,1.00,22.83,0.4826,0.4120,0.8090,3.26,0.5723,0.6182,0.2596,22.45,3.53
2137,3655,4,10,45,7.56,3.29,1.24,0.36,0.40,0.73,15.24,0.4489,0.4078,0.7778,0.96,0.5821,0.5947,0.1982,15.26,-0.09
2138,3658,4,29,48,3.38,3.42,0.65,0.29,0.29,0.65,14.69,0.4222,0.3163,0.8500,-2.17,0.5370,0.5633,0.1039,10.81,-5.30
2139,3662,4,7,66,1.73,1.79,0.83,0.27,0.32,0.27,8.35,0.6885,0.4000,0.6512,-0.21,0.7049,0.7132,0.0769,12.78,-0.73
2140,3666,4,13,61,21.41,3.11,2.05,1.20,0.15,1.77,32.10,0.4836,0.4182,0.8038,5.77,0.5783,0.6151,0.2620,16.81,-2.14
2141,3684,4,17,79,8.23,3.59,1.96,0.95,0.19,1.01,27.17,0.4605,0.4421,0.8125,-0.35,0.6038,0.6166,0.1246,10.42,-4.30
2142,3688,4,2,81,14.12,3.79,3.44,0.86,0.17,1.02,28.04,0.4723,0.4073,0.8452,5.31,0.6195,0.6335,0.1913,17.19,1.76
2143,3691,4,7,66,3.05,1.91,0.61,0.39,0.09,0.21,8.85,0.4023,0.2353,0.6447,-1.58,0.4368,0.4845,0.1634,14.01,-0.49
2144,3704,4,22,50,3.04,1.08,0.76,0.62,0.20,0.44,8.61,0.3810,0.2857,0.8571,-1.72,0.4558,0.4864,0.1832,10.46,-1.37
2145,3705,4,2,82,3.78,2.88,0.55,0.22,0.51,0.49,10.53,0.6502,0.0000,0.7541,1.89,0.6502,0.6744,0.1377,16.80,-1.57
2146,3707,4,28,45,12.53,2.60,4.24,0.51,0.09,1.29,20.40,0.4201,0.3778,0.8672,-0.87,0.5171,0.5705,0.2545,19.17,6.75
2147,3710,4,19,10,7.70,1.50,2.30,0.30,0.20,1.00,16.64,0.3857,0.3171,0.8333,-2.20,0.4786,0.5114,0.2188,9.81,-0.97
2148,3735,4,18,69,18.67,7.06,4.68,0.68,0.23,2.84,32.25,0.4846,0.3439,0.8060,2.41,0.5421,0.5928,0.2533,19.48,2.44
2149,3758,4,25,81,2.40,1.14,0.32,0.15,0.17,0.20,5.80,0.4217,0.3208,0.9091,-0.68,0.5241,0.5521,0.1710,13.31,-2.00
2150,3759,4,14,73,20.21,4.51,5.77,1.11,0.30,2.42,34.93,0.4600,0.3766,0.8770,2.67,0.5564,0.6156,0.2381,18.90,3.54
2151,3765,4,14,63,1.67,1.05,0.35,0.52,0.16,0.19,9.36,0.4043,0.2766,0.6154,-1.44,0.4734,0.4979,0.0885,6.94,-6.32
2152,3772,4,9,82,2.24,1.50,0.54,0.48,0.30,0.32,5.34,0.5070,0.2857,0.7619,0.52,0.5352,0.5733,0.1811,18.59,4.88
2153,3776,4,23,15,4.93,3.07,0.27,0.67,0.67,0.40,14.28,0.4717,0.3659,0.7500,1.07,0.6132,0.6349,0.1260,13.89,-3.02
2154,3778,4,19,69,4.42,0.91,0.57,0.30,0.06,0.43,9.57,0.4556,0.3953,0.8000,-2.17,0.5585,0.5790,0.1891,11.51,-4.64
2155,3787,4,18,81,14.05,5.93,2.23,0.72,0.89,1.33,27.16,0.4615,0.3788,0.7762,4.20,0.5563,0.5771,0.2166,17.29,0.91
2156,3802,4,28,14,8.14,2.71,1.00,0.64,0.14,0.57,15.33,0.5063,0.3243,0.8800,4.00,0.5823,0.6333,0.1854,17.34,-0.62
2157,3809,4,4,22,8.50,7.18,1.27,0.32,1.18,1.50,20.01,0.5614,0.0000,0.6782,-3.41,0.5614,0.6140,0.1770,20.25,0.62
2158,3809,4,24,37,9.24,8.32,0.57,0.19,0.78,1.30,22.05,0.6052,0.0000,0.8219,-4.32,0.6052,0.6450,0.1695,19.48,-1.97
2159,3814,4,16,37,0.86,0.30,0.30,0.22,0.03,0.22,3.61,0.3235,0.3000,1.0000,-0.70,0.4118,0.4474,0.1458,4.58,-6.02
2160,3839,4,1,77,12.21,3.48,1.19,0.68,0.48,1.18,23.72,0.4588,0.3557,0.7114,-1.45,0.5374,0.5585,0.2110,13.21,-3.41
2161,3847,4,17,27,0.33,0.44,0.07,0.07,0.07,0.22,2.11,0.2500,0.0000,0.5000,-0.19,0.2500,0.3629,0.1413,2.27,-10.47
2162,3871,4,16,79,10.34,2.11,2.23,0.51,0.08,1.09,22.61,0.4374,0.3934,0.8868,0.84,0.5807,0.5952,0.1942,11.58,-2.85
2163,3881,4,20,19,4.58,5.32,0.68,0.84,0.95,0.53,15.27,0.6607,,0.6842,1.21,0.6607,0.6759,0.1137,20.75,2.02
2164,3884,4,26,24,0.79,0.58,0.38,0.13,0.04,0.17,2.38,0.4118,0.2000,0.5714,0.21,0.4412,0.4731,0.1795,14.69,3.61
2165,3884,4,28,38,7.47,5.42,1.79,0.37,0.39,1.18,18.75,0.4467,0.3404,0.7937,-2.42,0.4795,0.5226,0.1862,14.64,0.00
2166,3890,4,19,80,5.23,3.94,1.10,0.49,0.09,0.64,15.49,0.4553,0.3415,0.8364,-4.14,0.5360,0.5630,0.1449,14.90,-1.44
2167,3898,4,1,50,2.44,1.40,0.60,0.24,0.16,0.40,6.93,0.4731,0.3721,0.8182,-1.42,0.5591,0.5941,0.1453,15.01,-1.45
2168,3913,4,17,71,4.92,1.52,1.46,0.59,0.24,0.75,11.54,0.4871,0.4083,0.8000,1.17,0.5775,0.6001,0.1848,13.92,0.33
2169,3936,4,10,10,2.20,1.10,0.40,0.40,0.00,0.10,5.19,0.4706,0.3000,0.5000,2.30,0.5588,0.5601,0.1630,16.79,2.06
2170,3944,4,16,81,8.23,2.90,2.01,0.46,0.17,0.96,20.09,0.3923,0.2924,0.8585,-2.10,0.4630,0.4988,0.2059,12.11,-1.62
2171,3958,4,25,77,2.01,0.91,0.32,0.21,0.05,0.39,5.97,0.4085,0.2712,0.7667,-1.12,0.4648,0.4994,0.1686,8.56,-6.30
2172,3966,4,3,38,9.82,2.16,4.24,0.87,0.50,1.53,18.87,0.3670,0.2969,0.8261,-1.24,0.4541,0.5075,0.2609,15.81,7.01
2173,3966,4,14,30,11.97,2.67,4.53,0.77,0.13,1.67,25.45,0.4148,0.3333,0.8491,1.57,0.5048,0.5369,0.2214,13.94,2.48
2174,3971,4,20,52,0.54,0.15,0.06,0.04,0.00,0.06,1.31,0.3226,0.3158,1.0000,-0.77,0.4194,0.4391,0.2238,8.00,-5.64
2175,3973,4,26,70,19.10,13.89,6.04,0.69,0.37,2.89,34.70,0.5901,0.4167,0.7543,2.06,0.6265,0.6553,0.2167,27.63,8.58
2176,3977,4,4,62,5.69,4.52,1.19,0.47,0.23,0.94,20.07,0.3304,0.2829,0.7128,-5.18,0.4145,0.4568,0.1525,9.96,-4.08
2177,4003,4,10,78,2.91,2.21,1.03,0.32,0.13,0.54,9.77,0.4581,0.3301,0.6905,2.12,0.5531,0.5747,0.1338,12.40,-1.21
2178,4006,4,8,77,0.73,0.65,0.30,0.09,0.01,0.19,2.73,0.3621,0.2692,0.7000,-0.64,0.4224,0.4487,0.1573,10.43,-2.07
2179,4007,4,30,72,11.83,5.96,2.19,0.61,1.35,1.57,24.82,0.3905,0.3086,0.6748,-7.46,0.4541,0.4793,0.2370,15.22,1.33
2180,4011,4,9,82,4.57,0.84,1.62,0.45,0.05,0.66,9.89,0.4628,0.3816,0.8431,0.50,0.5608,0.5888,0.1953,13.79,1.40
2181,4036,4,2,59,1.92,1.10,0.56,0.29,0.03,0.20,6.51,0.3545,0.3171,0.7500,0.49,0.4727,0.4901,0.1459,10.93,-1.72
2182,4049,4,3,24,17.67,2.83,6.33,1.08,0.17,2.46,32.17,0.4523,0.3867,0.8889,-0.08,0.5415,0.5878,0.2459,16.57,3.82
2183,4049,4,9,30,10.07,2.47,4.90,0.50,0.17,1.17,23.48,0.3785,0.3019,0.8333,2.00,0.4422,0.5149,0.1969,13.87,4.62
2184,4049,4,10,25,10.16,2.24,4.20,1.00,0.12,1.92,25.13,0.3745,0.3217,0.7436,-5.20,0.4482,0.4736,0.2150,9.00,-0.02
2185,4087,4,11,79,18.20,9.81,4.68,1.04,0.77,2.41,29.91,0.4978,0.2273,0.6932,5.25,0.5067,0.5468,0.2639,24.54,7.92
2186,4088,4,29,78,9.90,2.69,1.41,0.59,0.10,1.37,18.36,0.4591,0.4220,0.8904,-3.65,0.5902,0.6116,0.2169,14.23,-3.20
2187,4093,4,29,70,16.56,2.44,3.77,0.67,0.09,2.29,25.11,0.4798,0.4059,0.8645,-4.09,0.5433,0.5929,0.2721,16.93,0.83
2188,4100,4,20,54,5.30,1.13,0.50,0.43,0.04,0.41,14.11,0.4609,0.3974,0.6667,1.63,0.5957,0.6010,0.1487,8.84,-6.97
2189,4104,4,18,64,2.16,0.73,0.50,0.11,0.08,0.23,5.30,0.4825,0.3548,0.8095,0.17,0.5307,0.5599,0.1775,12.64,-2.11
2190,4107,4,3,52,7.63,6.35,1.75,0.79,0.81,1.21,17.45,0.5205,0.2444,0.7568,1.23,0.5379,0.5679,0.1993,21.13,4.40
2191,4108,4,25,82,16.28,3.95,2.41,0.76,0.20,1.83,27.47,0.4520,0.3114,0.7851,-1.68,0.5186,0.5514,0.2532,15.63,-1.29
2192,4116,4,28,79,6.75,1.46,4.00,0.73,0.13,1.48,18.57,0.4048,0.3229,0.7681,-2.96,0.4762,0.4987,0.1866,10.41,2.41
2193,4121,4,12,69,4.78,2.51,1.22,0.52,0.20,0.30,17.29,0.4281,0.3523,0.8889,-0.84,0.5504,0.5692,0.1142,9.52,-3.49
2194,4123,4,11,79,2.90,0.99,0.95,0.44,0.22,0.47,8.28,0.3515,0.3380,0.8125,-0.63,0.4519,0.4654,0.1797,9.74,-0.71
2195,4137,4,12,77,19.96,6.82,3.30,0.88,0.49,1.35,32.32,0.5165,0.3844,0.7351,4.03,0.5698,0.5972,0.2445,21.00,3.21
2196,4152,4,3,36,5.67,4.78,6.36,0.72,0.44,2.44,22.91,0.5471,,0.6923,-1.92,0.5471,0.5622,0.1466,16.35,6.92
2197,4152,4,13,19,2.74,3.63,2.95,0.63,0.37,0.74,15.52,0.4340,,0.8571,0.68,0.4340,0.4636,0.1059,14.45,4.85
2198,4162,4,25,79,17.06,2.39,4.27,0.76,0.06,1.81,29.02,0.4258,0.3626,0.9021,-2.78,0.5213,0.5569,0.2477,15.17,1.31
2199,4165,4,4,50,5.64,2.18,2.24,0.68,0.12,1.12,16.84,0.3455,0.2538,0.8200,-5.56,0.4003,0.4365,0.1932,9.27,-1.22
2200,4173,4,4,6,7.00,1.00,2.00,0.50,0.17,1.33,18.65,0.4286,0.4000,0.8000,-7.83,0.5357,0.6069,0.1660,8.70,-5.30
2201,4174,4,17,19,1.79,3.58,0.58,0.11,0.47,0.63,11.02,0.6800,,,-0.05,0.6800,0.6800,0.0767,13.78,-3.88
2202,4174,4,20,50,1.28,2.58,0.44,0.16,0.20,0.42,8.44,0.6087,,0.6154,0.52,0.6087,0.6187,0.0753,11.73,-4.55
2203,4205,4,15,19,8.68,2.26,3.74,1.21,0.32,1.84,21.06,0.3581,0.3222,0.8333,4.58,0.4561,0.5035,0.1978,12.24,2.00
2204,4205,4,30,22,6.36,1.32,1.73,0.73,0.14,0.86,12.74,0.4404,0.3922,0.6857,-2.05,0.5321,0.5627,0.2191,14.43,1.08
2205,4226,4,16,23,3.70,1.52,1.00,0.91,0.26,0.70,11.55,0.5000,0.5333,0.7500,1.74,0.6333,0.6510,0.1362,11.84,-2.22
2206,4235,4,5,75,6.99,4.76,0.87,0.23,0.59,0.49,12.83,0.4657,0.3243,0.8090,-0.48,0.5539,0.5859,0.2116,22.90,4.48
2207,4265,4,17,52,1.29,0.48,0.08,0.06,0.08,0.15,2.34,0.4800,0.4333,0.7500,0.15,0.6100,0.6259,0.2244,15.93,-3.50
2208,4269,4,11,76,9.00,5.17,0.75,0.32,0.53,0.76,22.05,0.4391,0.3516,0.8235,3.49,0.5251,0.5603,0.1653,14.11,-3.28
2209,4270,4,4,71,8.32,1.80,2.04,0.24,0.08,1.15,19.28,0.3908,0.3399,0.9348,-5.61,0.4824,0.5023,0.2091,9.39,-3.62
2210,4282,4,27,52,11.58,6.52,2.40,0.83,0.52,1.52,25.61,0.5363,0.3000,0.6960,-1.35,0.5659,0.5902,0.1888,17.87,0.80
2211,4302,4,15,39,2.72,0.77,0.87,0.23,0.03,0.15,6.46,0.4146,0.3654,1.0000,1.03,0.5305,0.5865,0.1554,13.87,1.75
2212,4305,4,10,63,1.56,0.73,0.76,0.22,0.05,0.29,3.96,0.4059,0.2273,0.7333,-0.27,0.4307,0.4554,0.2144,14.85,5.29
2213,4312,4,2,48,0.94,0.50,0.21,0.25,0.02,0.08,2.94,0.3529,0.3158,0.7143,0.29,0.4412,0.5204,0.1460,11.16,-0.91
2214,4312,4,29,26,2.46,1.31,0.88,0.46,0.12,0.46,8.62,0.4107,0.2069,0.7059,-1.77,0.4643,0.5041,0.1392,9.66,-2.17
2215,4339,4,15,25,2.96,1.52,0.32,0.20,0.12,0.40,6.22,0.4603,0.2963,0.7273,2.68,0.5238,0.5454,0.2075,14.76,-2.42
2216,4344,4,9,76,5.72,5.25,1.62,0.37,1.33,0.89,18.87,0.5587,0.3208,0.7586,0.12,0.5857,0.6157,0.1249,16.25,0.90
2217,4372,4,8,66,8.91,2.15,1.26,0.59,0.24,0.86,20.97,0.4321,0.3494,0.8222,-1.08,0.5288,0.5594,0.1792,9.24,-4.97
2218,4382,4,6,50,9.42,4.34,3.16,0.52,0.24,1.08,25.45,0.4424,0.3857,0.8235,4.42,0.5938,0.6070,0.1472,13.74,0.10
2219,4386,4,22,41,13.83,3.44,3.15,1.24,0.80,2.49,24.45,0.4096,0.3140,0.8818,0.07,0.4886,0.5355,0.2761,14.60,0.70
2220,4405,4,28,8,7.38,3.13,0.25,0.50,0.25,0.50,19.55,0.3793,0.3571,0.0000,5.50,0.5086,0.5048,0.1641,8.80,-6.26
2221,4422,4,11,80,2.35,1.46,0.59,0.33,0.09,0.28,7.35,0.4730,0.3478,0.6809,0.64,0.5270,0.5573,0.1345,11.33,-1.95
2222,4424,4,2,78,24.77,7.99,5.53,0.97,0.49,2.68,33.63,0.4519,0.3434,0.8136,6.85,0.5372,0.5824,0.3137,24.51,7.46
2223,4449,4,28,78,0.68,0.37,0.40,0.22,0.03,0.13,2.91,0.3000,0.2143,0.9167,-0.36,0.3500,0.4059,0.1394,8.47,0.42
2224,4456,4,5,76,4.29,1.63,1.28,0.58,0.20,0.70,12.99,0.4478,0.3558,0.7101,-2.26,0.5168,0.5463,0.1496,9.70,-2.89
2225,4463,4,19,48,3.38,3.42,1.25,0.38,0.42,0.52,12.94,0.4729,0.2432,0.8378,-1.27,0.5078,0.5575,0.1163,14.11,0.21
2226,4473,4,3,42,14.26,1.98,2.24,0.36,0.05,1.48,18.60,0.4383,0.3487,0.8808,-2.19,0.5132,0.5755,0.3330,18.42,0.86
2227,4495,4,11,79,12.04,7.05,3.34,1.19,1.13,1.70,27.80,0.5557,0.2778,0.6885,3.57,0.5740,0.6024,0.1742,20.41,3.74
2228,4496,4,9,60,9.90,5.05,2.23,1.63,0.67,1.33,22.13,0.5348,0.2245,0.6408,1.12,0.5467,0.5684,0.1921,17.60,2.58
2229,4509,4,7,75,13.40,3.28,1.93,0.67,0.40,1.17,26.20,0.4116,0.3906,0.9054,-1.05,0.5348,0.5525,0.2199,13.61,-2.03
2230,4515,4,6,82,0.84,1.63,0.29,0.02,0.13,0.17,4.00,0.4366,0.0000,0.2333,-1.04,0.4366,0.4097,0.1277,14.46,0.27
2231,4516,4,30,13,3.31,3.23,0.38,0.46,0.46,0.23,15.91,0.3636,0.2000,0.5714,-5.15,0.3977,0.4286,0.1121,9.41,-4.91
2233,4531,4,2,76,0.45,0.57,0.09,0.14,0.07,0.18,3.04,0.2453,0.1563,0.7500,-0.16,0.2925,0.3104,0.1311,4.05,-8.10
2234,4532,4,3,9,12.11,7.22,2.22,0.44,0.11,1.67,28.20,0.4412,0.2571,0.6250,-7.33,0.4853,0.4998,0.2146,13.82,-1.74
2235,4544,4,6,11,3.27,1.91,0.18,0.00,0.09,0.18,5.77,0.4063,0.2000,0.7273,0.64,0.4375,0.4886,0.2589,15.33,-0.63
2236,4554,4,12,78,10.42,3.97,1.59,0.59,0.36,0.87,19.39,0.5308,0.3630,0.7768,-0.99,0.6216,0.6419,0.2026,19.32,0.81
2237,4566,4,20,78,22.55,11.79,2.85,0.91,0.64,2.46,32.27,0.5259,0.4201,0.8289,4.85,0.5844,0.6305,0.2763,26.62,4.80
2238,4568,4,14,24,0.58,0.63,0.04,0.17,0.08,0.13,2.78,0.3158,0.0000,0.2857,-2.04,0.3158,0.3170,0.1674,5.99,-5.77
2239,4572,4,6,24,0.50,0.83,0.33,0.04,0.04,0.33,3.66,0.2500,0.0000,1.0000,-0.04,0.2500,0.2874,0.1418,5.02,-6.87
2240,4575,4,17,73,11.27,2.29,1.19,0.99,0.05,0.58,25.64,0.4340,0.4196,0.8556,0.85,0.5721,0.5950,0.1726,11.14,-4.44
2241,4584,4,29,31,3.45,3.94,0.29,0.42,0.03,0.32,8.24,0.6000,,0.7419,-0.35,0.6000,0.6396,0.1530,24.79,2.99
2242,4591,4,20,18,0.50,0.44,0.00,0.06,0.06,0.06,3.22,0.4286,0.5000,,-1.22,0.6429,0.6429,0.0613,3.52,-10.64
2243,4606,4,12,75,14.56,6.21,1.45,0.69,1.88,1.63,28.17,0.4872,0.4021,0.7706,2.65,0.5844,0.6179,0.2080,18.23,-0.36
2244,4615,4,8,82,1.63,0.95,0.24,0.12,0.07,0.17,4.88,0.3750,0.3108,0.7500,-1.20,0.4708,0.5063,0.1560,9.50,-4.23
2245,4616,4,6,72,2.32,1.33,0.61,0.18,0.04,0.36,6.29,0.4295,0.3448,0.7917,-0.03,0.4966,0.5233,0.1745,11.97,-1.71
2246,4623,4,17,50,0.30,0.34,0.08,0.06,0.12,0.06,1.72,0.1923,0.2000,0.5000,-0.30,0.2500,0.2702,0.1572,4.79,-3.55
2247,4630,4,26,32,8.72,6.97,1.75,0.47,0.56,1.00,16.92,0.5561,0.1000,0.8475,0.75,0.5585,0.6040,0.2138,23.82,5.75
2248,4630,4,30,48,11.67,8.27,2.23,0.44,0.56,1.79,20.13,0.5531,0.2593,0.9048,-6.60,0.5616,0.6084,0.2366,26.11,5.24
2249,4642,4,11,75,11.15,2.83,4.35,1.24,0.33,1.15,27.59,0.3817,0.3511,0.8209,3.60,0.4879,0.5206,0.1781,13.08,2.60
2250,4645,4,14,40,3.68,4.55,1.03,0.88,0.25,0.73,14.52,0.4876,0.2813,0.5556,0.88,0.5248,0.5371,0.1261,14.60,-0.35
2251,4654,4,27,63,16.03,3.94,2.81,1.29,0.46,1.35,30.48,0.4412,0.3621,0.7881,-4.05,0.5282,0.5490,0.2239,15.22,0.17
2252,4669,4,14,78,5.90,1.18,1.26,0.65,0.17,0.53,19.58,0.4000,0.3528,0.7143,0.62,0.5298,0.5358,0.1364,5.92,-6.14
2253,4686,4,30,46,7.17,2.83,0.85,0.24,0.50,0.91,11.15,0.4959,0.3725,0.7761,-2.72,0.5744,0.6078,0.2597,20.21,0.93
2254,4687,4,5,74,18.23,9.93,3.46,0.82,0.70,1.61,30.79,0.5299,0.4019,0.8054,-1.32,0.5920,0.6112,0.2256,24.88,5.89
2255,4688,4,6,60,5.33,4.15,1.27,0.70,0.33,0.37,20.88,0.4133,0.3604,0.5333,4.73,0.5609,0.5630,0.1046,11.35,-2.66
2256,4695,4,22,60,24.15,5.70,4.73,1.25,0.35,2.30,33.73,0.4625,0.2955,0.8714,4.12,0.5073,0.5582,0.3137,20.87,4.73
2257,4697,4,22,30,12.87,4.93,1.40,0.80,0.40,1.63,18.81,0.5622,0.3600,0.7182,-0.57,0.6165,0.6490,0.2678,23.18,1.32
2258,4711,4,25,78,4.01,2.71,0.47,0.42,0.08,0.44,9.61,0.5153,0.3889,0.6901,0.19,0.5764,0.6014,0.1648,16.23,-1.35
2259,4712,4,12,79,5.77,2.89,1.34,0.67,0.32,0.96,14.81,0.4759,0.4111,0.6667,-1.80,0.5807,0.5947,0.1715,14.04,-1.30
2260,4720,4,23,22,11.23,2.86,2.27,0.45,0.23,1.14,21.67,0.4198,0.3543,0.8000,-6.45,0.5259,0.5484,0.2237,14.05,-0.63
2261,4723,4,21,72,7.82,3.10,2.38,1.65,0.47,0.79,25.62,0.4762,0.3578,0.8108,5.01,0.5518,0.5638,0.1286,12.05,-0.96
2262,4726,4,1,47,3.57,1.06,1.72,0.60,0.19,0.70,10.66,0.4012,0.3293,1.0000,-0.40,0.4846,0.5035,0.1660,11.31,1.14
2263,4733,4,2,82,1.00,0.84,0.23,0.15,0.13,0.21,4.91,0.3614,0.2727,0.5833,0.30,0.4518,0.4644,0.1151,7.65,-6.02
2264,4735,4,28,57,7.88,2.81,1.42,0.75,0.18,0.88,19.36,0.4046,0.3495,0.7952,-1.46,0.4873,0.5227,0.1849,10.96,-2.95
2265,4751,4,16,76,7.80,6.20,0.79,0.51,0.93,0.75,18.68,0.5553,0.3182,0.6866,0.54,0.5933,0.6045,0.1731,20.36,0.95
2266,4770,4,7,71,11.77,6.23,1.85,0.89,0.85,1.66,25.84,0.4526,0.3808,0.7222,0.69,0.5211,0.5558,0.2042,16.55,-0.51
2267,4775,4,24,29,1.21,0.45,0.55,0.10,0.00,0.10,4.08,0.3111,0.1905,0.5000,0.07,0.3556,0.3673,0.1899,7.94,-0.19
2268,4778,4,9,30,1.57,0.47,0.33,0.17,0.03,0.10,4.10,0.3636,0.3947,,1.10,0.5341,0.5341,0.1613,10.75,-1.89
2269,4778,4,10,50,4.18,1.92,0.84,0.44,0.20,0.34,13.11,0.3707,0.3311,0.7273,-0.40,0.4902,0.4980,0.1464,9.15,-3.44
2270,4779,4,3,56,8.04,2.86,2.05,0.48,0.21,1.48,16.30,0.4686,0.3295,0.7623,-1.16,0.5100,0.5574,0.2358,14.40,-0.72
2271,4787,4,8,69,7.99,3.38,1.36,0.70,1.35,0.81,24.00,0.4766,0.3529,0.6934,-0.38,0.5327,0.5642,0.1403,12.25,-2.84
2272,4815,4,15,79,10.42,3.39,1.71,0.56,0.10,0.87,25.86,0.4246,0.3520,0.8222,2.35,0.5266,0.5596,0.1594,11.02,-3.99
2273,4821,4,27,44,24.23,10.98,3.64,1.11,3.86,3.20,33.16,0.4732,0.3532,0.8370,2.20,0.5561,0.5916,0.3087,28.79,9.04
2274,4826,4,27,80,2.71,0.76,1.39,0.45,0.08,0.66,8.45,0.4378,0.2931,0.6230,-0.04,0.4838,0.5122,0.1682,10.94,-0.24
2275,4836,4,8,75,13.25,4.93,6.09,1.41,0.49,3.23,27.90,0.4489,0.3230,0.6609,-0.32,0.5054,0.5324,0.2392,16.89,5.21
2276,4846,4,5,75,20.12,3.64,4.40,0.92,0.21,2.36,32.67,0.4532,0.3699,0.9023,-1.88,0.5495,0.6007,0.2458,17.17,1.05
2277,4848,4,2,78,16.00,4.37,4.63,0.92,1.03,1.68,32.99,0.4421,0.3835,0.8385,6.92,0.5803,0.6059,0.1984,16.97,2.68
2278,4866,4,3,34,3.35,0.85,0.35,0.18,0.03,0.44,7.24,0.4063,0.4459,0.6000,-1.88,0.5781,0.5804,0.2026,9.26,-6.41
2279,4872,4,11,68,7.01,2.22,0.72,0.46,0.19,0.68,12.16,0.4442,0.3552,0.7500,-0.01,0.5248,0.5487,0.2406,16.38,-1.08
2280,4881,4,21,76,12.03,3.88,1.76,0.79,0.24,0.91,22.82,0.4876,0.3835,0.8315,6.79,0.5769,0.5957,0.2058,17.09,-0.17
2281,4882,4,10,46,16.41,4.28,2.22,0.87,0.72,1.22,28.18,0.4439,0.3790,0.7765,-1.20,0.5238,0.5662,0.2350,17.18,0.45
2282,4882,4,16,29,11.14,2.48,1.93,0.69,0.59,1.48,18.83,0.4582,0.3600,0.7308,-1.55,0.5299,0.5660,0.2718,16.71,0.05
2283,4914,4,7,52,5.29,1.12,1.46,0.46,0.10,0.75,9.37,0.5213,0.4000,0.8333,0.19,0.5851,0.6335,0.2276,18.89,2.64
2284,4920,4,29,55,4.18,2.05,1.07,0.42,0.29,0.80,19.27,0.3230,0.2593,0.7250,-6.16,0.3911,0.4188,0.1265,3.94,-7.73
2285,4931,4,4,41,4.05,2.00,0.90,0.44,0.32,0.68,11.68,0.4390,0.3649,0.8378,0.24,0.5488,0.5959,0.1500,12.07,-3.02
2286,4936,4,21,71,20.70,5.13,4.92,1.55,0.65,2.07,30.96,0.4852,0.3642,0.7879,6.28,0.5383,0.5748,0.2759,21.88,6.44
2287,4940,4,21,53,5.25,4.94,2.26,0.42,0.55,0.66,14.79,0.4389,0.3987,0.7667,5.70,0.5769,0.5935,0.1460,20.34,6.89
2288,4948,4,21,71,6.04,3.38,1.37,0.61,0.14,0.54,15.79,0.4800,0.3846,0.7179,4.69,0.5729,0.5842,0.1543,14.75,-0.15
2289,4955,4,4,45,14.91,9.93,2.42,0.71,1.20,1.58,26.02,0.6040,0.0000,0.8037,-6.69,0.6040,0.6468,0.2141,27.42,6.03
2290,4963,4,11,50,1.30,0.26,0.18,0.16,0.08,0.28,2.93,0.4355,0.2308,0.6250,-0.48,0.4839,0.4960,0.2230,7.57,-6.44
2291,4964,4,5,63,8.98,3.76,1.97,0.76,0.51,1.37,25.02,0.3973,0.3529,0.7229,-2.89,0.4903,0.5122,0.1698,11.02,-3.27
2292,4986,4,3,73,8.66,3.93,1.15,0.85,0.38,0.92,21.12,0.4115,0.3411,0.8211,-4.52,0.5106,0.5504,0.1836,12.36,-2.80
2293,4987,4,25,54,2.15,2.19,0.39,0.24,0.61,0.31,6.51,0.6410,0.3333,0.8824,-0.31,0.6474,0.6785,0.1230,21.64,2.79
2294,4989,4,15,28,6.39,3.50,1.96,0.43,0.25,1.18,17.79,0.4012,0.2737,0.7917,0.21,0.4790,0.5041,0.1727,11.63,-1.54
2295,4994,4,19,35,21.06,6.17,4.54,1.06,0.77,2.57,24.50,0.5669,0.2308,0.6556,-1.20,0.5699,0.6001,0.3469,29.58,10.24
2296,5003,4,3,81,9.25,3.33,1.79,0.49,0.06,0.98,25.07,0.3968,0.3370,0.8182,-3.23,0.4952,0.5407,0.1679,9.67,-4.53
2297,5039,4,4,25,4.80,1.28,1.12,0.44,0.00,0.72,10.62,0.3905,0.3939,0.7353,-0.24,0.4524,0.5002,0.2243,10.74,-2.32
2298,5065,4,17,48,1.35,0.96,1.00,0.48,0.19,0.29,8.43,0.2683,0.2449,0.5625,0.17,0.3415,0.3650,0.1118,8.13,-1.24
2299,5065,4,20,31,1.94,0.65,0.94,0.39,0.10,0.26,7.42,0.4694,0.3333,0.6667,-0.23,0.5510,0.5665,0.1171,11.91,-0.64
2300,5079,4,23,78,9.85,5.06,1.90,0.74,0.31,1.12,24.29,0.5009,0.3796,0.7246,-1.51,0.5933,0.6157,0.1647,15.12,-1.42
2301,5101,4,1,76,23.76,3.01,11.45,1.20,0.14,4.61,35.52,0.4102,0.3375,0.8768,0.50,0.4893,0.5653,0.2979,21.19,10.77
2302,5123,4,13,80,16.75,12.63,2.68,0.69,1.13,1.59,32.81,0.6285,,0.6610,6.43,0.6285,0.6406,0.1969,26.23,4.73
2303,5125,4,22,81,6.58,3.02,1.40,0.41,0.22,0.69,20.11,0.4120,0.3347,0.8730,-1.57,0.4948,0.5218,0.1538,10.51,-3.92
2304,5126,4,8,28,0.86,1.14,0.32,0.11,0.07,0.39,4.85,0.3846,0.2667,,-0.64,0.4615,0.4615,0.1177,8.25,-6.72
2305,11,5,26,75,9.81,6.56,1.35,0.87,0.67,0.87,23.28,0.5284,0.2784,0.5540,-3.61,0.5510,0.5583,0.1773,18.18,0.53
2306,23,5,11,37,5.05,7.46,1.30,0.59,0.54,0.95,19.74,0.5036,,0.5802,5.24,0.5036,0.5354,0.1208,17.41,0.23
2307,25,5,16,76,19.32,9.63,3.05,1.13,0.64,1.58,31.12,0.4419,0.3175,0.7778,4.36,0.4974,0.5514,0.2516,23.32,5.38
2308,30,5,3,32,4.16,1.44,0.53,0.22,0.19,0.38,10.10,0.4545,0.3492,0.7857,-2.19,0.5545,0.5725,0.1743,12.21,-4.20
2309,30,5,28,46,3.93,2.07,0.65,0.37,0.24,0.41,14.13,0.4235,0.1846,0.8621,0.17,0.4588,0.4952,0.1333,7.24,-6.08
2310,42,5,15,45,12.78,6.16,2.71,0.80,0.69,1.20,25.39,0.4761,0.3385,0.6762,-1.56,0.5478,0.5680,0.2027,19.55,3.18
2311,53,5,19,22,2.14,0.50,0.41,0.27,0.09,0.14,5.03,0.5135,0.5000,0.6000,-0.82,0.5946,0.5995,0.1592,12.16,-1.54
2312,56,5,1,80,20.30,3.35,3.58,1.28,0.53,2.03,32.53,0.4586,0.3990,0.9023,3.05,0.5636,0.6105,0.2405,17.09,0.52
2313,60,5,24,51,16.49,3.04,3.82,1.35,0.25,1.63,28.76,0.4033,0.3495,0.8571,0.35,0.5225,0.5675,0.2421,15.19,1.83
2314,61,5,6,57,15.09,8.35,1.75,0.96,0.82,1.32,26.65,0.6383,0.1000,0.7088,3.74,0.6392,0.6689,0.1988,25.24,2.97
2315,78,5,19,44,7.36,2.59,2.91,0.84,0.09,1.07,20.38,0.4179,0.3627,0.8333,-1.91,0.5429,0.5575,0.1580,11.79,0.13
2316,78,5,20,30,6.20,1.90,3.53,0.97,0.13,1.00,15.79,0.4142,0.3298,0.6818,3.60,0.5059,0.5205,0.1954,14.22,6.21
2317,99,5,15,7,5.29,2.00,0.43,0.86,0.57,1.00,12.76,0.7895,1.0000,0.7500,-0.57,0.8158,0.8215,0.1406,15.06,-5.21
2318,99,5,18,19,4.58,3.68,3.26,0.84,0.63,0.79,19.09,0.4730,0.0000,0.7727,-0.32,0.4730,0.5198,0.1163,14.13,3.95
2319,99,5,29,45,3.16,1.47,1.36,0.51,0.22,0.38,8.91,0.5229,0.6000,0.6579,-1.58,0.5367,0.5647,0.1482,15.15,3.50
2320,115,5,17,36,27.58,9.78,5.44,0.94,0.67,3.19,28.87,0.6237,0.3333,0.6499,2.67,0.6363,0.6575,0.3733,36.07,12.46
2321,117,5,17,77,0.61,0.39,0.19,0.17,0.08,0.13,1.92,0.4688,0.0000,0.5667,0.06,0.4688,0.5199,0.1661,13.64,0.83
2322,119,5,17,48,4.88,1.81,2.52,0.42,0.23,1.35,10.97,0.4242,0.3056,0.6154,-2.31,0.4719,0.4826,0.2602,12.59,3.85
2323,123,5,20,67,16.33,5.15,2.10,1.51,0.70,1.78,32.59,0.4817,0.3821,0.8279,5.87,0.5790,0.6177,0.1988,15.67,-1.89
2324,164,5,25,82,19.49,5.54,5.39,0.62,0.50,3.09,26.82,0.4624,0.3181,0.8016,0.20,0.5211,0.5997,0.2952,23.48,6.59
2325,172,5,14,74,12.12,7.77,0.80,0.55,0.95,1.12,26.46,0.6705,,0.6454,-0.11,0.6705,0.6764,0.1679,20.24,-1.49
2326,185,5,7,25,9.68,6.00,1.16,0.32,0.64,0.68,18.81,0.6061,0.4848,0.5532,-4.56,0.6545,0.6517,0.1796,22.02,1.97
2327,185,5,30,43,8.95,5.02,1.30,0.47,0.63,1.02,16.99,0.6260,0.4211,0.7113,-2.47,0.6423,0.6668,0.1913,21.92,1.64
2328,186,5,29,73,13.60,4.14,1.79,0.82,0.67,1.47,27.23,0.4428,0.3442,0.7500,-6.14,0.5196,0.5335,0.2148,12.29,-2.71
2329,199,5,15,9,9.22,2.78,2.11,1.00,0.11,0.67,26.81,0.4118,0.4091,0.9000,-18.44,0.5441,0.5732,0.1356,8.83,-3.76
2330,201,5,26,10,2.30,2.10,0.50,0.30,0.50,0.40,8.79,0.3478,0.3636,0.6000,-4.80,0.4348,0.4563,0.1423,9.20,-2.66
2331,204,5,4,72,20.07,4.82,7.14,1.21,0.25,2.81,28.02,0.4068,0.3676,0.8994,5.78,0.5161,0.5462,0.3222,21.08,10.58
2332,205,5,6,47,3.40,2.98,2.89,0.96,0.19,1.11,15.48,0.3011,0.2721,0.6667,0.68,0.4148,0.4319,0.1363,12.25,3.27
2333,209,5,22,69,22.20,8.33,5.17,0.67,0.58,3.06,34.68,0.4598,0.3086,0.7720,-0.06,0.4959,0.5679,0.2776,21.72,4.27
2334,210,5,22,79,20.32,4.10,4.09,1.05,0.43,1.97,33.52,0.4875,0.3937,0.9059,1.81,0.5576,0.6114,0.2356,17.26,1.09
2335,215,5,2,6,1.00,0.67,1.50,0.17,0.83,1.17,8.65,0.1250,0.0000,1.0000,-1.83,0.1250,0.3074,0.1447,5.17,-3.91
2336,227,5,23,72,7.57,4.72,1.21,0.88,0.74,0.78,23.45,0.5388,0.2561,0.7176,0.38,0.5652,0.5968,0.1293,13.54,-2.80
2337,228,5,27,76,9.99,2.75,1.88,0.63,0.16,0.79,25.78,0.4602,0.3971,0.8403,4.13,0.5832,0.6147,0.1466,12.23,-3.79
2338,233,5,28,80,18.10,7.50,5.93,1.43,1.45,2.63,33.51,0.5067,0.3036,0.8148,3.33,0.5370,0.5775,0.2358,21.93,7.10
2339,238,5,21,47,1.45,1.66,0.47,0.23,0.11,0.21,7.39,0.3803,0.2917,0.7000,-2.19,0.4296,0.4509,0.1068,9.81,-3.60
2340,245,5,28,58,18.93,5.17,3.26,0.72,0.33,1.71,29.76,0.4914,0.3392,0.7168,2.90,0.5502,0.5848,0.2604,18.50,1.56
2341,260,5,10,5,10.60,7.20,1.00,0.40,1.40,0.80,20.06,0.6774,,0.8462,-4.80,0.6774,0.7217,0.1818,25.78,3.50
2342,270,5,28,76,2.53,1.17,0.32,0.09,0.04,0.25,6.80,0.5103,0.4118,0.6429,1.17,0.6310,0.6351,0.1422,11.73,-5.49
2343,274,5,13,78,3.76,2.36,0.82,0.60,0.29,0.47,16.60,0.4034,0.4035,0.8182,-0.18,0.5966,0.6033,0.0965,8.58,-5.74
2344,286,5,13,6,8.17,0.83,1.67,0.50,0.00,1.50,20.13,0.3750,0.3684,0.7500,-3.83,0.4479,0.4755,0.2232,3.64,-7.94
2345,294,5,23,25,3.80,1.28,0.60,0.36,0.16,0.52,7.85,0.4342,0.3404,0.6842,-1.04,0.5395,0.5631,0.2109,14.24,-1.88
2346,332,5,18,70,2.23,1.31,0.17,0.10,0.37,0.16,4.49,0.6633,,0.7027,0.33,0.6633,0.6825,0.1693,21.04,1.34
2347,341,5,19,73,17.41,5.48,2.49,0.93,0.10,0.93,30.76,0.4509,0.3665,0.8407,-2.56,0.5290,0.5794,0.2182,18.12,0.79
2348,361,5,22,76,4.75,4.05,1.07,0.47,0.76,0.54,12.26,0.6759,0.1818,0.7128,0.58,0.6806,0.7014,0.1359,21.12,3.64
2349,363,5,27,81,0.28,0.32,0.06,0.05,0.02,0.10,1.74,0.6000,,0.7143,-1.23,0.6000,0.6361,0.0785,4.30,-9.68
2350,366,5,22,61,14.87,3.74,3.59,1.46,0.70,2.02,29.51,0.4472,0.3310,0.7330,-0.23,0.5110,0.5489,0.2242,14.36,0.60
2351,368,5,30,15,7.07,5.00,1.47,1.20,0.53,0.93,28.87,0.3883,0.3455,0.8750,-6.80,0.4806,0.4976,0.1157,8.64,-4.79
2352,405,5,13,58,2.95,1.02,0.88,0.17,0.05,0.47,7.80,0.3882,0.3474,0.8000,-0.52,0.4967,0.5245,0.1876,9.33,-2.96
2353,418,5,23,76,4.53,4.04,0.42,0.39,1.08,0.74,16.24,0.5955,0.3333,0.7080,-0.11,0.6000,0.6377,0.1121,13.10,-4.19
2354,427,5,24,64,26.06,3.88,6.03,0.80,0.28,3.14,33.54,0.4558,0.3297,0.8731,3.14,0.5067,0.5845,0.3218,20.63,4.51
2355,446,5,2,49,0.43,0.37,0.06,0.10,0.14,0.02,1.92,0.3200,0.1333,0.7500,0.10,0.3600,0.3924,0.1285,6.61,-2.59
2356,449,5,24,59,4.46,1.39,1.39,0.49,0.27,0.51,10.92,0.4576,0.2949,0.6857,0.42,0.5064,0.5231,0.1880,14.12,1.26
2357,480,5,12,47,3.21,2.28,0.43,0.13,0.15,0.36,8.85,0.5566,0.5000,0.7442,-2.26,0.5613,0.6044,0.1447,13.07,-3.79
2358,488,5,30,40,3.20,1.10,0.58,0.25,0.08,0.38,6.89,0.4725,0.3784,0.8235,-1.05,0.5495,0.6040,0.1845,14.77,-1.89
2359,496,5,8,47,11.19,4.49,2.55,0.64,0.26,0.91,29.77,0.5193,0.3007,0.7822,6.19,0.5746,0.6068,0.1471,13.33,-2.33
2360,498,5,24,20,2.25,0.40,0.50,0.05,0.00,0.20,4.20,0.4167,0.4333,1.0000,-0.25,0.5972,0.6101,0.2114,13.17,-1.15
2361,515,5,20,81,14.38,3.81,3.72,1.32,0.77,1.01,32.70,0.4895,0.3723,0.8229,3.57,0.5716,0.5871,0.1751,15.33,1.13
2362,516,5,4,81,16.22,5.56,3.04,0.57,0.42,1.32,29.47,0.4597,0.3326,0.8221,1.81,0.5307,0.5697,0.2254,17.83,1.33
2363,537,5,24,57,19.84,3.56,1.74,1.00,0.16,1.72,29.85,0.4348,0.3442,0.8416,-0.86,0.5010,0.5397,0.2868,13.04,-2.93
2364,543,5,23,30,0.33,0.53,0.13,0.10,0.07,0.10,1.83,0.1667,0.0000,0.3333,-0.60,0.1667,0.1877,0.2279,1.98,-1.59
2365,548,5,8,82,7.91,3.88,2.12,1.04,0.24,1.11,24.36,0.4751,0.3851,0.7619,-0.93,0.5297,0.5620,0.1462,11.29,-2.77
2366,563,5,2,76,26.82,6.47,4.79,0.95,0.36,3.41,32.14,0.4770,0.3465,0.7948,4.22,0.5224,0.5728,0.3645,23.17,4.71
2367,567,5,12,29,8.72,4.55,1.83,0.48,0.34,1.31,23.03,0.5027,0.4333,0.7879,-4.72,0.6070,0.6277,0.1544,13.80,-3.03
2368,567,5,13,50,2.00,1.06,0.54,0.18,0.04,0.30,5.89,0.3929,0.2653,0.8077,-1.64,0.4702,0.5239,0.1678,12.16,-2.41
2369,593,5,20,73,25.85,3.33,6.78,0.77,0.11,2.37,34.95,0.4648,0.3690,0.8447,4.79,0.5314,0.5791,0.3064,20.34,5.94
2370,596,5,27,81,3.68,2.20,0.58,0.20,0.28,0.41,10.09,0.4075,0.3355,0.7143,-0.05,0.5057,0.5256,0.1645,11.18,-3.08
2371,602,5,6,78,4.74,2.63,0.42,0.23,0.33,0.36,9.38,0.5056,0.3588,0.8030,0.50,0.5936,0.6249,0.1876,18.84,0.02
2372,615,5,14,33,1.39,0.39,0.30,0.06,0.09,0.15,3.63,0.3000,0.1923,0.9167,-2.06,0.3500,0.4161,0.2239,6.88,-3.59
2373,640,5,15,12,10.75,4.17,1.00,0.92,0.33,0.92,25.56,0.3750,0.3333,0.8519,-12.08,0.4732,0.5207,0.1877,10.08,-4.43
2374,654,5,10,39,19.49,5.41,4.74,1.41,0.21,1.54,30.30,0.5195,0.3765,0.8641,4.74,0.5541,0.6460,0.2340,24.79,6.61
2375,657,5,5,78,16.05,5.74,2.03,0.71,1.49,2.04,28.83,0.4631,0.3495,0.7857,-3.92,0.5530,0.5863,0.2295,17.20,-0.62
2376,670,5,22,53,4.02,1.47,0.55,0.21,0.08,0.34,9.11,0.4834,0.3836,0.8478,0.75,0.5762,0.6219,0.1669,12.70,-3.71
2377,677,5,15,51,8.25,2.39,2.67,0.78,0.14,1.12,20.72,0.4153,0.3234,0.9125,-2.10,0.4915,0.5409,0.1755,12.82,-0.49
2378,685,5,25,82,13.41,5.13,2.45,1.15,0.43,1.76,33.30,0.4400,0.3699,0.7080,0.39,0.5629,0.5782,0.1642,11.71,-3.45
2379,694,5,11,82,3.44,4.21,0.61,0.44,0.77,0.50,11.29,0.5198,0.5000,0.5769,1.98,0.5220,0.5396,0.1386,19.47,2.12
2380,697,5,26,57,4.18,5.82,1.09,0.53,1.18,0.68,15.91,0.5866,0.5000,0.5098,-1.16,0.5922,0.5907,0.1134,16.42,1.66
2381,704,5,21,49,4.94,2.53,0.59,0.16,0.55,0.33,9.96,0.5269,0.3605,0.5769,-0.49,0.6102,0.6128,0.1893,19.59,1.29
2382,716,5,30,82,10.71,3.37,4.65,0.63,0.21,2.33,27.69,0.4238,0.4082,0.7297,-9.10,0.5378,0.5558,0.1813,11.65,-0.50
2383,723,5,26,72,4.71,1.74,1.40,0.47,0.13,0.75,9.72,0.4144,0.2632,0.7128,-1.57,0.4658,0.5085,0.2372,15.39,2.29
2384,728,5,5,49,2.53,0.53,0.39,0.27,0.04,0.22,5.19,0.3981,0.4103,1.0000,-1.43,0.5534,0.5773,0.1977,12.13,-2.33
2385,728,5,22,32,6.72,1.97,2.13,0.84,0.25,0.78,19.16,0.4020,0.3358,0.5556,-0.53,0.5147,0.5169,0.1614,10.62,-1.35
2386,733,5,22,76,11.59,7.34,1.91,0.71,0.61,1.29,28.84,0.5106,0.3052,0.7917,1.17,0.5636,0.6130,0.1580,15.36,-1.52
2387,738,5,21,62,5.44,2.37,1.73,1.11,0.27,0.77,16.07,0.4192,0.2921,0.8039,5.81,0.5086,0.5376,0.1582,13.21,0.13
2388,742,5,27,67,16.58,5.31,7.46,1.16,0.28,3.15,29.92,0.4694,0.3305,0.7330,6.19,0.5187,0.5732,0.2500,19.49,7.77
2389,765,5,27,81,11.21,5.74,1.54,0.77,0.46,0.84,27.64,0.4386,0.3826,0.8444,7.35,0.5804,0.6107,0.1540,15.06,-1.94
2390,766,5,30,82,7.28,4.68,1.02,0.72,0.52,0.55,16.80,0.5022,0.3193,0.7843,-3.59,0.5595,0.5889,0.1681,18.70,1.34
2391,768,5,29,11,15.00,3.36,6.73,1.00,0.18,2.09,32.29,0.4453,0.3947,0.6512,-6.27,0.5000,0.5291,0.2017,15.14,4.44
2392,796,5,13,82,1.90,0.95,0.38,0.20,0.04,0.27,5.85,0.3813,0.2449,0.7600,-0.15,0.4245,0.4845,0.1703,10.60,-4.33
2393,798,5,7,76,12.26,3.20,1.92,0.62,0.36,1.25,29.10,0.4399,0.4036,0.9051,-4.37,0.5642,0.6003,0.1660,12.09,-4.43
2394,805,5,7,49,3.47,4.41,0.18,0.39,0.92,0.61,10.81,0.5739,,0.4691,-0.06,0.5739,0.5643,0.1438,18.24,-0.10
2395,806,5,25,76,5.04,2.18,1.45,0.68,0.33,0.92,18.89,0.3982,0.2980,0.6591,-0.79,0.4865,0.5138,0.1267,6.28,-5.66
2396,812,5,18,80,3.44,1.50,0.54,0.59,0.11,0.29,11.09,0.4342,0.3267,0.6567,0.91,0.5066,0.5340,0.1341,9.25,-4.53
2397,816,5,20,81,7.65,1.57,1.17,0.37,0.11,0.77,15.64,0.4512,0.3286,0.8478,1.28,0.5182,0.5502,0.2133,10.69,-4.11
2398,820,5,3,73,11.10,6.55,3.47,0.62,1.05,1.32,26.31,0.5712,0.1579,0.6157,-7.05,0.5738,0.5923,0.1780,19.56,3.83
2399,822,5,15,31,7.48,1.65,4.39,0.65,0.23,1.90,19.33,0.3659,0.3069,0.8644,-5.35,0.4415,0.5023,0.2051,11.89,2.60
2400,822,5,29,50,6.12,1.76,2.86,0.48,0.24,1.14,16.23,0.3984,0.3077,0.9355,-2.38,0.4844,0.5401,0.1740,11.66,0.96
2401,828,5,26,78,8.27,3.62,2.29,0.87,0.31,1.49,24.12,0.4178,0.3333,0.7216,-2.81,0.4824,0.5049,0.1712,10.11,-3.24
2402,830,5,25,81,11.53,11.01,2.00,0.54,1.60,1.17,25.84,0.5205,0.3415,0.6798,0.17,0.5819,0.6039,0.1698,24.48,5.56
2403,833,5,3,67,12.07,4.07,1.61,0.75,0.67,1.52,26.57,0.3962,0.3291,0.8036,-4.91,0.4984,0.5544,0.2044,11.58,-3.84
2404,837,5,17,49,1.47,0.53,0.22,0.06,0.06,0.08,5.41,0.4727,0.2800,0.8667,-1.18,0.5364,0.5844,0.1102,8.49,-7.11
2405,837,5,24,23,3.35,1.35,0.70,0.26,0.09,0.22,9.80,0.5000,0.4167,0.6923,1.13,0.5862,0.6042,0.1334,11.94,-3.29
2406,848,5,29,74,9.30,2.03,5.72,0.89,0.27,2.00,20.50,0.4951,0.2700,0.7225,-5.99,0.5214,0.5668,0.2053,17.14,7.69
2407,857,5,13,71,13.17,5.17,0.99,0.85,0.72,1.34,26.35,0.5524,0.4064,0.7662,-0.54,0.6199,0.6433,0.1961,15.95,-3.28
2408,861,5,5,16,6.06,3.50,0.94,0.13,0.25,0.63,11.48,0.5781,0.4286,0.7000,1.13,0.6484,0.6662,0.1872,21.24,1.29
2409,874,5,18,70,3.50,1.33,2.24,0.50,0.20,0.49,14.16,0.3349,0.3373,0.9000,0.21,0.4651,0.5169,0.1165,9.50,0.29
2410,877,5,4,67,1.64,0.91,0.27,0.16,0.01,0.16,4.43,0.4471,0.4038,0.6500,-0.43,0.5706,0.5864,0.1509,14.81,-2.36
2411,894,5,25,29,0.79,0.66,0.24,0.21,0.00,0.31,3.23,0.2195,0.1304,1.0000,-2.03,0.2561,0.2746,0.2207,2.87,-5.79
2412,902,5,30,50,6.66,1.72,2.48,0.32,0.10,1.22,14.00,0.5142,0.3816,0.8333,-3.68,0.5729,0.6090,0.2006,15.21,1.01
2413,920,5,30,62,10.60,3.92,2.34,1.21,0.87,1.31,23.67,0.4251,0.3186,0.7458,-6.68,0.4852,0.5308,0.2004,14.44,0.66
2414,929,5,15,74,10.99,4.82,2.24,0.54,0.34,1.38,20.91,0.4681,0.3396,0.8405,0.00,0.5399,0.5826,0.2152,18.09,1.20
2415,938,5,11,40,0.70,0.40,0.13,0.05,0.08,0.10,2.30,0.4167,0.2308,0.8333,-0.23,0.4792,0.5255,0.1419,11.51,-4.34
2416,963,5,10,20,7.40,1.40,0.90,0.15,0.00,0.70,14.61,0.4017,0.3936,0.8947,0.80,0.5598,0.5903,0.2040,9.66,-5.75
2417,971,5,9,64,23.59,5.45,9.63,1.39,0.84,3.67,33.35,0.4612,0.3398,0.8155,7.92,0.5136,0.5645,0.3074,24.00,12.66
2418,985,5,10,17,4.18,0.71,0.59,0.18,0.00,0.12,7.84,0.4898,0.4800,0.9167,0.06,0.6122,0.6540,0.1823,15.50,-1.72
2419,986,5,10,43,26.56,3.58,4.72,1.14,0.40,2.81,30.90,0.4681,0.3926,0.9231,2.07,0.5870,0.6371,0.3262,23.64,4.78
2420,989,5,20,60,0.80,0.45,0.20,0.05,0.02,0.05,2.27,0.3333,0.2188,0.8182,-0.08,0.4063,0.4542,0.1768,11.60,-0.72
2421,998,5,1,79,11.41,6.58,5.68,1.89,0.39,1.71,31.89,0.5174,0.1880,0.6148,3.87,0.5315,0.5423,0.1610,18.01,5.63
2422,1019,5,7,20,20.35,11.05,2.80,1.10,1.65,2.05,31.29,0.5060,0.2703,0.7284,-2.50,0.5210,0.5505,0.2804,25.79,6.40
2423,1059,5,11,54,1.28,0.63,0.65,0.11,0.11,0.13,4.04,0.3750,0.2500,0.6842,0.30,0.4375,0.4768,0.1542,12.80,3.11
2424,1076,5,26,77,18.43,2.94,4.10,1.04,0.30,1.25,31.24,0.4965,0.3197,0.8677,-7.64,0.5199,0.5939,0.2294,17.95,2.22
2425,1101,5,12,20,3.20,1.05,1.30,0.15,0.20,0.70,8.41,0.3056,0.3158,0.8889,-2.35,0.3889,0.4213,0.2220,7.49,-1.04
2426,1109,5,18,82,12.20,4.10,3.82,1.27,0.41,1.44,30.41,0.4060,0.3789,0.7429,4.11,0.5521,0.5674,0.1699,12.96,0.40
2427,1110,5,4,77,7.47,8.25,1.83,0.73,0.94,0.95,24.67,0.6309,0.5000,0.6591,4.48,0.6322,0.6528,0.1153,18.88,1.19
2428,1116,5,20,81,3.04,1.16,0.65,0.21,0.07,0.37,7.83,0.4225,0.3692,0.7500,0.72,0.5352,0.5502,0.1727,11.12,-3.17
2429,1119,5,28,82,5.55,1.79,0.62,0.55,0.09,0.51,13.02,0.4193,0.3011,0.8750,1.50,0.4922,0.5382,0.1882,10.50,-4.49
2430,1129,5,17,31,10.68,4.45,3.48,0.74,0.32,2.16,25.95,0.4235,0.3309,0.6667,-7.68,0.4967,0.5106,0.2152,12.68,-0.74
2431,1129,5,21,41,2.44,1.02,0.68,0.05,0.17,0.20,7.20,0.4176,0.3673,1.0000,0.68,0.5165,0.5340,0.1505,10.90,-2.19
2432,1134,5,5,30,9.60,3.00,2.83,0.93,0.10,2.13,21.46,0.4280,0.3000,0.7429,-3.03,0.4834,0.5028,0.2237,10.05,-2.26
2433,1134,5,18,51,2.37,0.80,1.14,0.37,0.06,0.71,6.39,0.3333,0.3636,0.7500,-1.08,0.3759,0.4039,0.2410,7.59,-0.10
2434,1155,5,14,65,32.97,7.62,8.15,1.62,0.52,3.92,35.20,0.4756,0.3660,0.7798,2.88,0.5628,0.6155,0.3837,30.37,12.67
2435,1160,5,21,73,7.85,3.32,1.14,0.85,0.36,0.74,25.02,0.3888,0.3470,0.7586,4.16,0.5116,0.5281,0.1419,7.96,-5.64
2436,1161,5,5,47,14.40,2.89,3.49,0.72,0.26,1.30,25.26,0.5144,0.4508,0.8571,-2.04,0.6039,0.6360,0.2117,18.12,2.02
2437,1161,5,18,25,13.80,4.04,3.40,0.96,0.24,1.40,27.75,0.5211,0.4138,0.9250,1.16,0.5900,0.6192,0.1930,16.81,0.96
2438,1194,5,23,81,4.98,6.57,0.99,0.47,0.60,0.75,15.20,0.4718,0.3556,0.6310,-1.06,0.5193,0.5388,0.1500,19.73,2.54
2439,1217,5,13,82,7.27,3.30,3.60,1.60,0.17,1.35,27.19,0.4759,0.3738,0.7654,0.18,0.5597,0.5813,0.1249,11.26,-0.83
2440,1219,5,24,74,5.50,4.01,1.38,0.81,0.39,0.76,18.32,0.4530,0.3314,0.4894,0.05,0.5304,0.5318,0.1387,12.38,-1.68
2441,1222,5,11,78,25.97,5.46,4.77,0.79,0.91,3.15,36.41,0.5203,0.4133,0.8737,4.36,0.5879,0.6405,0.2737,22.23,2.43
2442,1223,5,9,73,18.25,9.96,1.86,0.77,0.79,1.78,26.67,0.6468,,0.7441,6.19,0.6468,0.6847,0.2374,28.65,4.38
2443,1233,5,3,54,9.93,3.06,3.20,0.78,0.31,1.59,24.23,0.3987,0.3851,0.8308,-2.98,0.5367,0.5611,0.1888,12.28,-0.73
2444,1239,5,11,65,9.65,5.78,1.38,1.11,0.43,1.25,23.83,0.4155,0.3577,0.7761,2.57,0.4957,0.5144,0.1894,13.60,-1.67
2445,1251,5,15,13,11.54,9.38,0.92,0.54,1.62,2.00,21.83,0.6327,0.2000,0.7813,8.69,0.6378,0.6692,0.2004,24.80,1.72
2446,1252,5,23,75,15.99,5.64,4.20,1.43,0.52,1.83,34.97,0.4379,0.3539,0.8177,0.76,0.5102,0.5403,0.2017,14.55,1.03
2447,1255,5,18,61,28.80,4.95,3.70,1.36,0.80,2.85,35.03,0.4890,0.3988,0.7963,2.66,0.5723,0.6172,0.3175,22.86,2.77
2448,1266,5,23,81,4.77,1.16,0.99,0.67,0.14,0.44,12.06,0.4469,0.3722,0.8462,-0.88,0.5516,0.5724,0.1623,10.93,-2.56
2449,1293,5,6,31,7.77,2.58,1.48,1.19,0.77,0.65,23.24,0.4914,0.3551,0.8158,2.19,0.6000,0.6285,0.1275,11.68,-2.90
2450,1293,5,26,48,4.98,1.15,0.54,0.96,0.46,0.44,15.80,0.3971,0.3681,0.6250,-4.42,0.5239,0.5357,0.1387,7.37,-5.84
2451,1303,5,23,39,26.18,7.51,3.85,0.54,1.18,2.79,30.78,0.4892,0.3333,0.8537,3.97,0.5273,0.6046,0.3407,26.88,5.84
2452,1306,5,6,22,1.68,0.64,0.32,0.23,0.00,0.14,3.87,0.5000,0.3000,0.7500,1.95,0.5536,0.5869,0.1764,16.60,-0.16
2453,1328,5,3,37,5.11,0.73,1.08,0.30,0.00,0.43,10.27,0.4000,0.3981,0.8333,-2.81,0.5483,0.5875,0.2053,10.09,-2.49
2454,1329,5,26,72,3.04,1.76,0.26,0.21,0.36,0.42,7.67,0.5962,0.1429,0.5614,-2.18,0.5994,0.6047,0.1633,14.88,-3.62
2455,1363,5,19,82,14.26,3.66,3.40,1.18,0.37,2.17,25.76,0.4344,0.3301,0.7886,-3.50,0.4846,0.5246,0.2565,15.15,0.94
2456,1395,5,29,79,11.13,6.99,2.51,0.92,0.49,1.58,22.80,0.4916,0.3246,0.7500,-3.24,0.5479,0.5858,0.2008,19.11,2.93
2457,1400,5,11,50,2.46,1.86,0.72,0.32,0.12,0.44,12.40,0.3333,0.2700,0.8889,0.30,0.4356,0.4523,0.1086,5.54,-6.70
2458,1408,5,7,69,21.12,6.64,4.52,1.20,0.93,2.32,33.48,0.4712,0.2941,0.8234,-3.68,0.5008,0.5490,0.2706,20.70,4.52
2459,1413,5,24,80,2.98,1.55,0.20,0.28,0.26,0.36,8.42,0.4047,0.3462,0.5588,1.21,0.5093,0.5175,0.1647,9.63,-5.61
2460,1426,5,16,81,7.37,2.60,1.25,0.46,0.11,0.60,14.48,0.4119,0.3750,0.8431,1.12,0.5425,0.5786,0.1972,14.81,-0.37
2461,1457,5,27,71,18.51,3.77,6.21,1.23,0.25,2.30,30.91,0.4855,0.3299,0.7603,6.27,0.5475,0.5771,0.2520,19.11,5.85
2462,1502,5,12,35,5.14,4.37,1.17,0.57,0.20,0.83,18.37,0.4698,0.3239,0.4857,-1.66,0.5470,0.5474,0.1297,11.48,-3.56
2463,1507,5,7,56,9.23,6.68,0.98,0.75,1.23,1.13,21.03,0.6550,,0.6772,-3.38,0.6550,0.6758,0.1590,20.60,0.56
2464,1525,5,29,5,5.20,8.40,2.80,1.60,0.80,1.40,33.76,0.3103,0.0769,0.7778,-7.40,0.3276,0.3944,0.0979,9.96,-2.02
2465,1528,5,16,63,2.59,1.94,0.70,0.32,0.13,0.27,6.52,0.4797,0.4063,0.7308,1.24,0.5854,0.6062,0.1505,15.92,2.84
2466,1533,5,6,26,17.96,2.42,6.92,0.81,0.12,2.81,30.46,0.4509,0.3598,0.8608,-1.54,0.5292,0.5671,0.2533,16.99,4.81
2467,1533,5,13,19,19.89,2.32,6.37,1.16,0.26,3.00,29.06,0.4712,0.4375,0.8605,6.53,0.5780,0.6021,0.2960,19.33,5.52
2468,1554,5,2,80,6.96,3.51,0.83,0.34,0.35,0.58,13.97,0.5770,0.4331,0.7692,1.55,0.6541,0.6818,0.1779,17.67,-0.75
2469,1571,5,29,57,22.37,3.49,5.82,1.02,0.25,2.91,31.33,0.4563,0.3712,0.8915,-5.88,0.5323,0.6087,0.2829,20.56,4.56
2470,1572,5,30,54,13.15,4.54,3.96,0.89,0.80,2.31,25.76,0.4385,0.3808,0.8015,-6.57,0.5243,0.5594,0.2290,15.20,2.11
2471,1573,5,23,44,14.57,4.45,3.02,1.41,0.36,1.45,25.80,0.4386,0.3922,0.8198,2.02,0.5361,0.5704,0.2370,17.82,2.81
2472,1587,5,15,14,2.43,1.93,0.43,0.14,0.07,0.07,6.91,0.4615,0.5000,0.8750,-0.50,0.5192,0.5759,0.1338,14.05,-0.61
2473,1590,5,5,60,15.32,7.47,8.23,0.92,0.45,3.27,28.86,0.4477,0.3640,0.7632,-3.12,0.5195,0.5622,0.2457,23.96,11.79
2474,1594,5,21,67,31.16,4.30,6.61,1.42,0.76,2.18,33.17,0.5539,0.3918,0.8787,11.73,0.5978,0.6665,0.3369,31.27,11.46
2475,1595,5,30,82,3.91,1.93,0.84,0.38,0.26,0.44,11.60,0.6279,0.3542,0.7391,-3.57,0.6674,0.6823,0.1197,13.78,-2.90
2476,1599,5,24,81,12.49,4.04,4.58,1.22,0.20,1.54,28.17,0.4181,0.4014,0.8736,2.47,0.5558,0.5748,0.1883,15.80,3.22
2477,1621,5,18,79,10.49,11.04,1.62,0.73,1.57,1.34,30.13,0.6823,0.0000,0.5265,2.95,0.6823,0.6644,0.1300,20.95,1.15
2478,1630,5,2,82,3.52,3.00,0.49,0.51,0.26,0.46,13.22,0.4756,0.3621,0.5000,3.00,0.5610,0.5613,0.1193,10.56,-4.66
2479,1636,5,24,74,8.23,4.61,2.04,1.43,0.19,0.92,21.24,0.4126,0.3709,0.6964,1.26,0.5135,0.5253,0.1756,14.65,1.28
2480,1638,5,8,40,14.55,5.23,2.40,0.53,0.25,0.95,25.12,0.4975,0.3885,0.7669,6.80,0.5741,0.6195,0.2238,20.06,1.89
2481,1641,5,23,50,0.66,0.04,0.06,0.08,0.02,0.06,1.47,0.5714,0.5714,0.5000,-0.62,0.7619,0.7541,0.1438,12.56,-6.09
2482,1669,5,25,78,13.59,2.54,1.56,0.54,0.46,1.53,21.73,0.4534,0.3886,0.8137,-0.08,0.5466,0.6080,0.2388,15.27,-2.82
2483,1693,5,17,78,10.37,2.73,1.95,0.50,0.10,0.96,29.10,0.4239,0.4188,0.8548,-1.90,0.6117,0.6269,0.1409,8.97,-5.78
2484,1696,5,10,72,7.92,5.21,5.22,0.85,0.58,2.51,25.96,0.4175,0.3258,0.7024,-1.86,0.5204,0.5398,0.1628,13.44,2.70
2485,1700,5,24,34,16.71,3.41,2.68,1.00,0.24,2.12,24.36,0.4219,0.3128,0.7471,0.97,0.4912,0.5161,0.3238,16.08,0.60
2486,1701,5,9,81,6.94,2.81,0.68,1.23,0.30,0.56,17.68,0.4461,0.3796,0.8400,2.51,0.5600,0.6069,0.1487,13.63,-2.76
2487,1702,5,11,82,0.82,0.30,0.10,0.02,0.02,0.05,2.13,0.3676,0.2727,1.0000,-0.32,0.4559,0.4772,0.1802,8.64,-4.98
2488,1704,5,4,60,4.15,1.70,0.78,0.58,0.10,0.58,15.13,0.4586,0.4203,0.8929,3.45,0.6188,0.6440,0.1074,8.89,-6.59
2489,1739,5,23,76,13.24,3.59,3.21,0.84,0.37,1.75,29.02,0.4503,0.3342,0.8397,0.11,0.5344,0.5854,0.1912,13.61,-1.52
2490,1753,5,1,81,4.22,3.40,0.85,0.75,0.48,0.41,14.55,0.4517,0.3077,0.6452,0.53,0.5207,0.5390,0.1247,13.01,-1.11
2491,1766,5,14,70,11.14,3.23,0.81,0.56,0.30,0.60,27.53,0.5142,0.4427,0.6944,1.16,0.6114,0.6203,0.1531,11.68,-5.91
2492,1791,5,4,12,6.08,5.50,0.67,0.25,0.67,1.25,15.57,0.5000,1.0000,0.8077,-2.58,0.5200,0.5941,0.1753,17.38,-2.45
2493,1831,5,8,80,13.49,2.58,1.35,0.53,0.13,0.54,26.59,0.4467,0.4073,0.8112,2.50,0.5905,0.6235,0.1865,13.47,-3.76
2494,1832,5,6,26,20.54,4.77,7.65,0.85,0.46,3.19,33.82,0.4659,0.4348,0.8400,3.04,0.5795,0.6388,0.2486,21.18,6.59
2495,1832,5,13,44,25.41,4.82,8.14,1.30,0.36,3.68,35.43,0.4189,0.3470,0.9011,0.45,0.5065,0.5975,0.3157,22.62,7.92
2496,1836,5,7,49,4.76,0.96,0.59,0.18,0.04,0.55,8.74,0.4021,0.3710,0.7750,0.90,0.5206,0.5506,0.2350,10.49,-4.75
2497,1836,5,30,30,9.67,1.30,0.97,0.23,0.13,1.17,15.66,0.4426,0.4203,0.6857,-4.27,0.5660,0.5791,0.2556,10.57,-5.83
2498,1839,5,29,45,3.96,1.18,1.67,0.69,0.13,0.58,12.11,0.3354,0.2386,0.7656,-0.73,0.4006,0.4705,0.1615,9.31,-0.15
2499,1845,5,27,68,11.84,3.38,3.90,0.78,0.34,1.41,22.54,0.5101,0.3468,0.7607,4.46,0.5568,0.5796,0.2194,17.89,4.29
2500,1850,5,2,46,2.67,1.04,0.48,0.22,0.20,0.17,6.90,0.4182,0.3500,0.7500,0.39,0.5455,0.5503,0.1657,12.62,-1.64
2501,1864,5,17,68,1.88,0.90,0.75,0.40,0.13,0.28,9.71,0.4423,0.4118,0.8889,-1.94,0.5769,0.5928,0.0856,7.39,-5.40
2502,1873,5,9,63,13.10,5.03,2.48,0.92,0.41,0.98,27.15,0.4730,0.3716,0.8684,5.71,0.5355,0.5778,0.1899,16.98,0.77
2503,1881,5,20,65,12.00,7.38,4.78,1.11,0.25,1.92,30.19,0.5086,0.4202,0.7200,3.25,0.5948,0.6142,0.1673,18.36,3.74
2504,1882,5,21,48,8.79,9.04,3.44,0.98,0.73,1.65,23.28,0.6237,0.0000,0.6095,7.75,0.6237,0.6333,0.1597,23.50,6.69
2505,1895,5,2,81,8.88,3.70,1.41,0.47,0.28,0.43,23.88,0.4193,0.3929,0.8500,4.56,0.5840,0.5895,0.1458,12.06,-3.18
2506,1901,5,19,82,3.15,1.07,0.51,0.16,0.12,0.41,8.44,0.3658,0.3481,0.8519,-1.62,0.4572,0.4798,0.1835,8.83,-5.38
2507,1911,5,14,71,7.00,3.82,0.83,0.41,0.73,0.44,17.00,0.7557,1.0000,0.6533,1.00,0.7615,0.7576,0.1307,18.43,-1.15
2508,1912,5,26,24,5.29,2.25,3.38,0.88,0.17,1.17,16.89,0.3043,0.2698,0.9286,-0.75,0.3659,0.4224,0.1872,10.43,3.30
2509,1914,5,24,51,0.67,0.65,0.14,0.16,0.04,0.16,3.83,0.3261,0.1250,0.5000,-1.41,0.3478,0.3559,0.1212,4.83,-7.57
2510,1939,5,25,56,7.63,1.43,2.00,0.48,0.16,1.30,13.36,0.4181,0.3519,0.8400,0.95,0.5015,0.5531,0.2501,13.04,-0.15
2511,1941,5,15,29,9.48,4.21,1.07,1.28,0.76,1.03,21.59,0.4626,0.3421,0.6500,-2.28,0.5485,0.5621,0.1871,14.45,-1.48
2512,1941,5,29,43,3.79,2.30,0.56,0.30,0.19,0.47,11.45,0.4531,0.3429,0.7188,-4.44,0.5469,0.5736,0.1374,11.79,-4.38
2513,1964,5,16,52,13.02,3.04,2.62,0.44,0.23,1.23,19.86,0.4796,0.3784,0.9167,-0.73,0.5612,0.6018,0.2517,19.75,2.72
2514,1978,5,1,29,1.24,0.28,0.17,0.07,0.00,0.21,1.77,0.4815,0.4118,1.0000,0.07,0.6111,0.6356,0.2793,19.65,-1.69
2515,1978,5,10,51,6.94,2.12,1.29,0.73,0.18,0.82,15.05,0.4333,0.3436,0.7941,-1.73,0.5450,0.5620,0.1972,13.23,-1.63
2516,1985,5,24,10,3.80,1.30,0.70,0.40,0.00,0.00,9.07,0.5217,0.5714,0.8571,1.00,0.6957,0.7285,0.1252,15.36,-0.27
2517,2004,5,29,18,9.28,1.83,0.89,0.28,0.11,0.28,15.86,0.5130,0.4684,0.7500,2.50,0.6739,0.6842,0.1821,16.00,-2.16
2518,2023,5,11,81,3.85,0.72,0.74,0.33,0.06,0.47,9.64,0.4167,0.3941,0.8537,1.59,0.5496,0.5777,0.1673,8.69,-5.19
2519,2024,5,25,71,12.18,3.45,4.54,0.76,0.08,2.06,21.98,0.4513,0.3785,0.8381,2.77,0.5480,0.5727,0.2366,18.73,5.12
2520,2030,5,9,77,8.29,4.03,1.21,1.17,0.35,1.22,19.90,0.4341,0.2551,0.8054,1.90,0.4805,0.5277,0.1913,12.39,-2.56
2521,2036,5,8,52,1.79,0.67,0.31,0.02,0.12,0.23,4.03,0.5082,0.4444,0.7857,-0.31,0.6721,0.6924,0.1659,14.19,-3.44
2522,2037,5,21,69,16.87,8.80,1.67,0.62,1.88,1.54,28.51,0.5590,0.3625,0.7904,9.57,0.6154,0.6534,0.2214,24.43,3.05
2523,2057,5,10,48,7.75,4.56,2.42,0.63,1.06,0.88,20.20,0.4259,0.3610,0.8462,-0.19,0.5401,0.5545,0.1669,17.54,3.49
2524,2069,5,1,40,1.05,0.28,0.10,0.05,0.03,0.10,1.89,0.5385,0.5238,1.0000,0.03,0.7500,0.7687,0.1760,14.66,-4.04
2525,2076,5,22,73,4.01,1.16,0.60,0.12,0.15,0.21,9.32,0.4146,0.3688,0.9487,-0.84,0.5203,0.5567,0.1740,10.89,-3.39
2526,2092,5,5,45,10.64,3.76,2.58,0.78,0.58,1.09,23.04,0.4554,0.3139,0.7321,-0.18,0.5421,0.5587,0.1953,15.02,0.97
2527,2092,5,9,32,6.69,2.22,1.94,0.88,0.22,0.72,16.01,0.4427,0.2941,0.9333,2.94,0.5208,0.5388,0.1839,14.50,1.29
2528,2094,5,12,82,9.55,3.95,1.48,0.50,1.87,0.93,20.96,0.4763,0.3190,0.8283,-3.07,0.5736,0.5981,0.1816,16.05,0.69
2529,2102,5,20,79,1.48,2.01,0.37,0.11,0.33,0.41,6.31,0.5625,0.2500,0.7879,0.44,0.5688,0.6189,0.1095,13.65,-2.95
2530,2114,5,6,45,13.33,4.04,1.98,0.67,0.13,1.58,24.99,0.4232,0.3080,0.8686,-0.44,0.4990,0.5532,0.2267,13.21,-2.63
2531,2114,5,26,6,2.50,0.50,0.17,0.00,0.00,0.67,8.50,0.2105,0.2222,0.8333,-0.17,0.2632,0.3466,0.2075,-3.58,-14.45
2532,2131,5,18,81,7.46,1.57,2.32,0.54,0.21,0.86,14.53,0.4530,0.3880,0.7805,1.53,0.5769,0.5991,0.2067,14.99,2.42
2533,2134,5,24,82,6.48,5.10,2.26,0.89,0.70,1.23,22.06,0.6530,0.0000,0.4530,1.96,0.6530,0.6360,0.1227,14.64,-0.47
2534,2141,5,18,79,0.52,0.24,0.43,0.11,0.03,0.18,1.93,0.5926,0.4375,1.0000,-0.10,0.7222,0.7353,0.1162,15.59,3.46
2535,2144,5,28,79,20.95,5.44,3.59,0.73,0.70,2.37,32.96,0.4767,0.3824,0.8202,0.54,0.5291,0.5728,0.2708,18.61,1.01
2536,2149,5,22,57,2.26,2.25,0.39,0.35,0.54,0.28,8.91,0.4272,0.1714,0.6034,-0.58,0.4563,0.5019,0.1224,13.53,-1.53
2537,2153,5,5,5,9.20,3.80,3.20,1.60,0.40,1.20,23.10,0.4167,0.3810,0.8889,-8.20,0.5278,0.5756,0.1669,15.84,3.06
2538,2153,5,9,33,8.18,2.18,1.58,0.45,0.36,1.06,16.81,0.4500,0.3717,0.7895,2.03,0.5455,0.5703,0.2039,13.14,-2.14
2539,2164,5,15,72,9.22,3.19,1.10,0.43,0.58,1.15,15.80,0.4930,0.3245,0.7415,-1.56,0.5539,0.5869,0.2380,18.22,-0.77
2540,2166,5,12,38,6.39,5.55,0.82,0.68,0.76,1.13,16.79,0.5818,0.0000,0.6892,-2.45,0.5818,0.6150,0.1591,16.29,-1.30
2541,2166,5,13,22,5.77,3.59,0.95,0.45,0.91,0.68,12.28,0.7639,0.0000,0.5484,1.95,0.7639,0.7415,0.1654,22.32,2.84
2542,2180,5,12,56,8.00,2.04,2.50,0.55,0.11,1.11,16.02,0.4695,0.3559,0.8235,-1.13,0.5335,0.5889,0.2102,15.39,1.51
2543,2189,5,17,81,1.40,0.89,0.53,0.23,0.05,0.38,5.04,0.3277,0.2500,0.6250,-0.88,0.3908,0.4246,0.1787,7.54,-3.44
2544,2190,5,15,43,19.00,5.84,1.98,1.02,1.49,2.19,30.70,0.4724,0.3507,0.7923,-2.49,0.5308,0.5725,0.2530,16.57,-0.63
2545,2190,5,29,3,22.33,4.33,2.67,2.00,0.33,2.33,24.07,0.4898,0.3333,0.8750,16.00,0.5408,0.5978,0.3568,24.67,5.38
2546,2191,5,10,51,2.94,2.20,0.63,0.25,0.37,0.35,8.06,0.5882,1.0000,0.5577,-0.96,0.5931,0.6006,0.1475,17.62,0.83
2547,2191,5,28,24,1.29,1.38,0.29,0.17,0.21,0.21,3.54,0.5000,,0.4091,-1.13,0.5000,0.4893,0.1882,21.02,4.47
2548,2195,5,16,67,4.90,2.06,2.04,0.49,0.10,0.75,14.10,0.4286,0.4231,0.8788,1.07,0.5672,0.6141,0.1373,12.58,0.23
2549,2199,5,14,70,1.74,0.33,0.73,0.27,0.06,0.36,5.36,0.4087,0.3860,0.8571,-0.57,0.5043,0.5166,0.1677,8.71,-2.40
2550,2205,5,14,60,20.93,6.07,7.20,1.20,0.58,2.98,33.16,0.5147,0.3169,0.7373,1.98,0.5566,0.5936,0.2742,23.88,8.34
2551,2208,5,4,82,5.38,3.50,1.99,0.63,0.24,0.79,22.48,0.3710,0.3517,0.8367,0.79,0.4825,0.5312,0.1111,9.26,-3.65
2552,2214,5,16,82,14.05,4.57,4.29,0.62,0.26,1.85,25.87,0.5071,0.3169,0.7685,1.76,0.5388,0.5703,0.2243,18.79,3.63
2553,2217,5,15,11,8.00,4.64,3.27,0.91,0.73,2.36,20.96,0.3976,0.1333,0.7826,-10.18,0.4217,0.4725,0.2215,12.62,0.90
2554,2229,5,26,3,10.33,1.67,0.33,0.67,0.00,0.00,19.97,0.5789,0.4444,1.0000,0.33,0.6842,0.7311,0.1555,12.32,-5.54
2555,2231,5,20,31,0.42,0.58,0.16,0.03,0.06,0.32,2.63,0.6000,,1.0000,-0.94,0.6000,0.6226,0.1081,5.75,-10.89
2556,2233,5,9,80,8.39,2.08,3.48,0.80,0.19,1.44,18.20,0.4085,0.3744,0.8323,2.61,0.4727,0.5252,0.2172,14.37,3.26
2557,2241,5,15,25,11.80,1.68,3.40,0.64,0.16,1.08,13.55,0.4744,0.4200,0.8750,-1.80,0.5721,0.6155,0.3346,26.52,12.68
2558,2245,5,21,74,10.61,2.45,1.27,0.68,0.15,0.61,20.37,0.4549,0.4229,0.8943,4.81,0.6215,0.6573,0.1851,14.53,-2.41
2559,2247,5,7,31,2.90,0.77,0.81,0.13,0.10,0.39,7.72,0.3226,0.1563,0.8929,-1.32,0.3495,0.4273,0.2049,7.66,-3.35
2560,2247,5,30,41,1.71,0.76,0.54,0.17,0.00,0.44,5.22,0.3253,0.2800,0.7500,-0.29,0.3675,0.3965,0.2081,6.21,-4.95
2561,2259,5,8,55,12.00,3.75,2.40,0.73,0.38,0.85,29.94,0.4800,0.4297,0.8393,6.24,0.5958,0.6294,0.1491,12.87,-2.60
2562,2261,5,3,20,6.95,3.95,1.80,0.75,0.45,1.00,17.38,0.5426,0.3000,0.8000,-3.90,0.5904,0.6353,0.1652,15.53,0.41
2563,2287,5,1,75,21.61,9.87,7.55,1.19,0.41,3.25,33.76,0.4886,0.3519,0.7880,2.49,0.5375,0.5806,0.2727,26.33,10.63
2564,2292,5,27,81,13.31,5.36,1.37,0.56,0.14,0.85,23.42,0.5208,0.3616,0.7938,4.14,0.5826,0.6136,0.2122,18.60,-0.46
2565,2296,5,16,74,1.84,0.84,0.11,0.20,0.11,0.18,3.78,0.4904,0.2955,0.7241,1.23,0.5529,0.5824,0.1900,15.77,-2.18
2566,2318,5,30,70,10.47,2.43,1.74,0.47,0.26,1.33,20.61,0.4189,0.3583,0.8736,-4.83,0.5077,0.5348,0.2260,11.16,-3.47
2567,2327,5,8,65,27.68,12.86,10.72,1.42,0.82,3.74,34.84,0.5689,0.3797,0.8313,8.54,0.6184,0.6697,0.3019,37.57,20.02
2568,2341,5,8,25,1.16,0.44,0.40,0.16,0.00,0.08,3.51,0.4074,0.3333,0.5000,1.04,0.5185,0.5201,0.1497,11.30,-0.28
2569,2355,5,19,58,8.55,3.28,2.67,1.52,0.47,1.26,27.38,0.3828,0.3089,0.8065,-0.84,0.4665,0.4908,0.1532,8.57,-2.42
2570,2366,5,12,54,3.00,1.11,2.20,0.33,0.00,0.67,11.41,0.4024,0.2933,0.5000,-2.65,0.4675,0.4695,0.1458,9.86,0.84
2571,2381,5,8,70,5.03,2.99,0.73,0.74,0.41,0.44,20.24,0.5038,0.3958,0.6078,0.01,0.6126,0.6188,0.0973,8.24,-6.13
2572,2384,5,5,73,12.52,2.79,4.79,1.04,0.15,1.26,24.00,0.5527,0.3154,0.8414,-1.88,0.5859,0.6375,0.1934,20.61,6.25
2573,2385,5,7,8,3.88,1.13,3.75,0.38,0.00,0.63,16.61,0.3824,0.2105,0.5000,-2.25,0.4412,0.4444,0.1248,10.49,3.21
2574,2385,5,8,20,1.20,0.70,0.65,0.05,0.00,0.30,4.57,0.3462,0.3750,0.0000,0.20,0.4615,0.4539,0.1527,10.11,-2.17
2575,2385,5,22,46,3.02,1.11,2.43,0.72,0.07,0.30,15.84,0.3467,0.3021,1.0000,-1.48,0.4433,0.4553,0.0971,9.34,0.13
2576,2391,5,27,21,1.52,0.62,0.86,0.29,0.05,0.24,3.24,0.5200,0.6000,0.5000,1.81,0.5800,0.5789,0.2057,22.52,12.62
2577,2393,5,13,50,10.08,3.46,1.38,0.90,1.00,0.80,26.99,0.4987,0.3595,0.7634,2.60,0.5712,0.6001,0.1522,12.36,-3.55
2578,2395,5,19,81,0.65,0.94,0.14,0.05,0.12,0.11,2.45,0.6563,,0.6471,-0.01,0.6563,0.6712,0.1023,19.46,0.35
2579,2410,5,16,70,4.91,2.19,1.46,0.37,0.24,0.93,11.54,0.3662,0.2695,0.6832,-0.07,0.4379,0.4799,0.2142,12.41,-0.11
2580,2412,5,18,50,0.86,0.34,0.12,0.04,0.02,0.10,1.75,0.4211,0.2500,0.6250,-0.10,0.5000,0.5178,0.2246,14.42,-2.17
2581,2418,5,4,70,7.44,5.39,0.77,0.46,1.44,0.89,21.13,0.7526,0.0000,0.7155,0.66,0.7526,0.7616,0.1166,18.81,-1.80
2582,2433,5,5,24,2.58,1.38,1.96,0.38,0.00,0.58,8.71,0.3269,0.2973,0.8947,-0.13,0.4327,0.5136,0.1466,13.82,4.88
2583,2445,5,7,25,1.72,0.96,0.48,0.16,0.04,0.24,5.35,0.3636,0.3030,1.0000,-0.48,0.4773,0.4838,0.1569,9.52,-2.72
2584,2453,5,1,50,7.28,1.98,1.92,0.66,0.10,0.64,18.87,0.5375,0.4966,0.9143,0.12,0.6917,0.7126,0.1285,14.20,-1.75
2585,2453,5,14,32,9.00,2.59,2.44,0.69,0.09,0.88,23.04,0.5271,0.4479,0.9118,1.09,0.6330,0.6607,0.1488,13.68,-1.84
2586,2467,5,29,8,9.00,6.75,1.88,0.88,1.13,2.00,19.25,0.7027,0.7500,0.7000,1.75,0.7838,0.7860,0.1693,22.94,2.35
2587,2506,5,1,42,8.52,2.10,1.43,0.19,0.14,0.74,16.90,0.4545,0.3540,0.8095,-2.12,0.5582,0.5913,0.1963,13.87,-2.56
2588,2506,5,30,20,8.70,2.20,1.60,0.40,0.15,0.70,18.49,0.4958,0.3947,0.7647,-3.10,0.6218,0.6494,0.1677,14.82,-2.13
2589,2511,5,14,67,1.28,1.25,0.40,0.27,0.16,0.25,6.88,0.4521,0.2308,0.5385,0.82,0.4932,0.5092,0.0969,7.54,-5.25
2590,2515,5,9,29,0.76,0.66,0.21,0.10,0.00,0.21,2.46,0.3333,0.3077,0.0000,-0.17,0.4074,0.3884,0.2013,6.42,-3.93
2591,2518,5,14,81,2.81,0.93,0.26,0.14,0.14,0.28,6.83,0.4555,0.3423,0.7273,-1.01,0.5550,0.5681,0.1779,10.39,-5.86
2592,2533,5,4,81,18.49,5.33,3.38,0.70,0.23,1.99,31.49,0.4751,0.4252,0.8628,3.98,0.6010,0.6329,0.2250,17.97,0.29
2593,2536,5,20,78,3.46,1.22,2.13,0.27,0.05,0.69,9.12,0.4327,0.3894,0.7000,1.13,0.5224,0.5319,0.1859,14.06,4.86
2594,2537,5,1,25,1.76,1.44,0.32,0.16,0.40,0.36,6.23,0.4359,0.1250,0.8182,-0.96,0.4487,0.5018,0.1436,9.28,-4.01
2595,2537,5,15,11,2.64,4.00,0.91,0.91,1.18,0.64,17.68,0.4000,0.0000,0.2500,2.09,0.4000,0.3945,0.0923,9.77,-2.59
2596,2541,5,15,39,2.21,2.08,0.87,0.69,0.31,0.36,10.23,0.5313,0.3333,0.6667,-0.03,0.6250,0.6327,0.0848,14.26,-0.36
2597,2541,5,29,29,5.28,5.10,2.69,1.79,0.86,0.72,23.46,0.4453,0.2500,0.7742,-4.86,0.5039,0.5401,0.0974,15.37,2.96
2598,2546,5,27,67,6.60,6.06,1.87,0.46,0.97,0.42,20.98,0.6468,,0.8246,1.99,0.6468,0.6924,0.1051,19.52,2.48
2599,2561,5,1,51,8.12,1.90,1.33,0.73,0.25,0.59,20.16,0.4643,0.4226,0.7500,-0.90,0.6282,0.6392,0.1452,10.50,-4.04
2600,2561,5,25,31,4.39,1.65,1.03,0.32,0.16,0.35,11.74,0.4050,0.3034,0.7333,0.26,0.5165,0.5329,0.1568,10.99,-2.02
2601,2575,5,1,16,12.25,5.31,2.06,0.88,0.31,1.31,22.14,0.4759,0.3462,0.7018,6.25,0.5379,0.5762,0.2226,19.54,1.85
2602,2575,5,10,43,5.63,2.72,1.16,0.19,0.14,1.07,11.07,0.4536,0.3208,0.7424,-0.67,0.4974,0.5425,0.2402,16.24,-1.14
2603,2582,5,17,71,12.62,4.41,2.59,0.65,0.39,1.68,25.44,0.4920,0.3473,0.7258,-3.99,0.5522,0.5812,0.2194,15.63,-0.88
2604,2588,5,14,82,8.22,3.98,1.77,1.27,0.46,1.06,25.14,0.4589,0.3210,0.7632,-0.06,0.5335,0.5713,0.1445,11.47,-3.01
2605,2591,5,26,40,18.70,2.70,2.23,0.70,0.25,1.85,30.61,0.4790,0.3898,0.8803,-7.75,0.5695,0.6136,0.2415,14.67,-3.49
2606,2607,5,1,23,9.09,4.13,1.74,0.43,0.61,0.61,19.39,0.5157,0.3906,0.5405,1.48,0.5943,0.5962,0.1755,16.66,1.18
2607,2607,5,15,45,10.71,6.20,1.58,0.51,0.42,0.96,22.39,0.5067,0.3760,0.6627,-2.07,0.5693,0.5856,0.1870,17.86,0.39
2608,2620,5,9,62,1.29,0.37,0.27,0.11,0.00,0.05,4.22,0.3146,0.2836,0.8333,0.06,0.4213,0.4365,0.1522,6.48,-4.80
2609,2625,5,16,77,10.39,3.17,3.06,0.64,0.21,1.31,24.01,0.4955,0.3229,0.7965,1.04,0.5510,0.6055,0.1689,14.39,-0.46
2610,2639,5,28,35,2.89,1.23,0.20,0.34,0.11,0.17,6.45,0.4359,0.4222,0.7778,-0.26,0.5577,0.5878,0.1774,13.10,-2.66
2611,2644,5,9,61,7.18,1.90,2.57,0.84,0.67,1.33,18.63,0.4182,0.3296,0.6786,-0.08,0.4948,0.5190,0.1856,11.75,-0.06
2612,2677,5,13,65,27.89,6.35,3.60,1.88,0.42,2.05,32.07,0.5048,0.3865,0.8918,5.23,0.5731,0.6291,0.3373,28.24,6.82
2613,2679,5,10,32,2.59,1.66,0.72,0.44,0.28,0.41,8.64,0.4444,0.2500,0.7895,-2.34,0.4722,0.5164,0.1455,11.67,-1.53
2614,2704,5,3,39,3.77,1.77,0.62,0.15,0.26,0.38,8.95,0.4865,0.3462,0.8077,-1.21,0.5676,0.6003,0.1737,13.14,-2.44
2615,2712,5,7,7,4.29,5.29,1.86,0.57,1.57,1.43,16.47,0.6111,,0.8000,2.00,0.6111,0.6696,0.1161,16.32,1.89
2616,2713,5,24,43,1.51,1.42,0.49,0.30,0.19,0.28,8.07,0.3438,0.3000,0.7500,0.26,0.4375,0.4691,0.0999,8.18,-4.80
2617,2738,5,19,77,0.77,1.53,0.44,0.12,0.13,0.12,3.99,0.4167,0.1538,0.7000,-0.82,0.4333,0.4581,0.1000,16.43,3.66
2618,2739,5,13,82,7.73,3.33,1.18,0.55,1.06,0.74,19.95,0.4280,0.3596,0.7568,0.51,0.5332,0.5517,0.1735,12.36,-2.12
2619,2749,5,25,50,10.18,2.28,2.46,0.54,0.08,1.24,20.25,0.3878,0.3185,0.7347,-2.54,0.4827,0.4975,0.2314,11.97,-0.78
2620,2750,5,29,70,3.54,3.07,0.96,0.20,0.13,0.43,8.75,0.3970,0.3732,0.8409,-1.14,0.5302,0.5679,0.1665,18.93,3.41
2621,2756,5,23,82,0.21,0.11,0.13,0.02,0.02,0.05,1.44,0.1600,0.1600,0.8333,-0.48,0.2400,0.3075,0.1139,2.15,-6.41
2622,2821,5,24,82,1.70,1.62,0.07,0.06,0.40,0.30,5.01,0.5333,0.2381,0.7097,0.57,0.5571,0.5858,0.1496,15.91,-3.23
2623,2822,5,28,80,11.16,4.94,1.89,0.80,0.51,0.84,21.89,0.5230,0.3885,0.7468,2.30,0.6141,0.6374,0.1895,19.37,1.83
2624,2828,5,3,71,6.41,2.82,2.68,0.58,0.21,1.00,21.53,0.4565,0.3636,0.7875,-3.76,0.5326,0.5642,0.1360,10.25,-2.01
2625,2829,5,4,73,3.99,1.26,1.18,0.34,0.07,0.74,9.15,0.3597,0.3226,0.8519,-2.10,0.4422,0.4621,0.2354,9.05,-1.56
2626,2846,5,29,44,25.52,6.57,2.02,0.95,0.48,1.43,32.79,0.4770,0.3549,0.8955,-1.25,0.5484,0.6084,0.2826,23.02,2.09
2627,2855,5,7,78,14.37,4.44,3.09,1.04,0.08,1.50,27.71,0.5098,0.2905,0.7600,-2.53,0.5472,0.5912,0.2075,17.13,0.55
2628,2859,5,28,31,1.65,0.68,0.39,0.26,0.13,0.26,4.69,0.3200,0.1905,0.7895,-0.45,0.3600,0.4369,0.2002,9.28,-2.29
2629,2863,5,7,68,3.31,2.07,1.18,0.59,0.22,0.59,12.42,0.4545,0.3571,0.5932,-2.90,0.5080,0.5283,0.1264,10.50,-2.38
2630,2865,5,12,4,1.75,3.50,0.50,1.00,0.50,1.00,13.80,0.2000,0.0000,0.5000,-7.00,0.2000,0.2769,0.1210,6.49,-5.67
2631,2884,5,3,48,5.63,2.21,1.44,0.46,0.08,0.69,14.51,0.3922,0.3355,0.7308,-3.75,0.4922,0.5067,0.1888,12.03,-1.64
2632,2884,5,23,15,1.33,0.67,0.60,0.20,0.13,0.47,5.38,0.4091,0.1538,0.0000,-0.07,0.4545,0.4371,0.1556,8.36,-4.47
2633,2885,5,15,40,4.80,2.03,1.73,0.93,0.35,1.23,16.83,0.3949,0.2533,0.5429,-5.25,0.4436,0.4563,0.1610,7.57,-3.78
2634,2895,5,12,15,5.20,1.13,0.67,0.40,0.20,0.20,13.07,0.4038,0.3696,0.8261,-0.13,0.5673,0.6278,0.1457,10.13,-4.54
2635,2898,5,12,29,17.14,5.21,2.17,0.59,0.14,2.21,30.72,0.4330,0.3718,0.8836,-7.34,0.5140,0.5885,0.2356,14.36,-3.55
2636,2898,5,13,26,17.38,5.46,2.54,1.00,0.35,2.08,28.04,0.4263,0.2073,0.8579,2.58,0.4530,0.5614,0.2755,17.71,0.11
2637,2899,5,19,66,5.33,3.47,0.76,0.38,0.82,0.52,13.82,0.6043,0.4222,0.7317,-1.41,0.6851,0.6955,0.1327,17.40,-0.41
2638,2904,5,23,70,28.29,4.14,6.59,1.86,0.79,2.44,38.02,0.4624,0.3673,0.8921,1.61,0.5356,0.5877,0.2974,22.27,7.07
2639,2923,5,29,16,7.63,3.56,3.88,2.13,0.31,1.38,30.75,0.5000,0.1935,0.6400,-9.31,0.5300,0.5495,0.1087,10.77,-0.78
2640,2928,5,20,42,11.69,2.38,2.52,0.83,0.21,0.79,25.72,0.4233,0.4133,0.7872,5.33,0.5619,0.5781,0.1820,12.44,-1.31
2641,2929,5,21,30,10.43,2.07,0.93,0.43,0.10,0.87,17.98,0.4618,0.3913,0.8529,2.17,0.5703,0.5929,0.2337,13.60,-4.02
2642,2929,5,23,42,5.83,1.79,1.48,0.52,0.05,0.71,14.76,0.3853,0.3782,0.8800,1.45,0.4827,0.5062,0.1873,10.26,-2.44
2643,2950,5,5,13,3.69,0.46,0.69,0.46,0.15,0.54,7.79,0.3902,0.2500,0.7857,-1.00,0.4512,0.5089,0.2205,8.17,-3.71
2644,2951,5,1,41,18.68,3.12,4.07,0.98,0.63,1.88,28.81,0.4560,0.3571,0.7481,6.44,0.5320,0.5596,0.2692,17.71,2.99
2645,2951,5,30,35,18.80,3.54,3.60,0.69,0.26,1.66,30.92,0.4537,0.3934,0.8039,-4.91,0.5444,0.5733,0.2449,15.87,0.48
2646,2954,5,12,64,8.20,1.94,4.48,0.88,0.16,1.00,15.04,0.5378,0.3200,0.8621,-2.09,0.5556,0.5672,0.2361,23.21,13.50
2647,2963,5,20,33,1.52,0.85,0.61,0.27,0.00,0.36,4.69,0.4255,0.3333,0.4000,-1.45,0.5106,0.5081,0.1721,9.67,-1.43
2648,2968,5,18,73,14.85,4.25,2.73,1.11,1.00,1.79,31.73,0.5155,0.4120,0.8352,1.64,0.5791,0.6114,0.1865,14.00,-1.88
2649,2972,5,26,82,2.00,0.45,0.27,0.07,0.05,0.16,5.36,0.3885,0.3902,0.8889,-1.24,0.5612,0.5736,0.1517,8.13,-6.55
2650,2988,5,19,53,6.42,1.66,1.17,0.51,0.15,0.32,16.60,0.4810,0.4086,0.7789,-1.32,0.5612,0.6098,0.1407,10.97,-3.55
2651,3012,5,27,71,1.25,0.45,0.54,0.28,0.03,0.21,3.96,0.4177,0.4250,0.8571,-0.86,0.5253,0.5422,0.1468,12.94,0.54
2652,3029,5,4,34,3.88,2.15,0.71,0.15,0.09,0.38,10.81,0.4000,0.4000,0.8205,0.24,0.5263,0.5884,0.1458,11.67,-3.68
2653,3055,5,10,54,11.15,2.93,2.31,1.43,0.37,1.69,20.83,0.4072,0.2939,0.8264,1.76,0.4754,0.5179,0.2565,14.24,0.50
2654,3066,5,6,53,12.51,2.51,2.36,0.62,0.13,0.79,25.98,0.4607,0.4213,0.8551,4.57,0.6240,0.6445,0.1714,12.82,-2.13
2655,3075,5,7,30,9.63,3.23,2.17,0.50,0.00,1.70,20.40,0.4042,0.3908,0.9104,-6.60,0.4750,0.5362,0.2194,11.58,-3.13
2656,3075,5,30,39,9.00,3.44,2.85,0.67,0.23,1.46,21.21,0.4333,0.3333,0.8406,-3.56,0.4883,0.5312,0.1953,12.70,-0.17
2657,3096,5,4,65,20.17,4.91,3.34,1.02,0.68,2.51,30.29,0.4349,0.3827,0.8924,5.72,0.5326,0.5739,0.2837,17.26,0.98
2658,3103,5,13,62,9.65,2.94,2.19,0.73,0.18,1.02,21.37,0.5313,0.3455,0.7771,-0.21,0.5789,0.6282,0.1820,16.27,-0.79
2659,3104,5,5,30,10.57,5.20,1.17,0.43,0.50,0.90,20.79,0.5546,0.3563,0.7619,-0.33,0.6223,0.6405,0.1809,18.79,-0.68
2660,3104,5,18,52,0.85,0.48,0.10,0.08,0.00,0.17,1.83,0.5455,0.0833,0.6364,-0.35,0.5606,0.5814,0.2084,14.20,-4.67
2661,3125,5,2,45,4.27,2.62,0.73,0.53,0.27,0.44,11.68,0.5074,0.4416,0.7692,0.78,0.6324,0.6511,0.1382,15.21,-1.30
2662,3125,5,3,24,7.17,1.67,0.54,0.83,0.50,0.96,12.84,0.4914,0.3947,0.8000,-2.50,0.6207,0.6545,0.2193,16.32,-3.05
2663,3129,5,19,69,5.46,5.58,1.22,0.29,1.46,0.78,18.79,0.5442,0.0000,0.5588,-0.59,0.5442,0.5562,0.1276,16.71,0.37
2664,3130,5,21,60,12.75,3.07,3.37,1.15,0.30,1.33,24.14,0.4846,0.3429,0.8671,8.33,0.5358,0.5835,0.2207,16.85,2.45
2665,3131,5,16,81,8.07,2.31,5.59,0.84,0.14,1.33,24.70,0.4897,0.3947,0.6462,2.49,0.5741,0.5823,0.1370,13.44,4.30
2666,3132,5,6,71,27.49,4.45,5.61,1.46,0.28,2.79,32.99,0.4833,0.3636,0.8651,5.21,0.5631,0.6130,0.3237,24.03,6.52
2667,3144,5,6,66,17.88,8.88,3.55,0.73,1.71,1.85,31.43,0.5460,0.2967,0.6061,3.39,0.5821,0.5962,0.2278,23.26,5.21
2668,3147,5,28,65,0.94,1.05,0.38,0.17,0.12,0.22,3.83,0.5909,0.0000,0.6429,-0.82,0.5909,0.6081,0.1113,15.20,0.10
2669,3159,5,26,71,10.87,1.65,2.61,0.52,0.34,1.28,19.21,0.4383,0.3949,0.8785,-3.59,0.5364,0.5684,0.2415,14.36,0.37
2670,3166,5,10,70,10.40,2.86,1.40,0.83,0.49,0.81,22.00,0.4399,0.4005,0.7699,1.14,0.5754,0.5999,0.1834,13.40,-2.31
2671,3182,5,9,14,0.71,0.43,0.29,0.14,0.14,0.07,4.25,0.5714,0.0000,1.0000,3.00,0.5714,0.6345,0.0621,9.58,-4.73
2672,3184,5,15,20,18.25,3.00,7.40,0.95,0.30,3.45,27.01,0.4045,0.2099,0.9074,-3.80,0.4320,0.5119,0.3260,18.78,8.27
2673,3198,5,12,7,2.57,1.00,1.29,0.14,0.14,0.29,9.23,0.3500,0.2500,0.5000,-4.14,0.4000,0.4136,0.1508,8.89,-0.59
2674,3245,5,19,67,21.19,5.63,3.73,1.48,0.36,1.79,34.93,0.4705,0.3788,0.8862,-2.52,0.5724,0.6130,0.2308,19.25,2.08
2675,3246,5,19,16,14.63,4.69,5.56,1.44,0.19,2.94,24.33,0.4835,0.3065,0.8667,1.25,0.5357,0.5798,0.2667,21.31,7.37
2676,3248,5,8,77,24.74,4.29,6.95,0.86,0.38,2.22,34.44,0.4831,0.4352,0.8872,5.62,0.5732,0.6219,0.2808,23.27,7.67
2677,3249,5,26,38,8.45,3.47,1.00,0.63,0.95,0.71,20.87,0.4200,0.2768,0.7755,-4.32,0.4717,0.4991,0.1874,12.82,-2.35
2678,3251,5,25,79,4.19,2.61,1.03,0.65,0.28,0.59,16.88,0.4674,0.2787,0.6842,0.57,0.5290,0.5497,0.1070,9.98,-4.70
2679,3254,5,28,59,8.20,4.83,1.80,0.88,0.90,1.00,21.11,0.5789,0.3400,0.6574,0.80,0.6038,0.6213,0.1550,16.52,0.51
2680,3264,5,29,82,5.72,1.51,1.13,0.32,0.04,0.51,14.09,0.4779,0.4083,0.8929,-0.94,0.6133,0.6265,0.1487,12.18,-3.71
2681,3276,5,17,60,4.23,2.08,0.80,0.23,0.23,0.43,12.28,0.5155,0.4202,0.3636,-1.30,0.6443,0.6387,0.1353,12.28,-3.74
2682,3277,5,6,61,2.15,1.52,0.56,0.34,0.10,0.33,7.35,0.4194,0.3333,0.4615,-0.28,0.5040,0.5049,0.1421,10.08,-2.66
2683,3305,5,12,65,14.86,2.46,6.72,0.78,0.12,2.11,27.47,0.4422,0.3615,0.8248,-6.05,0.5133,0.5643,0.2388,17.29,6.61
2684,3307,5,7,66,6.02,2.02,4.79,0.38,0.03,1.29,17.74,0.4154,0.3556,0.8065,-0.36,0.4769,0.4918,0.1756,13.50,6.22
2685,3310,5,12,56,11.09,3.34,1.54,0.46,0.41,1.13,23.84,0.4141,0.3791,0.8288,-3.59,0.5166,0.5536,0.1983,11.24,-3.85
2686,3320,5,1,67,3.39,1.43,0.39,0.24,0.22,0.34,7.46,0.5385,0.3867,0.5517,-0.66,0.6243,0.6244,0.1720,13.96,-2.80
2687,3332,5,13,55,3.20,2.13,0.22,0.09,0.55,0.42,7.70,0.6400,0.2000,0.7581,0.69,0.6450,0.6914,0.1589,16.50,-2.89
2688,3340,5,8,80,2.38,1.70,0.36,0.21,0.30,0.34,7.82,0.4702,0.2593,0.7727,-1.36,0.5166,0.5576,0.1378,11.44,-4.01
2689,3372,5,29,49,9.12,8.67,4.00,1.06,0.45,2.06,22.10,0.5028,0.3521,0.5487,-3.82,0.5377,0.5482,0.1932,21.88,7.79
2690,3394,5,24,79,9.68,4.71,2.63,1.06,0.41,1.30,28.01,0.4208,0.4077,0.7105,-1.43,0.5904,0.5961,0.1440,12.34,-1.76
2691,3405,5,19,6,4.17,3.83,0.67,0.00,0.00,0.33,13.63,0.6471,0.0000,0.5000,0.17,0.6471,0.6365,0.1055,11.76,-4.45
2692,3414,5,15,6,10.00,3.50,1.00,0.67,0.50,0.50,36.20,0.3571,0.2903,0.1250,-22.83,0.4214,0.4081,0.1452,3.54,-7.88
2693,3417,5,11,82,4.30,2.44,0.84,0.77,0.20,0.50,16.51,0.4252,0.3851,0.5942,0.84,0.5306,0.5441,0.1145,9.21,-4.99
2694,3418,5,1,78,14.40,7.21,2.96,1.05,1.01,1.63,29.45,0.4802,0.3760,0.7574,1.40,0.5640,0.5918,0.1966,18.08,2.20
2695,3419,5,5,71,8.23,2.44,1.41,0.65,0.41,0.65,23.88,0.4597,0.3303,0.7946,-4.72,0.5392,0.5745,0.1373,9.21,-5.07
2696,3425,5,5,50,1.78,2.24,0.84,0.24,0.16,0.32,6.89,0.4675,0.1053,0.3750,0.50,0.4805,0.4704,0.1348,14.21,2.45
2697,3439,5,27,74,1.80,1.03,0.66,0.20,0.04,0.32,4.87,0.4896,0.2553,0.7105,-0.51,0.5521,0.5900,0.1613,14.82,0.88
2698,3458,5,23,50,14.10,5.04,1.60,1.36,0.48,1.38,31.48,0.4669,0.3598,0.7655,-1.32,0.5460,0.5800,0.1840,13.38,-3.25
2699,3526,5,13,21,2.24,1.33,2.52,0.52,0.00,0.76,10.84,0.3214,0.3333,0.5000,-4.00,0.4107,0.4132,0.1411,9.07,3.28
2700,3536,5,23,24,6.79,1.83,2.42,1.00,0.29,0.46,15.60,0.3758,0.3299,0.8636,-2.67,0.4832,0.5136,0.1911,14.39,4.72
2701,3542,5,10,81,6.75,3.27,1.52,0.83,0.26,0.77,14.10,0.5831,0.2913,0.6500,-1.35,0.6277,0.6322,0.1851,19.08,2.62
2702,3545,5,19,78,3.36,1.50,0.78,0.55,0.12,0.26,11.71,0.3855,0.2593,0.7586,-1.33,0.4364,0.4552,0.1414,7.49,-3.80
2703,3555,5,22,77,2.77,2.34,0.88,0.38,0.22,0.52,9.51,0.4041,0.3256,0.6591,-0.51,0.4767,0.5015,0.1464,12.79,-0.85
2704,3572,5,12,50,3.42,1.18,0.80,0.52,0.08,0.54,9.85,0.3797,0.3280,0.6250,-2.00,0.5095,0.5181,0.1661,9.15,-3.83
2705,3577,5,4,7,0.71,1.29,0.29,0.43,0.14,0.00,9.19,0.1250,0.0000,0.5000,-1.43,0.1250,0.1481,0.1117,1.33,-6.52
2706,3596,5,5,51,1.94,0.86,0.14,0.33,0.12,0.14,6.54,0.4205,0.3265,0.8182,-0.25,0.5114,0.5332,0.1270,8.15,-6.14
2707,3596,5,18,26,1.58,0.19,0.12,0.19,0.04,0.15,3.59,0.4242,0.2500,0.7500,-0.35,0.4848,0.5355,0.1937,7.42,-7.03
2708,3599,5,8,80,3.25,1.43,1.44,0.16,0.06,0.43,10.08,0.4224,0.3858,0.7895,0.04,0.5280,0.5409,0.1488,12.27,-0.13
2709,3613,5,15,19,6.00,1.16,2.47,1.00,0.21,1.42,11.15,0.4479,0.3125,0.7826,-2.63,0.5000,0.5371,0.2651,14.69,4.93
2710,3618,5,26,40,8.60,2.43,1.03,0.58,0.18,0.65,21.11,0.4301,0.3333,0.8571,-5.13,0.5412,0.5723,0.1634,9.76,-5.27
2711,3620,5,4,29,0.90,1.38,0.55,0.21,0.00,0.31,4.29,0.7500,,0.6667,0.28,0.7500,0.7523,0.0891,17.32,0.83
2712,3624,5,10,82,13.82,5.11,3.71,1.07,0.18,1.60,28.45,0.4550,0.3714,0.7967,0.18,0.5433,0.5828,0.2020,17.23,2.00
2713,3625,5,28,48,10.27,6.73,1.94,0.83,0.67,1.19,23.95,0.7000,,0.6020,1.00,0.7000,0.6981,0.1545,19.51,0.82
2714,3637,5,19,63,8.32,1.22,1.89,0.35,0.24,1.10,14.81,0.3716,0.3333,0.8596,-2.29,0.4797,0.5302,0.2525,11.25,-1.17
2715,3647,5,6,72,4.01,3.06,2.85,0.79,0.53,0.82,15.94,0.4496,0.3548,0.6000,1.43,0.5136,0.5243,0.1230,15.51,4.61
2716,3648,5,17,40,16.53,4.95,7.00,2.08,0.48,2.75,31.52,0.4650,0.3217,0.8782,-2.68,0.5097,0.5672,0.2454,20.20,7.89
2717,3649,5,3,54,23.31,6.80,2.93,1.02,0.24,2.26,31.27,0.4635,0.3629,0.8590,-3.80,0.5553,0.5951,0.3073,21.56,2.30
2718,3651,5,17,71,12.89,6.03,1.48,0.58,0.17,0.93,22.81,0.4880,0.4561,0.7059,-3.75,0.5780,0.5866,0.2324,19.30,0.78
2719,3653,5,1,31,9.39,2.81,1.48,0.29,0.71,0.52,13.33,0.4571,0.3605,0.8395,1.58,0.5310,0.5923,0.2663,21.52,5.72
2720,3653,5,10,26,9.31,3.08,1.35,0.35,0.62,0.96,13.68,0.4326,0.3108,0.8442,-0.15,0.4972,0.5711,0.2863,20.05,2.99
2721,3655,5,10,76,6.75,3.54,1.24,0.34,0.46,0.74,15.26,0.4396,0.3357,0.7907,0.79,0.5456,0.5601,0.1889,14.63,-0.37
2722,3658,5,12,52,8.81,4.48,1.33,0.42,0.29,0.90,17.47,0.5154,0.4226,0.8416,-2.31,0.6365,0.6786,0.1821,19.16,0.08
2723,3659,5,7,13,8.85,2.31,0.85,0.54,0.31,0.31,19.48,0.4286,0.4026,0.8571,-1.15,0.5989,0.6112,0.1608,10.93,-3.88
2724,3661,5,3,69,5.91,1.61,1.32,0.52,0.20,0.87,19.13,0.4022,0.2802,0.8961,-6.48,0.4735,0.5206,0.1514,7.46,-6.36
2725,3662,5,7,80,2.56,3.14,0.84,0.43,0.26,0.49,11.08,0.6400,0.2857,0.6881,-0.14,0.6500,0.6928,0.0886,13.62,-1.75
2726,3666,5,16,77,16.38,2.62,1.86,0.83,0.18,1.44,22.30,0.4704,0.3805,0.8270,0.49,0.5575,0.6092,0.2733,18.51,-0.23
2727,3684,5,17,26,9.19,3.12,1.77,0.62,0.23,1.19,23.52,0.4503,0.4357,1.0000,-1.96,0.6099,0.6171,0.1619,11.19,-4.29
2728,3688,5,2,80,16.81,3.90,5.10,0.73,0.13,1.36,31.94,0.4638,0.3772,0.8897,5.33,0.5610,0.5844,0.2158,17.25,3.32
2729,3689,5,6,72,3.78,0.89,1.03,0.35,0.00,0.56,7.57,0.4133,0.3511,0.8889,-0.10,0.5156,0.5556,0.2205,12.41,-0.30
2730,3691,5,15,66,8.03,2.83,0.77,0.61,0.20,0.71,14.90,0.5486,0.4054,0.7544,-3.17,0.6343,0.6622,0.1897,17.75,-1.82
2731,3703,5,19,81,11.70,7.06,3.68,1.04,0.91,2.35,24.98,0.4733,0.2614,0.7949,-3.75,0.4886,0.5460,0.2194,19.10,4.06
2732,3705,5,2,79,9.82,8.05,1.59,0.76,1.27,0.95,24.39,0.6533,0.1250,0.7029,6.08,0.6543,0.6736,0.1479,21.08,2.16
2733,3707,5,28,72,15.97,3.92,5.76,1.28,0.07,1.42,30.99,0.4431,0.3739,0.8213,1.63,0.5414,0.5773,0.2126,17.74,5.52
2734,3735,5,18,79,21.10,6.73,5.04,1.09,0.23,2.75,33.04,0.4805,0.3150,0.8024,2.94,0.5257,0.5848,0.2668,20.44,3.91
2735,3756,5,26,82,11.24,6.78,1.22,0.46,0.48,1.15,23.95,0.5708,0.3243,0.7857,-5.62,0.5887,0.6189,0.1825,18.56,-1.27
2736,3758,5,25,48,1.96,0.79,0.21,0.10,0.17,0.15,5.38,0.4459,0.4182,0.8333,-0.81,0.6014,0.6133,0.1321,10.21,-5.05
2737,3759,5,14,52,22.83,4.62,5.38,1.08,0.38,2.90,33.87,0.4895,0.3598,0.8706,3.50,0.5669,0.6415,0.2702,21.17,3.38
2738,3772,5,9,80,6.30,3.68,1.00,0.71,0.75,0.73,11.26,0.6165,0.3250,0.6636,1.73,0.6357,0.6505,0.2073,24.97,5.92
2739,3777,5,30,13,11.85,10.54,1.85,1.38,0.62,2.46,30.89,0.5294,,0.6364,-8.62,0.5294,0.5565,0.1765,17.03,-1.30
2740,3778,5,4,15,1.80,0.53,0.20,0.07,0.00,0.07,4.51,0.5000,0.5385,,1.93,0.6750,0.6750,0.1369,12.38,-5.10
2741,3787,5,18,78,13.41,6.12,2.18,0.97,1.00,1.62,25.74,0.4558,0.3616,0.7317,2.17,0.5488,0.5653,0.2224,17.33,1.24
2742,3808,5,10,82,5.38,2.10,1.13,0.98,0.11,0.65,16.79,0.4682,0.3349,0.8519,-1.18,0.5708,0.5963,0.1312,10.31,-3.98
2743,3809,5,5,24,7.79,6.33,0.33,0.25,0.75,1.42,18.64,0.5231,0.2778,0.6301,-3.17,0.5423,0.5767,0.1805,16.05,-4.18
2744,3809,5,24,51,1.75,1.78,0.16,0.08,0.27,0.49,4.97,0.4930,,0.6786,-1.18,0.4930,0.5341,0.1812,13.49,-4.65
2745,3811,5,22,78,2.81,0.74,0.68,0.24,0.03,0.31,7.16,0.4602,0.3425,0.7273,-0.28,0.5313,0.5605,0.1667,10.72,-3.10
2746,3820,5,30,3,8.33,3.33,2.67,2.67,0.33,0.67,22.27,0.6250,0.5000,1.0000,1.67,0.6875,0.7217,0.1147,21.08,5.03
2747,3835,5,30,80,9.55,2.65,1.83,0.68,0.11,1.18,20.41,0.4385,0.3158,0.8000,-6.05,0.5016,0.5479,0.2031,13.09,-2.51
2748,3839,5,1,77,8.32,3.34,0.99,0.77,0.47,0.75,19.52,0.4552,0.3682,0.6444,-0.21,0.5438,0.5568,0.1769,12.45,-2.93
2749,3871,5,9,77,11.96,2.58,2.05,0.57,0.29,0.70,27.00,0.4541,0.4094,0.7477,6.71,0.6121,0.6273,0.1590,11.87,-3.16
2750,3881,5,20,59,5.68,8.75,0.88,0.95,1.12,0.69,19.61,0.7206,,0.4059,2.59,0.7206,0.6742,0.1084,22.42,3.28
2751,3890,5,7,5,4.40,3.00,0.60,0.40,0.00,0.40,12.22,0.4706,0.2500,1.0000,-2.20,0.5294,0.5864,0.1393,15.37,-2.59
2752,3890,5,12,19,4.16,4.63,0.63,0.37,0.05,0.53,15.78,0.3494,0.2424,0.9286,-3.95,0.3976,0.4430,0.1402,11.14,-3.84
2753,3898,5,8,11,3.64,1.82,0.36,0.36,0.09,0.18,6.64,0.5000,0.2727,1.0000,0.45,0.5500,0.6046,0.2047,20.67,2.24
2754,3913,5,17,75,17.08,4.51,5.52,1.47,0.41,2.68,31.68,0.4718,0.4062,0.7962,-2.33,0.5612,0.5828,0.2432,17.25,3.54
2755,3958,5,15,16,12.19,6.38,2.13,1.63,0.44,1.69,30.95,0.4217,0.3385,0.8250,-12.00,0.4880,0.5310,0.1748,11.78,-2.31
2756,3958,5,25,56,2.45,1.54,0.61,0.52,0.04,0.50,10.31,0.3605,0.3099,0.6429,-2.27,0.4354,0.4472,0.1274,6.03,-6.20
2757,3966,5,7,41,5.68,1.32,2.46,0.29,0.05,1.10,11.34,0.3907,0.2626,0.7091,-0.98,0.4512,0.4870,0.2579,13.84,3.61
2758,3970,5,17,13,12.08,2.15,1.46,0.85,0.23,1.31,20.82,0.5196,0.4576,0.9231,-1.38,0.6520,0.6920,0.2143,15.38,-3.21
2759,3973,5,26,22,13.68,9.82,3.55,0.82,0.18,2.32,25.62,0.5430,0.1852,0.7273,-8.05,0.5543,0.5905,0.2297,23.19,5.10
2760,3977,5,4,45,4.93,3.31,0.60,0.36,0.16,0.58,12.78,0.5031,0.4337,0.6500,-0.09,0.6164,0.6285,0.1497,14.91,-2.97
2761,3994,5,13,76,6.51,2.01,1.43,0.64,0.13,1.07,17.78,0.4661,0.4082,0.8261,0.42,0.5703,0.5973,0.1639,9.40,-5.13
2762,3999,5,21,11,3.18,0.91,0.00,0.09,0.00,0.09,5.75,0.5000,0.4118,0.5000,-1.73,0.6346,0.6304,0.1966,12.25,-6.04
2763,4003,5,10,81,7.72,3.28,1.96,0.75,0.27,1.26,17.23,0.5000,0.3514,0.7250,0.43,0.5848,0.6094,0.1882,15.48,-0.10
2764,4005,5,3,48,6.92,1.92,3.02,0.79,0.17,2.06,19.09,0.3960,0.2111,0.8295,-4.94,0.4274,0.4858,0.2092,8.98,-2.59
2765,4007,5,30,57,13.74,6.23,2.28,0.68,1.67,1.44,22.88,0.4817,0.3333,0.6918,-6.16,0.5198,0.5436,0.2580,21.98,5.22
2766,4011,5,9,56,3.52,0.70,1.34,0.36,0.07,0.55,8.15,0.3898,0.4151,0.8333,2.07,0.5141,0.5327,0.1996,11.29,0.85
2767,4036,5,2,82,5.21,3.28,1.41,0.51,0.07,0.56,17.43,0.4535,0.3992,0.9032,2.43,0.5991,0.6159,0.1202,12.26,-2.65
2768,4049,5,6,31,7.94,2.19,4.19,0.74,0.16,1.45,20.66,0.4010,0.2903,0.8611,0.68,0.4444,0.5153,0.1922,13.38,3.08
2769,4049,5,26,43,11.86,2.84,4.91,0.74,0.14,1.84,24.55,0.4076,0.3434,0.8195,-5.95,0.4751,0.5307,0.2291,15.10,3.73
2770,4064,5,3,6,8.00,5.17,1.67,1.33,0.83,0.67,30.37,0.3800,0.3158,0.6667,-10.83,0.4400,0.4559,0.1407,9.96,-3.02
2771,4087,5,11,73,20.08,8.77,6.10,1.16,1.05,3.11,32.84,0.5191,0.3053,0.6915,2.81,0.5370,0.5689,0.2685,23.17,7.66
2772,4088,5,29,78,14.31,2.96,1.83,0.69,0.15,1.59,22.59,0.4597,0.3665,0.8259,-4.86,0.5543,0.5902,0.2503,15.42,-2.07
2773,4093,5,4,43,13.86,1.86,3.65,0.84,0.16,2.07,21.80,0.4879,0.3931,0.8766,-0.79,0.5568,0.6186,0.2596,17.58,1.73
2774,4093,5,5,28,16.21,2.68,2.36,1.43,0.11,1.86,24.13,0.4817,0.4104,0.8218,-3.00,0.5655,0.6095,0.2581,16.83,-0.33
2775,4100,5,20,51,9.31,1.80,1.41,0.61,0.18,0.59,22.97,0.4368,0.3916,0.7105,3.75,0.5783,0.5976,0.1577,10.23,-4.77
2776,4104,5,18,49,4.92,1.00,0.78,0.29,0.02,0.49,10.97,0.4503,0.4079,0.8000,-1.67,0.5409,0.5971,0.1799,10.53,-4.95
2777,4107,5,3,63,8.57,6.56,2.30,1.06,0.41,1.68,18.41,0.6011,0.2308,0.6776,-1.81,0.6138,0.6385,0.1990,22.38,4.33
2778,4108,5,25,75,13.89,2.89,1.76,0.93,0.08,1.96,19.61,0.4516,0.3366,0.7868,-0.67,0.5109,0.5457,0.3058,16.58,-1.19
2779,4116,5,28,82,6.65,1.74,5.41,0.93,0.18,1.37,22.59,0.3671,0.3206,0.7845,2.82,0.4504,0.4910,0.1557,11.20,4.48
2780,4121,5,12,70,6.56,2.79,1.63,0.56,0.09,0.59,19.87,0.4341,0.3621,0.7647,-3.83,0.5426,0.5605,0.1380,10.46,-3.28
2781,4123,5,11,82,13.54,2.90,3.38,1.49,0.66,1.50,26.19,0.4302,0.3941,0.8023,3.41,0.5502,0.5641,0.2186,15.08,2.06
2782,4137,5,12,70,21.21,5.87,3.37,0.99,0.36,1.97,29.38,0.4840,0.3584,0.6931,-3.29,0.5294,0.5619,0.3028,21.10,3.57
2783,4162,5,2,50,13.88,2.36,2.32,0.54,0.12,1.10,24.03,0.4401,0.3951,0.8889,3.28,0.5546,0.5786,0.2370,14.02,-1.30
2784,4162,5,5,14,6.50,1.21,1.29,0.00,0.14,0.93,12.16,0.4375,0.3200,1.0000,-4.71,0.5375,0.5535,0.2268,11.43,-3.75
2785,4165,5,4,14,6.00,2.07,2.50,1.07,0.00,1.71,15.93,0.3483,0.3077,0.6250,-2.29,0.4157,0.4373,0.2289,9.68,-0.77
2786,4174,5,17,81,4.12,4.57,1.28,0.23,0.21,0.93,16.27,0.7838,,0.6197,-3.36,0.7838,0.7723,0.0983,14.53,-3.31
2787,4195,5,12,13,7.31,4.38,2.77,1.54,1.08,1.31,23.87,0.4416,0.3750,0.7059,-2.00,0.5390,0.5623,0.1400,14.35,1.50
2788,4202,5,15,45,8.80,2.84,3.36,0.76,0.20,1.24,18.44,0.4653,0.4225,0.8293,-2.40,0.5694,0.6110,0.1903,17.65,4.32
2789,4205,5,14,66,8.77,2.61,2.80,1.32,0.35,1.39,26.81,0.3950,0.3311,0.8217,3.88,0.4968,0.5434,0.1552,9.36,-2.91
2790,4226,5,16,79,5.00,2.19,2.28,1.27,0.27,0.70,14.45,0.4154,0.2946,0.8286,-1.05,0.4738,0.5321,0.1525,14.90,4.38
2791,4235,5,5,56,9.66,6.34,1.16,0.43,0.75,0.95,19.56,0.4827,0.3727,0.7419,1.54,0.5842,0.6080,0.1915,19.70,1.28
2792,4246,5,3,16,7.75,3.19,3.06,0.75,0.25,0.88,22.43,0.4848,0.4348,1.0000,-5.63,0.5859,0.6048,0.1436,15.14,1.05
2793,4263,5,9,42,1.33,1.17,0.31,0.05,0.14,0.17,3.27,0.5000,,0.6667,0.00,0.5000,0.5691,0.1716,17.96,2.58
2794,4265,5,7,13,4.31,2.54,0.38,0.46,0.00,0.46,12.74,0.4200,0.2857,0.6667,-1.69,0.5200,0.5319,0.1462,10.35,-5.55
2795,4269,5,11,80,15.19,6.61,1.79,0.70,0.89,1.31,33.82,0.4492,0.3627,0.7751,3.31,0.5400,0.5694,0.1843,14.37,-2.43
2796,4270,5,14,37,5.00,0.62,0.84,0.24,0.05,0.57,10.14,0.4348,0.3953,0.7333,-0.08,0.5404,0.5519,0.2193,9.68,-4.75
2797,4282,5,20,26,1.69,1.31,0.46,0.27,0.08,0.12,4.26,0.5667,0.2000,0.8000,1.31,0.6000,0.6395,0.1502,21.22,5.30
2798,4282,5,27,41,2.78,1.78,0.68,0.24,0.12,0.44,8.73,0.4747,0.2571,0.6875,-2.24,0.5202,0.5375,0.1465,10.10,-3.56
2799,4302,5,15,79,9.89,2.23,4.89,0.66,0.14,1.15,21.13,0.4733,0.4528,0.9389,-1.20,0.6059,0.6501,0.1730,18.53,6.78
2800,4305,5,10,80,5.95,1.98,2.90,0.60,0.06,1.06,15.37,0.4266,0.3571,0.7719,-1.19,0.4954,0.5162,0.1899,13.73,2.77
2801,4344,5,9,64,8.92,4.47,1.02,0.25,1.42,1.05,20.19,0.5494,0.3390,0.7638,0.81,0.6000,0.6332,0.1674,15.77,-1.93
2802,4372,5,8,70,5.90,1.63,0.87,0.36,0.09,0.51,12.29,0.4671,0.3867,0.8143,0.29,0.5580,0.5903,0.1961,13.03,-3.00
2803,4382,5,6,12,11.17,5.42,2.00,0.25,0.00,0.75,24.02,0.4434,0.4024,0.7778,-0.25,0.5991,0.6093,0.1771,14.32,-0.91
2804,4386,5,22,56,13.57,3.89,5.45,1.88,0.71,2.68,27.57,0.4297,0.3409,0.8649,3.09,0.5245,0.5573,0.2274,16.67,5.17
2805,4422,5,11,67,1.93,1.09,0.37,0.15,0.04,0.24,6.04,0.5138,0.3125,0.6364,-0.55,0.5596,0.5666,0.1356,10.05,-4.81
2806,4424,5,2,16,21.75,10.00,5.31,1.38,0.19,2.44,32.61,0.4111,0.3287,0.8228,7.38,0.4930,0.5408,0.3070,24.28,8.56
2807,4449,5,28,82,0.21,0.11,0.11,0.05,0.02,0.09,0.89,0.2667,0.2500,0.6667,-0.01,0.3667,0.4483,0.1535,7.19,-3.93
2808,4456,5,5,46,2.57,1.39,0.93,0.48,0.24,0.46,8.20,0.4412,0.4130,0.5294,-0.76,0.5343,0.5389,0.1470,12.75,0.13
2809,4456,5,23,19,3.05,1.16,1.21,0.37,0.21,0.26,9.14,0.4340,0.2500,0.5385,-0.53,0.4811,0.4939,0.1526,11.65,1.19
2810,4467,5,14,41,1.15,0.68,0.24,0.17,0.05,0.22,3.63,0.5161,0.3333,0.6364,-0.80,0.5323,0.5777,0.1465,10.69,-4.41
2811,4473,5,3,27,13.89,1.59,2.74,0.15,0.07,1.78,21.56,0.3994,0.3248,0.8426,-4.93,0.4610,0.5274,0.3037,13.05,-1.79
2812,4473,5,17,20,9.60,1.40,1.70,0.25,0.10,1.30,14.95,0.4314,0.2745,0.7541,-4.00,0.4771,0.5338,0.3081,14.51,-1.87
2813,4495,5,11,81,17.81,7.58,5.19,1.47,0.59,2.35,36.46,0.5335,0.2155,0.7795,4.54,0.5455,0.5935,0.2017,19.92,3.53
2814,4496,5,9,72,9.81,5.71,3.15,2.00,0.96,1.50,25.94,0.5257,0.2273,0.5784,5.40,0.5301,0.5461,0.1696,17.05,3.50
2815,4503,5,12,39,5.72,1.77,1.46,0.51,0.23,0.64,16.74,0.3776,0.3276,0.7872,0.03,0.4745,0.5146,0.1593,8.09,-3.81
2816,4509,5,7,70,11.41,2.00,1.36,0.47,0.31,0.90,21.10,0.3922,0.3827,0.7660,-1.60,0.5306,0.5401,0.2287,11.67,-3.29
2817,4526,5,25,74,2.35,0.80,0.36,0.81,0.22,0.38,6.48,0.4328,0.3978,0.8400,1.19,0.5709,0.6000,0.1481,13.09,-1.37
2818,4531,5,2,51,0.61,0.49,0.10,0.12,0.04,0.10,2.19,0.4516,0.2000,,-0.63,0.5000,0.5000,0.1404,11.43,-3.73
2819,4531,5,4,29,0.45,0.62,0.28,0.10,0.10,0.10,2.50,0.4000,0.0000,0.2500,0.31,0.4000,0.3878,0.1176,11.88,0.73
2820,4532,5,14,38,2.42,0.87,0.61,0.16,0.00,0.34,6.19,0.5758,0.4400,0.5556,-0.61,0.6591,0.6575,0.1561,13.01,-3.30
2821,4544,5,6,77,4.86,2.42,0.69,0.53,0.44,0.38,13.03,0.4777,0.2348,0.7705,0.78,0.5207,0.5486,0.1561,12.16,-2.26
2822,4552,5,21,16,3.25,1.19,2.75,0.31,0.00,1.56,10.01,0.4314,0.4000,0.4000,-2.63,0.4902,0.4887,0.2127,10.82,1.75
2823,4554,5,12,29,9.62,3.66,1.90,0.41,0.03,0.97,14.62,0.5025,0.3524,0.9130,-1.14,0.5955,0.6363,0.2516,23.43,4.47
2824,4566,5,20,76,19.41,11.59,2.95,0.84,0.51,2.46,30.07,0.4976,0.3663,0.8571,4.82,0.5519,0.6148,0.2617,25.03,4.56
2825,4569,5,3,62,8.05,1.60,3.44,0.73,0.37,2.08,20.05,0.3800,0.3177,0.7872,-4.52,0.4436,0.4795,0.2296,8.77,-1.33
2826,4572,5,6,19,1.47,1.26,0.47,0.37,0.21,0.16,5.42,0.2500,0.0625,1.0000,-1.68,0.2639,0.3504,0.1720,11.72,1.96
2827,4575,5,17,74,7.15,0.91,1.07,0.46,0.04,0.55,18.61,0.3869,0.3596,0.7692,-4.70,0.5169,0.5334,0.1735,7.08,-6.53
2828,4584,5,29,46,4.59,3.89,0.70,0.35,0.11,0.46,9.75,0.6345,,0.5510,-1.72,0.6345,0.6334,0.1731,23.96,3.31
2829,4606,5,17,75,11.28,5.04,1.37,0.67,1.53,1.11,25.49,0.4396,0.3828,0.7401,-3.03,0.5534,0.5844,0.1878,14.77,-1.26
2830,4615,5,8,52,0.88,0.69,0.33,0.04,0.02,0.10,3.11,0.2692,0.2121,0.8462,-0.46,0.3365,0.3985,0.1715,9.35,-1.02
2831,4616,5,6,66,13.21,5.12,2.23,0.82,0.42,1.50,26.93,0.4925,0.4463,0.7383,1.67,0.5918,0.6080,0.1938,15.54,-1.19
2832,4630,5,8,70,8.10,4.70,1.11,0.20,0.53,1.04,12.44,0.5821,0.3077,0.7721,-0.63,0.5923,0.6302,0.2596,24.73,3.88
2833,4645,5,14,82,3.51,3.56,1.02,0.67,0.23,0.68,13.75,0.4708,0.2929,0.5893,0.07,0.5313,0.5441,0.1251,13.11,-1.81
2834,4654,5,27,67,13.57,3.94,2.43,0.84,0.36,0.88,30.03,0.4367,0.3830,0.8115,7.19,0.5458,0.5712,0.1803,13.76,-1.48
2835,4669,5,1,28,3.32,0.96,1.39,0.46,0.07,0.54,11.44,0.3605,0.3000,0.8333,1.29,0.4826,0.5094,0.1384,8.08,-2.74
2836,4669,5,14,33,4.18,0.82,1.12,0.42,0.03,0.36,16.93,0.3462,0.3689,0.9091,0.09,0.4923,0.5117,0.1149,4.00,-7.40
2837,4686,5,30,66,6.68,2.23,0.83,0.35,0.50,0.94,10.17,0.4795,0.3472,0.7838,-3.42,0.5584,0.6027,0.2688,18.96,0.54
2838,4687,5,2,17,9.12,6.24,1.88,0.41,0.59,0.94,19.89,0.4388,0.3396,0.7895,4.59,0.5036,0.5259,0.2138,18.27,2.79
2839,4687,5,5,48,16.88,8.98,3.77,0.67,0.65,1.44,30.84,0.5045,0.3761,0.8378,-2.50,0.5667,0.5848,0.2183,22.35,5.19
2840,4688,5,6,61,5.61,4.05,1.44,0.72,0.38,0.26,21.60,0.4388,0.3622,0.7105,2.48,0.5665,0.5802,0.0998,12.14,-2.15
2841,4695,5,22,32,20.84,5.13,3.38,1.00,0.34,1.69,30.19,0.4874,0.3383,0.8211,2.97,0.5345,0.5938,0.2656,20.90,2.93
2842,4697,5,22,41,5.85,2.71,0.66,0.37,0.05,0.44,10.04,0.4219,0.3088,0.8143,-2.10,0.4766,0.5386,0.2503,16.56,0.78
2843,4711,5,23,75,3.68,2.56,0.45,0.31,0.17,0.36,10.15,0.4554,0.3368,0.7353,0.05,0.5305,0.5681,0.1503,12.51,-3.03
2844,4712,5,12,80,11.05,4.89,2.40,0.79,0.33,1.74,24.42,0.4188,0.3736,0.7486,-5.74,0.5095,0.5433,0.2081,14.53,-1.05
2845,4723,5,21,78,8.37,3.01,2.55,1.90,0.36,0.92,25.89,0.4315,0.3534,0.8088,6.82,0.5182,0.5380,0.1464,11.74,-0.68
2846,4726,5,1,80,2.33,0.70,1.18,0.30,0.06,0.35,6.70,0.3977,0.3725,0.6667,-1.26,0.5088,0.5198,0.1619,11.47,2.04
2847,4733,5,2,81,4.49,3.36,0.67,0.60,0.38,0.43,14.96,0.5094,0.3840,0.7719,1.17,0.5993,0.6231,0.1181,12.76,-3.06
2848,4735,5,28,74,7.31,2.50,1.16,0.99,0.19,0.50,19.91,0.4455,0.4089,0.7889,0.01,0.5817,0.6098,0.1412,10.64,-3.60
2849,4751,5,16,79,10.77,8.78,0.71,0.75,1.06,0.78,21.57,0.5300,0.3948,0.7396,-0.84,0.6009,0.6156,0.1814,24.54,3.48
2850,4770,5,7,63,12.49,6.17,1.48,0.87,0.90,1.46,26.98,0.4543,0.3333,0.6868,-4.33,0.5132,0.5427,0.2022,15.68,-1.45
2851,4775,5,13,31,0.68,0.19,0.55,0.19,0.10,0.10,2.85,0.4737,0.3750,,-1.26,0.5526,0.5526,0.1116,12.50,4.20
2852,4778,5,27,67,1.42,0.43,0.28,0.09,0.01,0.10,4.24,0.3750,0.3418,0.6667,-0.07,0.5284,0.5318,0.1443,7.50,-5.23
2853,4779,5,23,62,5.58,2.81,2.13,0.26,0.35,1.03,13.93,0.5149,0.2000,0.7792,-2.52,0.5336,0.5731,0.1804,14.81,1.29
2854,4781,5,30,58,6.34,3.34,1.16,0.93,0.43,0.69,17.79,0.4459,0.2975,0.6951,-2.83,0.5253,0.5541,0.1514,11.83,-2.05
2855,4787,5,8,57,13.84,4.63,1.95,0.88,1.07,1.63,28.03,0.4905,0.4112,0.7302,3.44,0.5602,0.5940,0.2087,15.27,-1.78
2856,4815,5,15,74,11.53,2.92,1.50,0.82,0.12,0.99,24.08,0.4329,0.3510,0.7870,-2.15,0.5248,0.5609,0.1950,11.74,-3.65
2857,4821,5,27,63,25.05,11.54,3.13,1.03,3.10,2.38,29.29,0.5117,0.3467,0.8288,10.49,0.5683,0.6253,0.3257,34.58,12.12
2858,4826,5,25,50,2.96,0.78,1.24,0.32,0.10,0.62,7.22,0.4516,0.2778,0.5532,-1.56,0.4919,0.5115,0.1990,11.87,0.74
2859,4836,5,26,64,15.17,5.44,6.66,1.30,0.19,3.27,28.95,0.4267,0.3377,0.6940,-7.13,0.5030,0.5280,0.2598,17.71,6.23
2860,4846,5,4,23,14.26,2.70,2.78,0.22,0.13,1.74,17.67,0.4609,0.3909,0.8391,4.17,0.5543,0.6113,0.3256,20.78,3.19
2861,4846,5,5,31,17.42,3.48,4.39,0.65,0.06,2.84,27.21,0.4377,0.3462,0.8052,-0.06,0.5293,0.5860,0.2769,16.41,0.90
2862,4848,5,2,79,16.04,4.29,5.24,1.11,1.24,1.70,33.23,0.3944,0.3266,0.9020,7.57,0.4887,0.5289,0.2218,16.26,4.16
2863,4866,5,15,6,16.33,4.00,1.50,0.67,0.00,1.67,30.47,0.3978,0.3167,0.7143,-16.50,0.5000,0.5100,0.2392,10.11,-5.09
2864,4872,5,30,26,7.42,2.23,0.58,0.58,0.31,0.69,13.62,0.4556,0.2857,0.7419,-5.85,0.5030,0.5284,0.2385,14.25,-2.62
2865,4881,5,21,70,8.73,2.83,1.56,0.86,0.40,1.14,20.03,0.4342,0.3609,0.7361,2.71,0.5244,0.5420,0.2000,12.79,-2.42
2866,4882,5,16,76,13.75,4.33,2.39,1.00,0.91,1.36,27.14,0.4750,0.4144,0.7840,0.12,0.5591,0.5856,0.1981,16.18,0.17
2867,4907,5,30,4,11.00,6.25,3.00,0.75,0.75,1.25,25.20,0.6154,0.3571,0.8750,8.75,0.7115,0.7453,0.1458,22.47,3.37
2868,4909,5,2,49,0.61,0.82,0.20,0.06,0.20,0.22,2.98,0.5000,,0.7143,-1.18,0.5000,0.5734,0.1119,11.78,-3.50
2869,4914,5,7,69,12.28,2.77,3.71,0.88,0.29,1.77,20.95,0.4721,0.2318,0.7973,-2.10,0.5008,0.5721,0.2506,18.64,4.03
2870,4920,5,29,78,7.54,2.54,1.76,0.65,0.33,0.94,20.91,0.4676,0.2137,0.7059,-5.04,0.4951,0.5237,0.1607,10.66,-3.45
2871,4931,5,4,50,5.04,2.84,1.12,0.34,0.36,0.62,14.23,0.4262,0.3881,0.8148,4.06,0.5683,0.6094,0.1416,13.60,-1.97
2872,4936,5,21,32,17.06,4.56,5.53,1.09,0.28,1.91,28.23,0.4907,0.2917,0.8374,7.72,0.5151,0.5639,0.2622,20.83,6.96
2873,4940,5,21,68,6.81,5.22,2.32,0.44,0.62,0.99,18.63,0.4236,0.3834,0.7912,4.57,0.5634,0.5981,0.1564,17.09,2.79
2874,4948,5,21,63,5.76,2.97,1.25,0.49,0.08,0.68,13.57,0.4730,0.3876,0.6346,0.71,0.5574,0.5692,0.1845,15.63,-0.28
2875,4955,5,24,62,11.29,7.69,0.94,0.89,0.89,1.05,22.84,0.6438,1.0000,0.7714,-0.68,0.6450,0.6796,0.1748,23.07,1.31
2876,4963,5,10,16,7.00,1.88,0.88,0.31,0.00,0.94,14.95,0.4886,0.4333,0.8667,-4.94,0.5625,0.5920,0.2002,10.39,-6.27
2877,4964,5,5,74,6.82,2.91,1.42,0.66,0.35,1.01,19.92,0.3724,0.3467,0.7200,-4.66,0.4718,0.4941,0.1666,9.62,-4.09
2878,4986,5,3,68,8.43,1.97,0.88,1.12,0.31,0.87,18.84,0.4249,0.3426,0.8500,-4.15,0.5242,0.5793,0.1890,11.27,-4.29
2879,4987,5,25,80,4.96,5.19,0.75,0.44,1.09,0.61,12.60,0.7080,0.3913,0.5965,0.91,0.7260,0.7216,0.1318,26.20,4.86
2880,4989,5,15,40,6.43,3.25,3.60,0.60,0.35,1.48,17.39,0.3534,0.3108,0.7955,0.68,0.4458,0.4788,0.1951,13.45,4.39
2881,4989,5,29,6,4.67,3.17,2.67,0.33,0.33,1.17,13.92,0.3571,0.3333,0.5000,0.33,0.4643,0.4704,0.1768,12.90,3.49
2882,4993,5,15,7,10.43,5.43,2.57,1.57,0.14,1.43,31.96,0.3333,0.2830,1.0000,-17.86,0.4333,0.4648,0.1660,8.24,-3.00
2883,4994,5,19,64,20.34,5.52,3.11,0.94,0.53,1.97,28.77,0.5998,0.2500,0.7161,-1.28,0.6004,0.6435,0.2587,23.67,2.83
2884,5003,5,3,81,4.23,1.41,0.62,0.27,0.02,0.47,10.61,0.3957,0.3553,0.7188,-2.38,0.4928,0.5355,0.1832,8.90,-5.47
2885,5029,5,12,6,2.17,1.33,0.50,0.00,0.17,0.83,9.75,0.6000,,0.5000,-1.50,0.6000,0.5974,0.1154,3.19,-11.68
2886,5035,5,3,62,8.19,4.53,2.05,0.48,0.52,1.18,19.15,0.4045,0.3223,0.7706,-3.73,0.4818,0.5205,0.2072,14.29,0.56
2887,5079,5,5,29,9.00,5.07,1.55,0.69,0.38,0.90,22.12,0.4049,0.3828,0.7667,-6.00,0.5244,0.5640,0.1659,14.89,-0.97
2888,5079,5,20,46,2.43,1.85,0.39,0.13,0.11,0.33,7.86,0.3925,0.2941,0.6667,0.28,0.4860,0.4988,0.1497,10.13,-4.51
2889,5080,5,25,66,1.44,1.00,0.33,0.05,0.15,0.48,4.54,0.3100,0.1190,0.8235,-1.52,0.3350,0.4132,0.2004,5.52,-6.98
2890,5091,5,16,32,0.78,0.13,0.28,0.03,0.00,0.09,1.82,0.4000,0.3333,1.0000,0.03,0.4600,0.4830,0.2049,8.07,-1.04
2891,5101,5,1,18,10.72,0.83,4.94,0.56,0.06,1.44,15.56,0.4148,0.3051,0.8630,-2.06,0.4815,0.5774,0.2850,21.39,11.93
2892,5101,5,30,8,9.50,1.88,3.88,0.38,0.13,1.63,12.95,0.5952,0.4286,0.7083,-3.63,0.7024,0.7230,0.2719,25.87,10.84
2893,5102,5,21,49,1.33,0.57,0.22,0.08,0.06,0.04,3.55,0.3333,0.3137,0.9000,0.12,0.4667,0.5047,0.1664,9.35,-2.45
2894,5103,5,10,11,3.09,2.73,0.73,0.18,0.09,0.82,9.45,0.4231,0.0000,0.6667,-1.27,0.4231,0.5012,0.1772,10.76,-4.36
2895,5123,5,12,5,11.60,7.20,1.80,0.40,0.80,0.80,23.64,0.4717,,0.8000,-8.80,0.4717,0.5052,0.2316,19.32,2.71
2896,5123,5,13,43,14.40,11.00,2.23,0.37,0.84,1.91,30.89,0.6131,,0.7045,-0.05,0.6131,0.6354,0.1906,21.98,1.07
2897,5125,5,22,76,9.87,3.63,1.61,0.84,0.32,0.88,24.31,0.4574,0.3846,0.8817,1.67,0.5576,0.5860,0.1625,13.12,-2.83
