player_id,full_name,nba_id,team_name,abbreviation,nba_team_id,position,season,season_id,games_played,avg_pts,avg_reb,avg_ast,avg_stl,avg_blk,avg_tov,avg_min,fg_pct,fg3_pct,ft_pct,avg_plus_minus,efg_pct,ts_pct,usg_pct,per,bpm
2327,Nikola Jokić,203999,Denver Nuggets,DEN,1610612743,C,2021-22,1,75,26.72,13.59,7.79,1.45,0.84,3.75,33.01,0.5828,0.3368,0.8098,5.92,0.6198,0.6605,0.3193,39.80,17.08
1303,Joel Embiid,203954,Philadelphia 76ers,PHI,1610612755,C,2023-24,3,43,31.47,10.00,5.09,1.07,1.53,3.49,30.45,0.5288,0.3885,0.8827,6.21,0.5605,0.6444,0.3945,37.58,12.97
2327,Nikola Jokić,203999,Denver Nuggets,DEN,1610612743,C,2025-26,5,65,27.68,12.86,10.72,1.42,0.82,3.74,34.84,0.5689,0.3797,0.8313,8.54,0.6184,0.6697,0.3019,37.57,20.02
2327,Nikola Jokić,203999,Denver Nuggets,DEN,1610612743,C,2024-25,4,70,29.59,12.74,10.23,1.81,0.64,3.29,36.72,0.5762,0.4169,0.8004,8.49,0.6268,0.6627,0.2969,37.54,19.16
2327,Nikola Jokić,203999,Denver Nuggets,DEN,1610612743,C,2022-23,2,69,24.49,11.84,9.83,1.26,0.68,3.58,33.67,0.6321,0.3826,0.8217,9.28,0.6600,0.7015,0.2731,37.38,18.26
115,Giannis Antetokounmpo,203507,Milwaukee Bucks,MIL,1610612749,PF,2021-22,1,68,29.44,11.44,5.71,1.06,1.34,3.22,32.42,0.5534,0.2934,0.7219,5.84,0.5819,0.6327,0.3503,36.96,13.62
2327,Nikola Jokić,203999,Denver Nuggets,DEN,1610612743,C,2023-24,3,79,26.39,12.35,8.96,1.37,0.86,3.00,34.64,0.5826,0.3593,0.8174,8.63,0.6120,0.6501,0.2963,36.39,17.56
115,Giannis Antetokounmpo,203507,Milwaukee Bucks,MIL,1610612749,PF,2025-26,5,36,27.58,9.78,5.44,0.94,0.67,3.19,28.87,0.6237,0.3333,0.6499,2.67,0.6363,0.6575,0.3733,36.07,12.46
115,Giannis Antetokounmpo,203507,Milwaukee Bucks,MIL,1610612749,PF,2024-25,4,68,29.47,11.53,6.24,0.84,1.09,3.01,33.09,0.6005,0.2222,0.6154,4.87,0.6058,0.6235,0.3562,35.38,13.43
115,Giannis Antetokounmpo,203507,Milwaukee Bucks,MIL,1610612749,PF,2022-23,2,63,31.10,11.78,5.70,0.83,0.81,3.90,32.13,0.5532,0.2749,0.6451,5.41,0.5716,0.6055,0.3877,34.96,12.25
115,Giannis Antetokounmpo,203507,Milwaukee Bucks,MIL,1610612749,PF,2023-24,3,73,30.44,11.52,6.52,1.19,1.08,3.42,35.17,0.6114,0.2742,0.6573,4.64,0.6238,0.6485,0.3302,34.84,12.35
1303,Joel Embiid,203954,Philadelphia 76ers,PHI,1610612755,C,2021-22,1,70,29.70,11.37,4.06,1.10,1.41,3.06,32.80,0.4993,0.3705,0.8144,5.26,0.5341,0.6161,0.3752,34.79,10.47
4821,Victor Wembanyama,1641705,San Antonio Spurs,SAS,1610612759,PF,2025-26,5,63,25.05,11.54,3.13,1.03,3.10,2.38,29.29,0.5117,0.3467,0.8288,10.49,0.5683,0.6253,0.3257,34.58,12.12
1303,Joel Embiid,203954,Philadelphia 76ers,PHI,1610612755,C,2022-23,2,69,31.64,9.71,3.97,0.96,1.62,3.28,33.10,0.5482,0.3300,0.8573,6.14,0.5730,0.6547,0.3755,33.99,8.97
1155,Luka Dončić,1629029,Dallas Mavericks,DAL,1610612742,SG,2023-24,3,70,33.86,9.24,9.80,1.41,0.54,4.03,37.48,0.4867,0.3817,0.7862,4.56,0.5726,0.6173,0.3614,32.89,15.27
1019,Anthony Davis,203076,Los Angeles Lakers,LAL,1610612747,PF,2022-23,2,57,25.46,12.32,2.60,1.04,2.00,2.14,33.41,0.5634,0.2568,0.7838,3.60,0.5733,0.6269,0.2845,31.94,8.20
1155,Luka Dončić,1629029,Dallas Mavericks,DAL,1610612742,SG,2022-23,2,66,32.39,8.62,8.02,1.36,0.50,3.58,36.21,0.4962,0.3420,0.7421,1.94,0.5600,0.6093,0.3800,31.36,13.05
1594,Shai Gilgeous-Alexander,1628983,Oklahoma City Thunder,OKC,1610612760,PG,2025-26,5,67,31.16,4.30,6.61,1.42,0.76,2.18,33.17,0.5539,0.3918,0.8787,11.73,0.5978,0.6665,0.3369,31.27,11.46
1594,Shai Gilgeous-Alexander,1628983,Oklahoma City Thunder,OKC,1610612760,PG,2024-25,4,76,32.26,4.88,6.32,1.66,1.00,2.39,33.68,0.5211,0.3753,0.8976,11.87,0.5703,0.6376,0.3502,31.15,11.62
1019,Anthony Davis,203076,Los Angeles Lakers,LAL,1610612747,PF,2023-24,3,79,23.75,12.16,3.37,1.15,2.25,2.01,34.18,0.5557,0.2710,0.8159,1.91,0.5670,0.6212,0.2685,30.94,8.81
1594,Shai Gilgeous-Alexander,1628983,Oklahoma City Thunder,OKC,1610612760,PG,2023-24,3,75,30.05,5.53,6.20,2.00,0.89,2.16,34.03,0.5353,0.3532,0.8737,8.17,0.5672,0.6358,0.3311,30.75,11.54
3104,Leonard Miller,1631159,Minnesota Timberwolves,MIN,1610612750,PF,2023-24,3,32,0.91,0.63,0.25,0.06,0.03,0.03,1.63,0.6500,0.4000,0.5000,0.25,0.7000,0.6944,0.1872,30.74,11.96
1019,Anthony Davis,203076,Los Angeles Lakers,LAL,1610612747,PF,2024-25,4,44,24.57,11.34,3.20,1.23,2.05,2.11,32.71,0.5277,0.2979,0.7882,0.48,0.5462,0.6011,0.3064,30.70,8.89
1155,Luka Dončić,1629029,Los Angeles Lakers,LAL,1610612747,SG,2025-26,5,65,32.97,7.62,8.15,1.62,0.52,3.92,35.20,0.4756,0.3660,0.7798,2.88,0.5628,0.6155,0.3837,30.37,12.67
1382,Bruno Fernando,1628981,Houston Rockets,HOU,1610612745,PF,2021-22,1,27,2.56,1.48,0.11,0.04,0.30,0.33,3.49,0.7073,0.0000,0.5789,0.00,0.7073,0.6989,0.2655,30.13,3.39
1621,Rudy Gobert,203497,Utah Jazz,UTA,1610612762,C,2021-22,1,68,15.10,14.24,1.06,0.66,2.01,1.75,31.18,0.7126,0.0000,0.6902,6.13,0.7126,0.7324,0.1691,29.85,4.21
3653,Kristaps Porziņģis,204001,Washington Wizards,WAS,1610612764,PF,2021-22,1,18,20.89,8.33,2.78,0.67,1.39,1.56,26.61,0.4749,0.3671,0.8707,-0.89,0.5309,0.6064,0.3164,29.74,8.76
4821,Victor Wembanyama,1641705,San Antonio Spurs,SAS,1610612759,PF,2023-24,3,72,21.14,10.49,3.81,1.22,3.53,3.61,29.26,0.4646,0.3249,0.7956,-1.99,0.5185,0.5648,0.3233,29.64,10.00
5000,D.J. Wilson,1628391,Toronto Raptors,TOR,1610612761,PF,2021-22,1,5,6.00,3.20,1.00,1.00,0.20,0.40,10.80,0.7333,0.0000,0.8000,-3.20,0.7333,0.7732,0.1665,29.58,7.59
4994,Zion Williamson,1629627,New Orleans Pelicans,NOP,1610612740,SF,2024-25,4,35,21.06,6.17,4.54,1.06,0.77,2.57,24.50,0.5669,0.2308,0.6556,-1.20,0.5699,0.6001,0.3469,29.58,10.24
2205,LeBron James,2544,Los Angeles Lakers,LAL,1610612747,PF,2021-22,1,60,28.25,7.65,5.82,1.22,0.98,3.27,34.75,0.5242,0.3594,0.7560,-1.95,0.5901,0.6191,0.3249,29.54,8.98
3973,Domantas Sabonis,1627734,Sacramento Kings,SAC,1610612758,PF,2023-24,3,82,19.43,13.66,8.21,0.90,0.59,3.32,35.71,0.5936,0.3793,0.7036,0.84,0.6091,0.6369,0.2236,29.40,12.01
1155,Luka Dončić,1629029,Dallas Mavericks,DAL,1610612742,SG,2021-22,1,65,28.42,9.12,8.74,1.15,0.55,4.49,35.40,0.4569,0.3533,0.7444,2.25,0.5285,0.5707,0.3773,29.35,12.55
575,Moses Brown,1629650,Dallas Mavericks,DAL,1610612742,C,2024-25,4,5,9.40,6.20,0.40,0.80,0.60,1.00,14.58,0.7241,,0.8333,-0.60,0.7241,0.7427,0.2157,29.12,3.42
1222,Kevin Durant,201142,Brooklyn Nets,BKN,1610612751,PF,2021-22,1,55,29.87,7.40,6.38,0.87,0.95,3.47,37.23,0.5184,0.3833,0.9095,4.89,0.5700,0.6344,0.3163,29.07,8.06
2205,LeBron James,2544,Los Angeles Lakers,LAL,1610612747,PF,2023-24,3,73,24.96,7.10,8.07,1.22,0.52,3.36,34.30,0.5398,0.4105,0.7500,2.99,0.5985,0.6297,0.2934,28.97,11.11
4821,Victor Wembanyama,1641705,San Antonio Spurs,SAS,1610612759,PF,2024-25,4,44,24.23,10.98,3.64,1.11,3.86,3.20,33.16,0.4732,0.3532,0.8370,2.20,0.5561,0.5916,0.3087,28.79,9.04
1222,Kevin Durant,201142,Brooklyn Nets,BKN,1610612751,PF,2022-23,2,39,29.69,6.72,5.31,0.82,1.46,3.49,35.97,0.5586,0.3757,0.9336,4.85,0.6069,0.6734,0.3220,28.74,6.50
1223,Jalen Duren,1631105,Detroit Pistons,DET,1610612765,C,2025-26,5,73,18.25,9.96,1.86,0.77,0.79,1.78,26.67,0.6468,,0.7441,6.19,0.6468,0.6847,0.2374,28.65,4.38
3973,Domantas Sabonis,1627734,Sacramento Kings,SAC,1610612758,PF,2022-23,2,79,19.11,12.32,7.25,0.82,0.49,2.91,34.63,0.6151,0.3735,0.7420,2.68,0.6317,0.6677,0.2141,28.57,10.78
2205,LeBron James,2544,Los Angeles Lakers,LAL,1610612747,PF,2022-23,2,57,27.89,8.02,6.58,0.88,0.56,3.12,34.28,0.4996,0.3210,0.7676,3.75,0.5492,0.5833,0.3344,28.47,10.17
2677,Kawhi Leonard,202695,Los Angeles Clippers,LAC,1610612746,SF,2025-26,5,65,27.89,6.35,3.60,1.88,0.42,2.05,32.07,0.5048,0.3865,0.8918,5.23,0.5731,0.6291,0.3373,28.24,6.82
2845,Boban Marjanovic,1626246,Houston Rockets,HOU,1610612745,C,2023-24,3,81,0.56,0.40,0.07,0.01,0.02,0.06,0.88,0.5294,0.0000,0.6429,-0.25,0.5294,0.5603,0.2713,28.05,6.17
1594,Shai Gilgeous-Alexander,1628983,Oklahoma City Thunder,OKC,1610612760,PG,2022-23,2,70,30.50,4.70,5.30,1.60,0.93,2.74,34.51,0.5098,0.3452,0.9053,2.13,0.5308,0.6257,0.3294,27.73,7.87
1222,Kevin Durant,201142,Phoenix Suns,PHX,1610612756,PF,2022-23,2,9,23.11,5.67,3.11,0.22,1.11,2.22,29.91,0.5703,0.5366,0.8333,7.67,0.6563,0.6974,0.2757,27.67,3.79
4994,Zion Williamson,1629627,New Orleans Pelicans,NOP,1610612740,SF,2022-23,2,29,26.00,6.97,4.59,1.10,0.55,3.41,32.97,0.6077,0.3684,0.7137,5.14,0.6151,0.6521,0.2978,27.65,5.12
2707,Damian Lillard,203081,Portland Trail Blazers,POR,1610612757,PG,2022-23,2,68,27.44,4.07,6.25,0.74,0.26,2.81,30.98,0.4626,0.3708,0.9140,1.54,0.5641,0.6446,0.3418,27.64,8.91
3973,Domantas Sabonis,1627734,Sacramento Kings,SAC,1610612758,PF,2024-25,4,70,19.10,13.89,6.04,0.69,0.37,2.89,34.70,0.5901,0.4167,0.7543,2.06,0.6265,0.6553,0.2167,27.63,8.58
1194,Andre Drummond,203083,Brooklyn Nets,BKN,1610612751,C,2021-22,1,26,10.85,9.50,1.31,0.85,0.88,1.38,20.58,0.6103,0.0000,0.5366,2.04,0.6103,0.6102,0.2142,27.63,5.80
654,Jimmy Butler III,202710,Miami Heat,MIA,1610612748,SF,2022-23,2,65,22.55,5.77,5.23,1.80,0.32,1.55,32.89,0.5394,0.3495,0.8505,0.72,0.5597,0.6474,0.2589,27.62,8.72
3184,Ja Morant,1629630,Memphis Grizzlies,MEM,1610612763,PG,2021-22,1,57,27.44,5.70,6.74,1.16,0.39,3.44,33.14,0.4928,0.3438,0.7614,3.32,0.5302,0.5752,0.3390,27.57,9.35
986,Stephen Curry,201939,Golden State Warriors,GSW,1610612744,PG,2022-23,2,56,29.43,6.09,6.29,0.93,0.36,3.20,34.67,0.4934,0.4272,0.9146,4.79,0.6139,0.6557,0.3104,27.54,8.12
4955,Mark Williams,1631109,Charlotte Hornets,CHA,1610612766,C,2024-25,4,45,14.91,9.93,2.42,0.71,1.20,1.58,26.02,0.6040,0.0000,0.8037,-6.69,0.6040,0.6468,0.2141,27.42,6.03
4566,Karl-Anthony Towns,1626157,Minnesota Timberwolves,MIN,1610612750,C,2021-22,1,75,24.24,9.69,3.59,0.96,1.11,3.01,33.01,0.5288,0.4098,0.8223,3.67,0.5906,0.6404,0.2792,27.31,5.37
3246,Dejounte Murray,1627749,San Antonio Spurs,SAS,1610612759,PG,2021-22,1,69,20.84,8.16,9.09,2.00,0.33,2.61,34.30,0.4617,0.3265,0.7935,0.71,0.5004,0.5327,0.2748,27.24,14.95
3184,Ja Morant,1629630,Memphis Grizzlies,MEM,1610612763,PG,2022-23,2,61,26.16,5.85,8.08,1.08,0.26,3.38,31.93,0.4662,0.3067,0.7485,4.95,0.5041,0.5570,0.3495,27.21,12.37
1155,Luka Dončić,1629029,Dallas Mavericks,DAL,1610612742,SG,2024-25,4,22,28.14,8.32,7.82,2.00,0.41,3.41,35.66,0.4635,0.3538,0.7671,7.64,0.5440,0.5837,0.3300,27.21,11.79
1507,Daniel Gafford,1629655,Dallas Mavericks,DAL,1610612742,PF,2023-24,3,29,11.17,6.93,1.59,0.72,1.93,0.97,21.47,0.7796,,0.6071,2.93,0.7796,0.7691,0.1658,27.08,5.47
1784,Tyrese Haliburton,1630169,Indiana Pacers,IND,1610612754,PG,2023-24,3,69,20.13,3.93,10.90,1.20,0.70,2.30,32.23,0.4771,0.3645,0.8546,4.26,0.5701,0.6050,0.2476,27.07,16.86
1019,Anthony Davis,203076,Los Angeles Lakers,LAL,1610612747,PF,2021-22,1,44,21.07,8.95,2.77,1.11,2.05,1.86,31.91,0.5324,0.1857,0.7131,-2.09,0.5417,0.5777,0.2731,27.00,6.47
1019,Anthony Davis,203076,Dallas Mavericks,DAL,1610612742,PF,2024-25,4,10,18.00,9.10,4.00,0.50,2.00,2.00,26.60,0.4605,0.2333,0.6875,0.40,0.4836,0.5199,0.3266,26.97,10.50
2845,Boban Marjanovic,1626246,Houston Rockets,HOU,1610612745,C,2022-23,2,81,1.26,0.74,0.11,0.06,0.02,0.17,2.11,0.6833,0.0000,0.7407,0.81,0.6833,0.7095,0.2096,26.93,1.07
1194,Andre Drummond,203083,Chicago Bulls,CHI,1610612741,C,2023-24,3,79,8.39,8.96,0.47,0.92,0.61,1.03,17.11,0.5563,0.0000,0.5917,0.33,0.5563,0.5756,0.2148,26.92,4.60
1303,Joel Embiid,203954,Philadelphia 76ers,PHI,1610612755,C,2025-26,5,39,26.18,7.51,3.85,0.54,1.18,2.79,30.78,0.4892,0.3333,0.8537,3.97,0.5273,0.6046,0.3407,26.88,5.84
5101,Trae Young,1629027,Atlanta Hawks,ATL,1610612737,PG,2021-22,1,76,28.36,3.74,9.70,0.95,0.09,3.99,34.89,0.4605,0.3820,0.9042,2.09,0.5359,0.6029,0.3455,26.87,11.41
4424,Jayson Tatum,1628369,Boston Celtics,BOS,1610612738,SG,2022-23,2,74,30.07,8.77,4.62,1.05,0.69,2.88,36.92,0.4663,0.3499,0.8537,6.35,0.5433,0.6070,0.3292,26.81,6.58
2205,LeBron James,2544,Los Angeles Lakers,LAL,1610612747,PF,2024-25,4,70,24.43,7.80,8.21,1.00,0.56,3.71,34.92,0.5126,0.3763,0.7825,-0.77,0.5713,0.6040,0.3034,26.80,10.16
1155,Luka Dončić,1629029,Los Angeles Lakers,LAL,1610612747,SG,2024-25,4,28,28.18,8.07,7.54,1.61,0.43,3.71,35.15,0.4383,0.3792,0.7912,6.29,0.5295,0.5901,0.3465,26.70,10.53
3973,Domantas Sabonis,1627734,Indiana Pacers,IND,1610612754,PF,2021-22,1,47,18.89,12.06,5.02,0.98,0.47,3.04,34.71,0.5797,0.3241,0.7403,0.28,0.6103,0.6486,0.2226,26.64,6.29
4566,Karl-Anthony Towns,1626157,New York Knicks,NYK,1610612752,C,2024-25,4,78,22.55,11.79,2.85,0.91,0.64,2.46,32.27,0.5259,0.4201,0.8289,4.85,0.5844,0.6305,0.2763,26.62,4.80
2241,Ty Jerome,1629660,Memphis Grizzlies,MEM,1610612763,PG,2025-26,5,25,11.80,1.68,3.40,0.64,0.16,1.08,13.55,0.4744,0.4200,0.8750,-1.80,0.5721,0.6155,0.3346,26.52,12.68
172,Deandre Ayton,1629028,Phoenix Suns,PHX,1610612756,C,2021-22,1,74,13.47,8.01,1.14,0.54,0.54,1.23,23.14,0.6341,0.3684,0.7465,4.65,0.6392,0.6564,0.2153,26.44,2.47
61,Jarrett Allen,1628386,Cleveland Cavaliers,CLE,1610612739,C,2021-22,1,57,15.86,10.56,1.61,0.77,1.32,1.65,31.75,0.6771,0.1000,0.7082,2.37,0.6780,0.6980,0.1834,26.41,2.36
2983,JaVale McGee,201580,Phoenix Suns,PHX,1610612756,C,2021-22,1,74,9.19,6.70,0.57,0.30,1.09,1.32,15.84,0.6288,0.2222,0.6986,1.62,0.6310,0.6510,0.2294,26.34,2.54
2287,Jalen Johnson,1630552,Atlanta Hawks,ATL,1610612737,SF,2025-26,5,75,21.61,9.87,7.55,1.19,0.41,3.25,33.76,0.4886,0.3519,0.7880,2.49,0.5375,0.5806,0.2727,26.33,10.63
2729,Kenneth Lofton Jr.,1631254,Utah Jazz,UTA,1610612762,SF,2023-24,3,7,7.86,2.86,2.71,0.43,0.29,0.86,12.96,0.6000,0.3333,0.8182,-0.29,0.6571,0.6903,0.2187,26.26,9.66
3973,Domantas Sabonis,1627734,Sacramento Kings,SAC,1610612758,PF,2021-22,1,16,17.69,11.56,5.44,0.81,0.31,3.25,31.51,0.5545,0.2353,0.7432,-1.69,0.5644,0.6033,0.2451,26.26,7.48
1784,Tyrese Haliburton,1630169,Indiana Pacers,IND,1610612754,PG,2022-23,2,56,20.71,3.66,10.45,1.63,0.45,2.52,33.62,0.4899,0.4005,0.8706,-0.63,0.5856,0.6240,0.2423,26.23,14.95
5123,Ivica Zubac,1627826,Los Angeles Clippers,LAC,1610612746,C,2024-25,4,80,16.75,12.63,2.68,0.69,1.13,1.59,32.81,0.6285,,0.6610,6.43,0.6285,0.6406,0.1969,26.23,4.73
4987,Robert Williams III,1629057,Portland Trail Blazers,POR,1610612757,C,2025-26,5,80,4.96,5.19,0.75,0.44,1.09,0.61,12.60,0.7080,0.3913,0.5965,0.91,0.7260,0.7216,0.1318,26.20,4.86
2365,Kai Jones,1630539,Dallas Mavericks,DAL,1610612742,C,2024-25,4,12,11.42,6.58,1.25,0.75,0.83,0.67,21.69,0.8356,0.3333,0.7000,-1.08,0.8425,0.8374,0.1527,26.12,2.87
4630,Jonas Valančiūnas,202685,Washington Wizards,WAS,1610612764,C,2024-25,4,48,11.67,8.27,2.23,0.44,0.56,1.79,20.13,0.5531,0.2593,0.9048,-6.60,0.5616,0.6084,0.2366,26.11,5.24
61,Jarrett Allen,1628386,Cleveland Cavaliers,CLE,1610612739,C,2024-25,4,82,13.45,9.73,1.93,0.94,0.89,1.18,28.00,0.7063,0.0000,0.7184,6.27,0.7063,0.7239,0.1596,26.05,3.51
1852,Montrezl Harrell,1626149,Washington Wizards,WAS,1610612764,PF,2021-22,1,46,14.07,6.72,2.09,0.39,0.67,1.09,24.28,0.6449,0.2667,0.7268,0.87,0.6501,0.6836,0.2100,26.02,3.75
480,Tony Bradley,1628396,Indiana Pacers,IND,1610612754,C,2024-25,4,23,2.65,1.83,0.26,0.09,0.39,0.22,4.90,0.6444,0.3333,0.3333,1.91,0.6556,0.6402,0.2025,25.97,4.54
5101,Trae Young,1629027,Washington Wizards,WAS,1610612764,PG,2025-26,5,8,9.50,1.88,3.88,0.38,0.13,1.63,12.95,0.5952,0.4286,0.7083,-3.63,0.7024,0.7230,0.2719,25.87,10.84
3144,Evan Mobley,1630596,Cleveland Cavaliers,CLE,1610612739,C,2024-25,4,71,18.54,9.28,3.18,0.86,1.59,2.04,30.52,0.5574,0.3696,0.7246,7.69,0.6043,0.6326,0.2348,25.86,5.52
1005,N'Faly Dante,1642368,Houston Rockets,HOU,1610612745,C,2024-25,4,11,2.18,1.91,0.18,0.09,0.45,0.18,4.60,0.7692,,0.8000,-1.00,0.7692,0.7895,0.1396,25.86,4.23
1019,Anthony Davis,203076,Dallas Mavericks,DAL,1610612742,PF,2025-26,5,20,20.35,11.05,2.80,1.10,1.65,2.05,31.29,0.5060,0.2703,0.7284,-2.50,0.5210,0.5505,0.2804,25.79,6.40
260,Charles Bassey,1629646,Golden State Warriors,GSW,1610612744,C,2025-26,5,5,10.60,7.20,1.00,0.40,1.40,0.80,20.06,0.6774,,0.8462,-4.80,0.6774,0.7217,0.1818,25.78,3.50
694,Clint Capela,203991,Atlanta Hawks,ATL,1610612737,C,2021-22,1,74,11.08,11.85,1.24,0.74,1.26,0.59,27.59,0.6126,0.0000,0.4734,1.72,0.6126,0.6044,0.1548,25.78,4.91
1303,Joel Embiid,203954,Philadelphia 76ers,PHI,1610612755,C,2024-25,4,25,18.08,6.20,3.40,0.56,0.72,2.48,22.98,0.4444,0.2987,0.8817,-2.28,0.4810,0.5804,0.3508,25.77,6.37
694,Clint Capela,203991,Atlanta Hawks,ATL,1610612737,C,2022-23,2,67,11.63,10.70,0.87,0.67,1.18,0.81,25.82,0.6530,0.0000,0.6031,-0.45,0.6530,0.6561,0.1573,25.74,3.55
1507,Daniel Gafford,1629655,Dallas Mavericks,DAL,1610612742,PF,2024-25,4,67,10.46,5.79,1.19,0.34,1.52,0.99,18.29,0.7022,,0.6888,0.52,0.7022,0.7164,0.1951,25.73,3.82
61,Jarrett Allen,1628386,Cleveland Cavaliers,CLE,1610612739,C,2023-24,3,77,16.51,10.53,2.73,0.69,1.05,1.57,31.71,0.6337,0.0000,0.7420,2.61,0.6337,0.6639,0.1962,25.72,3.99
1194,Andre Drummond,203083,Chicago Bulls,CHI,1610612741,C,2022-23,2,76,5.25,5.84,0.43,0.59,0.36,0.99,11.17,0.6058,0.0000,0.5360,0.33,0.6058,0.6064,0.2122,25.57,3.38
575,Moses Brown,1629650,Los Angeles Clippers,LAC,1610612746,C,2022-23,2,50,3.10,2.78,0.08,0.06,0.28,0.28,5.76,0.6354,,0.4583,0.66,0.6354,0.6070,0.2157,25.54,2.80
4630,Jonas Valančiūnas,202685,New Orleans Pelicans,NOP,1610612740,C,2021-22,1,75,17.52,11.24,2.53,0.55,0.80,2.39,29.87,0.5437,0.3608,0.8201,0.89,0.5741,0.6168,0.2406,25.39,3.75
4424,Jayson Tatum,1628369,Boston Celtics,BOS,1610612738,SG,2023-24,3,75,26.49,8.01,4.85,1.00,0.57,2.51,35.27,0.4712,0.3760,0.8330,8.11,0.5515,0.6041,0.3042,25.36,6.28
2677,Kawhi Leonard,202695,Los Angeles Clippers,LAC,1610612746,SF,2022-23,2,52,23.83,6.50,3.92,1.38,0.54,1.69,33.61,0.5121,0.4160,0.8710,4.23,0.5718,0.6234,0.2715,25.32,5.88
4000,Adama Sanogo,1641766,Chicago Bulls,CHI,1610612741,PF,2023-24,3,22,1.64,1.64,0.00,0.05,0.00,0.23,2.99,0.5185,,0.6667,1.55,0.5185,0.5576,0.2436,25.30,0.08
61,Jarrett Allen,1628386,Cleveland Cavaliers,CLE,1610612739,C,2025-26,5,57,15.09,8.35,1.75,0.96,0.82,1.32,26.65,0.6383,0.1000,0.7088,3.74,0.6392,0.6689,0.1988,25.24,2.97
814,Brandon Clarke,1629634,Memphis Grizzlies,MEM,1610612763,SF,2021-22,1,68,9.79,5.03,1.26,0.57,1.00,0.50,18.33,0.6443,0.2273,0.6538,2.59,0.6499,0.6605,0.1773,25.16,4.64
25,Bam Adebayo,1628389,Miami Heat,MIA,1610612748,C,2021-22,1,56,19.07,10.07,3.39,1.43,0.79,2.64,32.60,0.5569,0.0000,0.7529,5.36,0.5569,0.6078,0.2528,25.13,4.58
3666,Norman Powell,1626181,Los Angeles Clippers,LAC,1610612746,SG,2021-22,1,6,17.83,2.33,2.33,0.33,0.67,1.17,20.90,0.5079,0.5417,0.8571,-2.17,0.6111,0.6824,0.2960,25.06,4.24
4870,Hassan Whiteside,202355,Utah Jazz,UTA,1610612762,C,2021-22,1,67,7.97,7.37,0.39,0.33,1.54,0.79,17.35,0.6515,,0.6228,3.43,0.6515,0.6617,0.1711,25.05,3.27
4566,Karl-Anthony Towns,1626157,New York Knicks,NYK,1610612752,C,2025-26,5,76,19.41,11.59,2.95,0.84,0.51,2.46,30.07,0.4976,0.3663,0.8571,4.82,0.5519,0.6148,0.2617,25.03,4.56
1832,James Harden,201935,Brooklyn Nets,BKN,1610612751,PG,2021-22,1,49,20.20,7.16,9.12,1.14,0.63,4.33,33.21,0.4136,0.3322,0.8686,0.47,0.4858,0.5756,0.2878,25.01,11.10
3772,Paul Reed,1630194,Detroit Pistons,DET,1610612765,PF,2025-26,5,80,6.30,3.68,1.00,0.71,0.75,0.73,11.26,0.6165,0.3250,0.6636,1.73,0.6357,0.6505,0.2073,24.97,5.92
4994,Zion Williamson,1629627,New Orleans Pelicans,NOP,1610612740,SF,2023-24,3,77,20.79,5.27,4.57,0.99,0.61,2.51,28.66,0.5704,0.3333,0.7024,1.86,0.5731,0.6104,0.2977,24.91,5.80
4087,Alperen Sengun,1630578,Houston Rockets,HOU,1610612745,C,2023-24,3,63,21.13,9.35,4.95,1.21,0.73,2.57,32.47,0.5367,0.2973,0.6932,0.78,0.5535,0.5854,0.2713,24.90,7.23
4687,Nikola Vučević,202696,Chicago Bulls,CHI,1610612741,C,2024-25,4,74,18.23,9.93,3.46,0.82,0.70,1.61,30.79,0.5299,0.4019,0.8054,-1.32,0.5920,0.6112,0.2256,24.88,5.89
3653,Kristaps Porziņģis,204001,Washington Wizards,WAS,1610612764,PF,2022-23,2,68,22.13,8.03,2.56,0.85,1.47,2.01,31.17,0.4980,0.3848,0.8510,1.18,0.5653,0.6265,0.2772,24.88,4.41
2954,T.J. McConnell,204456,Indiana Pacers,IND,1610612754,PG,2023-24,3,81,8.98,2.36,4.81,0.89,0.10,1.33,15.94,0.5565,0.4091,0.7903,1.17,0.5717,0.5860,0.2380,24.88,13.44
1223,Jalen Duren,1631105,Detroit Pistons,DET,1610612765,C,2024-25,4,78,11.77,10.35,2.68,0.69,1.14,1.74,26.07,0.6923,,0.6694,0.46,0.6923,0.7035,0.1648,24.81,4.75
1960,Willy Hernangomez,1626195,New Orleans Pelicans,NOP,1610612740,C,2021-22,1,78,5.81,4.33,0.81,0.27,0.24,0.65,10.76,0.5199,0.3333,0.7730,-0.58,0.5260,0.5822,0.2261,24.81,4.37
1251,Zach Edey,1641744,Memphis Grizzlies,MEM,1610612763,C,2025-26,5,13,11.54,9.38,0.92,0.54,1.62,2.00,21.83,0.6327,0.2000,0.7813,8.69,0.6378,0.6692,0.2004,24.80,1.72
654,Jimmy Butler III,202710,Miami Heat,MIA,1610612748,SF,2021-22,1,57,21.39,5.89,5.47,1.65,0.47,2.12,33.88,0.4801,0.2328,0.8703,4.30,0.4964,0.5922,0.2671,24.79,7.29
4584,Oscar Tshiebwe,1631131,Utah Jazz,UTA,1610612762,PF,2024-25,4,31,3.45,3.94,0.29,0.42,0.03,0.32,8.24,0.6000,,0.7419,-0.35,0.6000,0.6396,0.1530,24.79,2.99
654,Jimmy Butler III,202710,Golden State Warriors,GSW,1610612744,SF,2025-26,5,39,19.49,5.41,4.74,1.41,0.21,1.54,30.30,0.5195,0.3765,0.8641,4.74,0.5541,0.6460,0.2340,24.79,6.61
1832,James Harden,201935,Philadelphia 76ers,PHI,1610612755,PG,2021-22,1,21,21.05,7.10,10.48,1.24,0.24,3.43,37.74,0.4021,0.3262,0.8925,7.14,0.4825,0.6008,0.2484,24.77,11.85
4630,Jonas Valančiūnas,202685,Denver Nuggets,DEN,1610612743,C,2025-26,5,70,8.10,4.70,1.11,0.20,0.53,1.04,12.44,0.5821,0.3077,0.7721,-0.63,0.5923,0.6302,0.2596,24.73,3.88
2190,Jaren Jackson Jr.,1628991,Utah Jazz,UTA,1610612762,PF,2025-26,5,3,22.33,4.33,2.67,2.00,0.33,2.33,24.07,0.4898,0.3333,0.8750,16.00,0.5408,0.5978,0.3568,24.67,5.38
602,Thomas Bryant,1628418,Los Angeles Lakers,LAL,1610612747,C,2022-23,2,42,11.81,6.64,0.69,0.33,0.55,0.67,20.88,0.6545,0.4400,0.7407,-0.86,0.6910,0.7116,0.1822,24.66,1.34
2846,Lauri Markkanen,1628374,Utah Jazz,UTA,1610612762,PF,2022-23,2,66,25.62,8.64,1.86,0.64,0.58,1.92,34.42,0.4987,0.3914,0.8747,2.47,0.5860,0.6403,0.2673,24.63,1.92
1110,Moussa Diabaté,1631217,Los Angeles Clippers,LAC,1610612746,PF,2023-24,3,24,1.21,1.00,0.17,0.21,0.04,0.08,2.67,0.5263,,0.6429,-0.08,0.5263,0.5763,0.1828,24.62,5.40
3625,Jakob Poeltl,1627751,Toronto Raptors,TOR,1610612761,C,2022-23,2,26,13.12,9.12,2.15,1.15,1.31,1.12,27.18,0.6522,,0.5694,4.73,0.6522,0.6516,0.1769,24.61,5.24
2677,Kawhi Leonard,202695,Los Angeles Clippers,LAC,1610612746,SF,2023-24,3,68,23.72,6.12,3.59,1.63,0.87,1.75,34.27,0.5250,0.4167,0.8846,5.76,0.5852,0.6262,0.2691,24.56,4.70
4087,Alperen Sengun,1630578,Houston Rockets,HOU,1610612745,C,2024-25,4,79,18.20,9.81,4.68,1.04,0.77,2.41,29.91,0.4978,0.2273,0.6932,5.25,0.5067,0.5468,0.2639,24.54,7.92
4751,Kel'el Ware,1642276,Miami Heat,MIA,1610612748,C,2025-26,5,79,10.77,8.78,0.71,0.75,1.06,0.78,21.57,0.5300,0.3948,0.7396,-0.84,0.6009,0.6156,0.1814,24.54,3.48
4424,Jayson Tatum,1628369,Boston Celtics,BOS,1610612738,SG,2024-25,4,78,24.77,7.99,5.53,0.97,0.49,2.68,33.63,0.4519,0.3434,0.8136,6.85,0.5372,0.5824,0.3137,24.51,7.46
830,Donovan Clingan,1642270,Portland Trail Blazers,POR,1610612757,C,2025-26,5,81,11.53,11.01,2.00,0.54,1.60,1.17,25.84,0.5205,0.3415,0.6798,0.17,0.5819,0.6039,0.1698,24.48,5.56
3372,Jusuf Nurkić,203994,Portland Trail Blazers,POR,1610612757,C,2021-22,1,57,14.77,10.86,2.75,1.09,0.60,2.51,27.70,0.5350,0.2679,0.6903,0.23,0.5475,0.5864,0.2395,24.46,4.47
2037,Chet Holmgren,1631096,Oklahoma City Thunder,OKC,1610612760,C,2025-26,5,69,16.87,8.80,1.67,0.62,1.88,1.54,28.51,0.5590,0.3625,0.7904,9.57,0.6154,0.6534,0.2214,24.43,3.05
1222,Kevin Durant,201142,Phoenix Suns,PHX,1610612756,PF,2023-24,3,76,26.74,6.51,4.97,0.91,1.20,3.21,36.72,0.5230,0.4128,0.8558,3.83,0.5815,0.6263,0.2912,24.41,4.26
2467,Walker Kessler,1631117,Utah Jazz,UTA,1610612762,C,2022-23,2,74,9.18,8.38,0.93,0.35,2.34,0.78,23.03,0.7198,0.3333,0.5157,0.97,0.7210,0.7015,0.1333,24.37,3.67
1832,James Harden,201935,Philadelphia 76ers,PHI,1610612755,PG,2022-23,2,62,19.61,5.71,9.97,1.15,0.50,3.15,34.44,0.4406,0.3852,0.8670,4.47,0.5362,0.6075,0.2547,24.36,12.49
3653,Kristaps Porziņģis,204001,Boston Celtics,BOS,1610612738,PF,2023-24,3,58,19.74,7.05,1.98,0.72,1.91,1.53,29.13,0.5160,0.3754,0.8576,7.19,0.5891,0.6470,0.2533,24.35,3.58
4424,Jayson Tatum,1628369,Boston Celtics,BOS,1610612738,SG,2021-22,1,76,26.92,8.01,4.39,0.99,0.64,2.86,35.94,0.4527,0.3533,0.8529,8.78,0.5262,0.5778,0.3230,24.33,5.22
4424,Jayson Tatum,1628369,Boston Celtics,BOS,1610612738,SG,2025-26,5,16,21.75,10.00,5.31,1.38,0.19,2.44,32.61,0.4111,0.3287,0.8228,7.38,0.4930,0.5408,0.3070,24.28,8.56
575,Moses Brown,1629650,Cleveland Cavaliers,CLE,1610612739,C,2021-22,1,17,5.29,4.35,0.00,0.24,0.41,0.35,10.32,0.6379,,0.5517,-3.00,0.6379,0.6360,0.1980,24.20,1.29
3913,Ryan Rollins,1631157,Washington Wizards,WAS,1610612764,PG,2023-24,3,17,2.41,0.65,0.65,0.47,0.18,0.41,3.88,0.5200,0.6667,0.7647,3.35,0.5600,0.6312,0.2517,24.18,8.07
4955,Mark Williams,1631109,Charlotte Hornets,CHA,1610612766,C,2023-24,3,19,12.74,9.68,1.16,0.84,1.05,0.89,26.77,0.6490,,0.7188,-1.11,0.6490,0.6754,0.1646,24.13,2.53
1194,Andre Drummond,203083,Philadelphia 76ers,PHI,1610612755,C,2021-22,1,50,5.96,8.66,1.94,1.12,0.90,1.58,18.05,0.5378,0.0000,0.5122,-0.28,0.5378,0.5436,0.1774,24.13,6.80
694,Clint Capela,203991,Atlanta Hawks,ATL,1610612737,C,2023-24,3,76,11.00,10.21,1.20,0.57,1.39,0.97,24.78,0.5712,0.0000,0.6311,-0.22,0.5712,0.5899,0.1743,24.08,3.71
1076,DeMar DeRozan,201942,Chicago Bulls,CHI,1610612741,PG,2021-22,1,76,27.87,5.16,4.92,0.89,0.32,2.38,36.09,0.5042,0.3521,0.8769,1.01,0.5205,0.5897,0.3200,24.08,4.91
4137,Pascal Siakam,1627783,Indiana Pacers,IND,1610612754,PF,2023-24,3,41,21.27,7.78,3.71,0.76,0.37,1.41,31.80,0.5494,0.3861,0.6994,2.54,0.5795,0.6021,0.2559,24.06,5.22
4987,Robert Williams III,1629057,Boston Celtics,BOS,1610612738,C,2021-22,1,62,9.79,9.48,1.95,0.90,2.16,1.02,29.10,0.7364,0.0000,0.7222,5.97,0.7364,0.7446,0.1156,24.04,3.79
3132,Donovan Mitchell,1628378,Cleveland Cavaliers,CLE,1610612739,PG,2025-26,5,71,27.49,4.45,5.61,1.46,0.28,2.79,32.99,0.4833,0.3636,0.8651,5.21,0.5631,0.6130,0.3237,24.03,6.52
5042,Christian Wood,1626174,Houston Rockets,HOU,1610612745,PF,2021-22,1,69,17.65,9.94,2.25,0.78,0.94,1.83,30.34,0.5011,0.3899,0.6235,-5.88,0.5757,0.5947,0.2352,24.01,3.76
971,Cade Cunningham,1630595,Detroit Pistons,DET,1610612765,PG,2025-26,5,64,23.59,5.45,9.63,1.39,0.84,3.67,33.35,0.4612,0.3398,0.8155,7.92,0.5136,0.5645,0.3074,24.00,12.66
2467,Walker Kessler,1631117,Utah Jazz,UTA,1610612762,C,2024-25,4,66,9.71,10.71,1.47,0.55,2.09,1.30,26.37,0.6635,0.1765,0.5197,-4.98,0.6706,0.6596,0.1381,23.98,3.37
2191,Trayce Jackson-Davis,1631218,Golden State Warriors,GSW,1610612744,PF,2023-24,3,79,6.84,4.32,1.04,0.37,0.96,0.62,14.31,0.7018,0.0000,0.5606,0.41,0.7018,0.6922,0.1645,23.97,3.46
185,Marvin Bagley III,1628963,Washington Wizards,WAS,1610612764,PF,2023-24,3,24,13.25,8.08,1.17,0.63,0.79,1.25,23.95,0.5815,0.4706,0.7077,-2.63,0.5991,0.6221,0.2070,23.96,1.89
1590,Josh Giddey,1630581,Chicago Bulls,CHI,1610612741,SG,2025-26,5,60,15.32,7.47,8.23,0.92,0.45,3.27,28.86,0.4477,0.3640,0.7632,-3.12,0.5195,0.5622,0.2457,23.96,11.79
4584,Oscar Tshiebwe,1631131,Utah Jazz,UTA,1610612762,PF,2025-26,5,46,4.59,3.89,0.70,0.35,0.11,0.46,9.75,0.6345,,0.5510,-1.72,0.6345,0.6334,0.1731,23.96,3.31
25,Bam Adebayo,1628389,Miami Heat,MIA,1610612748,C,2023-24,3,74,18.47,9.96,3.76,1.09,0.89,2.19,32.66,0.5211,0.3571,0.7545,0.68,0.5285,0.5757,0.2509,23.95,5.10
2750,Kevin Love,201567,Cleveland Cavaliers,CLE,1610612739,PF,2021-22,1,74,13.61,7.24,2.16,0.35,0.24,1.32,22.49,0.4297,0.3920,0.8384,1.28,0.5526,0.5937,0.2538,23.92,4.42
2205,LeBron James,2544,Los Angeles Lakers,LAL,1610612747,PF,2025-26,5,60,20.93,6.07,7.20,1.20,0.58,2.98,33.16,0.5147,0.3169,0.7373,1.98,0.5566,0.5936,0.2742,23.88,8.34
2846,Lauri Markkanen,1628374,Utah Jazz,UTA,1610612762,PF,2023-24,3,55,23.24,8.16,2.00,0.91,0.47,1.40,33.09,0.4798,0.3986,0.8989,0.38,0.5781,0.6315,0.2495,23.87,2.44
3526,Chris Paul,101108,Phoenix Suns,PHX,1610612756,PG,2021-22,1,67,14.30,4.22,10.48,1.81,0.30,2.28,31.93,0.4932,0.3166,0.8366,6.87,0.5360,0.5807,0.1972,23.86,15.02
4630,Jonas Valančiūnas,202685,New Orleans Pelicans,NOP,1610612740,C,2023-24,3,82,12.22,8.79,2.11,0.40,0.83,1.35,23.48,0.5591,0.3083,0.7854,1.93,0.5848,0.6191,0.2092,23.84,4.19
3184,Ja Morant,1629630,Memphis Grizzlies,MEM,1610612763,PG,2023-24,3,15,15.07,3.33,4.87,0.47,0.33,1.80,21.19,0.4706,0.2745,0.8125,0.73,0.5118,0.5702,0.3047,23.83,9.32
4630,Jonas Valančiūnas,202685,Sacramento Kings,SAC,1610612758,C,2024-25,4,32,8.72,6.97,1.75,0.47,0.56,1.00,16.92,0.5561,0.1000,0.8475,0.75,0.5585,0.6040,0.2138,23.82,5.75
5101,Trae Young,1629027,Atlanta Hawks,ATL,1610612737,PG,2022-23,2,75,25.52,2.89,9.88,1.07,0.12,4.00,33.88,0.4295,0.3348,0.8858,1.33,0.4849,0.5727,0.3276,23.78,10.97
1960,Willy Hernangomez,1626195,New Orleans Pelicans,NOP,1610612740,C,2022-23,2,82,3.20,2.20,0.40,0.21,0.16,0.48,5.59,0.5266,0.2727,0.7788,0.23,0.5355,0.6100,0.2389,23.76,3.22
4630,Jonas Valančiūnas,202685,New Orleans Pelicans,NOP,1610612740,C,2022-23,2,79,14.11,10.18,1.77,0.25,0.66,2.01,24.91,0.5466,0.3486,0.8259,-0.13,0.5699,0.6096,0.2348,23.75,2.56
1223,Jalen Duren,1631105,Detroit Pistons,DET,1610612765,C,2023-24,3,72,11.68,9.85,2.04,0.46,0.65,1.79,24.69,0.6188,0.0000,0.7901,-4.32,0.6188,0.6533,0.1860,23.74,2.53
971,Cade Cunningham,1630595,Detroit Pistons,DET,1610612765,PG,2024-25,4,75,24.40,5.67,8.51,0.95,0.71,4.12,32.70,0.4695,0.3565,0.8459,2.33,0.5206,0.5649,0.3341,23.73,10.00
3625,Jakob Poeltl,1627751,San Antonio Spurs,SAS,1610612759,C,2022-23,2,46,12.09,9.04,3.07,0.78,1.13,2.09,26.08,0.6160,0.0000,0.6047,-5.85,0.6160,0.6251,0.1876,23.72,4.89
3144,Evan Mobley,1630596,Cleveland Cavaliers,CLE,1610612739,C,2023-24,3,50,15.70,9.36,3.20,0.90,1.44,1.80,30.64,0.5797,0.3729,0.7193,0.66,0.5996,0.6258,0.2083,23.68,4.65
4994,Zion Williamson,1629627,New Orleans Pelicans,NOP,1610612740,SF,2025-26,5,64,20.34,5.52,3.11,0.94,0.53,1.97,28.77,0.5998,0.2500,0.7161,-1.28,0.6004,0.6435,0.2587,23.67,2.83
986,Stephen Curry,201939,Golden State Warriors,GSW,1610612744,PG,2025-26,5,43,26.56,3.58,4.72,1.14,0.40,2.81,30.90,0.4681,0.3926,0.9231,2.07,0.5870,0.6371,0.3262,23.64,4.78
593,Jalen Brunson,1628973,New York Knicks,NYK,1610612752,PG,2023-24,3,82,26.98,3.39,6.33,0.85,0.16,2.27,33.25,0.4794,0.4011,0.8471,6.24,0.5434,0.5925,0.3278,23.64,7.33
172,Deandre Ayton,1629028,Phoenix Suns,PHX,1610612756,C,2022-23,2,72,16.71,9.26,1.60,0.51,0.74,1.67,28.27,0.5885,0.2917,0.7600,-0.10,0.5924,0.6169,0.2307,23.63,1.89
3625,Jakob Poeltl,1627751,San Antonio Spurs,SAS,1610612759,C,2021-22,1,69,13.26,9.19,2.74,0.65,1.71,1.58,28.54,0.6184,1.0000,0.4947,1.70,0.6192,0.6128,0.1837,23.62,4.81
986,Stephen Curry,201939,Golden State Warriors,GSW,1610612744,PG,2021-22,1,64,25.47,5.23,6.31,1.33,0.36,3.22,34.55,0.4371,0.3800,0.9228,7.95,0.5535,0.6014,0.3097,23.61,6.96
3132,Donovan Mitchell,1628378,Cleveland Cavaliers,CLE,1610612739,PG,2023-24,3,56,26.13,5.00,5.95,1.80,0.54,2.75,34.69,0.4619,0.3684,0.8648,5.80,0.5455,0.5952,0.3122,23.60,7.17
3620,Mason Plumlee,203486,Charlotte Hornets,CHA,1610612766,PF,2022-23,2,56,12.23,9.66,3.66,0.63,0.63,1.55,28.50,0.6692,,0.6055,-4.79,0.6692,0.6734,0.1562,23.55,5.33
654,Jimmy Butler III,202710,Miami Heat,MIA,1610612748,SF,2024-25,4,42,9.71,2.93,2.76,0.64,0.24,0.62,17.50,0.5440,0.3611,0.8039,1.29,0.5700,0.6429,0.2090,23.54,6.40
667,Devontae Cacok,1629719,San Antonio Spurs,SAS,1610612759,SF,2021-22,1,21,2.19,2.00,0.29,0.38,0.33,0.14,5.77,0.6774,,0.5714,-0.05,0.6774,0.6749,0.1292,23.52,4.63
2037,Chet Holmgren,1631096,Oklahoma City Thunder,OKC,1610612760,C,2023-24,3,82,16.55,7.90,2.44,0.65,2.32,1.60,29.43,0.5299,0.3696,0.7927,5.16,0.5976,0.6318,0.2181,23.52,4.20
986,Stephen Curry,201939,Golden State Warriors,GSW,1610612744,PG,2024-25,4,72,23.86,4.31,5.85,1.11,0.42,2.78,31.28,0.4483,0.3967,0.9331,4.15,0.5719,0.6182,0.2983,23.52,6.85
4687,Nikola Vučević,202696,Chicago Bulls,CHI,1610612741,C,2022-23,2,82,17.65,11.01,3.23,0.73,0.70,1.70,33.49,0.5200,0.3487,0.8354,-0.24,0.5727,0.5942,0.2198,23.52,4.58
820,Nic Claxton,1629651,Brooklyn Nets,BKN,1610612751,C,2022-23,2,77,12.48,9.12,1.87,0.84,2.45,1.25,29.49,0.7053,0.0000,0.5407,1.55,0.7053,0.6911,0.1567,23.51,3.68
1882,Isaiah Hartenstein,1628392,Oklahoma City Thunder,OKC,1610612760,C,2025-26,5,48,8.79,9.04,3.44,0.98,0.73,1.65,23.28,0.6237,0.0000,0.6095,7.75,0.6237,0.6333,0.1597,23.50,6.69
1457,De'Aaron Fox,1628368,Sacramento Kings,SAC,1610612758,PG,2022-23,2,73,25.01,4.19,6.12,1.14,0.32,2.48,33.36,0.5124,0.3243,0.7795,2.41,0.5571,0.5988,0.3008,23.50,7.17
164,Deni Avdija,1630166,Portland Trail Blazers,POR,1610612757,SF,2025-26,5,82,19.49,5.54,5.39,0.62,0.50,3.09,26.82,0.4624,0.3181,0.8016,0.20,0.5211,0.5997,0.2952,23.48,6.59
4235,Jalen Smith,1630188,Indiana Pacers,IND,1610612754,PF,2023-24,3,68,8.84,4.96,0.93,0.25,0.56,0.65,15.39,0.5924,0.4236,0.6923,-0.19,0.6696,0.6818,0.1957,23.48,2.48
2148,Kyrie Irving,202681,Dallas Mavericks,DAL,1610612742,PG,2023-24,3,58,25.64,5.00,5.16,1.28,0.48,1.83,34.99,0.4969,0.4109,0.9048,4.78,0.5734,0.6077,0.2818,23.47,6.15
654,Jimmy Butler III,202710,Golden State Warriors,GSW,1610612744,SF,2024-25,4,31,17.35,5.32,5.74,1.61,0.26,1.42,31.63,0.4760,0.2794,0.8701,6.06,0.5045,0.6175,0.2096,23.46,7.80
2148,Kyrie Irving,202681,Dallas Mavericks,DAL,1610612742,PG,2022-23,2,20,26.95,5.00,6.00,1.25,0.60,1.85,38.14,0.5104,0.3919,0.9468,4.80,0.5859,0.6336,0.2753,23.45,6.70
4554,Obi Toppin,1630167,Indiana Pacers,IND,1610612754,PF,2025-26,5,29,9.62,3.66,1.90,0.41,0.03,0.97,14.62,0.5025,0.3524,0.9130,-1.14,0.5955,0.6363,0.2516,23.43,4.47
3705,Neemias Queta,1629674,Boston Celtics,BOS,1610612738,C,2023-24,3,49,3.14,2.49,0.41,0.27,0.43,0.27,6.80,0.6442,,0.7143,2.76,0.6442,0.6620,0.1688,23.42,4.13
1222,Kevin Durant,201142,Phoenix Suns,PHX,1610612756,PF,2024-25,4,62,26.56,6.03,4.24,0.81,1.24,3.06,36.53,0.5267,0.4301,0.8393,-0.61,0.5979,0.6419,0.2908,23.37,2.68
1516,Danilo Gallinari,201568,Detroit Pistons,DET,1610612765,PF,2023-24,3,10,5.20,1.40,1.20,0.20,0.20,0.10,8.95,0.5455,0.5833,0.8750,2.60,0.7045,0.7985,0.1639,23.36,5.50
1882,Isaiah Hartenstein,1628392,Oklahoma City Thunder,OKC,1610612760,C,2024-25,4,56,11.00,10.77,3.88,0.84,1.09,1.64,27.79,0.5769,0.0000,0.6726,7.32,0.5769,0.5949,0.1664,23.35,6.96
25,Bam Adebayo,1628389,Miami Heat,MIA,1610612748,C,2025-26,5,76,19.32,9.63,3.05,1.13,0.64,1.58,31.12,0.4419,0.3175,0.7778,4.36,0.4974,0.5514,0.2516,23.32,5.38
2951,CJ McCollum,203468,New Orleans Pelicans,NOP,1610612740,PG,2021-22,1,26,24.27,4.46,5.85,1.31,0.04,2.19,33.78,0.4930,0.3944,0.6667,1.69,0.5641,0.5801,0.2924,23.29,7.03
1784,Tyrese Haliburton,1630169,Indiana Pacers,IND,1610612754,PG,2024-25,4,74,17.81,3.42,8.95,1.39,0.64,1.61,32.32,0.4703,0.3828,0.8514,3.07,0.5772,0.6126,0.2189,23.28,12.68
3248,Jamal Murray,1627750,Denver Nuggets,DEN,1610612743,PG,2025-26,5,77,24.74,4.29,6.95,0.86,0.38,2.22,34.44,0.4831,0.4352,0.8872,5.62,0.5732,0.6219,0.2808,23.27,7.67
733,Wendell Carter Jr.,1628976,Orlando Magic,ORL,1610612753,C,2021-22,1,66,14.11,9.82,2.59,0.55,0.65,1.77,28.05,0.5249,0.3271,0.6908,-2.05,0.5760,0.6006,0.2097,23.27,3.71
3144,Evan Mobley,1630596,Cleveland Cavaliers,CLE,1610612739,C,2025-26,5,66,17.88,8.88,3.55,0.73,1.71,1.85,31.43,0.5460,0.2967,0.6061,3.39,0.5821,0.5962,0.2278,23.26,5.21
3161,Greg Monroe,202328,Minnesota Timberwolves,MIN,1610612750,PF,2021-22,1,7,4.14,3.43,2.29,0.57,0.86,1.00,11.63,0.5909,,0.4286,-0.29,0.5909,0.5781,0.1659,23.24,9.62
1590,Josh Giddey,1630581,Chicago Bulls,CHI,1610612741,SG,2024-25,4,71,14.39,7.97,7.08,1.18,0.63,2.85,29.81,0.4649,0.3777,0.7813,-0.96,0.5307,0.5700,0.2180,23.21,9.91
2954,T.J. McConnell,204456,Indiana Pacers,IND,1610612754,PG,2025-26,5,64,8.20,1.94,4.48,0.88,0.16,1.00,15.04,0.5378,0.3200,0.8621,-2.09,0.5556,0.5672,0.2361,23.21,13.50
3973,Domantas Sabonis,1627734,Sacramento Kings,SAC,1610612758,PF,2025-26,5,22,13.68,9.82,3.55,0.82,0.18,2.32,25.62,0.5430,0.1852,0.7273,-8.05,0.5543,0.5905,0.2297,23.19,5.10
4697,Moritz Wagner,1629021,Orlando Magic,ORL,1610612753,PF,2024-25,4,30,12.87,4.93,1.40,0.80,0.40,1.63,18.81,0.5622,0.3600,0.7182,-0.57,0.6165,0.6490,0.2678,23.18,1.32
233,Scottie Barnes,1630567,Toronto Raptors,TOR,1610612761,SG,2023-24,3,60,19.85,8.23,6.05,1.25,1.47,2.75,34.91,0.4745,0.3412,0.7809,-2.40,0.5281,0.5658,0.2491,23.18,7.60
4087,Alperen Sengun,1630578,Houston Rockets,HOU,1610612745,C,2025-26,5,73,20.08,8.77,6.10,1.16,1.05,3.11,32.84,0.5191,0.3053,0.6915,2.81,0.5370,0.5689,0.2685,23.17,7.66
563,Jaylen Brown,1627759,Boston Celtics,BOS,1610612738,SG,2025-26,5,76,26.82,6.47,4.79,0.95,0.36,3.41,32.14,0.4770,0.3465,0.7948,4.22,0.5224,0.5728,0.3645,23.17,4.71
1852,Montrezl Harrell,1626149,Charlotte Hornets,CHA,1610612766,PF,2021-22,1,26,10.96,4.69,1.88,0.42,0.46,0.85,20.13,0.6453,0.0000,0.6923,1.69,0.6453,0.6720,0.1927,23.15,2.89
1882,Isaiah Hartenstein,1628392,Los Angeles Clippers,LAC,1610612746,C,2021-22,1,70,8.04,4.74,2.29,0.71,1.10,1.20,17.37,0.6257,0.4667,0.6894,2.41,0.6448,0.6638,0.1843,23.11,5.96
427,Devin Booker,1626164,Phoenix Suns,PHX,1610612756,PG,2023-24,3,68,27.07,4.53,6.94,0.90,0.41,2.62,35.98,0.4920,0.3636,0.8862,4.65,0.5502,0.6112,0.3012,23.10,7.04
4955,Mark Williams,1631109,Phoenix Suns,PHX,1610612756,C,2025-26,5,62,11.29,7.69,0.94,0.89,0.89,1.05,22.84,0.6438,1.0000,0.7714,-0.68,0.6450,0.6796,0.1748,23.07,1.31
3653,Kristaps Porziņģis,204001,Dallas Mavericks,DAL,1610612742,PF,2021-22,1,35,18.69,7.46,1.97,0.71,1.69,1.51,28.62,0.4508,0.2832,0.8647,1.40,0.4990,0.5611,0.2872,23.06,4.19
3735,Julius Randle,203944,New York Knicks,NYK,1610612752,PF,2022-23,2,77,25.14,9.96,4.10,0.64,0.27,2.81,35.54,0.4595,0.3428,0.7571,2.21,0.5356,0.5812,0.2980,23.06,4.38
1621,Rudy Gobert,203497,Minnesota Timberwolves,MIN,1610612750,C,2022-23,2,73,12.86,11.15,1.19,0.77,1.30,1.67,29.43,0.6593,0.0000,0.6441,-0.10,0.6593,0.6750,0.1635,23.05,1.28
1621,Rudy Gobert,203497,Minnesota Timberwolves,MIN,1610612750,C,2023-24,3,79,13.43,12.43,1.29,0.66,2.05,1.49,32.83,0.6612,0.0000,0.6385,5.20,0.6612,0.6753,0.1549,23.03,1.59
2846,Lauri Markkanen,1628374,Utah Jazz,UTA,1610612762,PF,2025-26,5,44,25.52,6.57,2.02,0.95,0.48,1.43,32.79,0.4770,0.3549,0.8955,-1.25,0.5484,0.6084,0.2826,23.02,2.09
3625,Jakob Poeltl,1627751,Toronto Raptors,TOR,1610612761,C,2024-25,4,66,12.48,8.29,2.39,1.00,1.08,1.68,25.54,0.6269,0.3333,0.6736,-0.56,0.6278,0.6414,0.1883,23.00,3.62
654,Jimmy Butler III,202710,Miami Heat,MIA,1610612748,SF,2023-24,3,65,19.17,4.89,4.58,1.22,0.26,1.57,31.42,0.4994,0.4138,0.8584,3.31,0.5372,0.6262,0.2426,22.99,5.05
986,Stephen Curry,201939,Golden State Warriors,GSW,1610612744,PG,2023-24,3,74,26.43,4.46,5.12,0.73,0.38,2.84,32.72,0.4498,0.4075,0.9228,2.55,0.5734,0.6160,0.3150,22.97,4.80
2467,Walker Kessler,1631117,Utah Jazz,UTA,1610612762,C,2025-26,5,8,9.00,6.75,1.88,0.88,1.13,2.00,19.25,0.7027,0.7500,0.7000,1.75,0.7838,0.7860,0.1693,22.94,2.35
4235,Jalen Smith,1630188,Indiana Pacers,IND,1610612754,PF,2021-22,1,26,11.35,6.46,0.69,0.35,0.88,0.77,20.87,0.5305,0.3735,0.7600,-0.92,0.6033,0.6277,0.1981,22.94,1.52
4687,Nikola Vučević,202696,Chicago Bulls,CHI,1610612741,C,2021-22,1,73,17.64,11.01,3.23,0.96,0.97,1.86,33.12,0.4731,0.3142,0.7603,-0.71,0.5182,0.5334,0.2467,22.93,5.26
3651,Bobby Portis,1626171,Milwaukee Bucks,MIL,1610612749,PF,2022-23,2,71,13.90,9.46,1.48,0.41,0.23,1.14,25.61,0.4956,0.3696,0.7680,0.24,0.5548,0.5752,0.2193,22.93,2.70
2035,Richaun Holmes,1626158,Washington Wizards,WAS,1610612764,PF,2024-25,4,78,2.95,2.27,0.54,0.12,0.29,0.27,6.81,0.6522,0.0000,0.8333,-0.46,0.6522,0.6995,0.1474,22.92,2.88
427,Devin Booker,1626164,Phoenix Suns,PHX,1610612756,PG,2022-23,2,56,26.27,4.29,5.23,0.91,0.32,2.59,32.78,0.4939,0.3513,0.8547,4.41,0.5459,0.6006,0.3198,22.92,5.59
4955,Mark Williams,1631109,Charlotte Hornets,CHA,1610612766,C,2022-23,2,63,6.14,4.83,0.29,0.44,0.71,0.63,13.14,0.6375,,0.6907,-1.25,0.6375,0.6589,0.1708,22.92,1.22
4235,Jalen Smith,1630188,Chicago Bulls,CHI,1610612741,PF,2024-25,4,75,6.99,4.76,0.87,0.23,0.59,0.49,12.83,0.4657,0.3243,0.8090,-0.48,0.5539,0.5859,0.2116,22.90,4.48
2149,Jonathan Isaac,1628371,Orlando Magic,ORL,1610612753,PF,2022-23,2,12,4.58,3.67,0.50,1.17,0.33,0.33,10.33,0.4151,0.4000,0.5556,-1.58,0.4717,0.4828,0.2116,22.86,6.70
1255,Anthony Edwards,1630162,Minnesota Timberwolves,MIN,1610612750,SG,2025-26,5,61,28.80,4.95,3.70,1.36,0.80,2.85,35.03,0.4890,0.3988,0.7963,2.66,0.5723,0.6172,0.3175,22.86,2.77
2420,Frank Kaminsky,1626163,Phoenix Suns,PHX,1610612756,PF,2021-22,1,13,7.31,3.15,1.00,0.62,0.54,0.38,13.91,0.5455,0.3333,0.9000,3.00,0.5833,0.6350,0.1898,22.85,3.70
2287,Jalen Johnson,1630552,Atlanta Hawks,ATL,1610612737,SF,2024-25,4,50,13.30,6.98,3.54,1.10,0.72,2.10,24.91,0.5028,0.3212,0.7521,1.32,0.5446,0.5730,0.2266,22.83,5.49
4987,Robert Williams III,1629057,Boston Celtics,BOS,1610612738,C,2022-23,2,35,7.97,8.34,1.43,0.63,1.37,0.97,23.54,0.7471,0.0000,0.6098,4.94,0.7471,0.7419,0.1176,22.82,2.56
172,Deandre Ayton,1629028,Portland Trail Blazers,POR,1610612757,C,2023-24,3,56,16.43,10.88,1.61,1.00,0.75,1.77,31.85,0.5701,0.1000,0.8228,-5.68,0.5708,0.5869,0.2140,22.82,1.38
5042,Christian Wood,1626174,Dallas Mavericks,DAL,1610612742,PF,2022-23,2,70,15.91,7.01,1.73,0.43,1.03,1.73,24.84,0.5150,0.3763,0.7722,-0.66,0.5832,0.6240,0.2645,22.81,2.26
4107,Day'Ron Sharpe,1630549,Brooklyn Nets,BKN,1610612751,C,2023-24,3,71,5.85,5.48,1.20,0.34,0.62,0.99,12.97,0.5714,0.2667,0.6098,0.90,0.5782,0.5961,0.1972,22.78,4.16
427,Devin Booker,1626164,Phoenix Suns,PHX,1610612756,PG,2021-22,1,78,23.36,4.38,4.22,0.99,0.33,2.08,30.06,0.4659,0.3828,0.8678,6.01,0.5303,0.5763,0.3213,22.76,5.48
2750,Kevin Love,201567,Miami Heat,MIA,1610612748,PF,2023-24,3,62,7.82,5.45,1.85,0.29,0.16,0.77,14.91,0.4401,0.3443,0.7870,1.76,0.5571,0.5965,0.2198,22.74,5.94
204,LaMelo Ball,1630163,Charlotte Hornets,CHA,1610612766,PG,2021-22,1,76,19.84,6.59,7.51,1.57,0.39,3.22,31.87,0.4290,0.3894,0.8724,1.30,0.5167,0.5540,0.2820,22.68,10.23
185,Marvin Bagley III,1628963,Washington Wizards,WAS,1610612764,PF,2024-25,4,26,3.58,2.12,0.27,0.27,0.19,0.42,6.25,0.5429,0.2000,0.6522,-0.81,0.5571,0.5804,0.2335,22.67,1.35
1832,James Harden,201935,Los Angeles Clippers,LAC,1610612746,PG,2025-26,5,44,25.41,4.82,8.14,1.30,0.36,3.68,35.43,0.4189,0.3470,0.9011,0.45,0.5065,0.5975,0.3157,22.62,7.92
3372,Jusuf Nurkić,203994,Charlotte Hornets,CHA,1610612766,C,2024-25,4,30,7.93,5.63,2.27,0.57,0.60,1.33,15.70,0.4974,0.2826,0.6271,-3.83,0.5317,0.5536,0.2339,22.57,6.60
3248,Jamal Murray,1627750,Denver Nuggets,DEN,1610612743,PG,2023-24,3,59,21.19,4.10,6.51,0.97,0.66,2.12,31.55,0.4807,0.4252,0.8533,5.27,0.5543,0.5858,0.2829,22.57,8.28
1507,Daniel Gafford,1629655,Washington Wizards,WAS,1610612764,PF,2021-22,1,74,9.15,5.50,0.92,0.41,1.34,0.88,19.51,0.6934,0.0000,0.6993,-2.84,0.6934,0.7077,0.1681,22.56,1.35
2707,Damian Lillard,203081,Milwaukee Bucks,MIL,1610612749,PG,2024-25,4,57,24.95,4.67,7.07,1.18,0.18,2.81,36.06,0.4490,0.3765,0.9227,0.84,0.5479,0.6227,0.2777,22.55,6.57
2391,David Jones Garcia,1642357,San Antonio Spurs,SAS,1610612759,PG,2025-26,5,21,1.52,0.62,0.86,0.29,0.05,0.24,3.24,0.5200,0.6000,0.5000,1.81,0.5800,0.5789,0.2057,22.52,12.62
4907,Alondes Williams,1631214,Washington Wizards,WAS,1610612764,SG,2025-26,5,4,11.00,6.25,3.00,0.75,0.75,1.25,25.20,0.6154,0.3571,0.8750,8.75,0.7115,0.7453,0.1458,22.47,3.37
3653,Kristaps Porziņģis,204001,Boston Celtics,BOS,1610612738,PF,2024-25,4,53,15.43,5.36,1.64,0.58,1.19,1.00,22.83,0.4826,0.4120,0.8090,3.26,0.5723,0.6182,0.2596,22.45,3.53
3881,Mitchell Robinson,1629011,New York Knicks,NYK,1610612752,C,2025-26,5,59,5.68,8.75,0.88,0.95,1.12,0.69,19.61,0.7206,,0.4059,2.59,0.7206,0.6742,0.1084,22.42,3.28
2983,JaVale McGee,201580,Sacramento Kings,SAC,1610612758,C,2023-24,3,81,2.28,1.56,0.21,0.17,0.25,0.42,4.19,0.5985,0.1429,0.5778,0.09,0.6023,0.6094,0.2352,22.40,0.94
3372,Jusuf Nurkić,203994,Phoenix Suns,PHX,1610612756,C,2023-24,3,77,10.77,10.87,3.91,1.05,1.04,2.27,26.99,0.5104,0.2444,0.6398,5.25,0.5279,0.5587,0.1930,22.40,6.56
4107,Day'Ron Sharpe,1630549,Brooklyn Nets,BKN,1610612751,C,2025-26,5,63,8.57,6.56,2.30,1.06,0.41,1.68,18.41,0.6011,0.2308,0.6776,-1.81,0.6138,0.6385,0.1990,22.38,4.33
25,Bam Adebayo,1628389,Miami Heat,MIA,1610612748,C,2022-23,2,79,19.35,8.71,3.04,1.11,0.77,2.37,32.88,0.5404,0.0833,0.8060,1.48,0.5408,0.5922,0.2547,22.35,2.79
4687,Nikola Vučević,202696,Chicago Bulls,CHI,1610612741,C,2025-26,5,48,16.88,8.98,3.77,0.67,0.65,1.44,30.84,0.5045,0.3761,0.8378,-2.50,0.5667,0.5848,0.2183,22.35,5.19
4606,Myles Turner,1626167,Indiana Pacers,IND,1610612754,C,2022-23,2,67,16.61,6.96,1.33,0.54,2.09,1.54,27.24,0.5484,0.3735,0.7826,-0.70,0.6119,0.6513,0.2236,22.34,1.97
5101,Trae Young,1629027,Atlanta Hawks,ATL,1610612737,PG,2023-24,3,62,22.40,2.40,9.40,1.16,0.18,3.79,31.32,0.4296,0.3731,0.8550,-1.87,0.5164,0.5850,0.3045,22.34,10.45
209,Paolo Banchero,1631094,Orlando Magic,ORL,1610612753,PF,2024-25,4,46,25.89,7.50,4.76,0.78,0.61,2.96,34.38,0.4523,0.3199,0.7273,-0.46,0.5000,0.5512,0.3404,22.33,4.89
2190,Jaren Jackson Jr.,1628991,Memphis Grizzlies,MEM,1610612763,PF,2022-23,2,63,18.62,6.76,0.95,1.03,3.00,1.70,28.37,0.5061,0.3546,0.7876,5.81,0.5669,0.6131,0.2485,22.33,2.73
2166,Isaiah Jackson,1630543,Los Angeles Clippers,LAC,1610612746,SF,2025-26,5,22,5.77,3.59,0.95,0.45,0.91,0.68,12.28,0.7639,0.0000,0.5484,1.95,0.7639,0.7415,0.1654,22.32,2.84
2037,Chet Holmgren,1631096,Oklahoma City Thunder,OKC,1610612760,C,2024-25,4,34,14.09,7.56,1.85,0.68,2.09,1.65,25.79,0.4897,0.3793,0.7537,8.65,0.5543,0.5988,0.2221,22.31,3.40
2166,Isaiah Jackson,1630543,Indiana Pacers,IND,1610612754,SF,2023-24,3,79,4.85,3.01,0.63,0.43,0.77,0.49,9.76,0.6652,0.0000,0.7157,0.37,0.6652,0.6891,0.1733,22.31,3.49
3418,Onyeka Okongwu,1630168,Atlanta Hawks,ATL,1610612737,PF,2024-25,4,74,13.24,8.88,2.27,0.93,0.92,1.22,27.62,0.5685,0.3151,0.7570,0.50,0.6024,0.6338,0.1737,22.30,3.44
1784,Tyrese Haliburton,1630169,Indiana Pacers,IND,1610612754,PG,2021-22,1,26,17.46,4.31,9.58,1.85,0.58,3.23,36.06,0.5015,0.4161,0.8488,-3.88,0.5898,0.6291,0.2000,22.30,9.87
2904,Tyrese Maxey,1630178,Philadelphia 76ers,PHI,1610612755,PG,2025-26,5,70,28.29,4.14,6.59,1.86,0.79,2.44,38.02,0.4624,0.3673,0.8921,1.61,0.5356,0.5877,0.2974,22.27,7.07
694,Clint Capela,203991,Atlanta Hawks,ATL,1610612737,C,2024-25,4,56,8.61,8.23,1.11,0.59,0.88,0.82,20.50,0.5628,0.0000,0.5474,-1.21,0.5628,0.5687,0.1680,22.26,3.09
2148,Kyrie Irving,202681,Brooklyn Nets,BKN,1610612751,PG,2022-23,2,41,26.44,4.98,5.15,1.00,0.80,2.22,36.05,0.4860,0.3736,0.8827,3.07,0.5653,0.6037,0.3030,22.25,5.44
1594,Shai Gilgeous-Alexander,1628983,Oklahoma City Thunder,OKC,1610612760,PG,2021-22,1,56,24.48,4.96,5.91,1.27,0.82,2.75,34.68,0.4534,0.2997,0.8099,-4.71,0.4957,0.5572,0.3082,22.23,6.71
1222,Kevin Durant,201142,Houston Rockets,HOU,1610612745,PF,2025-26,5,78,25.97,5.46,4.77,0.79,0.91,3.15,36.41,0.5203,0.4133,0.8737,4.36,0.5879,0.6405,0.2737,22.23,2.43
3648,Kevin Porter Jr.,1629645,Milwaukee Bucks,MIL,1610612749,PG,2024-25,4,31,11.35,3.81,3.61,1.23,0.06,1.68,19.30,0.4939,0.4085,0.8710,1.74,0.5531,0.6156,0.2502,22.22,6.72
5123,Ivica Zubac,1627826,Los Angeles Clippers,LAC,1610612746,C,2023-24,3,71,11.18,8.82,1.31,0.31,1.17,1.11,25.27,0.6493,,0.7229,2.59,0.6493,0.6706,0.1658,22.22,1.18
4107,Day'Ron Sharpe,1630549,Brooklyn Nets,BKN,1610612751,C,2021-22,1,57,3.47,2.81,0.30,0.18,0.26,0.53,6.85,0.5772,0.2857,0.5854,1.00,0.5839,0.5927,0.2180,22.20,1.32
820,Nic Claxton,1629651,Brooklyn Nets,BKN,1610612751,C,2023-24,3,75,11.21,9.41,1.96,0.61,1.95,1.24,28.21,0.6289,0.2000,0.5510,-3.71,0.6297,0.6293,0.1574,22.20,2.98
3184,Ja Morant,1629630,Memphis Grizzlies,MEM,1610612763,PG,2024-25,4,51,22.73,4.02,7.14,1.20,0.24,3.63,29.78,0.4544,0.3088,0.8245,4.43,0.5039,0.5630,0.3243,22.19,8.13
3132,Donovan Mitchell,1628378,Cleveland Cavaliers,CLE,1610612739,PG,2022-23,2,70,27.46,4.13,4.30,1.41,0.39,2.57,34.75,0.4843,0.3858,0.8668,4.83,0.5717,0.6145,0.3239,22.16,3.78
5123,Ivica Zubac,1627826,Los Angeles Clippers,LAC,1610612746,C,2021-22,1,76,10.33,8.47,1.58,0.47,1.01,1.50,24.36,0.6263,,0.7269,-1.71,0.6263,0.6598,0.1690,22.15,1.48
1832,James Harden,201935,Los Angeles Clippers,LAC,1610612746,PG,2024-25,4,79,22.81,5.77,8.70,1.49,0.70,4.32,35.31,0.4100,0.3518,0.8737,4.35,0.5008,0.5815,0.2984,22.13,8.51
4087,Alperen Sengun,1630578,Houston Rockets,HOU,1610612745,C,2022-23,2,76,14.59,8.92,3.83,0.92,0.92,2.54,28.56,0.5532,0.3333,0.7153,-3.72,0.5651,0.5990,0.2156,22.08,4.74
3625,Jakob Poeltl,1627751,Toronto Raptors,TOR,1610612761,C,2023-24,3,50,11.10,8.58,2.54,0.70,1.52,1.54,26.38,0.6561,,0.5514,-0.34,0.6561,0.6528,0.1625,22.07,3.54
260,Charles Bassey,1629646,San Antonio Spurs,SAS,1610612759,C,2024-25,4,54,2.91,2.80,0.31,0.26,0.56,0.43,6.89,0.5812,,0.6364,-2.24,0.5812,0.5969,0.1784,22.05,2.87
814,Brandon Clarke,1629634,Memphis Grizzlies,MEM,1610612763,SF,2022-23,2,56,9.98,5.54,1.29,0.61,0.66,0.98,19.47,0.6562,0.1667,0.7194,-0.25,0.6576,0.6814,0.1773,22.04,1.76
185,Marvin Bagley III,1628963,Dallas Mavericks,DAL,1610612742,PF,2025-26,5,25,9.68,6.00,1.16,0.32,0.64,0.68,18.81,0.6061,0.4848,0.5532,-4.56,0.6545,0.6517,0.1796,22.02,1.97
1507,Daniel Gafford,1629655,Washington Wizards,WAS,1610612764,PF,2023-24,3,45,10.89,8.02,1.53,0.98,2.16,1.02,26.48,0.6905,,0.7059,-4.16,0.6905,0.7074,0.1396,22.02,2.79
1255,Anthony Edwards,1630162,Minnesota Timberwolves,MIN,1610612750,SG,2023-24,3,79,25.94,5.44,5.13,1.28,0.53,3.05,35.07,0.4608,0.3571,0.8360,5.47,0.5218,0.5754,0.3248,22.00,4.44
5123,Ivica Zubac,1627826,Los Angeles Clippers,LAC,1610612746,C,2025-26,5,43,14.40,11.00,2.23,0.37,0.84,1.91,30.89,0.6131,,0.7045,-0.05,0.6131,0.6354,0.1906,21.98,1.07
4007,Alex Sarr,1642259,Washington Wizards,WAS,1610612764,C,2025-26,5,57,13.74,6.23,2.28,0.68,1.67,1.44,22.88,0.4817,0.3333,0.6918,-6.16,0.5198,0.5436,0.2580,21.98,5.22
2148,Kyrie Irving,202681,Brooklyn Nets,BKN,1610612751,PG,2021-22,1,29,27.45,4.38,5.76,1.41,0.59,2.52,37.64,0.4692,0.4184,0.9147,4.17,0.5503,0.5916,0.2951,21.97,5.62
3658,Micah Potter,1630695,Utah Jazz,UTA,1610612762,C,2022-23,2,24,1.00,0.67,0.17,0.04,0.00,0.08,2.18,0.6667,0.5714,,-0.13,0.8000,0.8000,0.1369,21.97,1.32
260,Charles Bassey,1629646,San Antonio Spurs,SAS,1610612759,C,2022-23,2,37,5.38,5.22,1.30,0.43,0.89,1.11,13.72,0.6444,0.3750,0.5946,-0.86,0.6556,0.6577,0.1578,21.96,3.71
4606,Myles Turner,1626167,Indiana Pacers,IND,1610612754,C,2023-24,3,78,16.83,6.83,1.28,0.50,1.85,1.40,26.62,0.5237,0.3580,0.7729,2.82,0.5875,0.6261,0.2351,21.96,1.72
2024,Jrue Holiday,201950,Milwaukee Bucks,MIL,1610612749,PG,2022-23,2,67,19.25,5.09,7.39,1.18,0.37,2.94,32.57,0.4790,0.3844,0.8588,7.18,0.5562,0.5859,0.2532,21.95,8.28
260,Charles Bassey,1629646,Philadelphia 76ers,PHI,1610612755,C,2021-22,1,64,1.08,0.97,0.11,0.08,0.27,0.13,2.62,0.6383,0.0000,0.7500,-0.53,0.6383,0.6599,0.1633,21.94,3.27
233,Scottie Barnes,1630567,Toronto Raptors,TOR,1610612761,SG,2025-26,5,80,18.10,7.50,5.93,1.43,1.45,2.63,33.51,0.5067,0.3036,0.8148,3.33,0.5370,0.5775,0.2358,21.93,7.10
3735,Julius Randle,203944,New York Knicks,NYK,1610612752,PF,2023-24,3,50,22.04,8.46,4.58,0.50,0.24,3.18,32.60,0.4725,0.3115,0.7815,4.36,0.5179,0.5687,0.2977,21.92,3.58
185,Marvin Bagley III,1628963,Washington Wizards,WAS,1610612764,PF,2025-26,5,43,8.95,5.02,1.30,0.47,0.63,1.02,16.99,0.6260,0.4211,0.7113,-2.47,0.6423,0.6668,0.1913,21.92,1.64
5103,Omer Yurtseven,1630209,Miami Heat,MIA,1610612748,C,2021-22,1,78,3.83,3.77,0.63,0.22,0.26,0.53,9.05,0.5263,0.0909,0.6230,0.81,0.5283,0.5459,0.1999,21.91,3.20
4137,Pascal Siakam,1627783,Toronto Raptors,TOR,1610612761,PF,2021-22,1,68,22.81,8.53,5.29,1.25,0.62,2.66,37.91,0.4938,0.3440,0.7493,3.78,0.5249,0.5645,0.2608,21.90,5.19
4137,Pascal Siakam,1627783,Toronto Raptors,TOR,1610612761,PF,2022-23,2,71,24.23,7.83,5.85,0.92,0.51,2.38,37.35,0.4798,0.3240,0.7743,1.73,0.5152,0.5652,0.2744,21.90,6.28
3372,Jusuf Nurkić,203994,Utah Jazz,UTA,1610612762,C,2025-26,5,49,9.12,8.67,4.00,1.06,0.45,2.06,22.10,0.5028,0.3521,0.5487,-3.82,0.5377,0.5482,0.1932,21.88,7.79
4936,Jalen Williams,1631114,Oklahoma City Thunder,OKC,1610612760,SG,2024-25,4,71,20.70,5.13,4.92,1.55,0.65,2.07,30.96,0.4852,0.3642,0.7879,6.28,0.5383,0.5748,0.2759,21.88,6.44
2395,DeAndre Jordan,201599,Los Angeles Lakers,LAL,1610612747,C,2021-22,1,60,2.20,2.87,0.22,0.17,0.43,0.35,6.81,0.6742,,0.4615,-1.80,0.6742,0.6571,0.1285,21.88,1.31
45,LaMarcus Aldridge,200746,Brooklyn Nets,BKN,1610612751,C,2021-22,1,53,11.45,4.87,0.79,0.26,0.89,0.83,19.82,0.5502,0.3043,0.8725,0.36,0.5655,0.6035,0.2256,21.87,0.62
61,Jarrett Allen,1628386,Cleveland Cavaliers,CLE,1610612739,C,2022-23,2,71,13.65,9.38,1.59,0.76,1.18,1.31,31.28,0.6438,0.1000,0.7330,4.86,0.6446,0.6699,0.1657,21.85,0.95
3132,Donovan Mitchell,1628378,Cleveland Cavaliers,CLE,1610612739,PG,2024-25,4,71,23.96,4.54,4.99,1.34,0.24,2.10,31.43,0.4432,0.3681,0.8232,7.35,0.5314,0.5749,0.3118,21.85,6.28
1554,Luka Garza,1630568,Minnesota Timberwolves,MIN,1610612750,C,2022-23,2,50,3.62,1.26,0.36,0.06,0.04,0.28,4.86,0.5431,0.3590,0.7885,0.36,0.6034,0.6516,0.2720,21.84,1.77
204,LaMelo Ball,1630163,Charlotte Hornets,CHA,1610612766,PG,2023-24,3,23,22.87,4.91,7.65,1.74,0.17,3.61,30.93,0.4326,0.3553,0.8654,-6.04,0.5154,0.5611,0.3303,21.84,9.67
2144,Brandon Ingram,1627742,New Orleans Pelicans,NOP,1610612740,SF,2022-23,2,45,24.71,5.47,5.82,0.71,0.42,3.29,34.17,0.4838,0.3902,0.8824,2.13,0.5222,0.5824,0.3116,21.82,4.90
2712,Dereck Lively II,1641726,Dallas Mavericks,DAL,1610612742,C,2024-25,4,46,6.83,5.87,1.85,0.43,1.22,0.89,18.11,0.7016,,0.6301,2.63,0.7016,0.7037,0.1363,21.80,4.02
1329,Drew Eubanks,1629234,Portland Trail Blazers,POR,1610612757,PF,2021-22,1,23,13.83,8.09,1.52,0.78,0.43,1.52,28.25,0.6462,0.2667,0.7843,-10.96,0.6557,0.6782,0.1787,21.80,-0.01
233,Scottie Barnes,1630567,Toronto Raptors,TOR,1610612761,SG,2024-25,4,67,18.69,7.49,5.64,1.39,0.94,2.75,31.86,0.4459,0.2714,0.7550,-1.94,0.4817,0.5235,0.2725,21.78,7.37
515,Mikal Bridges,1628969,Brooklyn Nets,BKN,1610612751,SG,2022-23,2,27,26.15,4.48,2.67,0.96,0.59,1.81,34.19,0.4751,0.3757,0.8939,-0.26,0.5427,0.6068,0.3033,21.76,1.75
2677,Kawhi Leonard,202695,Los Angeles Clippers,LAC,1610612746,SF,2024-25,4,37,21.51,5.92,3.14,1.59,0.46,1.95,31.89,0.4976,0.4105,0.8099,8.00,0.5602,0.5885,0.2821,21.74,3.10
23,Steven Adams,203500,Memphis Grizzlies,MEM,1610612763,C,2022-23,2,42,8.60,11.55,2.31,0.86,1.10,1.88,26.98,0.5970,0.0000,0.3643,5.79,0.5970,0.5645,0.1436,21.73,3.50
209,Paolo Banchero,1631094,Orlando Magic,ORL,1610612753,PF,2025-26,5,69,22.20,8.33,5.17,0.67,0.58,3.06,34.68,0.4598,0.3086,0.7720,-0.06,0.4959,0.5679,0.2776,21.72,4.27
2010,Jaylen Hoard,1629658,Oklahoma City Thunder,OKC,1610612760,PF,2021-22,1,8,12.88,10.50,2.13,0.75,0.63,1.00,29.93,0.4889,0.3600,0.4286,-10.88,0.5389,0.5356,0.1918,21.70,3.60
2191,Trayce Jackson-Davis,1631218,Golden State Warriors,GSW,1610612744,PF,2024-25,4,82,4.96,3.79,1.27,0.28,0.46,0.55,11.79,0.5762,0.0000,0.5784,-0.74,0.5762,0.5867,0.1722,21.70,4.29
1573,Paul George,202331,Los Angeles Clippers,LAC,1610612746,SF,2021-22,1,32,23.56,6.66,5.50,2.09,0.41,3.94,33.67,0.4214,0.3541,0.8581,2.88,0.4929,0.5377,0.3385,21.70,5.85
4566,Karl-Anthony Towns,1626157,Minnesota Timberwolves,MIN,1610612750,C,2022-23,2,29,20.76,8.14,4.83,0.69,0.59,2.97,33.00,0.4953,0.3659,0.8741,1.34,0.5654,0.6176,0.2539,21.68,4.37
4137,Pascal Siakam,1627783,Toronto Raptors,TOR,1610612761,PF,2023-24,3,40,21.63,6.15,4.75,0.80,0.25,2.08,33.86,0.5217,0.3172,0.7578,0.23,0.5586,0.5998,0.2545,21.66,3.96
593,Jalen Brunson,1628973,New York Knicks,NYK,1610612752,PG,2024-25,4,67,25.22,2.79,7.09,0.90,0.12,2.45,34.34,0.4875,0.3829,0.8214,2.18,0.5508,0.6048,0.2977,21.65,6.61
4987,Robert Williams III,1629057,Portland Trail Blazers,POR,1610612757,C,2024-25,4,54,2.15,2.19,0.39,0.24,0.61,0.31,6.51,0.6410,0.3333,0.8824,-0.31,0.6474,0.6785,0.1230,21.64,2.79
2729,Kenneth Lofton Jr.,1631254,Memphis Grizzlies,MEM,1610612763,SF,2022-23,2,47,2.55,1.09,0.43,0.11,0.04,0.26,3.74,0.5269,0.3529,0.5926,-1.02,0.5591,0.5721,0.2809,21.64,4.80
25,Bam Adebayo,1628389,Miami Heat,MIA,1610612748,C,2024-25,4,81,17.01,9.07,4.14,1.20,0.64,1.98,32.62,0.4848,0.3519,0.7640,0.02,0.5197,0.5599,0.2362,21.62,4.89
1590,Josh Giddey,1630581,Oklahoma City Thunder,OKC,1610612760,SG,2022-23,2,76,16.58,7.88,6.17,0.75,0.41,2.78,31.15,0.4821,0.3248,0.7310,-1.38,0.5161,0.5331,0.2467,21.60,7.38
4566,Karl-Anthony Towns,1626157,Minnesota Timberwolves,MIN,1610612750,C,2023-24,3,62,21.76,8.31,3.05,0.69,0.66,2.85,32.67,0.5037,0.4159,0.8733,5.18,0.5752,0.6248,0.2760,21.57,1.28
3649,Michael Porter Jr.,1629008,Brooklyn Nets,BKN,1610612751,PF,2025-26,5,54,23.31,6.80,2.93,1.02,0.24,2.26,31.27,0.4635,0.3629,0.8590,-3.80,0.5553,0.5951,0.3073,21.56,2.30
1217,Kris Dunn,1627739,Utah Jazz,UTA,1610612762,PG,2022-23,2,22,13.18,4.55,5.64,1.14,0.45,1.59,25.80,0.5370,0.4722,0.7736,-2.82,0.5764,0.6059,0.1995,21.55,9.09
2738,Kevon Looney,1626172,Golden State Warriors,GSW,1610612744,PF,2022-23,2,82,7.05,9.27,2.52,0.63,0.61,0.55,23.88,0.6302,0.0000,0.6065,1.91,0.6302,0.6391,0.1070,21.54,5.41
2707,Damian Lillard,203081,Milwaukee Bucks,MIL,1610612749,PG,2023-24,3,74,23.99,4.32,6.86,0.97,0.24,2.61,34.84,0.4236,0.3537,0.9202,5.26,0.5098,0.5904,0.2854,21.54,6.59
2094,Jay Huff,1630643,Washington Wizards,WAS,1610612764,C,2022-23,2,11,4.64,1.91,0.91,0.27,0.36,0.45,8.63,0.6000,0.5000,0.9375,-0.64,0.7200,0.7959,0.1683,21.53,3.19
3653,Kristaps Porziņģis,204001,Atlanta Hawks,ATL,1610612737,PF,2025-26,5,31,9.39,2.81,1.48,0.29,0.71,0.52,13.33,0.4571,0.3605,0.8395,1.58,0.5310,0.5923,0.2663,21.52,5.72
23,Steven Adams,203500,Memphis Grizzlies,MEM,1610612763,C,2021-22,1,76,6.95,10.00,3.37,0.86,0.79,1.51,26.29,0.5469,0.0000,0.5427,4.64,0.5469,0.5598,0.1213,21.51,5.27
1964,Tyler Herro,1629639,Miami Heat,MIA,1610612748,SG,2024-25,4,81,22.53,4.85,5.22,0.85,0.21,2.42,33.40,0.4719,0.3739,0.8847,1.01,0.5628,0.6042,0.2830,21.48,4.20
2024,Jrue Holiday,201950,Milwaukee Bucks,MIL,1610612749,PG,2021-22,1,70,17.50,4.30,6.53,1.54,0.41,2.61,31.54,0.5010,0.4112,0.7611,6.09,0.5702,0.5928,0.2367,21.47,7.23
2144,Brandon Ingram,1627742,New Orleans Pelicans,NOP,1610612740,SF,2021-22,1,60,20.77,5.33,5.12,0.57,0.43,2.52,31.16,0.4608,0.3274,0.8261,2.05,0.4985,0.5539,0.2977,21.47,5.23
3132,Donovan Mitchell,1628378,Utah Jazz,UTA,1610612762,PG,2021-22,1,67,25.87,4.21,5.34,1.48,0.18,2.99,33.82,0.4484,0.3547,0.8530,4.12,0.5327,0.5724,0.3311,21.43,5.17
602,Thomas Bryant,1628418,Miami Heat,MIA,1610612748,C,2023-24,3,82,2.65,1.72,0.28,0.12,0.20,0.26,5.38,0.5772,0.1818,0.8723,0.13,0.5906,0.6394,0.1943,21.42,0.92
361,Goga Bitadze,1629048,Orlando Magic,ORL,1610612753,C,2022-23,2,23,4.26,3.83,0.91,0.30,0.70,0.43,11.07,0.5753,0.1667,0.6667,0.48,0.5890,0.6055,0.1510,21.42,4.45
260,Charles Bassey,1629646,San Antonio Spurs,SAS,1610612759,C,2023-24,3,21,3.00,3.62,1.00,0.38,0.81,0.71,9.78,0.7250,0.0000,0.8333,-2.19,0.7250,0.7387,0.1180,21.41,3.97
409,Bol Bol,1629626,Phoenix Suns,PHX,1610612756,C,2023-24,3,71,3.14,1.93,0.24,0.14,0.35,0.27,6.60,0.6159,0.4231,0.7895,0.18,0.6887,0.6997,0.1657,21.40,0.18
5101,Trae Young,1629027,Atlanta Hawks,ATL,1610612737,PG,2025-26,5,18,10.72,0.83,4.94,0.56,0.06,1.44,15.56,0.4148,0.3051,0.8630,-2.06,0.4815,0.5774,0.2850,21.39,11.93
1590,Josh Giddey,1630581,Oklahoma City Thunder,OKC,1610612760,SG,2023-24,3,80,12.33,6.43,4.83,0.65,0.55,2.10,25.15,0.4746,0.3374,0.8065,4.70,0.5230,0.5468,0.2322,21.37,6.83
4697,Moritz Wagner,1629021,Orlando Magic,ORL,1610612753,PF,2023-24,3,82,10.59,4.23,1.17,0.48,0.26,1.18,17.25,0.6014,0.3304,0.8137,1.13,0.6359,0.6763,0.2302,21.37,-0.23
2591,Zach LaVine,203897,Chicago Bulls,CHI,1610612741,SG,2021-22,1,67,24.40,4.60,4.52,0.61,0.34,2.55,34.75,0.4764,0.3895,0.8533,-0.39,0.5544,0.6051,0.2908,21.36,2.76
1076,DeMar DeRozan,201942,Chicago Bulls,CHI,1610612741,PG,2022-23,2,74,24.54,4.64,5.09,1.12,0.49,2.07,36.24,0.5042,0.3239,0.8719,0.91,0.5219,0.5923,0.2804,21.34,4.45
1701,Javonte Green,1629750,Chicago Bulls,CHI,1610612741,SG,2023-24,3,11,10.00,6.09,0.45,0.91,0.73,0.64,20.95,0.6000,0.3704,0.7692,2.55,0.6667,0.6814,0.1692,21.33,0.06
1255,Anthony Edwards,1630162,Minnesota Timberwolves,MIN,1610612750,SG,2024-25,4,80,27.21,5.63,4.49,1.14,0.64,3.11,35.89,0.4473,0.3946,0.8367,3.64,0.5465,0.5947,0.3159,21.31,3.02
3246,Dejounte Murray,1627749,New Orleans Pelicans,NOP,1610612740,PG,2025-26,5,16,14.63,4.69,5.56,1.44,0.19,2.94,24.33,0.4835,0.3065,0.8667,1.25,0.5357,0.5798,0.2667,21.31,7.37
3651,Bobby Portis,1626171,Milwaukee Bucks,MIL,1610612749,PF,2024-25,4,55,12.18,7.31,1.85,0.64,0.45,1.04,22.20,0.4650,0.3714,0.8356,1.82,0.5205,0.5428,0.2420,21.31,3.83
2591,Zach LaVine,203897,Chicago Bulls,CHI,1610612741,SG,2024-25,4,42,23.98,4.81,4.50,0.93,0.24,2.88,34.10,0.5113,0.4459,0.7967,0.24,0.6070,0.6373,0.2669,21.30,2.02
563,Jaylen Brown,1627759,Boston Celtics,BOS,1610612738,SG,2022-23,2,68,26.24,6.75,3.41,1.10,0.38,2.90,35.37,0.4910,0.3347,0.7645,3.76,0.5499,0.5813,0.3151,21.29,2.06
1498,Markelle Fultz,1628365,Orlando Magic,ORL,1610612753,PG,2021-22,1,18,10.83,2.72,5.50,1.11,0.28,2.22,19.98,0.4743,0.2353,0.8065,-2.06,0.4857,0.5169,0.2767,21.28,10.38
1457,De'Aaron Fox,1628368,Sacramento Kings,SAC,1610612758,PG,2023-24,3,74,26.57,4.59,5.65,2.03,0.42,2.62,35.93,0.4648,0.3690,0.7376,3.15,0.5339,0.5665,0.3113,21.26,5.96
3620,Mason Plumlee,203486,Los Angeles Clippers,LAC,1610612746,PF,2022-23,2,23,7.48,6.91,1.74,0.48,0.52,1.30,19.86,0.7273,,0.7719,-0.04,0.7273,0.7605,0.1364,21.25,1.49
861,Zach Collins,1628380,Chicago Bulls,CHI,1610612741,PF,2025-26,5,16,6.06,3.50,0.94,0.13,0.25,0.63,11.48,0.5781,0.4286,0.7000,1.13,0.6484,0.6662,0.1872,21.24,1.29
1638,Aaron Gordon,203932,Denver Nuggets,DEN,1610612743,SF,2022-23,2,68,16.31,6.56,2.99,0.79,0.75,1.44,30.22,0.5637,0.3468,0.6083,7.62,0.6032,0.6167,0.2115,21.22,2.84
4282,Jeremy Sochan,1631110,New York Knicks,NYK,1610612752,SF,2025-26,5,26,1.69,1.31,0.46,0.27,0.08,0.12,4.26,0.5667,0.2000,0.8000,1.31,0.6000,0.6395,0.1502,21.22,5.30
857,John Collins,1628381,Utah Jazz,UTA,1610612762,PF,2024-25,4,41,18.49,7.98,1.95,0.95,0.98,2.51,29.77,0.5273,0.3986,0.8476,-0.39,0.5829,0.6284,0.2433,21.21,0.23
5101,Trae Young,1629027,Atlanta Hawks,ATL,1610612737,PG,2024-25,4,76,23.76,3.01,11.45,1.20,0.14,4.61,35.52,0.4102,0.3375,0.8768,0.50,0.4893,0.5653,0.2979,21.19,10.77
1832,James Harden,201935,Cleveland Cavaliers,CLE,1610612739,PG,2025-26,5,26,20.54,4.77,7.65,0.85,0.46,3.19,33.82,0.4659,0.4348,0.8400,3.04,0.5795,0.6388,0.2486,21.18,6.59
3759,Austin Reaves,1630559,Los Angeles Lakers,LAL,1610612747,PG,2025-26,5,52,22.83,4.62,5.38,1.08,0.38,2.90,33.87,0.4895,0.3598,0.8706,3.50,0.5669,0.6415,0.2702,21.17,3.38
2241,Ty Jerome,1629660,Cleveland Cavaliers,CLE,1610612739,PG,2024-25,4,70,12.54,2.47,3.39,1.11,0.04,1.31,19.89,0.5162,0.4387,0.8716,4.31,0.6060,0.6426,0.2379,21.15,5.32
4107,Day'Ron Sharpe,1630549,Brooklyn Nets,BKN,1610612751,C,2024-25,4,52,7.63,6.35,1.75,0.79,0.81,1.21,17.45,0.5205,0.2444,0.7568,1.23,0.5379,0.5679,0.1993,21.13,4.40
361,Goga Bitadze,1629048,Orlando Magic,ORL,1610612753,C,2025-26,5,76,4.75,4.05,1.07,0.47,0.76,0.54,12.26,0.6759,0.1818,0.7128,0.58,0.6806,0.7014,0.1359,21.12,3.64
4152,Ben Simmons,1627732,Brooklyn Nets,BKN,1610612751,PG,2023-24,3,16,5.75,7.44,5.38,0.75,0.56,1.69,22.44,0.5811,,0.4000,-2.38,0.5811,0.5707,0.1303,21.12,9.60
3881,Mitchell Robinson,1629011,New York Knicks,NYK,1610612752,C,2021-22,1,76,8.03,8.12,0.50,0.76,1.75,0.79,24.32,0.7609,,0.4862,-1.04,0.7609,0.7217,0.1153,21.12,0.51
593,Jalen Brunson,1628973,New York Knicks,NYK,1610612752,PG,2022-23,2,71,23.00,3.39,5.93,0.86,0.21,2.00,33.51,0.4912,0.4161,0.8291,2.14,0.5473,0.5971,0.2749,21.11,5.81
4137,Pascal Siakam,1627783,Indiana Pacers,IND,1610612754,PF,2025-26,5,70,21.21,5.87,3.37,0.99,0.36,1.97,29.38,0.4840,0.3584,0.6931,-3.29,0.5294,0.5619,0.3028,21.10,3.57
204,LaMelo Ball,1630163,Charlotte Hornets,CHA,1610612766,PG,2025-26,5,72,20.07,4.82,7.14,1.21,0.25,2.81,28.02,0.4068,0.3676,0.8994,5.78,0.5161,0.5462,0.3222,21.08,10.58
3705,Neemias Queta,1629674,Boston Celtics,BOS,1610612738,C,2025-26,5,79,9.82,8.05,1.59,0.76,1.27,0.95,24.39,0.6533,0.1250,0.7029,6.08,0.6543,0.6736,0.1479,21.08,2.16
3820,Kadary Richmond,1642955,Washington Wizards,WAS,1610612764,SG,2025-26,5,3,8.33,3.33,2.67,2.67,0.33,0.67,22.27,0.6250,0.5000,1.0000,1.67,0.6875,0.7217,0.1147,21.08,5.03
1832,James Harden,201935,Los Angeles Clippers,LAC,1610612746,PG,2023-24,3,72,16.56,5.13,8.53,1.07,0.79,2.57,34.31,0.4282,0.3811,0.8779,4.04,0.5414,0.6123,0.2078,21.04,9.01
332,Joan Beringer,1642866,Minnesota Timberwolves,MIN,1610612750,PF,2025-26,5,70,2.23,1.31,0.17,0.10,0.37,0.16,4.49,0.6633,,0.7027,0.33,0.6633,0.6825,0.1693,21.04,1.34
172,Deandre Ayton,1629028,Portland Trail Blazers,POR,1610612757,C,2024-25,4,64,9.00,6.34,1.00,0.48,0.61,1.08,18.84,0.5662,0.1875,0.6667,-2.53,0.5726,0.5825,0.1957,21.03,0.76
2074,Dwight Howard,2730,Los Angeles Lakers,LAL,1610612747,C,2021-22,1,77,4.83,4.62,0.45,0.44,0.47,0.61,12.61,0.6119,0.5333,0.6575,-1.66,0.6301,0.6567,0.1468,21.03,0.66
2395,DeAndre Jordan,201599,Philadelphia 76ers,PHI,1610612755,C,2021-22,1,20,3.70,4.60,0.40,0.10,0.45,0.80,10.70,0.5926,,0.7143,-1.95,0.5926,0.6150,0.1593,21.03,-0.58
2191,Trayce Jackson-Davis,1631218,Toronto Raptors,TOR,1610612761,PF,2025-26,5,24,1.29,1.38,0.29,0.17,0.21,0.21,3.54,0.5000,,0.4091,-1.13,0.5000,0.4893,0.1882,21.02,4.47
2822,Sandro Mamukelashvili,1630572,San Antonio Spurs,SAS,1610612759,PF,2024-25,4,80,4.70,2.24,0.54,0.24,0.20,0.33,8.23,0.5037,0.3774,0.7500,-0.33,0.6140,0.6338,0.2103,21.02,1.99
1573,Paul George,202331,Los Angeles Clippers,LAC,1610612746,SF,2022-23,2,56,23.79,6.11,5.14,1.48,0.36,3.14,34.63,0.4572,0.3709,0.8707,2.80,0.5359,0.5876,0.3003,21.01,4.50
4137,Pascal Siakam,1627783,Indiana Pacers,IND,1610612754,PF,2024-25,4,77,19.96,6.82,3.30,0.88,0.49,1.35,32.32,0.5165,0.3844,0.7351,4.03,0.5698,0.5972,0.2445,21.00,3.21
1251,Zach Edey,1641744,Memphis Grizzlies,MEM,1610612763,C,2024-25,4,68,8.97,8.06,0.96,0.53,1.25,1.29,20.82,0.5797,0.3462,0.7087,2.41,0.6005,0.6239,0.1658,20.99,1.20
4687,Nikola Vučević,202696,Chicago Bulls,CHI,1610612741,C,2023-24,3,77,17.79,10.40,3.30,0.65,0.78,1.56,33.89,0.4839,0.2939,0.8217,-2.34,0.5219,0.5403,0.2352,20.99,3.82
516,Miles Bridges,1628970,Charlotte Hornets,CHA,1610612766,PF,2024-25,4,64,20.31,7.52,3.88,0.69,0.70,2.13,31.70,0.4307,0.3133,0.8701,-4.05,0.4954,0.5413,0.2805,20.99,4.25
926,DeMarcus Cousins,202326,Milwaukee Bucks,MIL,1610612749,C,2021-22,1,18,8.56,5.44,1.00,0.89,0.44,0.89,15.92,0.4661,0.2708,0.8158,2.78,0.5212,0.5716,0.2246,20.96,3.57
245,RJ Barrett,1629628,Toronto Raptors,TOR,1610612761,SG,2023-24,3,36,19.33,5.67,3.61,0.53,0.36,2.19,29.77,0.5528,0.3917,0.6287,-3.78,0.6006,0.6154,0.2575,20.96,2.04
1881,Josh Hart,1628404,Portland Trail Blazers,POR,1610612757,SG,2021-22,1,16,16.19,4.38,3.50,1.00,0.13,2.06,26.06,0.5027,0.3735,0.7719,-5.31,0.5874,0.6224,0.2500,20.95,3.04
1621,Rudy Gobert,203497,Minnesota Timberwolves,MIN,1610612750,C,2025-26,5,79,10.49,11.04,1.62,0.73,1.57,1.34,30.13,0.6823,0.0000,0.5265,2.95,0.6823,0.6644,0.1300,20.95,1.15
2467,Walker Kessler,1631117,Utah Jazz,UTA,1610612762,C,2023-24,3,65,7.97,7.40,0.92,0.46,2.37,1.02,22.98,0.6543,0.2105,0.6022,-2.29,0.6600,0.6625,0.1285,20.95,1.32
926,DeMarcus Cousins,202326,Denver Nuggets,DEN,1610612743,C,2021-22,1,35,7.89,4.91,1.51,0.54,0.37,1.97,12.30,0.4563,0.3243,0.7356,-0.34,0.5146,0.5649,0.3142,20.94,3.13
286,Bradley Beal,203078,Washington Wizards,WAS,1610612764,PG,2022-23,2,54,21.48,3.63,5.02,0.83,0.61,2.69,30.98,0.5057,0.3653,0.8421,0.78,0.5513,0.5929,0.2952,20.92,4.21
2149,Jonathan Isaac,1628371,Orlando Magic,ORL,1610612753,PF,2023-24,3,63,6.24,4.13,0.48,0.68,1.11,0.43,14.52,0.5105,0.3750,0.7195,2.89,0.5839,0.6101,0.1682,20.90,2.11
4695,Franz Wagner,1630532,Orlando Magic,ORL,1610612753,PF,2025-26,5,32,20.84,5.13,3.38,1.00,0.34,1.69,30.19,0.4874,0.3383,0.8211,2.97,0.5345,0.5938,0.2656,20.90,2.93
4695,Franz Wagner,1630532,Orlando Magic,ORL,1610612753,PF,2024-25,4,60,24.15,5.70,4.73,1.25,0.35,2.30,33.73,0.4625,0.2955,0.8714,4.12,0.5073,0.5582,0.3137,20.87,4.73
3651,Bobby Portis,1626171,Milwaukee Bucks,MIL,1610612749,PF,2021-22,1,73,14.41,9.00,1.18,0.73,0.70,1.23,27.78,0.4788,0.3935,0.7522,4.30,0.5551,0.5713,0.2141,20.86,1.41
210,Desmond Bane,1630217,Memphis Grizzlies,MEM,1610612763,SG,2024-25,4,69,19.23,6.06,5.35,1.16,0.41,2.45,31.96,0.4843,0.3923,0.8939,2.07,0.5648,0.6004,0.2342,20.85,5.20
2954,T.J. McConnell,204456,Indiana Pacers,IND,1610612754,PG,2024-25,4,77,9.14,2.43,4.44,1.04,0.26,1.38,17.98,0.5215,0.3125,0.7403,-0.78,0.5338,0.5501,0.2351,20.85,9.46
4936,Jalen Williams,1631114,Oklahoma City Thunder,OKC,1610612760,SG,2025-26,5,32,17.06,4.56,5.53,1.09,0.28,1.91,28.23,0.4907,0.2917,0.8374,7.72,0.5151,0.5639,0.2622,20.83,6.96
2918,Skylar Mays,1630219,Portland Trail Blazers,POR,1610612757,PG,2022-23,2,6,15.33,3.17,8.33,1.00,0.17,1.67,31.47,0.5000,0.4615,0.9231,-12.33,0.5882,0.6240,0.1864,20.80,10.08
4093,Collin Sexton,1629012,Utah Jazz,UTA,1610612762,PG,2023-24,3,78,18.69,2.63,4.91,0.79,0.23,2.12,26.60,0.4875,0.3938,0.8595,-1.83,0.5491,0.6071,0.2768,20.79,5.00
5099,Thaddeus Young,201152,San Antonio Spurs,SAS,1610612759,SF,2021-22,1,52,3.04,1.79,1.13,0.44,0.13,0.58,7.12,0.5781,0.0000,0.4545,-0.58,0.5781,0.5738,0.1923,20.79,5.61
174,Udoka Azubuike,1628962,Utah Jazz,UTA,1610612762,C,2021-22,1,36,2.22,1.97,0.00,0.03,0.31,0.33,5.41,0.7551,,0.5455,0.11,0.7551,0.7429,0.1499,20.79,-2.95
4846,Coby White,1629632,Charlotte Hornets,CHA,1610612766,PG,2025-26,5,23,14.26,2.70,2.78,0.22,0.13,1.74,17.67,0.4609,0.3909,0.8391,4.17,0.5543,0.6113,0.3256,20.78,3.19
2420,Frank Kaminsky,1626163,Houston Rockets,HOU,1610612745,PF,2022-23,2,26,0.69,0.62,0.42,0.04,0.12,0.00,2.26,0.3158,0.2000,1.0000,-0.19,0.3684,0.4335,0.1477,20.77,11.27
409,Bol Bol,1629626,Phoenix Suns,PHX,1610612756,C,2024-25,4,77,3.17,1.35,0.29,0.12,0.32,0.26,5.82,0.5246,0.3441,0.7692,-0.48,0.6120,0.6274,0.2127,20.77,0.56
3881,Mitchell Robinson,1629011,New York Knicks,NYK,1610612752,C,2024-25,4,19,4.58,5.32,0.68,0.84,0.95,0.53,15.27,0.6607,,0.6842,1.21,0.6607,0.6759,0.1137,20.75,2.02
361,Goga Bitadze,1629048,Orlando Magic,ORL,1610612753,C,2024-25,4,74,6.78,6.26,1.85,0.66,1.32,0.97,19.31,0.6106,0.1071,0.6391,1.08,0.6150,0.6314,0.1454,20.75,3.85
210,Desmond Bane,1630217,Memphis Grizzlies,MEM,1610612763,SG,2022-23,2,59,21.14,4.93,4.31,0.95,0.37,2.14,31.22,0.4792,0.4079,0.8829,6.03,0.5676,0.6058,0.2641,20.73,4.09
1621,Rudy Gobert,203497,Minnesota Timberwolves,MIN,1610612750,C,2024-25,4,72,12.03,10.90,1.76,0.78,1.44,1.24,33.18,0.6686,,0.6740,4.54,0.6686,0.6872,0.1312,20.73,0.69
516,Miles Bridges,1628970,Charlotte Hornets,CHA,1610612766,PF,2021-22,1,80,20.16,6.99,3.75,0.93,0.84,1.88,35.46,0.4909,0.3312,0.8018,1.78,0.5544,0.5928,0.2273,20.71,2.99
1408,Cooper Flagg,1642843,Dallas Mavericks,DAL,1610612742,PF,2025-26,5,69,21.12,6.64,4.52,1.20,0.93,2.32,33.48,0.4712,0.2941,0.8234,-3.68,0.5008,0.5490,0.2706,20.70,4.52
2384,Tre Jones,1630200,Chicago Bulls,CHI,1610612741,PG,2024-25,4,18,11.50,3.22,4.89,1.06,0.28,0.78,25.26,0.5724,0.5000,0.8824,-2.28,0.6103,0.6470,0.1617,20.69,6.92
3372,Jusuf Nurkić,203994,Portland Trail Blazers,POR,1610612757,C,2022-23,2,55,12.62,8.56,2.71,0.78,0.80,2.16,25.30,0.5188,0.3613,0.6615,0.16,0.5614,0.5887,0.2234,20.69,3.34
3898,David Roddy,1631223,Denver Nuggets,DEN,1610612743,SF,2025-26,5,11,3.64,1.82,0.36,0.36,0.09,0.18,6.64,0.5000,0.2727,1.0000,0.45,0.5500,0.6046,0.2047,20.67,2.24
861,Zach Collins,1628380,Chicago Bulls,CHI,1610612741,PF,2024-25,4,30,8.00,6.23,1.97,0.50,0.47,1.23,18.40,0.5412,0.3000,0.8837,1.53,0.5941,0.6352,0.1715,20.65,2.84
1533,Darius Garland,1629636,Cleveland Cavaliers,CLE,1610612739,PG,2024-25,4,77,20.05,2.78,6.57,1.18,0.14,2.45,29.88,0.4719,0.4008,0.8784,6.48,0.5622,0.6002,0.2737,20.65,7.01
1507,Daniel Gafford,1629655,Washington Wizards,WAS,1610612764,PF,2022-23,2,79,8.92,5.48,1.06,0.42,1.25,1.08,20.31,0.7316,,0.6791,-1.13,0.7316,0.7386,0.1532,20.65,0.11
563,Jaylen Brown,1627759,Boston Celtics,BOS,1610612738,SG,2021-22,1,66,23.62,6.12,3.50,1.06,0.27,2.70,33.65,0.4733,0.3578,0.7579,6.86,0.5415,0.5745,0.3065,20.64,2.08
427,Devin Booker,1626164,Phoenix Suns,PHX,1610612756,PG,2025-26,5,64,26.06,3.88,6.03,0.80,0.28,3.14,33.54,0.4558,0.3297,0.8731,3.14,0.5067,0.5845,0.3218,20.63,4.51
2190,Jaren Jackson Jr.,1628991,Memphis Grizzlies,MEM,1610612763,PF,2024-25,4,74,22.18,5.64,2.00,1.24,1.53,2.07,29.82,0.4880,0.3753,0.7814,4.47,0.5482,0.5911,0.2830,20.63,1.91
204,LaMelo Ball,1630163,Charlotte Hornets,CHA,1610612766,PG,2022-23,2,37,22.65,6.24,8.22,1.24,0.30,3.49,34.27,0.4105,0.3760,0.8430,-4.05,0.5104,0.5412,0.2975,20.62,9.49
2384,Tre Jones,1630200,Chicago Bulls,CHI,1610612741,PG,2025-26,5,73,12.52,2.79,4.79,1.04,0.15,1.26,24.00,0.5527,0.3154,0.8414,-1.88,0.5859,0.6375,0.1934,20.61,6.25
1507,Daniel Gafford,1629655,Dallas Mavericks,DAL,1610612742,PF,2025-26,5,56,9.23,6.68,0.98,0.75,1.23,1.13,21.03,0.6550,,0.6772,-3.38,0.6550,0.6758,0.1590,20.60,0.56
2144,Brandon Ingram,1627742,New Orleans Pelicans,NOP,1610612740,SF,2023-24,3,65,20.49,4.98,5.58,0.77,0.62,2.51,32.35,0.4916,0.3554,0.8013,2.69,0.5339,0.5781,0.2729,20.60,4.93
3809,Nick Richards,1630208,Charlotte Hornets,CHA,1610612766,C,2022-23,2,80,6.65,5.20,0.48,0.14,0.89,0.74,15.23,0.6294,1.0000,0.7486,-1.41,0.6310,0.6760,0.1573,20.59,-0.17
209,Paolo Banchero,1631094,Orlando Magic,ORL,1610612753,PF,2023-24,3,80,22.55,6.93,5.39,0.89,0.59,3.09,34.99,0.4549,0.3390,0.7245,0.01,0.4972,0.5457,0.2990,20.59,4.27
814,Brandon Clarke,1629634,Memphis Grizzlies,MEM,1610612763,SF,2023-24,3,10,6.80,3.20,0.90,0.50,0.60,0.30,13.45,0.5593,0.1667,0.1429,-0.80,0.5678,0.5477,0.2033,20.59,3.10
3651,Bobby Portis,1626171,Milwaukee Bucks,MIL,1610612749,PF,2023-24,3,82,13.78,7.40,1.27,0.83,0.41,1.11,24.50,0.5076,0.4065,0.7903,-0.06,0.5621,0.5809,0.2296,20.58,1.30
1571,Keyonte George,1641718,Utah Jazz,UTA,1610612762,PG,2025-26,5,57,22.37,3.49,5.82,1.02,0.25,2.91,31.33,0.4563,0.3712,0.8915,-5.88,0.5323,0.6087,0.2829,20.56,4.56
2546,Luke Kornet,1628436,Boston Celtics,BOS,1610612738,C,2023-24,3,75,4.45,3.48,0.89,0.31,0.81,0.28,13.11,0.6995,1.0000,0.9074,2.91,0.7020,0.7365,0.1106,20.49,1.78
1176,Jeff Dowtin Jr.,1630288,Philadelphia 76ers,PHI,1610612755,PG,2023-24,3,15,3.47,1.33,1.80,0.47,0.07,0.33,9.48,0.5556,0.4737,0.7500,1.40,0.6806,0.6886,0.1348,20.49,6.26
857,John Collins,1628381,Atlanta Hawks,ATL,1610612737,PF,2021-22,1,54,16.22,7.81,1.81,0.61,1.04,1.11,30.79,0.5264,0.3636,0.7929,0.67,0.5761,0.6097,0.2065,20.48,1.47
42,Santi Aldama,1630583,Memphis Grizzlies,MEM,1610612763,PF,2024-25,4,67,12.10,6.21,2.81,0.78,0.43,1.06,24.77,0.4830,0.3681,0.6915,2.22,0.5756,0.5882,0.1854,20.48,3.78
3246,Dejounte Murray,1627749,Atlanta Hawks,ATL,1610612737,PG,2023-24,3,82,21.38,5.07,6.12,1.35,0.29,2.45,33.94,0.4593,0.3628,0.7939,-1.88,0.5280,0.5554,0.2681,20.46,6.10
3944,Terry Rozier,1626179,Charlotte Hornets,CHA,1610612766,PG,2023-24,3,31,22.45,3.77,6.39,1.03,0.39,2.10,34.37,0.4590,0.3578,0.8450,-9.42,0.5346,0.5745,0.2759,20.45,6.19
3735,Julius Randle,203944,Minnesota Timberwolves,MIN,1610612750,PF,2025-26,5,79,21.10,6.73,5.04,1.09,0.23,2.75,33.04,0.4805,0.3150,0.8024,2.94,0.5257,0.5848,0.2668,20.44,3.91
3787,Naz Reid,1629675,Minnesota Timberwolves,MIN,1610612750,C,2022-23,2,75,10.41,4.44,1.03,0.56,0.71,1.23,16.68,0.5373,0.3456,0.6772,-1.71,0.6023,0.6170,0.2485,20.44,1.27
2707,Damian Lillard,203081,Portland Trail Blazers,POR,1610612757,PG,2021-22,1,29,23.97,4.14,7.31,0.59,0.38,2.86,36.41,0.4022,0.3239,0.8785,-1.03,0.4855,0.5502,0.2959,20.42,6.44
1533,Darius Garland,1629636,Cleveland Cavaliers,CLE,1610612739,PG,2021-22,1,68,21.66,3.29,8.57,1.31,0.10,3.65,35.74,0.4621,0.3833,0.8921,5.53,0.5362,0.5758,0.2806,20.42,7.07
4495,Amen Thompson,1641708,Houston Rockets,HOU,1610612745,SG,2024-25,4,79,12.04,7.05,3.34,1.19,1.13,1.70,27.80,0.5557,0.2778,0.6885,3.57,0.5740,0.6024,0.1742,20.41,3.74
857,John Collins,1628381,Utah Jazz,UTA,1610612762,PF,2023-24,3,70,14.67,8.21,1.10,0.57,0.87,1.40,27.16,0.5322,0.3707,0.7946,-4.39,0.5898,0.6206,0.2042,20.39,-0.13
2845,Boban Marjanovic,1626246,Dallas Mavericks,DAL,1610612742,C,2021-22,1,76,1.29,0.51,0.04,0.00,0.04,0.20,1.68,0.6000,0.2500,0.5909,0.46,0.6071,0.6150,0.3354,20.38,-3.82
3418,Onyeka Okongwu,1630168,Atlanta Hawks,ATL,1610612737,PF,2022-23,2,80,9.89,7.20,1.01,0.70,1.34,1.01,23.11,0.6378,0.3077,0.7806,0.79,0.6419,0.6781,0.1518,20.38,1.02
4495,Amen Thompson,1641708,Houston Rockets,HOU,1610612745,SG,2023-24,3,62,9.55,6.60,2.63,1.26,0.61,1.45,22.39,0.5359,0.1379,0.6839,0.73,0.5448,0.5757,0.1840,20.37,4.14
4751,Kel'el Ware,1642276,Miami Heat,MIA,1610612748,C,2024-25,4,76,7.80,6.20,0.79,0.51,0.93,0.75,18.68,0.5553,0.3182,0.6866,0.54,0.5933,0.6045,0.1731,20.36,0.95
593,Jalen Brunson,1628973,New York Knicks,NYK,1610612752,PG,2025-26,5,73,25.85,3.33,6.78,0.77,0.11,2.37,34.95,0.4648,0.3690,0.8447,4.79,0.5314,0.5791,0.3064,20.34,5.94
1791,PJ Hall,1641790,Denver Nuggets,DEN,1610612743,C,2024-25,4,45,0.73,0.49,0.09,0.00,0.09,0.04,1.47,0.5833,0.2500,0.7500,-0.04,0.6250,0.6405,0.1797,20.34,2.30
4940,Jaylin Williams,1631119,Oklahoma City Thunder,OKC,1610612760,PF,2024-25,4,53,5.25,4.94,2.26,0.42,0.55,0.66,14.79,0.4389,0.3987,0.7667,5.70,0.5769,0.5935,0.1460,20.34,6.89
4836,Russell Westbrook,201566,Los Angeles Clippers,LAC,1610612746,PG,2022-23,2,21,15.81,4.86,7.62,1.10,0.48,3.38,30.22,0.4885,0.3562,0.6579,1.10,0.5382,0.5619,0.2511,20.32,8.06
2296,Keshad Johnson,1642352,Miami Heat,MIA,1610612748,SF,2024-25,4,49,0.88,0.57,0.08,0.10,0.08,0.08,2.00,0.6923,0.4286,0.4444,0.10,0.7500,0.7176,0.1544,20.32,0.34
4936,Jalen Williams,1631114,Oklahoma City Thunder,OKC,1610612760,SG,2023-24,3,71,19.08,3.97,4.54,1.13,0.63,1.73,31.32,0.5398,0.4274,0.8145,5.39,0.5916,0.6214,0.2378,20.32,3.94
2524,Nathan Knight,1630233,Minnesota Timberwolves,MIN,1610612750,PF,2021-22,1,77,1.79,1.10,0.29,0.09,0.10,0.23,3.47,0.5114,0.3077,0.7333,0.29,0.5341,0.6031,0.2077,20.30,2.18
3075,Khris Middleton,203114,Milwaukee Bucks,MIL,1610612749,SF,2021-22,1,70,18.93,5.09,5.11,1.09,0.26,2.71,30.59,0.4427,0.3733,0.8900,4.31,0.5220,0.5766,0.2669,20.29,4.70
733,Wendell Carter Jr.,1628976,Orlando Magic,ORL,1610612753,C,2022-23,2,60,14.47,8.28,2.20,0.50,0.55,1.77,28.16,0.5253,0.3556,0.7385,-0.68,0.5905,0.6211,0.2059,20.27,1.13
446,Chris Boucher,1628449,Toronto Raptors,TOR,1610612761,SF,2024-25,4,78,6.44,2.87,0.42,0.31,0.32,0.37,11.05,0.4919,0.3627,0.7816,0.06,0.5865,0.6148,0.2136,20.26,0.56
2148,Kyrie Irving,202681,Dallas Mavericks,DAL,1610612742,PG,2024-25,4,51,24.20,4.71,4.53,1.29,0.45,2.18,35.36,0.4730,0.4011,0.9159,2.43,0.5492,0.5937,0.2756,20.25,3.27
1882,Isaiah Hartenstein,1628392,New York Knicks,NYK,1610612752,C,2023-24,3,78,7.46,8.03,2.41,1.12,1.09,1.19,24.32,0.6438,0.3333,0.7070,5.21,0.6452,0.6704,0.1206,20.25,3.37
185,Marvin Bagley III,1628963,Detroit Pistons,DET,1610612765,PF,2023-24,3,39,6.79,3.03,0.69,0.13,0.36,0.74,12.27,0.5912,0.1667,0.8197,-1.90,0.5939,0.6375,0.2091,20.25,-1.16
2822,Sandro Mamukelashvili,1630572,San Antonio Spurs,SAS,1610612759,PF,2023-24,3,82,2.32,1.79,0.60,0.09,0.15,0.23,5.50,0.4710,0.2969,0.7353,0.55,0.5323,0.5590,0.1776,20.25,3.95
3809,Nick Richards,1630208,Charlotte Hornets,CHA,1610612766,C,2024-25,4,22,8.50,7.18,1.27,0.32,1.18,1.50,20.01,0.5614,0.0000,0.6782,-3.41,0.5614,0.6140,0.1770,20.25,0.62
172,Deandre Ayton,1629028,Los Angeles Lakers,LAL,1610612747,C,2025-26,5,74,12.12,7.77,0.80,0.55,0.95,1.12,26.46,0.6705,,0.6454,-0.11,0.6705,0.6764,0.1679,20.24,-1.49
4686,Tristan Vukcevic,1641774,Washington Wizards,WAS,1610612764,PF,2024-25,4,46,7.17,2.83,0.85,0.24,0.50,0.91,11.15,0.4959,0.3725,0.7761,-2.72,0.5744,0.6078,0.2597,20.21,0.93
1076,DeMar DeRozan,201942,Chicago Bulls,CHI,1610612741,PG,2023-24,3,80,23.71,4.25,5.26,1.13,0.56,1.69,37.36,0.4797,0.3333,0.8529,-0.78,0.5074,0.5840,0.2601,20.21,4.03
3648,Kevin Porter Jr.,1629645,Milwaukee Bucks,MIL,1610612749,PG,2025-26,5,40,16.53,4.95,7.00,2.08,0.48,2.75,31.52,0.4650,0.3217,0.8782,-2.68,0.5097,0.5672,0.2454,20.20,7.89
2904,Tyrese Maxey,1630178,Philadelphia 76ers,PHI,1610612755,PG,2023-24,3,73,24.88,3.53,5.93,0.95,0.45,1.59,35.97,0.4496,0.3726,0.8677,4.15,0.5243,0.5728,0.2811,20.20,5.77
2287,Jalen Johnson,1630552,Atlanta Hawks,ATL,1610612737,SF,2023-24,3,62,14.45,7.87,3.27,1.08,0.76,1.63,30.47,0.5114,0.3550,0.7279,-1.23,0.5620,0.5843,0.1925,20.18,3.13
2469,Braxton Key,1630296,Denver Nuggets,DEN,1610612743,SF,2023-24,3,50,0.44,0.36,0.18,0.04,0.02,0.02,1.20,0.4118,0.4000,0.7500,-0.22,0.4706,0.5361,0.1567,20.17,7.40
2546,Luke Kornet,1628436,Boston Celtics,BOS,1610612738,C,2021-22,1,23,1.13,1.09,0.35,0.13,0.09,0.00,3.71,0.5714,0.0000,0.6667,0.35,0.5714,0.5824,0.1160,20.16,4.63
2954,T.J. McConnell,204456,Indiana Pacers,IND,1610612754,PG,2022-23,2,76,8.55,3.08,5.22,1.07,0.13,1.88,20.08,0.5432,0.4407,0.8529,-0.82,0.5681,0.5899,0.1921,20.15,8.68
164,Deni Avdija,1630166,Portland Trail Blazers,POR,1610612757,SF,2024-25,4,81,15.05,6.44,3.47,0.88,0.43,2.42,26.68,0.4763,0.3655,0.7796,-0.96,0.5504,0.6049,0.2335,20.15,2.48
3439,Kelly Olynyk,203482,Utah Jazz,UTA,1610612762,PF,2023-24,3,51,7.96,4.98,4.29,0.73,0.24,1.59,19.98,0.5620,0.4286,0.8421,-1.16,0.6318,0.6771,0.1561,20.14,6.81
2395,DeAndre Jordan,201599,Denver Nuggets,DEN,1610612743,C,2024-25,4,82,2.55,3.46,0.65,0.20,0.33,0.49,8.42,0.6500,,0.4219,-0.57,0.6500,0.6214,0.1285,20.13,1.81
204,LaMelo Ball,1630163,Charlotte Hornets,CHA,1610612766,PG,2024-25,4,47,25.19,4.94,7.36,1.15,0.28,3.55,32.00,0.4048,0.3390,0.8428,-2.77,0.4940,0.5363,0.3570,20.13,8.45
820,Nic Claxton,1629651,Brooklyn Nets,BKN,1610612751,C,2021-22,1,57,7.19,4.63,0.75,0.42,0.89,0.67,17.09,0.6742,,0.5806,-0.51,0.6742,0.6723,0.1515,20.10,0.22
2035,Richaun Holmes,1626158,Sacramento Kings,SAC,1610612758,PF,2021-22,1,51,9.18,6.22,0.94,0.33,0.80,1.10,21.06,0.6600,0.4000,0.7778,-2.67,0.6633,0.6890,0.1591,20.10,-0.81
532,Malcolm Brogdon,1627763,Indiana Pacers,IND,1610612754,PG,2021-22,1,46,14.93,4.02,4.61,0.65,0.30,1.67,26.23,0.4475,0.3118,0.8563,0.00,0.5009,0.5572,0.2493,20.09,5.68
3144,Evan Mobley,1630596,Cleveland Cavaliers,CLE,1610612739,C,2022-23,2,80,15.96,8.89,2.80,0.75,1.49,1.83,33.94,0.5544,0.2157,0.6743,4.24,0.5660,0.5908,0.2040,20.06,1.99
1638,Aaron Gordon,203932,Denver Nuggets,DEN,1610612743,SF,2025-26,5,40,14.55,5.23,2.40,0.53,0.25,0.95,25.12,0.4975,0.3885,0.7669,6.80,0.5741,0.6195,0.2238,20.06,1.89
3075,Khris Middleton,203114,Milwaukee Bucks,MIL,1610612749,SF,2024-25,4,22,12.91,3.73,4.45,0.73,0.18,1.55,23.26,0.5196,0.4198,0.8636,2.86,0.6029,0.6357,0.2190,20.05,5.64
3653,Kristaps Porziņģis,204001,Golden State Warriors,GSW,1610612744,PF,2025-26,5,26,9.31,3.08,1.35,0.35,0.62,0.96,13.68,0.4326,0.3108,0.8442,-0.15,0.4972,0.5711,0.2863,20.05,2.99
3258,Mike Muscala,203488,Oklahoma City Thunder,OKC,1610612760,PF,2021-22,1,47,7.32,2.74,0.47,0.38,0.55,0.30,12.61,0.4556,0.4294,0.8421,0.49,0.5968,0.6299,0.2118,20.04,1.43
3125,Josh Minott,1631169,Minnesota Timberwolves,MIN,1610612750,SF,2023-24,3,64,0.78,0.27,0.13,0.08,0.08,0.03,1.43,0.4722,0.4000,0.8571,0.31,0.5278,0.5930,0.2150,20.03,4.60
2582,Kyle Kuzma,1628398,Washington Wizards,WAS,1610612764,SF,2023-24,3,71,21.87,6.54,4.17,0.52,0.69,2.70,32.13,0.4631,0.3356,0.7750,-7.92,0.5206,0.5474,0.2992,20.02,3.10
2166,Isaiah Jackson,1630543,Indiana Pacers,IND,1610612754,SF,2021-22,1,53,5.60,2.81,0.19,0.47,0.98,0.75,10.21,0.5631,0.3125,0.6818,-0.74,0.5752,0.6068,0.2245,19.99,0.27
1573,Paul George,202331,Los Angeles Clippers,LAC,1610612746,SF,2023-24,3,74,22.58,5.24,3.54,1.53,0.50,2.07,33.81,0.4709,0.4133,0.9072,6.23,0.5692,0.6125,0.2690,19.97,2.37
3526,Chris Paul,101108,Phoenix Suns,PHX,1610612756,PG,2022-23,2,67,12.22,3.75,7.82,1.36,0.33,1.70,28.18,0.4401,0.3755,0.8313,1.25,0.5135,0.5546,0.1948,19.97,11.52
174,Udoka Azubuike,1628962,Utah Jazz,UTA,1610612762,C,2022-23,2,75,1.67,1.59,0.15,0.08,0.20,0.24,4.78,0.8194,,0.3500,-1.11,0.8194,0.7735,0.1159,19.97,-1.67
3125,Josh Minott,1631169,Minnesota Timberwolves,MIN,1610612750,SF,2022-23,2,57,0.81,0.44,0.09,0.07,0.11,0.05,1.69,0.5000,0.3333,1.0000,0.42,0.5278,0.5820,0.1898,19.97,2.73
4495,Amen Thompson,1641708,Houston Rockets,HOU,1610612745,SG,2025-26,5,81,17.81,7.58,5.19,1.47,0.59,2.35,36.46,0.5335,0.2155,0.7795,4.54,0.5455,0.5935,0.2017,19.92,3.53
532,Malcolm Brogdon,1627763,Boston Celtics,BOS,1610612738,PG,2022-23,2,69,14.49,4.06,3.59,0.65,0.26,1.42,25.28,0.4836,0.4444,0.8696,2.64,0.5738,0.6150,0.2298,19.91,3.80
2712,Dereck Lively II,1641726,Dallas Mavericks,DAL,1610612742,C,2023-24,3,55,8.78,6.87,1.09,0.65,1.40,0.91,23.54,0.7466,0.0000,0.5062,2.62,0.7466,0.7282,0.1270,19.90,0.08
4697,Moritz Wagner,1629021,Orlando Magic,ORL,1610612753,PF,2021-22,1,66,8.55,3.52,1.32,0.30,0.20,0.85,14.54,0.4975,0.3284,0.8062,-2.26,0.5808,0.6228,0.2311,19.89,1.75
3735,Julius Randle,203944,New York Knicks,NYK,1610612752,PF,2021-22,1,73,19.82,9.81,5.07,0.73,0.53,3.36,34.85,0.4109,0.3077,0.7556,-2.25,0.4591,0.5086,0.2886,19.89,4.40
1329,Drew Eubanks,1629234,San Antonio Spurs,SAS,1610612759,PF,2021-22,1,54,4.22,3.63,0.93,0.24,0.56,0.85,11.01,0.5283,0.1250,0.7468,-1.37,0.5314,0.5884,0.1714,19.86,1.45
4836,Russell Westbrook,201566,Los Angeles Lakers,LAL,1610612747,PG,2022-23,2,53,15.60,6.06,7.38,1.00,0.43,3.47,28.14,0.4170,0.2958,0.6555,-0.83,0.4602,0.4960,0.2890,19.86,9.53
2591,Zach LaVine,203897,Chicago Bulls,CHI,1610612741,SG,2022-23,2,77,24.84,4.48,4.25,0.90,0.23,2.52,35.95,0.4849,0.3750,0.8481,0.23,0.5584,0.6068,0.2856,19.86,1.76
1879,Shaquille Harrison,1627885,Portland Trail Blazers,POR,1610612757,PG,2022-23,2,5,8.80,4.40,6.00,2.20,0.40,1.20,23.98,0.4167,0.3000,0.7333,-0.20,0.4583,0.5164,0.1720,19.86,12.49
2546,Luke Kornet,1628436,Boston Celtics,BOS,1610612738,C,2024-25,4,79,5.58,4.91,1.48,0.46,0.90,0.39,17.24,0.6679,0.0000,0.6907,5.08,0.6679,0.6833,0.1144,19.86,2.72
1457,De'Aaron Fox,1628368,Sacramento Kings,SAC,1610612758,PG,2024-25,4,45,24.98,5.00,6.13,1.47,0.44,2.96,36.95,0.4689,0.3217,0.8293,0.51,0.5210,0.5670,0.2894,19.85,4.70
2057,Al Horford,201143,Boston Celtics,BOS,1610612738,C,2021-22,1,70,10.01,7.57,3.31,0.70,1.31,0.93,28.64,0.4675,0.3358,0.8421,5.51,0.5457,0.5738,0.1500,19.85,4.66
928,Robert Covington,203496,Los Angeles Clippers,LAC,1610612746,SF,2021-22,1,23,10.39,5.09,1.04,1.26,1.22,0.74,22.12,0.5000,0.4495,0.8485,3.87,0.6512,0.6770,0.1682,19.84,1.95
3075,Khris Middleton,203114,Milwaukee Bucks,MIL,1610612749,SF,2022-23,2,33,15.06,4.24,4.94,0.70,0.15,2.15,24.28,0.4360,0.3148,0.9020,4.00,0.4988,0.5511,0.2742,19.84,6.74
427,Devin Booker,1626164,Phoenix Suns,PHX,1610612756,PG,2024-25,4,75,25.64,4.07,7.05,0.89,0.21,2.93,37.27,0.4606,0.3321,0.8944,-2.36,0.5250,0.5890,0.2945,19.83,4.96
3418,Onyeka Okongwu,1630168,Atlanta Hawks,ATL,1610612737,PF,2021-22,1,48,8.17,5.90,1.10,0.65,1.25,0.92,20.67,0.6903,,0.7273,2.29,0.6903,0.7143,0.1409,19.81,0.86
563,Jaylen Brown,1627759,Boston Celtics,BOS,1610612738,SG,2023-24,3,71,22.68,5.45,3.51,1.17,0.52,2.34,32.99,0.4992,0.3537,0.7033,5.82,0.5569,0.5800,0.2904,19.81,1.99
245,RJ Barrett,1629628,Toronto Raptors,TOR,1610612761,SG,2024-25,4,64,19.11,5.72,4.91,0.72,0.27,2.59,29.21,0.4684,0.3497,0.6302,-2.17,0.5229,0.5465,0.2873,19.80,4.64
1255,Anthony Edwards,1630162,Minnesota Timberwolves,MIN,1610612750,SG,2022-23,2,80,24.33,5.73,4.38,1.56,0.73,3.24,35.52,0.4588,0.3685,0.7559,1.21,0.5279,0.5635,0.3002,19.80,2.96
971,Cade Cunningham,1630595,Detroit Pistons,DET,1610612765,PG,2023-24,3,74,18.99,3.62,6.27,0.76,0.30,2.86,28.02,0.4490,0.3552,0.8686,-4.73,0.5000,0.5456,0.3099,19.79,6.68
3068,Chimezie Metu,1629002,Sacramento Kings,SAC,1610612758,PF,2022-23,2,81,3.96,2.44,0.49,0.27,0.26,0.40,8.50,0.5890,0.2368,0.7397,1.09,0.6096,0.6391,0.1771,19.79,0.87
5029,James Wiseman,1630164,Golden State Warriors,GSW,1610612744,C,2022-23,2,36,4.03,2.03,0.39,0.08,0.19,0.39,7.28,0.6277,0.5000,0.6842,-2.97,0.6330,0.6548,0.2016,19.79,-0.35
1964,Tyler Herro,1629639,Miami Heat,MIA,1610612748,SG,2025-26,5,52,13.02,3.04,2.62,0.44,0.23,1.23,19.86,0.4796,0.3784,0.9167,-0.73,0.5612,0.6018,0.2517,19.75,2.72
1194,Andre Drummond,203083,Philadelphia 76ers,PHI,1610612755,C,2025-26,5,81,4.98,6.57,0.99,0.47,0.60,0.75,15.20,0.4718,0.3556,0.6310,-1.06,0.5193,0.5388,0.1500,19.73,2.54
1223,Jalen Duren,1631105,Detroit Pistons,DET,1610612765,C,2022-23,2,74,8.27,8.04,1.01,0.59,0.80,1.24,22.57,0.6482,0.0000,0.6115,-3.77,0.6482,0.6551,0.1431,19.72,-0.16
3248,Jamal Murray,1627750,Denver Nuggets,DEN,1610612743,PG,2022-23,2,65,19.97,3.95,6.15,1.02,0.25,2.23,32.82,0.4544,0.3981,0.8333,4.62,0.5370,0.5713,0.2629,19.71,5.94
4235,Jalen Smith,1630188,Chicago Bulls,CHI,1610612741,PF,2025-26,5,56,9.66,6.34,1.16,0.43,0.75,0.95,19.56,0.4827,0.3727,0.7419,1.54,0.5842,0.6080,0.1915,19.70,1.28
2739,Brook Lopez,201572,Milwaukee Bucks,MIL,1610612749,C,2022-23,2,78,15.88,6.67,1.27,0.47,2.47,1.37,30.42,0.5306,0.3736,0.7842,5.10,0.6062,0.6305,0.1945,19.67,0.53
5123,Ivica Zubac,1627826,Los Angeles Clippers,LAC,1610612746,C,2022-23,2,77,10.62,9.82,1.00,0.38,1.27,1.52,28.17,0.6342,0.0000,0.6975,-0.43,0.6342,0.6610,0.1492,19.66,-0.89
1978,Buddy Hield,1627741,Atlanta Hawks,ATL,1610612737,SG,2025-26,5,29,1.24,0.28,0.17,0.07,0.00,0.21,1.77,0.4815,0.4118,1.0000,0.07,0.6111,0.6356,0.2793,19.65,-1.69
2738,Kevon Looney,1626172,Golden State Warriors,GSW,1610612744,PF,2024-25,4,81,4.25,5.70,1.46,0.57,0.46,0.48,14.11,0.5144,0.4000,0.5657,1.44,0.5180,0.5349,0.1340,19.61,5.14
704,Branden Carlson,1642382,Oklahoma City Thunder,OKC,1610612760,C,2025-26,5,49,4.94,2.53,0.59,0.16,0.55,0.33,9.96,0.5269,0.3605,0.5769,-0.49,0.6102,0.6128,0.1893,19.59,1.29
210,Desmond Bane,1630217,Memphis Grizzlies,MEM,1610612763,SG,2023-24,3,43,23.19,4.30,5.35,1.00,0.51,2.60,33.55,0.4639,0.3806,0.8696,-4.67,0.5522,0.5887,0.2847,19.58,4.11
2750,Kevin Love,201567,Miami Heat,MIA,1610612748,PF,2024-25,4,69,1.77,1.36,0.32,0.22,0.06,0.20,3.64,0.3565,0.3582,0.6957,-0.36,0.4609,0.4875,0.2497,19.57,4.95
861,Zach Collins,1628380,San Antonio Spurs,SAS,1610612759,PF,2021-22,1,29,7.52,5.28,2.10,0.45,0.79,1.55,17.31,0.4903,0.3415,0.8000,1.31,0.5355,0.5937,0.1919,19.56,3.06
820,Nic Claxton,1629651,Brooklyn Nets,BKN,1610612751,C,2025-26,5,73,11.10,6.55,3.47,0.62,1.05,1.32,26.31,0.5712,0.1579,0.6157,-7.05,0.5738,0.5923,0.1780,19.56,3.83
42,Santi Aldama,1630583,Memphis Grizzlies,MEM,1610612763,PF,2025-26,5,45,12.78,6.16,2.71,0.80,0.69,1.20,25.39,0.4761,0.3385,0.6762,-1.56,0.5478,0.5680,0.2027,19.55,3.18
185,Marvin Bagley III,1628963,Detroit Pistons,DET,1610612765,PF,2021-22,1,18,14.56,6.83,1.06,0.72,0.39,1.00,27.22,0.5550,0.2286,0.5926,-4.89,0.5750,0.5854,0.2169,19.54,-0.32
2575,Jonathan Kuminga,1630228,Atlanta Hawks,ATL,1610612737,SF,2025-26,5,16,12.25,5.31,2.06,0.88,0.31,1.31,22.14,0.4759,0.3462,0.7018,6.25,0.5379,0.5762,0.2226,19.54,1.85
1329,Drew Eubanks,1629234,Utah Jazz,UTA,1610612762,PF,2024-25,4,45,4.78,3.73,1.00,0.22,0.71,0.69,12.62,0.6069,0.6000,0.6316,-2.60,0.6172,0.6321,0.1501,19.52,1.09
2546,Luke Kornet,1628436,San Antonio Spurs,SAS,1610612759,C,2025-26,5,67,6.60,6.06,1.87,0.46,0.97,0.42,20.98,0.6468,,0.8246,1.99,0.6468,0.6924,0.1051,19.52,2.48
3625,Jakob Poeltl,1627751,Toronto Raptors,TOR,1610612761,C,2025-26,5,48,10.27,6.73,1.94,0.83,0.67,1.19,23.95,0.7000,,0.6020,1.00,0.7000,0.6981,0.1545,19.51,0.82
208,Mo Bamba,1628964,Orlando Magic,ORL,1610612753,C,2021-22,1,72,10.50,7.94,1.18,0.53,1.64,1.07,25.32,0.4797,0.3808,0.7808,-5.18,0.5665,0.5823,0.1731,19.50,1.57
742,Stephon Castle,1642264,San Antonio Spurs,SAS,1610612759,PG,2025-26,5,67,16.58,5.31,7.46,1.16,0.28,3.15,29.92,0.4694,0.3305,0.7330,6.19,0.5187,0.5732,0.2500,19.49,7.77
3735,Julius Randle,203944,Minnesota Timberwolves,MIN,1610612750,PF,2024-25,4,69,18.67,7.06,4.68,0.68,0.23,2.84,32.25,0.4846,0.3439,0.8060,2.41,0.5421,0.5928,0.2533,19.48,2.44
3809,Nick Richards,1630208,Phoenix Suns,PHX,1610612756,C,2024-25,4,37,9.24,8.32,0.57,0.19,0.78,1.30,22.05,0.6052,0.0000,0.8219,-4.32,0.6052,0.6450,0.1695,19.48,-1.97
3620,Mason Plumlee,203486,Los Angeles Clippers,LAC,1610612746,PF,2023-24,3,57,4.28,4.11,0.96,0.25,0.30,0.63,11.83,0.5686,0.0000,0.7071,0.19,0.5686,0.6207,0.1536,19.48,1.14
3881,Mitchell Robinson,1629011,New York Knicks,NYK,1610612752,C,2022-23,2,61,7.13,9.10,0.87,0.92,1.79,0.67,26.05,0.6714,,0.4836,3.03,0.6714,0.6518,0.1012,19.48,1.34
694,Clint Capela,203991,Houston Rockets,HOU,1610612745,C,2025-26,5,82,3.44,4.21,0.61,0.44,0.77,0.50,11.29,0.5198,0.5000,0.5769,1.98,0.5220,0.5396,0.1386,19.47,2.12
2582,Kyle Kuzma,1628398,Washington Wizards,WAS,1610612764,SF,2021-22,1,67,16.87,8.37,3.48,0.63,0.85,2.52,32.89,0.4519,0.3413,0.7123,-4.19,0.5203,0.5473,0.2437,19.47,2.08
2395,DeAndre Jordan,201599,New Orleans Pelicans,NOP,1610612740,C,2025-26,5,81,0.65,0.94,0.14,0.05,0.12,0.11,2.45,0.6563,,0.6471,-0.01,0.6563,0.6712,0.1023,19.46,0.35
3075,Khris Middleton,203114,Milwaukee Bucks,MIL,1610612749,SF,2023-24,3,55,15.05,4.67,5.31,0.93,0.27,2.31,27.05,0.4930,0.3806,0.8333,2.27,0.5661,0.5950,0.2370,19.46,5.46
1739,Quentin Grimes,1629656,Philadelphia 76ers,PHI,1610612755,SG,2024-25,4,32,19.13,4.53,3.97,1.31,0.38,2.50,29.48,0.4694,0.3727,0.7519,-7.94,0.5590,0.5924,0.2710,19.44,2.65
2343,Damian Jones,1627745,Sacramento Kings,SAC,1610612758,C,2021-22,1,78,5.82,3.15,0.88,0.33,0.60,0.76,13.04,0.6579,0.3448,0.7176,-2.23,0.6767,0.7014,0.1625,19.43,0.00
1128,Gorgui Dieng,203476,Atlanta Hawks,ATL,1610612737,C,2021-22,1,75,2.05,1.61,0.45,0.15,0.17,0.27,4.95,0.4732,0.4265,0.7308,-0.84,0.6027,0.6238,0.1703,19.42,3.10
5103,Omer Yurtseven,1630209,Utah Jazz,UTA,1610612762,C,2023-24,3,79,2.81,2.63,0.37,0.10,0.23,0.47,6.90,0.5380,0.2083,0.6786,-1.68,0.5516,0.5654,0.1799,19.41,-0.23
2166,Isaiah Jackson,1630543,Indiana Pacers,IND,1610612754,SF,2024-25,4,5,7.00,5.60,1.00,0.60,1.60,1.00,16.78,0.6087,,0.5000,2.00,0.6087,0.6001,0.1757,19.38,2.45
3246,Dejounte Murray,1627749,Atlanta Hawks,ATL,1610612737,PG,2022-23,2,74,20.47,5.26,6.05,1.51,0.26,2.16,36.40,0.4640,0.3437,0.8316,-0.84,0.5144,0.5401,0.2453,19.38,5.53
4645,Jarred Vanderbilt,1629020,Utah Jazz,UTA,1610612762,SF,2022-23,2,52,8.31,7.87,2.73,1.02,0.29,1.31,24.12,0.5563,0.3333,0.6569,-1.31,0.5868,0.6069,0.1428,19.38,3.41
4554,Obi Toppin,1630167,New York Knicks,NYK,1610612752,PF,2021-22,1,74,8.76,3.62,1.04,0.34,0.45,0.76,16.62,0.5307,0.3077,0.7581,2.23,0.5856,0.6141,0.2093,19.37,0.19
2822,Sandro Mamukelashvili,1630572,Toronto Raptors,TOR,1610612761,PF,2025-26,5,80,11.16,4.94,1.89,0.80,0.51,0.84,21.89,0.5230,0.3885,0.7468,2.30,0.6141,0.6374,0.1895,19.37,1.83
2385,Tyus Jones,1626145,Washington Wizards,WAS,1610612764,PG,2023-24,3,71,11.13,2.52,6.83,1.00,0.25,0.93,27.22,0.4895,0.4141,0.8000,-7.00,0.5691,0.5778,0.1638,19.35,9.31
23,Steven Adams,203500,Houston Rockets,HOU,1610612745,C,2024-25,4,70,3.16,4.59,0.94,0.31,0.40,0.76,11.25,0.5455,0.0000,0.4607,2.47,0.5455,0.5412,0.1355,19.34,1.70
1533,Darius Garland,1629636,Los Angeles Clippers,LAC,1610612746,PG,2025-26,5,19,19.89,2.32,6.37,1.16,0.26,3.00,29.06,0.4712,0.4375,0.8605,6.53,0.5780,0.6021,0.2960,19.33,5.52
4554,Obi Toppin,1630167,Indiana Pacers,IND,1610612754,PF,2024-25,4,78,10.42,3.97,1.59,0.59,0.36,0.87,19.39,0.5308,0.3630,0.7768,-0.99,0.6216,0.6419,0.2026,19.32,0.81
5123,Ivica Zubac,1627826,Indiana Pacers,IND,1610612754,C,2025-26,5,5,11.60,7.20,1.80,0.40,0.80,0.80,23.64,0.4717,,0.8000,-8.80,0.4717,0.5052,0.2316,19.32,2.71
3651,Bobby Portis,1626171,Milwaukee Bucks,MIL,1610612749,PF,2025-26,5,71,12.89,6.03,1.48,0.58,0.17,0.93,22.81,0.4880,0.4561,0.7059,-3.75,0.5780,0.5866,0.2324,19.30,0.78
363,Bismack Biyombo,202687,Phoenix Suns,PHX,1610612756,C,2021-22,1,47,4.47,3.55,0.49,0.26,0.55,0.53,10.77,0.5931,,0.5352,1.11,0.5931,0.5958,0.1719,19.28,0.69
2395,DeAndre Jordan,201599,Denver Nuggets,DEN,1610612743,C,2023-24,3,82,1.73,1.91,0.32,0.07,0.20,0.28,4.82,0.6237,,0.4906,-1.07,0.6237,0.6104,0.1550,19.27,0.92
3707,Immanuel Quickley,1630193,Toronto Raptors,TOR,1610612761,PG,2023-24,3,38,18.58,4.79,6.76,0.89,0.18,1.84,33.29,0.4222,0.3948,0.8411,-4.08,0.5179,0.5644,0.2370,19.27,6.89
3245,Trey Murphy III,1630530,New Orleans Pelicans,NOP,1610612740,SF,2025-26,5,67,21.19,5.63,3.73,1.48,0.36,1.79,34.93,0.4705,0.3788,0.8862,-2.52,0.5724,0.6130,0.2308,19.25,2.08
286,Bradley Beal,203078,Washington Wizards,WAS,1610612764,PG,2021-22,1,41,22.63,4.61,6.46,0.88,0.37,3.29,35.10,0.4514,0.3000,0.8325,-2.49,0.4922,0.5393,0.3064,19.25,4.76
830,Donovan Clingan,1642270,Portland Trail Blazers,POR,1610612757,C,2024-25,4,82,5.32,6.43,0.94,0.41,1.34,0.88,16.14,0.5389,0.2857,0.5962,-0.02,0.5599,0.5740,0.1431,19.24,2.36
1881,Josh Hart,1628404,New York Knicks,NYK,1610612752,SG,2024-25,4,77,13.65,9.57,5.88,1.55,0.35,2.05,37.62,0.5247,0.3333,0.7756,2.64,0.5792,0.6109,0.1545,19.23,4.48
1239,Tari Eason,1631106,Houston Rockets,HOU,1610612745,SF,2023-24,3,23,9.35,6.65,1.17,1.35,0.83,0.87,20.87,0.4656,0.3600,0.6364,3.83,0.5132,0.5282,0.2017,19.22,2.99
3439,Kelly Olynyk,203482,Toronto Raptors,TOR,1610612761,PF,2023-24,3,30,11.87,5.23,4.27,1.23,0.60,2.37,24.64,0.5481,0.3380,0.8235,-6.77,0.5983,0.6440,0.1994,19.22,4.18
1196,Chris Duarte,1630537,Chicago Bulls,CHI,1610612741,SG,2024-25,4,43,0.84,0.47,0.21,0.00,0.00,0.02,1.73,0.4615,0.4000,0.7500,0.28,0.5769,0.6098,0.1718,19.21,3.93
361,Goga Bitadze,1629048,Orlando Magic,ORL,1610612753,C,2023-24,3,82,3.79,3.49,0.96,0.39,0.88,0.54,11.67,0.6029,0.1429,0.6552,0.32,0.6077,0.6288,0.1342,19.19,2.58
4836,Russell Westbrook,201566,Los Angeles Clippers,LAC,1610612746,PG,2023-24,3,68,11.09,5.04,4.50,1.09,0.34,2.12,22.49,0.4540,0.2727,0.6875,1.53,0.4857,0.5140,0.2524,19.18,6.59
861,Zach Collins,1628380,San Antonio Spurs,SAS,1610612759,PF,2022-23,2,67,10.91,6.00,2.69,0.55,0.73,1.93,21.51,0.5182,0.3741,0.7606,-3.57,0.5684,0.5987,0.2124,19.18,2.86
3707,Immanuel Quickley,1630193,Toronto Raptors,TOR,1610612761,PG,2024-25,4,45,12.53,2.60,4.24,0.51,0.09,1.29,20.40,0.4201,0.3778,0.8672,-0.87,0.5171,0.5705,0.2545,19.17,6.75
3658,Micah Potter,1630695,Indiana Pacers,IND,1610612754,C,2025-26,5,52,8.81,4.48,1.33,0.42,0.29,0.90,17.47,0.5154,0.4226,0.8416,-2.31,0.6365,0.6786,0.1821,19.16,0.08
4440,Terry Taylor,1630678,Indiana Pacers,IND,1610612754,SF,2021-22,1,45,7.07,3.82,0.91,0.31,0.18,0.51,15.86,0.6136,0.3158,0.7059,-2.53,0.6409,0.6558,0.1581,19.15,-0.51
1696,Draymond Green,203110,Golden State Warriors,GSW,1610612744,SF,2021-22,1,46,7.52,7.30,6.96,1.33,1.09,3.02,28.89,0.5253,0.2963,0.6593,4.15,0.5564,0.5824,0.1435,19.14,7.84
2951,CJ McCollum,203468,New Orleans Pelicans,NOP,1610612740,PG,2023-24,3,66,20.03,4.33,4.62,0.94,0.62,1.67,32.71,0.4588,0.4291,0.8273,2.95,0.5720,0.5922,0.2495,19.13,3.93
1457,De'Aaron Fox,1628368,San Antonio Spurs,SAS,1610612759,PG,2025-26,5,71,18.51,3.77,6.21,1.23,0.25,2.30,30.91,0.4855,0.3299,0.7603,6.27,0.5475,0.5771,0.2520,19.11,5.85
3772,Paul Reed,1630194,Philadelphia 76ers,PHI,1610612755,PF,2022-23,2,82,3.50,3.20,0.33,0.55,0.62,0.55,9.20,0.5933,0.1667,0.7451,-0.21,0.5957,0.6200,0.1650,19.11,1.23
1395,Kyle Filipowski,1642271,Utah Jazz,UTA,1610612762,C,2025-26,5,79,11.13,6.99,2.51,0.92,0.49,1.58,22.80,0.4916,0.3246,0.7500,-3.24,0.5479,0.5858,0.2008,19.11,2.93
3703,Derik Queen,1642852,New Orleans Pelicans,NOP,1610612740,C,2025-26,5,81,11.70,7.06,3.68,1.04,0.91,2.35,24.98,0.4733,0.2614,0.7949,-3.75,0.4886,0.5460,0.2194,19.10,4.06
164,Deni Avdija,1630166,Washington Wizards,WAS,1610612764,SF,2023-24,3,79,13.95,6.84,3.62,0.75,0.46,2.03,28.56,0.5056,0.3745,0.7399,-4.16,0.5604,0.5969,0.2028,19.09,2.25
2904,Tyrese Maxey,1630178,Philadelphia 76ers,PHI,1610612755,PG,2024-25,4,68,20.13,2.56,4.66,1.34,0.31,1.82,28.83,0.4372,0.3368,0.8789,-1.82,0.5110,0.5619,0.2999,19.09,4.95
3542,Gary Payton II,1627780,Golden State Warriors,GSW,1610612744,SG,2025-26,5,81,6.75,3.27,1.52,0.83,0.26,0.77,14.10,0.5831,0.2913,0.6500,-1.35,0.6277,0.6322,0.1851,19.08,2.62
3246,Dejounte Murray,1627749,New Orleans Pelicans,NOP,1610612740,PG,2024-25,4,31,17.48,6.45,7.35,2.03,0.39,3.42,32.65,0.3927,0.2989,0.8226,-6.68,0.4453,0.4940,0.2706,19.06,8.11
4606,Myles Turner,1626167,Indiana Pacers,IND,1610612754,C,2021-22,1,42,12.86,7.07,1.05,0.67,2.81,1.29,29.40,0.5089,0.3333,0.7524,-0.33,0.5865,0.6148,0.1761,19.05,0.66
3944,Terry Rozier,1626179,Charlotte Hornets,CHA,1610612766,PG,2021-22,1,75,18.77,4.20,4.35,1.24,0.33,1.28,32.77,0.4439,0.3744,0.8523,0.99,0.5390,0.5657,0.2331,19.03,4.27
3248,Jamal Murray,1627750,Denver Nuggets,DEN,1610612743,PG,2024-25,4,67,21.43,3.90,6.01,1.36,0.49,2.06,36.09,0.4737,0.3929,0.8862,4.94,0.5433,0.5841,0.2419,19.03,4.61
1533,Darius Garland,1629636,Cleveland Cavaliers,CLE,1610612739,PG,2022-23,2,69,21.59,2.68,7.80,1.23,0.13,2.88,35.47,0.4624,0.4102,0.8629,6.35,0.5372,0.5865,0.2719,19.01,6.23
2385,Tyus Jones,1626145,Memphis Grizzlies,MEM,1610612763,PG,2021-22,1,74,8.54,2.38,4.38,0.89,0.03,0.62,20.94,0.4511,0.3902,0.8182,3.45,0.5236,0.5439,0.1670,19.01,7.82
3144,Evan Mobley,1630596,Cleveland Cavaliers,CLE,1610612739,C,2021-22,1,69,14.99,8.26,2.52,0.81,1.67,1.93,33.79,0.5084,0.2500,0.6627,1.38,0.5223,0.5495,0.2071,19.00,1.17
185,Marvin Bagley III,1628963,Detroit Pistons,DET,1610612765,PF,2022-23,2,49,10.29,5.49,0.73,0.39,0.61,0.94,20.21,0.5288,0.2879,0.7500,-4.67,0.5537,0.5867,0.2066,18.99,-0.74
4531,Xavier Tillman,1630214,Memphis Grizzlies,MEM,1610612763,SF,2022-23,2,80,5.36,3.84,1.20,0.73,0.36,0.55,14.75,0.6144,0.2667,0.5506,-0.01,0.6209,0.6215,0.1378,18.99,1.96
3772,Paul Reed,1630194,Philadelphia 76ers,PHI,1610612755,PF,2021-22,1,62,1.87,1.48,0.26,0.53,0.23,0.16,4.88,0.5625,0.2500,0.4286,-0.65,0.5729,0.5677,0.1670,18.96,4.36
4686,Tristan Vukcevic,1641774,Washington Wizards,WAS,1610612764,PF,2025-26,5,66,6.68,2.23,0.83,0.35,0.50,0.94,10.17,0.4795,0.3472,0.7838,-3.42,0.5584,0.6027,0.2688,18.96,0.54
2750,Kevin Love,201567,Utah Jazz,UTA,1610612762,PF,2025-26,5,70,3.54,3.07,0.96,0.20,0.13,0.43,8.75,0.3970,0.3732,0.8409,-1.14,0.5302,0.5679,0.1665,18.93,3.41
3966,D'Angelo Russell,1626156,Los Angeles Lakers,LAL,1610612747,PG,2022-23,2,19,15.58,2.63,5.42,0.53,0.42,2.05,27.68,0.4842,0.4144,0.7347,7.53,0.5882,0.6102,0.2297,18.92,4.81
2774,Trey Lyles,1626168,Sacramento Kings,SAC,1610612758,PF,2021-22,1,25,10.16,5.40,1.20,0.28,0.24,0.76,21.86,0.4888,0.3651,0.8507,-2.80,0.5534,0.6121,0.1815,18.92,-0.55
814,Brandon Clarke,1629634,Memphis Grizzlies,MEM,1610612763,SF,2024-25,4,66,8.09,4.94,1.00,0.79,0.55,0.62,18.29,0.6211,0.0588,0.7011,2.74,0.6224,0.6383,0.1531,18.91,0.55
3759,Austin Reaves,1630559,Los Angeles Lakers,LAL,1610612747,PG,2024-25,4,73,20.21,4.51,5.77,1.11,0.30,2.42,34.93,0.4600,0.3766,0.8770,2.67,0.5564,0.6156,0.2381,18.90,3.54
1554,Luka Garza,1630568,Minnesota Timberwolves,MIN,1610612750,C,2023-24,3,50,1.98,0.62,0.08,0.08,0.02,0.12,2.44,0.4800,0.2813,0.7200,0.14,0.5400,0.5756,0.3360,18.90,0.41
4914,Brandon Williams,1630314,Dallas Mavericks,DAL,1610612742,PG,2024-25,4,52,5.29,1.12,1.46,0.46,0.10,0.75,9.37,0.5213,0.4000,0.8333,0.19,0.5851,0.6335,0.2276,18.89,2.64
2822,Sandro Mamukelashvili,1630572,San Antonio Spurs,SAS,1610612759,PF,2022-23,2,19,10.84,6.79,2.42,0.53,0.37,1.37,23.31,0.4535,0.3433,0.6923,-6.11,0.5203,0.5445,0.2006,18.89,2.72
4006,Dario Saric,203967,Oklahoma City Thunder,OKC,1610612760,PF,2022-23,2,27,5.15,2.33,0.56,0.22,0.07,0.63,9.29,0.5393,0.4186,0.8333,3.15,0.6404,0.6800,0.1991,18.88,-1.33
4695,Franz Wagner,1630532,Orlando Magic,ORL,1610612753,PF,2023-24,3,72,19.74,5.29,3.74,1.06,0.39,1.90,32.47,0.4818,0.2814,0.8495,2.83,0.5246,0.5747,0.2585,18.88,2.09
1110,Moussa Diabaté,1631217,Charlotte Hornets,CHA,1610612766,PF,2025-26,5,77,7.47,8.25,1.83,0.73,0.94,0.95,24.67,0.6309,0.5000,0.6591,4.48,0.6322,0.6528,0.1153,18.88,1.19
1139,Spencer Dinwiddie,203915,Dallas Mavericks,DAL,1610612742,PG,2021-22,1,23,15.78,3.13,3.91,0.74,0.26,1.35,28.27,0.4979,0.4038,0.7248,2.48,0.5844,0.6238,0.2285,18.87,2.85
2575,Jonathan Kuminga,1630228,Golden State Warriors,GSW,1610612744,SF,2023-24,3,75,15.84,4.73,2.17,0.73,0.48,1.63,25.99,0.5290,0.3212,0.7458,1.67,0.5597,0.5979,0.2423,18.85,0.09
2983,JaVale McGee,201580,Dallas Mavericks,DAL,1610612742,C,2022-23,2,77,2.42,1.39,0.14,0.05,0.34,0.47,4.60,0.6400,0.4000,0.5854,-0.74,0.6480,0.6502,0.2303,18.85,-2.75
602,Thomas Bryant,1628418,Cleveland Cavaliers,CLE,1610612739,C,2025-26,5,78,4.74,2.63,0.42,0.23,0.33,0.36,9.38,0.5056,0.3588,0.8030,0.50,0.5936,0.6249,0.1876,18.84,0.02
4836,Russell Westbrook,201566,Los Angeles Lakers,LAL,1610612747,PG,2021-22,1,79,18.24,7.34,6.96,0.95,0.25,3.73,33.89,0.4444,0.2981,0.6667,-2.67,0.4765,0.5115,0.2753,18.83,5.74
1784,Tyrese Haliburton,1630169,Sacramento Kings,SAC,1610612758,PG,2021-22,1,51,14.25,3.90,7.43,1.69,0.67,2.25,34.45,0.4573,0.4127,0.8365,-4.43,0.5461,0.5754,0.1829,18.83,7.03
2418,Ryan Kalkbrenner,1641750,Charlotte Hornets,CHA,1610612766,C,2025-26,5,70,7.44,5.39,0.77,0.46,1.44,0.89,21.13,0.7526,0.0000,0.7155,0.66,0.7526,0.7616,0.1166,18.81,-1.80
1208,David Duke Jr.,1630561,San Antonio Spurs,SAS,1610612759,SG,2023-24,3,9,2.89,1.11,0.56,0.22,0.00,0.33,5.70,0.5556,0.5000,1.0000,0.67,0.6389,0.6729,0.1863,18.81,0.13
3809,Nick Richards,1630208,Charlotte Hornets,CHA,1610612766,C,2023-24,3,70,9.31,7.70,0.77,0.37,1.06,1.04,25.12,0.6915,0.0000,0.7374,-6.13,0.6915,0.7169,0.1334,18.80,-2.06
563,Jaylen Brown,1627759,Boston Celtics,BOS,1610612738,SG,2024-25,4,71,19.69,5.18,4.03,1.03,0.27,2.28,30.39,0.4633,0.3240,0.7640,5.66,0.5152,0.5549,0.2898,18.79,2.78
3104,Leonard Miller,1631159,Chicago Bulls,CHI,1610612741,PF,2025-26,5,30,10.57,5.20,1.17,0.43,0.50,0.90,20.79,0.5546,0.3563,0.7619,-0.33,0.6223,0.6405,0.1809,18.79,-0.68
2214,Jaime Jaquez Jr.,1631170,Miami Heat,MIA,1610612748,SG,2025-26,5,82,14.05,4.57,4.29,0.62,0.26,1.85,25.87,0.5071,0.3169,0.7685,1.76,0.5388,0.5703,0.2243,18.79,3.63
3184,Ja Morant,1629630,Memphis Grizzlies,MEM,1610612763,PG,2025-26,5,20,18.25,3.00,7.40,0.95,0.30,3.45,27.01,0.4045,0.2099,0.9074,-3.80,0.4320,0.5119,0.3260,18.78,8.27
1593,Harry Giles III,1628385,Brooklyn Nets,BKN,1610612751,PF,2023-24,3,50,1.08,0.52,0.12,0.02,0.06,0.12,1.63,0.5000,0.2727,0.5385,-0.16,0.5341,0.5430,0.2941,18.78,1.81
820,Nic Claxton,1629651,Brooklyn Nets,BKN,1610612751,C,2024-25,4,70,10.34,7.36,2.24,0.89,1.43,1.24,26.88,0.5634,0.2381,0.5130,-7.10,0.5678,0.5694,0.1699,18.76,2.01
2006,Nate Hinton,1630207,Houston Rockets,HOU,1610612745,SG,2023-24,3,31,1.06,0.71,0.32,0.10,0.06,0.10,2.41,0.4231,0.5000,0.8000,0.42,0.5577,0.5851,0.1787,18.74,5.85
1239,Tari Eason,1631106,Houston Rockets,HOU,1610612745,SF,2024-25,4,75,8.99,4.80,1.11,1.29,0.65,0.87,18.70,0.4882,0.3427,0.7653,2.09,0.5436,0.5672,0.1949,18.73,1.86
2024,Jrue Holiday,201950,Portland Trail Blazers,POR,1610612757,PG,2025-26,5,71,12.18,3.45,4.54,0.76,0.08,2.06,21.98,0.4513,0.3785,0.8381,2.77,0.5480,0.5727,0.2366,18.73,5.12
1696,Draymond Green,203110,Golden State Warriors,GSW,1610612744,SF,2023-24,3,75,6.33,5.31,4.43,0.73,0.63,1.80,19.87,0.4973,0.3953,0.7297,2.28,0.5659,0.5871,0.1535,18.73,7.10
2094,Jay Huff,1630643,Memphis Grizzlies,MEM,1610612763,C,2024-25,4,78,5.63,1.65,0.49,0.21,0.72,0.44,9.59,0.5148,0.4050,0.7857,0.32,0.6475,0.6659,0.1978,18.72,0.07
2774,Trey Lyles,1626168,Detroit Pistons,DET,1610612765,PF,2021-22,1,51,10.43,4.78,1.14,0.43,0.51,1.06,19.40,0.4557,0.3014,0.7841,-3.10,0.5130,0.5765,0.2256,18.71,0.15
766,Justin Champagnie,1630551,Washington Wizards,WAS,1610612764,SG,2025-26,5,82,7.28,4.68,1.02,0.72,0.52,0.55,16.80,0.5022,0.3193,0.7843,-3.59,0.5595,0.5889,0.1681,18.70,1.34
2738,Kevon Looney,1626172,Golden State Warriors,GSW,1610612744,PF,2021-22,1,82,5.99,7.27,2.01,0.61,0.63,0.82,21.13,0.5714,0.0000,0.6000,2.05,0.5714,0.5859,0.1231,18.69,2.97
1194,Andre Drummond,203083,Philadelphia 76ers,PHI,1610612755,C,2024-25,4,61,4.80,5.08,0.56,0.64,0.30,0.90,12.31,0.5000,0.1500,0.6222,-4.02,0.5064,0.5355,0.1918,18.67,0.33
3650,Otto Porter Jr.,203490,Golden State Warriors,GSW,1610612744,SF,2021-22,1,69,7.46,5.25,1.36,0.99,0.42,0.54,20.23,0.4639,0.3704,0.8033,3.35,0.5601,0.5815,0.1503,18.67,1.91
1873,Tobias Harris,202699,Philadelphia 76ers,PHI,1610612755,SF,2023-24,3,76,15.84,5.96,2.86,0.92,0.61,1.22,31.16,0.4869,0.3527,0.8779,2.95,0.5347,0.5762,0.2084,18.66,1.45
1964,Tyler Herro,1629639,Miami Heat,MIA,1610612748,SG,2021-22,1,71,19.25,4.63,3.70,0.62,0.11,2.45,30.30,0.4465,0.3986,0.8676,3.38,0.5245,0.5610,0.2891,18.65,1.37
4914,Brandon Williams,1630314,Dallas Mavericks,DAL,1610612742,PG,2025-26,5,69,12.28,2.77,3.71,0.88,0.29,1.77,20.95,0.4721,0.2318,0.7973,-2.10,0.5008,0.5721,0.2506,18.64,4.03
921,Ricky Council IV,1641741,Philadelphia 76ers,PHI,1610612755,SG,2023-24,3,44,3.93,1.05,0.36,0.18,0.02,0.11,6.56,0.4821,0.3750,0.7465,0.27,0.5357,0.6039,0.2261,18.63,-0.17
5106,Cody Zeller,203469,Portland Trail Blazers,POR,1610612757,PF,2021-22,1,29,4.83,4.31,0.76,0.28,0.21,0.66,12.22,0.5667,0.0000,0.7755,-0.97,0.5667,0.6275,0.1609,18.61,0.24
2395,DeAndre Jordan,201599,Denver Nuggets,DEN,1610612743,C,2022-23,2,82,2.43,2.46,0.41,0.15,0.28,0.59,7.15,0.7652,1.0000,0.4583,-1.45,0.7696,0.7310,0.1375,18.61,-1.68
2144,Brandon Ingram,1627742,Toronto Raptors,TOR,1610612761,SF,2025-26,5,79,20.95,5.44,3.59,0.73,0.70,2.37,32.96,0.4767,0.3824,0.8202,0.54,0.5291,0.5728,0.2708,18.61,1.01
1911,Jaxson Hayes,1629637,New Orleans Pelicans,NOP,1610612740,C,2021-22,1,82,7.98,3.84,0.52,0.40,0.67,0.66,17.05,0.6156,0.3509,0.7660,0.27,0.6407,0.6802,0.1654,18.61,-1.73
4987,Robert Williams III,1629057,Portland Trail Blazers,POR,1610612757,C,2023-24,3,6,6.83,6.33,0.83,1.17,1.17,1.17,19.80,0.6538,,0.7778,-5.00,0.6538,0.6842,0.1296,18.60,-0.05
1638,Aaron Gordon,203932,Denver Nuggets,DEN,1610612743,SF,2024-25,4,51,14.67,4.84,3.22,0.45,0.27,1.43,28.37,0.5312,0.4360,0.8101,5.90,0.6066,0.6496,0.1912,18.60,0.70
2292,Keldon Johnson,1629640,San Antonio Spurs,SAS,1610612759,SG,2025-26,5,81,13.31,5.36,1.37,0.56,0.14,0.85,23.42,0.5208,0.3616,0.7938,4.14,0.5826,0.6136,0.2122,18.60,-0.46
3772,Paul Reed,1630194,Detroit Pistons,DET,1610612765,PF,2024-25,4,82,2.24,1.50,0.54,0.48,0.30,0.32,5.34,0.5070,0.2857,0.7619,0.52,0.5352,0.5733,0.1811,18.59,4.88
532,Malcolm Brogdon,1627763,Portland Trail Blazers,POR,1610612757,PG,2023-24,3,44,13.93,3.36,4.86,0.61,0.18,1.36,25.47,0.4395,0.4121,0.8190,-1.84,0.5222,0.5603,0.2318,18.59,5.75
1110,Moussa Diabaté,1631217,Charlotte Hornets,CHA,1610612766,PF,2024-25,4,73,5.52,6.00,0.77,0.63,0.55,0.84,16.99,0.5964,0.0000,0.5948,-1.68,0.5964,0.6087,0.1349,18.58,-0.42
1638,Aaron Gordon,203932,Denver Nuggets,DEN,1610612743,SF,2023-24,3,73,13.88,6.45,3.55,0.77,0.62,1.44,31.47,0.5559,0.2899,0.6580,5.79,0.5838,0.6071,0.1802,18.58,1.67
3756,Maxime Raynaud,1642875,Sacramento Kings,SAC,1610612758,C,2025-26,5,82,11.24,6.78,1.22,0.46,0.48,1.15,23.95,0.5708,0.3243,0.7857,-5.62,0.5887,0.6189,0.1825,18.56,-1.27
3893,Isaiah Roby,1629676,Oklahoma City Thunder,OKC,1610612760,SF,2021-22,1,67,6.78,3.24,1.06,0.54,0.51,0.64,14.16,0.5139,0.4444,0.6724,-2.76,0.5820,0.6069,0.1906,18.56,1.58
602,Thomas Bryant,1628418,Indiana Pacers,IND,1610612754,C,2024-25,4,54,6.83,3.94,0.89,0.44,0.59,0.52,15.21,0.5071,0.3203,0.8235,-1.41,0.5798,0.6060,0.1767,18.55,0.73
2259,Cameron Johnson,1629661,Brooklyn Nets,BKN,1610612751,SF,2024-25,4,65,16.46,3.80,2.98,0.82,0.38,1.52,27.69,0.4752,0.3897,0.8933,-3.08,0.5817,0.6324,0.2319,18.54,0.97
1457,De'Aaron Fox,1628368,Sacramento Kings,SAC,1610612758,PG,2021-22,1,64,21.36,3.61,5.16,1.06,0.39,2.63,32.56,0.4725,0.2972,0.7500,-3.00,0.5064,0.5489,0.2909,18.54,3.70
4302,Cam Spencer,1642285,Memphis Grizzlies,MEM,1610612763,PG,2025-26,5,79,9.89,2.23,4.89,0.66,0.14,1.15,21.13,0.4733,0.4528,0.9389,-1.20,0.6059,0.6501,0.1730,18.53,6.78
3704,Trevelin Queen,1630243,Houston Rockets,HOU,1610612745,SG,2021-22,1,16,2.69,1.00,0.25,0.31,0.06,0.44,4.64,0.4545,0.3750,1.0000,0.50,0.5909,0.6185,0.2404,18.52,-1.22
3666,Norman Powell,1626181,Miami Heat,MIA,1610612748,SG,2025-26,5,77,16.38,2.62,1.86,0.83,0.18,1.44,22.30,0.4704,0.3805,0.8270,0.49,0.5575,0.6092,0.2733,18.51,-0.23
2144,Brandon Ingram,1627742,New Orleans Pelicans,NOP,1610612740,SF,2024-25,4,19,21.05,5.26,4.89,0.84,0.58,3.63,31.32,0.4655,0.3739,0.8545,-6.74,0.5300,0.5599,0.3066,18.51,2.23
4107,Day'Ron Sharpe,1630549,Brooklyn Nets,BKN,1610612751,C,2022-23,2,70,3.24,2.86,0.53,0.21,0.46,0.60,7.89,0.5439,0.5455,0.6364,-1.44,0.5614,0.5815,0.1911,18.51,1.28
1881,Josh Hart,1628404,New York Knicks,NYK,1610612752,SG,2022-23,2,25,10.24,7.04,3.60,1.36,0.48,1.52,29.99,0.5860,0.5192,0.7895,7.64,0.6720,0.7030,0.1267,18.51,2.42
245,RJ Barrett,1629628,Toronto Raptors,TOR,1610612761,SG,2025-26,5,58,18.93,5.17,3.26,0.72,0.33,1.71,29.76,0.4914,0.3392,0.7168,2.90,0.5502,0.5848,0.2604,18.50,1.56
2829,Tre Mann,1630544,Oklahoma City Thunder,OKC,1610612760,SG,2023-24,3,46,1.07,0.52,0.43,0.07,0.00,0.20,2.59,0.5000,0.4211,1.0000,-0.11,0.6000,0.6058,0.1812,18.49,2.74
4235,Jalen Smith,1630188,Indiana Pacers,IND,1610612754,PF,2022-23,2,79,8.13,4.99,0.84,0.27,0.76,0.91,16.19,0.4764,0.2827,0.7591,-1.20,0.5295,0.5649,0.2114,18.47,0.71
446,Chris Boucher,1628449,Toronto Raptors,TOR,1610612761,SF,2023-24,3,69,4.67,3.00,0.33,0.20,0.35,0.41,10.21,0.5069,0.3298,0.7717,0.41,0.5783,0.6253,0.1739,18.47,-1.13
602,Thomas Bryant,1628418,Washington Wizards,WAS,1610612764,C,2021-22,1,39,5.15,2.77,0.59,0.15,0.54,0.49,11.26,0.5203,0.2857,0.8750,-1.92,0.5608,0.6069,0.1885,18.46,-0.14
3772,Paul Reed,1630194,Philadelphia 76ers,PHI,1610612755,PF,2023-24,3,82,7.32,5.95,1.33,0.82,1.02,0.82,19.38,0.5396,0.3684,0.7176,1.17,0.5615,0.5798,0.1597,18.46,2.05
1911,Jaxson Hayes,1629637,Los Angeles Lakers,LAL,1610612747,C,2025-26,5,71,7.00,3.82,0.83,0.41,0.73,0.44,17.00,0.7557,1.0000,0.6533,1.00,0.7615,0.7576,0.1307,18.43,-1.15
4473,Cam Thomas,1630560,Brooklyn Nets,BKN,1610612751,SG,2024-25,4,42,14.26,1.98,2.24,0.36,0.05,1.48,18.60,0.4383,0.3487,0.8808,-2.19,0.5132,0.5755,0.3330,18.42,0.86
4654,Devin Vassell,1630170,San Antonio Spurs,SAS,1610612759,SG,2023-24,3,69,19.17,3.78,4.01,1.06,0.33,1.57,32.58,0.4716,0.3722,0.8010,-4.22,0.5502,0.5780,0.2360,18.39,2.21
446,Chris Boucher,1628449,Toronto Raptors,TOR,1610612761,SF,2022-23,2,78,9.13,5.40,0.37,0.60,0.82,0.53,19.54,0.4934,0.3280,0.7619,-0.23,0.5520,0.5905,0.1807,18.39,-0.26
2384,Tre Jones,1630200,San Antonio Spurs,SAS,1610612759,PG,2022-23,2,70,12.50,3.50,6.40,1.27,0.13,1.57,28.34,0.4590,0.2848,0.8605,-4.64,0.4892,0.5344,0.1943,18.38,7.84
2441,Kylor Kelley,1630283,Dallas Mavericks,DAL,1610612742,C,2024-25,4,13,1.85,1.62,0.15,0.00,0.15,0.08,5.13,0.7692,,0.6667,-2.77,0.7692,0.7673,0.1083,18.38,-1.88
1080,Dewayne Dedmon,203473,Miami Heat,MIA,1610612748,C,2021-22,1,69,6.12,5.59,0.68,0.35,0.61,1.01,15.44,0.5655,0.4043,0.7500,0.70,0.5983,0.6317,0.1710,18.36,-0.61
1881,Josh Hart,1628404,New York Knicks,NYK,1610612752,SG,2025-26,5,65,12.00,7.38,4.78,1.11,0.25,1.92,30.19,0.5086,0.4202,0.7200,3.25,0.5948,0.6142,0.1673,18.36,3.74
4645,Jarred Vanderbilt,1629020,Minnesota Timberwolves,MIN,1610612750,SF,2021-22,1,75,6.83,8.32,1.25,1.32,0.61,0.97,25.07,0.5873,0.1429,0.6565,2.17,0.5900,0.6115,0.1096,18.33,0.49
409,Bol Bol,1629626,Orlando Magic,ORL,1610612753,C,2022-23,2,78,8.13,5.19,0.88,0.38,1.09,1.44,19.30,0.5460,0.2655,0.7593,-1.87,0.5774,0.6032,0.1829,18.32,-1.64
11,Precious Achiuwa,1630173,Toronto Raptors,TOR,1610612761,SF,2023-24,3,25,7.72,5.44,1.76,0.64,0.48,1.16,17.48,0.4588,0.2766,0.5714,-2.12,0.4971,0.5120,0.2133,18.31,2.70
185,Marvin Bagley III,1628963,Memphis Grizzlies,MEM,1610612763,PF,2024-25,4,26,1.65,1.08,0.15,0.08,0.12,0.04,3.80,0.4857,0.1111,0.6667,0.62,0.5000,0.5338,0.1731,18.31,0.77
2532,Kevin Knox II,1628995,Golden State Warriors,GSW,1610612744,SF,2024-25,4,21,2.19,0.81,0.24,0.10,0.19,0.19,3.99,0.5000,0.2667,0.7500,-0.14,0.5556,0.5820,0.2220,18.29,0.11
3966,D'Angelo Russell,1626156,Minnesota Timberwolves,MIN,1610612750,PG,2021-22,1,65,18.09,3.32,7.08,0.95,0.34,2.54,31.94,0.4113,0.3398,0.8250,3.23,0.5015,0.5441,0.2526,18.29,6.85
446,Chris Boucher,1628449,Toronto Raptors,TOR,1610612761,SF,2021-22,1,81,9.31,6.10,0.31,0.60,0.93,0.52,20.86,0.4645,0.2969,0.7772,2.33,0.5234,0.5696,0.1794,18.28,-0.18
4687,Nikola Vučević,202696,Boston Celtics,BOS,1610612738,C,2025-26,5,17,9.12,6.24,1.88,0.41,0.59,0.94,19.89,0.4388,0.3396,0.7895,4.59,0.5036,0.5259,0.2138,18.27,2.79
2166,Isaiah Jackson,1630543,Indiana Pacers,IND,1610612754,SF,2022-23,2,81,5.62,3.48,0.63,0.38,1.15,0.63,12.86,0.5629,0.1429,0.6507,-1.53,0.5660,0.5952,0.1755,18.27,1.37
3647,Craig Porter Jr.,1641854,Cleveland Cavaliers,CLE,1610612739,SG,2023-24,3,71,4.01,1.54,1.66,0.30,0.21,0.63,9.15,0.5088,0.3529,0.7321,-0.35,0.5351,0.5640,0.2029,18.27,4.59
2385,Tyus Jones,1626145,Memphis Grizzlies,MEM,1610612763,PG,2022-23,2,81,10.15,2.47,5.15,1.02,0.07,0.91,23.94,0.4380,0.3712,0.8061,1.17,0.5232,0.5457,0.1783,18.25,7.59
532,Malcolm Brogdon,1627763,Washington Wizards,WAS,1610612764,PG,2024-25,4,31,9.84,2.94,3.16,0.42,0.16,1.23,18.20,0.4333,0.2857,0.8804,-3.90,0.4667,0.5437,0.2419,18.24,4.22
805,Moussa Cisse,1630619,Dallas Mavericks,DAL,1610612742,C,2025-26,5,49,3.47,4.41,0.18,0.39,0.92,0.61,10.81,0.5739,,0.4691,-0.06,0.5739,0.5643,0.1438,18.24,-0.10
2738,Kevon Looney,1626172,Golden State Warriors,GSW,1610612744,PF,2023-24,3,82,4.07,5.11,1.62,0.34,0.35,0.61,14.57,0.5966,0.0000,0.6747,0.46,0.5966,0.6196,0.1135,18.24,2.80
4606,Myles Turner,1626167,Indiana Pacers,IND,1610612754,C,2024-25,4,75,14.56,6.21,1.45,0.69,1.88,1.63,28.17,0.4872,0.4021,0.7706,2.65,0.5844,0.6179,0.2080,18.23,-0.36
2164,GG Jackson,1641713,Memphis Grizzlies,MEM,1610612763,PF,2025-26,5,72,9.22,3.19,1.10,0.43,0.58,1.15,15.80,0.4930,0.3245,0.7415,-1.56,0.5539,0.5869,0.2380,18.22,-0.77
210,Desmond Bane,1630217,Memphis Grizzlies,MEM,1610612763,SG,2021-22,1,78,17.74,4.28,2.67,1.18,0.37,1.42,29.05,0.4614,0.4359,0.9032,4.63,0.5649,0.5919,0.2334,18.22,1.67
412,Marques Bolden,1629716,Charlotte Hornets,CHA,1610612766,C,2023-24,3,17,2.18,1.88,0.24,0.18,0.41,0.18,6.96,0.6800,0.0000,0.7500,-1.41,0.6800,0.6913,0.1156,18.22,-1.05
1964,Tyler Herro,1629639,Miami Heat,MIA,1610612748,SG,2023-24,3,46,19.02,4.83,4.09,0.65,0.07,2.02,30.59,0.4408,0.3964,0.8559,0.67,0.5306,0.5581,0.2788,18.22,2.29
3918,Derrick Rose,201565,New York Knicks,NYK,1610612752,PG,2021-22,1,27,11.52,2.89,3.81,0.81,0.44,1.44,23.55,0.4453,0.4022,0.9677,3.41,0.5128,0.5406,0.2284,18.20,4.21
3542,Gary Payton II,1627780,Golden State Warriors,GSW,1610612744,SG,2022-23,2,7,5.71,4.29,1.14,0.86,0.57,0.57,16.04,0.6071,0.4444,0.6667,2.14,0.6786,0.6821,0.1230,18.19,1.71
3649,Michael Porter Jr.,1629008,Denver Nuggets,DEN,1610612743,PF,2024-25,4,77,18.16,7.01,2.14,0.65,0.49,1.35,33.68,0.5038,0.3947,0.7680,3.44,0.5959,0.6168,0.2032,18.19,-0.63
4697,Moritz Wagner,1629021,Orlando Magic,ORL,1610612753,PF,2022-23,2,62,9.68,4.18,1.35,0.60,0.21,1.10,17.89,0.5000,0.3129,0.8407,-0.44,0.5644,0.6301,0.2119,18.18,0.10
11,Precious Achiuwa,1630173,Sacramento Kings,SAC,1610612758,SF,2025-26,5,75,9.81,6.56,1.35,0.87,0.67,0.87,23.28,0.5284,0.2784,0.5540,-3.61,0.5510,0.5583,0.1773,18.18,0.53
2750,Kevin Love,201567,Cleveland Cavaliers,CLE,1610612739,PF,2022-23,2,50,6.94,5.60,1.52,0.14,0.14,0.94,16.42,0.3895,0.3538,0.8889,1.66,0.5105,0.5548,0.1974,18.18,1.70
3422,Victor Oladipo,203506,Miami Heat,MIA,1610612748,PG,2021-22,1,13,7.62,1.77,2.15,0.38,0.08,1.23,13.31,0.4795,0.4167,0.7368,-0.38,0.5822,0.6084,0.2541,18.17,2.35
4554,Obi Toppin,1630167,Indiana Pacers,IND,1610612754,PF,2023-24,3,82,10.28,3.90,1.56,0.57,0.52,0.84,21.10,0.5734,0.4032,0.7700,1.72,0.6615,0.6766,0.1686,18.16,-0.39
4509,Klay Thompson,202691,Golden State Warriors,GSW,1610612744,SG,2021-22,1,34,19.18,3.68,2.59,0.47,0.50,1.26,27.67,0.4293,0.3851,0.9020,1.94,0.5288,0.5475,0.2972,18.16,2.08
1590,Josh Giddey,1630581,Oklahoma City Thunder,OKC,1610612760,SG,2021-22,1,54,12.48,7.80,6.39,0.94,0.37,3.17,31.49,0.4194,0.2629,0.7089,-5.54,0.4612,0.4782,0.2239,18.16,5.70
651,Jared Butler,1630215,Washington Wizards,WAS,1610612764,PG,2024-25,4,41,5.24,1.00,1.95,0.27,0.12,0.68,8.66,0.4798,0.3659,0.7907,-1.02,0.5231,0.5601,0.2583,18.16,6.86
3649,Michael Porter Jr.,1629008,Denver Nuggets,DEN,1610612743,PF,2022-23,2,63,17.14,5.41,1.03,0.59,0.46,1.08,28.54,0.4871,0.4141,0.8000,6.63,0.6022,0.6208,0.2287,18.15,-1.40
516,Miles Bridges,1628970,Charlotte Hornets,CHA,1610612766,PF,2023-24,3,74,19.58,6.82,3.12,0.88,0.45,1.86,34.88,0.4620,0.3489,0.8246,-8.55,0.5269,0.5561,0.2500,18.15,0.76
3245,Trey Murphy III,1630530,New Orleans Pelicans,NOP,1610612740,SF,2024-25,4,56,20.07,4.79,3.36,1.00,0.70,1.84,33.12,0.4541,0.3607,0.8870,-6.86,0.5483,0.5977,0.2378,18.13,1.12
341,Saddiq Bey,1630180,New Orleans Pelicans,NOP,1610612740,SG,2025-26,5,73,17.41,5.48,2.49,0.93,0.10,0.93,30.76,0.4509,0.3665,0.8407,-2.56,0.5290,0.5794,0.2182,18.12,0.79
1161,Ayo Dosunmu,1630245,Chicago Bulls,CHI,1610612741,PG,2025-26,5,47,14.40,2.89,3.49,0.72,0.26,1.30,25.26,0.5144,0.4508,0.8571,-2.04,0.6039,0.6360,0.2117,18.12,2.02
3277,Larry Nance Jr.,1626204,Atlanta Hawks,ATL,1610612737,PF,2024-25,4,44,4.61,2.34,0.86,0.45,0.30,0.36,10.53,0.5161,0.4474,0.6923,-2.16,0.6258,0.6315,0.1567,18.11,1.51
1076,DeMar DeRozan,201942,Sacramento Kings,SAC,1610612758,PG,2024-25,4,77,22.21,3.87,4.44,0.81,0.42,1.36,35.95,0.4771,0.3281,0.8571,1.43,0.5092,0.5692,0.2512,18.11,2.31
1873,Tobias Harris,202699,Philadelphia 76ers,PHI,1610612755,SF,2021-22,1,76,16.54,6.53,3.32,0.62,0.57,1.53,33.46,0.4824,0.3673,0.8416,2.25,0.5318,0.5658,0.2183,18.11,1.43
3787,Naz Reid,1629675,Minnesota Timberwolves,MIN,1610612750,C,2021-22,1,79,8.06,3.81,0.90,0.51,0.90,1.04,15.38,0.4895,0.3434,0.7651,-1.16,0.5494,0.5881,0.2156,18.10,0.58
3620,Mason Plumlee,203486,Charlotte Hornets,CHA,1610612766,PF,2021-22,1,73,6.53,7.74,3.10,0.84,0.71,1.37,24.55,0.6406,0.0000,0.3918,0.07,0.6406,0.6034,0.1176,18.10,3.35
4235,Jalen Smith,1630188,Phoenix Suns,PHX,1610612756,PF,2021-22,1,52,3.37,2.67,0.12,0.12,0.35,0.42,7.34,0.4599,0.2308,0.7692,1.06,0.4927,0.5473,0.2065,18.10,-1.03
2190,Jaren Jackson Jr.,1628991,Memphis Grizzlies,MEM,1610612763,PF,2023-24,3,68,21.85,5.37,2.26,1.18,1.56,2.35,31.24,0.4444,0.3197,0.8082,-5.00,0.4948,0.5526,0.3074,18.10,0.91
3418,Onyeka Okongwu,1630168,Atlanta Hawks,ATL,1610612737,PF,2023-24,3,64,8.77,5.88,1.16,0.41,0.94,0.70,21.95,0.6110,0.3333,0.7931,-0.53,0.6425,0.6742,0.1363,18.09,-0.47
929,Cedric Coward,1642907,Memphis Grizzlies,MEM,1610612763,SG,2025-26,5,74,10.99,4.82,2.24,0.54,0.34,1.38,20.91,0.4681,0.3396,0.8405,0.00,0.5399,0.5826,0.2152,18.09,1.20
3418,Onyeka Okongwu,1630168,Atlanta Hawks,ATL,1610612737,PF,2025-26,5,78,14.40,7.21,2.96,1.05,1.01,1.63,29.45,0.4802,0.3760,0.7574,1.40,0.5640,0.5918,0.1966,18.08,2.20
704,Branden Carlson,1642382,Oklahoma City Thunder,OKC,1610612760,C,2024-25,4,48,2.54,1.13,0.29,0.10,0.44,0.15,5.14,0.4433,0.3333,0.7778,0.85,0.5567,0.5814,0.1940,18.07,1.99
3159,Malik Monk,1628370,Sacramento Kings,SAC,1610612758,PG,2022-23,2,79,13.18,2.57,3.77,0.62,0.25,1.85,21.77,0.4485,0.3593,0.8889,0.86,0.5383,0.5868,0.2586,18.07,3.69
3620,Mason Plumlee,203486,Phoenix Suns,PHX,1610612756,PF,2024-25,4,80,4.16,5.69,1.68,0.41,0.59,0.74,16.25,0.6188,0.0000,0.6484,0.68,0.6188,0.6445,0.1088,18.07,2.26
1477,Enes Freedom,202683,Boston Celtics,BOS,1610612738,C,2021-22,1,51,2.51,3.14,0.16,0.10,0.27,0.39,8.07,0.5258,0.4000,0.8571,1.37,0.5361,0.5854,0.1393,18.06,-1.86
3560,Maozinha Pereira,1641970,Memphis Grizzlies,MEM,1610612763,SF,2023-24,3,9,5.33,4.11,0.22,0.67,0.44,0.56,13.50,0.5143,0.3846,0.7000,1.00,0.5857,0.6091,0.1534,18.06,-1.45
3365,Jaylen Nowell,1629669,Detroit Pistons,DET,1610612765,SG,2023-24,3,7,4.29,1.43,0.43,0.14,0.29,0.29,8.23,0.5217,0.3333,0.6667,-4.43,0.5652,0.5850,0.2128,18.02,-1.06
99,Kyle Anderson,203937,Memphis Grizzlies,MEM,1610612763,SG,2021-22,1,69,7.55,5.33,2.65,1.12,0.65,1.03,21.50,0.4456,0.3303,0.6381,0.86,0.4840,0.5056,0.1630,18.02,4.41
998,Dyson Daniels,1630700,Atlanta Hawks,ATL,1610612737,SG,2025-26,5,79,11.41,6.58,5.68,1.89,0.39,1.71,31.89,0.5174,0.1880,0.6148,3.87,0.5315,0.5423,0.1610,18.01,5.63
1881,Josh Hart,1628404,New Orleans Pelicans,NOP,1610612740,SG,2021-22,1,42,13.05,7.57,4.00,1.07,0.26,1.93,32.72,0.5052,0.3231,0.7532,-2.69,0.5596,0.6038,0.1690,18.00,1.99
1255,Anthony Edwards,1630162,Minnesota Timberwolves,MIN,1610612750,SG,2021-22,1,73,21.00,4.70,3.77,1.44,0.63,2.60,33.78,0.4410,0.3571,0.7857,2.58,0.5273,0.5602,0.2653,17.99,1.77
1457,De'Aaron Fox,1628368,San Antonio Spurs,SAS,1610612759,PG,2024-25,4,17,19.71,4.29,6.82,1.47,0.29,2.41,34.01,0.4464,0.2737,0.8194,-5.41,0.4929,0.5374,0.2610,17.98,6.19
2533,Kon Knueppel,1642851,Charlotte Hornets,CHA,1610612766,SG,2025-26,5,81,18.49,5.33,3.38,0.70,0.23,1.99,31.49,0.4751,0.4252,0.8628,3.98,0.6010,0.6329,0.2250,17.97,0.29
733,Wendell Carter Jr.,1628976,Orlando Magic,ORL,1610612753,C,2023-24,3,61,9.89,6.25,1.56,0.57,0.46,1.11,23.06,0.5247,0.3743,0.6940,0.84,0.6000,0.6230,0.1750,17.96,-0.39
4263,Tolu Smith,1642449,Detroit Pistons,DET,1610612765,PF,2025-26,5,42,1.33,1.17,0.31,0.05,0.14,0.17,3.27,0.5000,,0.6667,0.00,0.5000,0.5691,0.1716,17.96,2.58
404,Bojan Bogdanovic,202711,Detroit Pistons,DET,1610612765,SF,2022-23,2,59,21.58,3.78,2.58,0.58,0.14,2.29,32.08,0.4875,0.4108,0.8845,-5.59,0.5697,0.6269,0.2584,17.96,-1.73
1076,DeMar DeRozan,201942,Sacramento Kings,SAC,1610612758,PG,2025-26,5,77,18.43,2.94,4.10,1.04,0.30,1.25,31.24,0.4965,0.3197,0.8677,-7.64,0.5199,0.5939,0.2294,17.95,2.22
4872,Cam Whitmore,1641715,Houston Rockets,HOU,1610612745,SF,2023-24,3,57,10.16,3.16,0.58,0.53,0.30,0.81,15.44,0.4540,0.3591,0.6786,-0.49,0.5385,0.5607,0.2725,17.94,-0.93
3542,Gary Payton II,1627780,Golden State Warriors,GSW,1610612744,SG,2021-22,1,73,6.88,3.38,0.88,1.32,0.30,0.55,17.09,0.6163,0.3583,0.6034,2.45,0.6788,0.6793,0.1440,17.93,0.18
743,Colin Castleton,1630658,Philadelphia 76ers,PHI,1610612755,C,2024-25,4,5,6.00,7.40,2.00,0.20,0.20,0.20,19.56,0.5000,0.0000,0.6667,-1.20,0.5000,0.5365,0.1248,17.93,3.76
2384,Tre Jones,1630200,San Antonio Spurs,SAS,1610612759,PG,2023-24,3,78,9.88,3.71,6.13,1.00,0.12,1.49,27.41,0.5050,0.3351,0.8559,-0.28,0.5583,0.5913,0.1525,17.93,6.24
3439,Kelly Olynyk,203482,Detroit Pistons,DET,1610612765,PF,2021-22,1,49,7.45,3.61,2.27,0.63,0.39,1.18,15.59,0.4476,0.3361,0.7753,-1.43,0.5175,0.5613,0.2160,17.92,4.17
1080,Dewayne Dedmon,203473,Philadelphia 76ers,PHI,1610612755,C,2022-23,2,21,1.33,1.19,0.48,0.10,0.24,0.29,3.64,0.5909,0.5000,0.2000,-1.10,0.6136,0.5785,0.1797,17.92,4.25
3365,Jaylen Nowell,1629669,Minnesota Timberwolves,MIN,1610612750,SG,2021-22,1,80,6.59,1.54,1.63,0.34,0.13,0.45,12.19,0.4746,0.3938,0.7826,0.88,0.5508,0.5811,0.2110,17.91,3.33
3649,Michael Porter Jr.,1629008,Denver Nuggets,DEN,1610612743,PF,2023-24,3,82,16.54,6.89,1.49,0.51,0.65,1.12,31.27,0.4838,0.3971,0.8364,5.76,0.5857,0.6014,0.2091,17.91,-1.06
5029,James Wiseman,1630164,Detroit Pistons,DET,1610612765,C,2022-23,2,24,12.71,8.08,0.67,0.17,0.83,1.54,25.20,0.5306,0.1667,0.7119,-9.17,0.5367,0.5628,0.2214,17.91,-1.95
3759,Austin Reaves,1630559,Los Angeles Lakers,LAL,1610612747,PG,2023-24,3,82,15.85,4.29,5.49,0.80,0.30,2.12,32.06,0.4862,0.3667,0.8529,-0.50,0.5681,0.6134,0.2036,17.90,3.10
4463,Daniel Theis,1628464,Boston Celtics,BOS,1610612738,PF,2021-22,1,24,6.92,4.08,0.88,0.38,0.58,0.63,16.40,0.5982,0.3571,0.6875,5.46,0.6429,0.6583,0.1605,17.90,-0.45
593,Jalen Brunson,1628973,Dallas Mavericks,DAL,1610612742,PG,2021-22,1,79,16.27,3.91,4.77,0.84,0.04,1.57,31.95,0.5020,0.3730,0.8404,2.92,0.5486,0.5832,0.2206,17.90,2.91
1498,Markelle Fultz,1628365,Orlando Magic,ORL,1610612753,PG,2022-23,2,60,13.95,3.90,5.68,1.45,0.43,2.32,29.63,0.5140,0.3103,0.7832,-2.17,0.5339,0.5641,0.2135,17.89,5.06
1845,Dylan Harper,1642844,San Antonio Spurs,SAS,1610612759,PG,2025-26,5,68,11.84,3.38,3.90,0.78,0.34,1.41,22.54,0.5101,0.3468,0.7607,4.46,0.5568,0.5796,0.2194,17.89,4.29
4282,Jeremy Sochan,1631110,San Antonio Spurs,SAS,1610612759,SF,2024-25,4,52,11.58,6.52,2.40,0.83,0.52,1.52,25.61,0.5363,0.3000,0.6960,-1.35,0.5659,0.5902,0.1888,17.87,0.80
2607,Jock Landale,1629111,Memphis Grizzlies,MEM,1610612763,C,2025-26,5,45,10.71,6.20,1.58,0.51,0.42,0.96,22.39,0.5067,0.3760,0.6627,-2.07,0.5693,0.5856,0.1870,17.86,0.39
4848,Derrick White,1628401,Boston Celtics,BOS,1610612738,PG,2023-24,3,76,14.57,4.08,4.96,0.97,1.14,1.47,31.33,0.4613,0.3960,0.9013,8.14,0.5781,0.6110,0.1875,17.84,4.25
516,Miles Bridges,1628970,Charlotte Hornets,CHA,1610612766,PF,2025-26,5,81,16.22,5.56,3.04,0.57,0.42,1.32,29.47,0.4597,0.3326,0.8221,1.81,0.5307,0.5697,0.2254,17.83,1.33
575,Moses Brown,1629650,Dallas Mavericks,DAL,1610612742,C,2021-22,1,55,1.47,1.11,0.02,0.05,0.16,0.25,3.06,0.5400,,0.6279,0.04,0.5400,0.5876,0.2219,17.83,-2.93
1573,Paul George,202331,Philadelphia 76ers,PHI,1610612755,SF,2025-26,5,44,14.57,4.45,3.02,1.41,0.36,1.45,25.80,0.4386,0.3922,0.8198,2.02,0.5361,0.5704,0.2370,17.82,2.81
286,Bradley Beal,203078,Phoenix Suns,PHX,1610612756,PG,2023-24,3,53,18.19,4.38,5.00,0.98,0.51,2.47,33.33,0.5129,0.4298,0.8134,2.02,0.5816,0.6071,0.2304,17.81,2.04
4087,Alperen Sengun,1630578,Houston Rockets,HOU,1610612745,C,2021-22,1,72,9.61,5.46,2.57,0.82,0.94,2.01,20.69,0.4743,0.2479,0.7112,-4.29,0.5019,0.5518,0.2221,17.81,2.71
409,Bol Bol,1629626,Denver Nuggets,DEN,1610612743,C,2021-22,1,30,1.10,0.67,0.17,0.03,0.07,0.13,2.69,0.5556,0.2500,0.4000,0.17,0.5741,0.5651,0.1853,17.80,-1.00
3375,Jordan Nwora,1629670,Toronto Raptors,TOR,1610612761,SF,2023-24,3,41,6.59,2.83,1.07,0.49,0.29,1.00,12.90,0.4654,0.3474,0.8333,-4.46,0.5415,0.5733,0.2240,17.79,-0.31
3117,Shake Milton,1629003,Detroit Pistons,DET,1610612765,PG,2023-24,3,8,3.38,2.25,0.75,0.25,0.13,0.38,7.89,0.4231,0.3333,0.6667,-3.38,0.4808,0.4941,0.2035,17.78,2.36
1139,Spencer Dinwiddie,203915,Brooklyn Nets,BKN,1610612751,PG,2022-23,2,27,15.89,3.96,8.74,1.04,0.30,2.04,33.96,0.4045,0.2886,0.7967,2.48,0.4649,0.5230,0.2260,17.77,9.28
209,Paolo Banchero,1631094,Orlando Magic,ORL,1610612753,PF,2022-23,2,73,19.68,6.81,3.68,0.82,0.53,2.74,33.29,0.4269,0.2982,0.7378,-2.95,0.4648,0.5295,0.2771,17.76,1.46
1329,Drew Eubanks,1629234,Portland Trail Blazers,POR,1610612757,PF,2022-23,2,81,6.40,5.16,1.27,0.49,1.26,0.83,19.55,0.6407,0.3889,0.6640,-1.62,0.6512,0.6658,0.1261,17.76,0.51
3691,Olivier-Maxence Prosper,1641765,Memphis Grizzlies,MEM,1610612763,SF,2025-26,5,66,8.03,2.83,0.77,0.61,0.20,0.71,14.90,0.5486,0.4054,0.7544,-3.17,0.6343,0.6622,0.1897,17.75,-1.82
185,Marvin Bagley III,1628963,Sacramento Kings,SAC,1610612758,PF,2021-22,1,44,6.32,4.89,0.39,0.20,0.25,0.48,14.92,0.4634,0.2419,0.7447,-1.00,0.4939,0.5212,0.1873,17.75,-0.87
1852,Montrezl Harrell,1626149,Philadelphia 76ers,PHI,1610612755,PF,2022-23,2,82,3.90,1.94,0.40,0.21,0.30,0.43,8.30,0.5981,0.0000,0.6931,0.23,0.5981,0.6313,0.1908,17.74,-1.30
3707,Immanuel Quickley,1630193,Toronto Raptors,TOR,1610612761,PG,2025-26,5,72,15.97,3.92,5.76,1.28,0.07,1.42,30.99,0.4431,0.3739,0.8213,1.63,0.5414,0.5773,0.2126,17.74,5.52
3277,Larry Nance Jr.,1626204,New Orleans Pelicans,NOP,1610612740,PF,2022-23,2,66,6.68,5.36,1.80,0.85,0.56,0.64,20.93,0.6098,0.3333,0.6962,2.80,0.6328,0.6490,0.1197,17.74,1.65
2057,Al Horford,201143,Boston Celtics,BOS,1610612738,C,2023-24,3,67,8.39,6.16,2.51,0.57,0.93,0.72,25.97,0.5107,0.4186,0.8667,6.28,0.6396,0.6502,0.1215,17.73,1.57
4006,Dario Saric,203967,Golden State Warriors,GSW,1610612744,PF,2023-24,3,74,5.77,3.41,1.74,0.38,0.14,0.86,13.05,0.4535,0.3533,0.8462,-0.62,0.5420,0.5812,0.1887,17.73,2.68
3787,Naz Reid,1629675,Minnesota Timberwolves,MIN,1610612750,C,2023-24,3,81,13.46,5.22,1.31,0.78,0.90,1.37,24.25,0.4771,0.4142,0.7365,3.06,0.5764,0.5949,0.2327,17.72,-0.55
3966,D'Angelo Russell,1626156,Los Angeles Lakers,LAL,1610612747,PG,2023-24,3,80,17.11,2.95,6.03,0.86,0.45,1.95,31.05,0.4556,0.4147,0.8281,2.30,0.5602,0.5878,0.2309,17.72,4.95
361,Goga Bitadze,1629048,Indiana Pacers,IND,1610612754,C,2021-22,1,70,4.99,2.53,0.79,0.30,0.60,0.66,10.42,0.5198,0.2875,0.6809,-0.46,0.5655,0.5948,0.1997,17.72,1.08
2898,Bennedict Mathurin,1631097,Los Angeles Clippers,LAC,1610612746,SG,2025-26,5,26,17.38,5.46,2.54,1.00,0.35,2.08,28.04,0.4263,0.2073,0.8579,2.58,0.4530,0.5614,0.2755,17.71,0.11
2951,CJ McCollum,203468,Atlanta Hawks,ATL,1610612737,PG,2025-26,5,41,18.68,3.12,4.07,0.98,0.63,1.88,28.81,0.4560,0.3571,0.7481,6.44,0.5320,0.5596,0.2692,17.71,2.99
4836,Russell Westbrook,201566,Sacramento Kings,SAC,1610612758,PG,2025-26,5,64,15.17,5.44,6.66,1.30,0.19,3.27,28.95,0.4267,0.3377,0.6940,-7.13,0.5030,0.5280,0.2598,17.71,6.23
4642,Fred VanVleet,1627832,Houston Rockets,HOU,1610612745,PG,2023-24,3,73,17.40,3.81,8.07,1.38,0.81,1.73,36.77,0.4155,0.3874,0.8603,2.51,0.5270,0.5676,0.1988,17.70,7.60
228,Harrison Barnes,203084,Sacramento Kings,SAC,1610612758,SF,2021-22,1,77,16.43,5.61,2.42,0.69,0.18,1.53,33.59,0.4688,0.3944,0.8257,-4.86,0.5540,0.6227,0.1894,17.68,-1.30
1554,Luka Garza,1630568,Boston Celtics,BOS,1610612738,C,2025-26,5,80,6.96,3.51,0.83,0.34,0.35,0.58,13.97,0.5770,0.4331,0.7692,1.55,0.6541,0.6818,0.1779,17.67,-0.75
2372,Mason Jones,1630222,Los Angeles Lakers,LAL,1610612747,SG,2021-22,1,8,3.38,1.25,0.50,0.25,0.00,0.13,6.33,0.4667,0.2500,0.8000,2.88,0.5000,0.6250,0.1883,17.66,1.61
480,Tony Bradley,1628396,Chicago Bulls,CHI,1610612741,C,2021-22,1,76,2.14,2.45,0.36,0.13,0.43,0.45,7.22,0.5854,,0.6552,0.92,0.5854,0.6003,0.1370,17.66,-0.72
4202,Javon Small,1642914,Memphis Grizzlies,MEM,1610612763,PG,2025-26,5,45,8.80,2.84,3.36,0.76,0.20,1.24,18.44,0.4653,0.4225,0.8293,-2.40,0.5694,0.6110,0.1903,17.65,4.32
2607,Jock Landale,1629111,Phoenix Suns,PHX,1610612756,C,2022-23,2,80,5.70,3.50,0.85,0.20,0.38,0.74,12.23,0.5282,0.2500,0.7524,1.76,0.5593,0.5950,0.1938,17.63,0.00
3159,Malik Monk,1628370,Sacramento Kings,SAC,1610612758,PG,2023-24,3,72,15.42,2.94,5.14,0.63,0.54,2.08,26.00,0.4434,0.3499,0.8293,0.14,0.5263,0.5645,0.2598,17.63,5.01
3129,Yves Missi,1642274,New Orleans Pelicans,NOP,1610612740,C,2024-25,4,80,8.31,7.51,1.24,0.46,1.23,1.03,24.45,0.5467,0.0000,0.6225,-6.43,0.5467,0.5715,0.1443,17.63,-0.46
2191,Trayce Jackson-Davis,1631218,Golden State Warriors,GSW,1610612744,PF,2025-26,5,51,2.94,2.20,0.63,0.25,0.37,0.35,8.06,0.5882,1.0000,0.5577,-0.96,0.5931,0.6006,0.1475,17.62,0.83
2582,Kyle Kuzma,1628398,Washington Wizards,WAS,1610612764,SF,2022-23,2,64,21.20,7.23,3.73,0.56,0.45,2.97,34.98,0.4483,0.3326,0.7300,0.16,0.5184,0.5444,0.2811,17.62,0.77
2575,Jonathan Kuminga,1630228,Golden State Warriors,GSW,1610612744,SF,2024-25,4,50,14.38,4.34,2.08,0.76,0.42,1.42,22.89,0.4542,0.3046,0.6681,0.16,0.4947,0.5354,0.2767,17.61,1.20
4496,Ausar Thompson,1641709,Detroit Pistons,DET,1610612765,SG,2024-25,4,60,9.90,5.05,2.23,1.63,0.67,1.33,22.13,0.5348,0.2245,0.6408,1.12,0.5467,0.5684,0.1921,17.60,2.58
119,Cole Anthony,1630175,Orlando Magic,ORL,1610612753,SG,2022-23,2,64,12.20,4.50,3.67,0.58,0.48,1.42,24.24,0.4541,0.3641,0.8941,-0.41,0.5156,0.5702,0.2153,17.59,3.99
3245,Trey Murphy III,1630530,New Orleans Pelicans,NOP,1610612740,SF,2023-24,3,59,14.27,4.75,2.10,0.86,0.47,0.58,28.65,0.4428,0.3798,0.8146,4.49,0.5789,0.6124,0.1881,17.59,0.60
4093,Collin Sexton,1629012,Charlotte Hornets,CHA,1610612766,PG,2025-26,5,43,13.86,1.86,3.65,0.84,0.16,2.07,21.80,0.4879,0.3931,0.8766,-0.79,0.5568,0.6186,0.2596,17.58,1.73
208,Mo Bamba,1628964,Orlando Magic,ORL,1610612753,C,2022-23,2,52,5.58,3.54,0.81,0.23,0.73,0.42,13.09,0.4953,0.3981,0.6863,0.33,0.5958,0.6133,0.1650,17.58,1.40
3648,Kevin Porter Jr.,1629645,Houston Rockets,HOU,1610612745,PG,2022-23,2,59,19.15,5.32,5.73,1.39,0.29,3.19,34.30,0.4423,0.3662,0.7841,-5.81,0.5221,0.5649,0.2465,17.57,3.44
2292,Keldon Johnson,1629640,San Antonio Spurs,SAS,1610612759,SG,2021-22,1,75,17.04,6.09,2.11,0.77,0.19,1.23,31.89,0.4659,0.3985,0.7564,1.00,0.5445,0.5736,0.2137,17.56,-0.18
1395,Kyle Filipowski,1642271,Utah Jazz,UTA,1610612762,C,2024-25,4,75,9.20,5.87,1.87,0.64,0.29,1.36,20.29,0.5019,0.3500,0.6503,-4.88,0.5763,0.5939,0.1885,17.55,0.63
2292,Keldon Johnson,1629640,San Antonio Spurs,SAS,1610612759,SG,2022-23,2,70,19.79,4.54,2.61,0.66,0.16,1.91,29.47,0.4519,0.3292,0.7492,-7.01,0.5121,0.5510,0.2799,17.55,0.30
3415,Chuma Okeke,1629643,Philadelphia 76ers,PHI,1610612755,SF,2024-25,4,10,4.80,4.30,1.30,0.50,0.30,0.30,17.13,0.5455,0.4545,0.6667,-3.40,0.6970,0.6993,0.0945,17.55,0.23
2057,Al Horford,201143,Golden State Warriors,GSW,1610612744,C,2025-26,5,48,7.75,4.56,2.42,0.63,1.06,0.88,20.20,0.4259,0.3610,0.8462,-0.19,0.5401,0.5545,0.1669,17.54,3.49
99,Kyle Anderson,203937,Minnesota Timberwolves,MIN,1610612750,SG,2022-23,2,72,8.99,5.11,4.65,1.08,0.88,1.43,27.18,0.5091,0.4095,0.7353,1.26,0.5525,0.5831,0.1442,17.53,5.09
3526,Chris Paul,101108,Golden State Warriors,GSW,1610612744,PG,2023-24,3,59,9.03,3.81,6.66,1.19,0.10,1.29,25.95,0.4411,0.3714,0.8269,1.86,0.5246,0.5440,0.1572,17.51,9.09
2259,Cameron Johnson,1629661,Phoenix Suns,PHX,1610612756,SF,2022-23,2,19,12.42,3.42,1.37,0.79,0.32,0.53,22.60,0.4740,0.4545,0.8182,5.11,0.6040,0.6293,0.1975,17.50,0.17
1599,Collin Gillespie,1631221,Phoenix Suns,PHX,1610612756,PG,2024-25,4,43,4.51,1.81,1.81,0.49,0.12,0.40,10.72,0.4304,0.4333,0.8636,-0.67,0.5538,0.5785,0.1782,17.49,5.44
2190,Jaren Jackson Jr.,1628991,Memphis Grizzlies,MEM,1610612763,PF,2021-22,1,78,16.31,5.82,1.10,0.94,2.27,1.67,27.26,0.4151,0.3192,0.8232,4.63,0.4768,0.5354,0.2558,17.49,1.02
1554,Luka Garza,1630568,Minnesota Timberwolves,MIN,1610612750,C,2024-25,4,74,1.86,0.73,0.15,0.08,0.04,0.16,2.97,0.4952,0.2778,0.6857,0.01,0.5429,0.5731,0.2625,17.49,-0.76
2133,Serge Ibaka,201586,Los Angeles Clippers,LAC,1610612746,PF,2021-22,1,40,5.80,3.75,0.90,0.18,0.65,0.83,13.46,0.4896,0.3871,0.6897,-1.00,0.5521,0.5665,0.1955,17.49,0.14
4642,Fred VanVleet,1627832,Toronto Raptors,TOR,1610612761,PG,2021-22,1,67,19.70,4.31,6.48,1.66,0.52,2.54,36.75,0.4029,0.3769,0.8739,3.16,0.5132,0.5524,0.2394,17.49,5.09
3012,Jordan McLaughlin,1629162,San Antonio Spurs,SAS,1610612759,PG,2024-25,4,35,1.29,0.26,0.77,0.14,0.03,0.14,3.55,0.5357,0.4500,1.0000,1.60,0.6964,0.7343,0.1230,17.47,5.43
2644,Caris LeVert,1627747,Atlanta Hawks,ATL,1610612737,PG,2024-25,4,28,13.86,3.43,2.68,0.86,0.50,0.89,24.71,0.4817,0.3382,0.7222,0.71,0.5581,0.5831,0.2155,17.47,2.13
4654,Devin Vassell,1630170,San Antonio Spurs,SAS,1610612759,SG,2022-23,2,43,16.35,3.44,3.16,1.00,0.40,1.33,27.39,0.4387,0.3872,0.7800,-6.86,0.5252,0.5501,0.2443,17.45,2.67
2546,Luke Kornet,1628436,Boston Celtics,BOS,1610612738,C,2022-23,2,80,3.26,2.46,0.66,0.14,0.58,0.31,10.05,0.6647,0.2308,0.8205,0.76,0.6735,0.6973,0.1158,17.44,0.02
1964,Tyler Herro,1629639,Miami Heat,MIA,1610612748,SG,2022-23,2,71,18.97,5.07,3.94,0.72,0.23,2.23,32.90,0.4391,0.3780,0.9341,2.39,0.5307,0.5664,0.2578,17.44,1.31
4515,Tristan Thompson,202684,Sacramento Kings,SAC,1610612758,C,2021-22,1,52,3.56,3.10,0.35,0.21,0.23,0.56,8.73,0.5033,1.0000,0.5333,-1.02,0.5066,0.5214,0.1955,17.43,-0.89
998,Dyson Daniels,1630700,Atlanta Hawks,ATL,1610612737,SG,2024-25,4,76,13.97,5.80,4.32,3.00,0.71,2.00,33.33,0.4929,0.3448,0.6029,-0.84,0.5367,0.5458,0.1832,17.43,3.78
23,Steven Adams,203500,Houston Rockets,HOU,1610612745,C,2025-26,5,37,5.05,7.46,1.30,0.59,0.54,0.95,19.74,0.5036,,0.5802,5.24,0.5036,0.5354,0.1208,17.41,0.23
2899,Karlo Matković,1631255,New Orleans Pelicans,NOP,1610612740,PF,2025-26,5,66,5.33,3.47,0.76,0.38,0.82,0.52,13.82,0.6043,0.4222,0.7317,-1.41,0.6851,0.6955,0.1327,17.40,-0.41
2292,Keldon Johnson,1629640,San Antonio Spurs,SAS,1610612759,SG,2024-25,4,76,12.71,4.79,1.63,0.64,0.28,0.99,23.77,0.4815,0.3173,0.7732,-2.82,0.5383,0.5727,0.2177,17.39,-0.36
1382,Bruno Fernando,1628981,Toronto Raptors,TOR,1610612761,PF,2024-25,4,34,1.71,1.50,0.53,0.12,0.26,0.41,4.31,0.5306,,0.7500,-0.65,0.5306,0.5522,0.1901,17.39,2.79
1700,Jalen Green,1630224,Houston Rockets,HOU,1610612745,SG,2023-24,3,82,19.63,5.16,3.55,0.80,0.34,2.33,31.72,0.4227,0.3322,0.8040,0.38,0.4981,0.5414,0.2754,17.39,0.97
1791,PJ Hall,1641790,Charlotte Hornets,CHA,1610612766,C,2025-26,5,12,6.08,5.50,0.67,0.25,0.67,1.25,15.57,0.5000,1.0000,0.8077,-2.58,0.5200,0.5941,0.1753,17.38,-2.45
233,Scottie Barnes,1630567,Toronto Raptors,TOR,1610612761,SG,2021-22,1,76,14.92,7.33,3.37,1.05,0.72,1.79,34.44,0.4925,0.3005,0.7349,0.87,0.5236,0.5523,0.1917,17.37,1.26
2607,Jock Landale,1629111,San Antonio Spurs,SAS,1610612759,C,2021-22,1,69,3.84,2.00,0.65,0.14,0.20,0.45,8.53,0.4951,0.3258,0.8293,-0.25,0.5662,0.5967,0.1818,17.34,-0.18
1329,Drew Eubanks,1629234,Los Angeles Clippers,LAC,1610612746,PF,2024-25,4,31,2.10,1.87,0.29,0.06,0.23,0.32,5.73,0.5510,0.0000,0.7857,-0.29,0.5510,0.5892,0.1648,17.34,-1.51
3374,David Nwaba,1628021,Houston Rockets,HOU,1610612745,SG,2021-22,1,82,2.84,1.84,0.43,0.34,0.24,0.26,7.43,0.4830,0.3061,0.7164,-1.43,0.5256,0.5670,0.1589,17.34,0.76
3802,Jared Rhoden,1631197,Toronto Raptors,TOR,1610612761,SG,2024-25,4,14,8.14,2.71,1.00,0.64,0.14,0.57,15.33,0.5063,0.3243,0.8800,4.00,0.5823,0.6333,0.1854,17.34,-0.62
5029,James Wiseman,1630164,Detroit Pistons,DET,1610612765,C,2023-24,3,82,5.44,4.10,0.66,0.15,0.48,0.80,13.30,0.6131,0.0000,0.7059,-3.96,0.6131,0.6374,0.1634,17.33,-2.09
2951,CJ McCollum,203468,New Orleans Pelicans,NOP,1610612740,PG,2022-23,2,75,20.91,4.37,5.72,0.93,0.51,2.44,35.33,0.4368,0.3886,0.7689,0.79,0.5153,0.5412,0.2662,17.33,3.98
3787,Naz Reid,1629675,Minnesota Timberwolves,MIN,1610612750,C,2025-26,5,78,13.41,6.12,2.18,0.97,1.00,1.62,25.74,0.4558,0.3616,0.7317,2.17,0.5488,0.5653,0.2224,17.33,1.24
3966,D'Angelo Russell,1626156,Minnesota Timberwolves,MIN,1610612750,PG,2022-23,2,54,17.91,3.06,6.19,1.11,0.39,2.72,32.93,0.4649,0.3905,0.8563,-1.07,0.5667,0.6040,0.2282,17.33,3.78
3620,Mason Plumlee,203486,Charlotte Hornets,CHA,1610612766,PF,2025-26,5,29,0.90,1.38,0.55,0.21,0.00,0.31,4.29,0.7500,,0.6667,0.28,0.7500,0.7523,0.0891,17.32,0.83
2259,Cameron Johnson,1629661,Brooklyn Nets,BKN,1610612751,SF,2022-23,2,25,16.56,4.80,2.08,1.40,0.32,1.08,30.81,0.4684,0.3718,0.8506,2.32,0.5648,0.6101,0.2128,17.32,0.20
364,Nemanja Bjelica,202357,Golden State Warriors,GSW,1610612744,PF,2021-22,1,77,5.62,3.82,2.06,0.53,0.34,1.13,14.84,0.4678,0.3624,0.7284,1.69,0.5468,0.5733,0.1777,17.31,2.99
766,Justin Champagnie,1630551,Washington Wizards,WAS,1610612764,SG,2024-25,4,64,8.50,5.48,0.94,1.02,0.61,0.84,20.95,0.5109,0.3834,0.6849,-4.50,0.6010,0.6138,0.1570,17.31,-0.62
3305,Andrew Nembhard,1629614,Indiana Pacers,IND,1610612754,PG,2025-26,5,65,14.86,2.46,6.72,0.78,0.12,2.11,27.47,0.4422,0.3615,0.8248,-6.05,0.5133,0.5643,0.2388,17.29,6.61
3787,Naz Reid,1629675,Minnesota Timberwolves,MIN,1610612750,C,2024-25,4,81,14.05,5.93,2.23,0.72,0.89,1.33,27.16,0.4615,0.3788,0.7762,4.20,0.5563,0.5771,0.2166,17.29,0.91
1638,Aaron Gordon,203932,Denver Nuggets,DEN,1610612743,SF,2021-22,1,75,15.01,5.85,2.51,0.59,0.59,1.77,31.68,0.5204,0.3346,0.7435,4.28,0.5725,0.6020,0.1983,17.28,-0.97
2035,Richaun Holmes,1626158,Washington Wizards,WAS,1610612764,PF,2023-24,3,28,4.32,3.71,0.36,0.29,0.36,0.43,11.34,0.5568,0.3333,0.8462,-2.00,0.5625,0.6084,0.1487,17.28,-1.38
575,Moses Brown,1629650,Portland Trail Blazers,POR,1610612757,C,2023-24,3,58,1.29,1.48,0.12,0.09,0.12,0.19,3.45,0.5077,,0.2903,-1.02,0.5077,0.4769,0.1909,17.27,0.21
3662,Dwight Powell,203939,Dallas Mavericks,DAL,1610612742,PF,2021-22,1,82,8.74,4.93,1.18,0.45,0.48,0.78,21.93,0.6708,0.3514,0.7830,0.90,0.6870,0.7253,0.1409,17.27,-1.76
2644,Caris LeVert,1627747,Indiana Pacers,IND,1610612754,PG,2021-22,1,39,18.67,3.85,4.44,0.90,0.46,1.92,31.11,0.4469,0.3228,0.7603,-0.49,0.4960,0.5304,0.2729,17.27,3.37
3096,Brandon Miller,1641706,Charlotte Hornets,CHA,1610612766,SF,2025-26,5,65,20.17,4.91,3.34,1.02,0.68,2.51,30.29,0.4349,0.3827,0.8924,5.72,0.5326,0.5739,0.2837,17.26,0.98
210,Desmond Bane,1630217,Orlando Magic,ORL,1610612753,SG,2025-26,5,79,20.32,4.10,4.09,1.05,0.43,1.97,33.52,0.4875,0.3937,0.9059,1.81,0.5576,0.6114,0.2356,17.26,1.09
284,Darius Bazley,1629647,Utah Jazz,UTA,1610612762,PF,2023-24,3,6,8.00,4.50,0.83,1.00,1.17,1.17,23.68,0.6207,0.2500,0.8333,-5.33,0.6552,0.7001,0.1238,17.25,-3.16
3913,Ryan Rollins,1631157,Milwaukee Bucks,MIL,1610612749,PG,2025-26,5,75,17.08,4.51,5.52,1.47,0.41,2.68,31.68,0.4718,0.4062,0.7962,-2.33,0.5612,0.5828,0.2432,17.25,3.54
3688,Payton Pritchard,1630202,Boston Celtics,BOS,1610612738,PG,2025-26,5,80,16.81,3.90,5.10,0.73,0.13,1.36,31.94,0.4638,0.3772,0.8897,5.33,0.5610,0.5844,0.2158,17.25,3.32
3055,De'Anthony Melton,1629001,Memphis Grizzlies,MEM,1610612763,SG,2021-22,1,73,10.84,4.49,2.66,1.42,0.53,1.53,22.70,0.4043,0.3737,0.7500,3.03,0.5043,0.5289,0.2135,17.24,3.33
3624,Brandin Podziemski,1641764,Golden State Warriors,GSW,1610612744,SG,2025-26,5,82,13.82,5.11,3.71,1.07,0.18,1.60,28.45,0.4550,0.3714,0.7967,0.18,0.5433,0.5828,0.2020,17.23,2.00
5099,Thaddeus Young,201152,Toronto Raptors,TOR,1610612761,SF,2023-24,3,47,2.43,1.60,1.06,0.38,0.06,0.23,7.45,0.6207,0.1667,0.4167,-0.62,0.6264,0.6177,0.1275,17.22,3.76
874,Mike Conley,201144,Utah Jazz,UTA,1610612762,PG,2021-22,1,72,13.69,3.01,5.35,1.33,0.29,1.71,28.59,0.4349,0.4082,0.7963,4.82,0.5417,0.5717,0.2102,17.21,5.30
4642,Fred VanVleet,1627832,Toronto Raptors,TOR,1610612761,PG,2022-23,2,71,18.80,3.94,6.97,1.73,0.54,1.97,35.70,0.3930,0.3416,0.8975,2.75,0.4861,0.5398,0.2334,17.21,6.86
2131,Bones Hyland,1630538,Los Angeles Clippers,LAC,1610612746,PG,2022-23,2,23,6.57,2.13,2.04,0.48,0.09,0.65,11.53,0.4015,0.3514,0.7500,0.65,0.4964,0.5178,0.2639,17.20,6.85
657,Matas Buzelis,1641824,Chicago Bulls,CHI,1610612741,SF,2025-26,5,78,16.05,5.74,2.03,0.71,1.49,2.04,28.83,0.4631,0.3495,0.7857,-3.92,0.5530,0.5863,0.2295,17.20,-0.62
11,Precious Achiuwa,1630173,Toronto Raptors,TOR,1610612761,SF,2022-23,2,64,7.94,5.13,0.78,0.48,0.47,0.92,17.82,0.4851,0.2685,0.7016,-0.58,0.5210,0.5539,0.1947,17.19,-0.82
3688,Payton Pritchard,1630202,Boston Celtics,BOS,1610612738,PG,2024-25,4,81,14.12,3.79,3.44,0.86,0.17,1.02,28.04,0.4723,0.4073,0.8452,5.31,0.6195,0.6335,0.1913,17.19,1.76
4848,Derrick White,1628401,San Antonio Spurs,SAS,1610612759,PG,2021-22,1,49,14.41,3.53,5.59,1.00,0.86,1.78,30.32,0.4263,0.3140,0.8688,0.65,0.4974,0.5512,0.2083,17.18,5.45
4882,Andrew Wiggins,203952,Golden State Warriors,GSW,1610612744,SF,2024-25,4,46,16.41,4.28,2.22,0.87,0.72,1.22,28.18,0.4439,0.3790,0.7765,-1.20,0.5238,0.5662,0.2350,17.18,0.45
3627,Aleksej Pokusevski,1630197,Charlotte Hornets,CHA,1610612766,PF,2023-24,3,20,6.70,3.95,1.50,0.70,0.60,0.80,17.26,0.4286,0.3636,0.7568,-2.00,0.5048,0.5524,0.1844,17.18,1.21
4846,Coby White,1629632,Chicago Bulls,CHI,1610612741,PG,2024-25,4,75,20.12,3.64,4.40,0.92,0.21,2.36,32.67,0.4532,0.3699,0.9023,-1.88,0.5495,0.6007,0.2458,17.17,1.05
2384,Tre Jones,1630200,San Antonio Spurs,SAS,1610612759,PG,2021-22,1,73,5.66,2.12,3.19,0.58,0.10,0.63,15.73,0.4897,0.1961,0.7802,-0.22,0.5044,0.5448,0.1572,17.16,6.20
4232,Ish Smith,202397,Washington Wizards,WAS,1610612764,PG,2021-22,1,28,8.64,2.96,5.21,0.96,0.46,1.50,21.96,0.4571,0.3571,0.6000,-2.14,0.4878,0.4895,0.2109,17.14,8.19
848,Isaiah Collier,1642268,Utah Jazz,UTA,1610612762,PG,2025-26,5,74,9.30,2.03,5.72,0.89,0.27,2.00,20.50,0.4951,0.2700,0.7225,-5.99,0.5214,0.5668,0.2053,17.14,7.69
1978,Buddy Hield,1627741,Indiana Pacers,IND,1610612754,SG,2022-23,2,80,16.80,5.00,2.81,1.15,0.33,1.74,31.02,0.4576,0.4254,0.8217,-1.05,0.5963,0.6138,0.2101,17.13,0.39
2855,Naji Marshall,1630230,Dallas Mavericks,DAL,1610612742,SF,2025-26,5,78,14.37,4.44,3.09,1.04,0.08,1.50,27.71,0.5098,0.2905,0.7600,-2.53,0.5472,0.5912,0.2075,17.13,0.55
1350,Tacko Fall,1629605,Cleveland Cavaliers,CLE,1610612739,C,2021-22,1,24,0.50,0.96,0.08,0.00,0.25,0.13,2.45,0.4167,,0.2857,0.21,0.4167,0.3979,0.1362,17.12,0.40
4526,Matisse Thybulle,1629680,Portland Trail Blazers,POR,1610612757,SG,2024-25,4,69,1.62,0.75,0.41,0.48,0.13,0.19,4.53,0.4773,0.4375,0.4667,0.01,0.5966,0.5920,0.1441,17.11,2.43
1699,JaMychal Green,203210,Golden State Warriors,GSW,1610612744,PF,2022-23,2,68,5.38,3.01,0.75,0.37,0.34,0.76,11.71,0.5397,0.3784,0.7761,-2.29,0.6230,0.6501,0.1767,17.10,-0.86
4881,Aaron Wiggins,1630598,Oklahoma City Thunder,OKC,1610612760,SG,2024-25,4,76,12.03,3.88,1.76,0.79,0.24,0.91,22.82,0.4876,0.3835,0.8315,6.79,0.5769,0.5957,0.2058,17.09,-0.17
4940,Jaylin Williams,1631119,Oklahoma City Thunder,OKC,1610612760,PF,2025-26,5,68,6.81,5.22,2.32,0.44,0.62,0.99,18.63,0.4236,0.3834,0.7912,4.57,0.5634,0.5981,0.1564,17.09,2.79
56,Nickeil Alexander-Walker,1629638,Atlanta Hawks,ATL,1610612737,SG,2025-26,5,80,20.30,3.35,3.58,1.28,0.53,2.03,32.53,0.4586,0.3990,0.9023,3.05,0.5636,0.6105,0.2405,17.09,0.52
1915,Gordon Hayward,202330,Charlotte Hornets,CHA,1610612766,SF,2021-22,1,50,15.56,4.48,3.54,0.94,0.44,1.62,31.27,0.4587,0.3909,0.8456,-0.40,0.5284,0.5699,0.2077,17.09,1.35
3068,Chimezie Metu,1629002,Sacramento Kings,SAC,1610612758,PF,2021-22,1,77,6.94,4.35,0.78,0.66,0.42,0.79,16.61,0.4521,0.3065,0.7802,-2.01,0.5156,0.5460,0.1858,17.08,-0.45
2343,Damian Jones,1627745,Cleveland Cavaliers,CLE,1610612739,C,2023-24,3,82,1.30,0.76,0.18,0.09,0.16,0.16,3.29,0.5972,0.2143,0.8571,-1.11,0.6181,0.6585,0.1550,17.07,-1.48
3707,Immanuel Quickley,1630193,New York Knicks,NYK,1610612752,PG,2023-24,3,31,14.52,2.48,2.39,0.52,0.10,1.00,23.23,0.4537,0.3951,0.8723,3.90,0.5493,0.5978,0.2408,17.07,0.39
3613,Scotty Pippen Jr.,1630590,Memphis Grizzlies,MEM,1610612763,PG,2024-25,4,81,9.62,3.20,4.28,1.27,0.37,1.70,20.77,0.4798,0.3973,0.7135,0.54,0.5530,0.5820,0.1945,17.07,5.93
4779,Trendon Watford,1630570,Brooklyn Nets,BKN,1610612751,SG,2023-24,3,82,5.27,2.37,0.99,0.28,0.23,0.77,10.45,0.5273,0.3971,0.7938,-0.89,0.5707,0.6107,0.2124,17.06,-0.30
4496,Ausar Thompson,1641709,Detroit Pistons,DET,1610612765,SG,2025-26,5,72,9.81,5.71,3.15,2.00,0.96,1.50,25.94,0.5257,0.2273,0.5784,5.40,0.5301,0.5461,0.1696,17.05,3.50
3777,Julian Reese,1642882,Washington Wizards,WAS,1610612764,PF,2025-26,5,13,11.85,10.54,1.85,1.38,0.62,2.46,30.89,0.5294,,0.6364,-8.62,0.5294,0.5565,0.1765,17.03,-1.30
208,Mo Bamba,1628964,Philadelphia 76ers,PHI,1610612755,C,2023-24,3,72,3.51,3.31,0.57,0.31,0.83,0.54,10.28,0.4899,0.3906,0.6800,-0.65,0.5530,0.5750,0.1516,17.03,0.90
2149,Jonathan Isaac,1628371,Orlando Magic,ORL,1610612753,PF,2024-25,4,79,4.81,3.97,0.51,0.77,1.01,0.42,13.80,0.4136,0.2583,0.6822,-0.48,0.4738,0.5120,0.1638,17.03,1.47
496,Christian Braun,1631128,Denver Nuggets,DEN,1610612743,SG,2024-25,4,79,15.42,5.19,2.59,1.08,0.47,1.03,33.86,0.5798,0.3973,0.8271,6.08,0.6340,0.6655,0.1593,17.03,-0.96
4162,Anfernee Simons,1629014,Portland Trail Blazers,POR,1610612757,PG,2023-24,3,51,20.37,3.27,5.00,0.45,0.10,2.47,31.02,0.4301,0.3852,0.9157,-6.47,0.5233,0.5676,0.2808,17.02,2.17
3372,Jusuf Nurkić,203994,Phoenix Suns,PHX,1610612756,C,2024-25,4,37,5.81,6.19,1.27,0.62,0.43,1.54,15.99,0.4540,0.3220,0.6957,-1.86,0.5123,0.5560,0.1882,17.02,-0.15
935,Torrey Craig,1628470,Chicago Bulls,CHI,1610612741,SF,2024-25,4,30,2.07,0.83,0.17,0.07,0.03,0.00,3.76,0.4889,0.4286,0.7500,-0.93,0.6556,0.6630,0.1743,17.02,-0.02
861,Zach Collins,1628380,San Antonio Spurs,SAS,1610612759,PF,2023-24,3,69,11.25,5.36,2.81,0.49,0.75,1.91,22.11,0.4838,0.3204,0.7531,-5.70,0.5308,0.5645,0.2271,17.00,1.77
971,Cade Cunningham,1630595,Detroit Pistons,DET,1610612765,PG,2022-23,2,12,19.92,6.17,6.00,0.83,0.58,3.25,33.33,0.4152,0.2787,0.8372,-5.00,0.4531,0.4919,0.2951,17.00,4.84
233,Scottie Barnes,1630567,Toronto Raptors,TOR,1610612761,SG,2022-23,2,78,15.12,6.56,4.76,1.06,0.78,1.97,34.33,0.4557,0.2813,0.7724,2.24,0.4867,0.5244,0.2046,16.99,3.28
3198,Monte Morris,1628420,Washington Wizards,WAS,1610612764,PG,2022-23,2,64,9.67,3.22,4.97,0.67,0.20,0.92,25.73,0.4850,0.3788,0.8219,0.27,0.5601,0.5827,0.1574,16.99,5.34
1533,Darius Garland,1629636,Cleveland Cavaliers,CLE,1610612739,PG,2025-26,5,26,17.96,2.42,6.92,0.81,0.12,2.81,30.46,0.4509,0.3598,0.8608,-1.54,0.5292,0.5671,0.2533,16.99,4.81
2607,Jock Landale,1629111,Houston Rockets,HOU,1610612745,C,2024-25,4,78,2.56,1.76,0.47,0.17,0.13,0.27,6.41,0.5329,0.4231,0.6750,-0.32,0.5691,0.5896,0.1585,16.99,0.00
1873,Tobias Harris,202699,Detroit Pistons,DET,1610612765,SF,2025-26,5,63,13.10,5.03,2.48,0.92,0.41,0.98,27.15,0.4730,0.3716,0.8684,5.71,0.5355,0.5778,0.1899,16.98,0.77
4848,Derrick White,1628401,Boston Celtics,BOS,1610612738,PG,2024-25,4,78,16.00,4.37,4.63,0.92,1.03,1.68,32.99,0.4421,0.3835,0.8385,6.92,0.5803,0.6059,0.1984,16.97,2.68
284,Darius Bazley,1629647,Phoenix Suns,PHX,1610612756,PF,2022-23,2,23,1.22,0.70,0.26,0.13,0.22,0.22,2.66,0.4800,0.2500,0.4000,-1.61,0.5200,0.5147,0.2255,16.95,3.39
4093,Collin Sexton,1629012,Utah Jazz,UTA,1610612762,PG,2024-25,4,70,16.56,2.44,3.77,0.67,0.09,2.29,25.11,0.4798,0.4059,0.8645,-4.09,0.5433,0.5929,0.2721,16.93,0.83
5106,Cody Zeller,203469,Miami Heat,MIA,1610612748,PF,2022-23,2,17,5.76,3.76,0.59,0.18,0.24,0.82,12.75,0.6271,0.0000,0.6857,-2.82,0.6271,0.6586,0.1839,16.93,-2.63
4152,Ben Simmons,1627732,Brooklyn Nets,BKN,1610612751,PG,2022-23,2,44,6.61,5.98,5.82,1.23,0.55,2.20,25.12,0.5660,0.0000,0.4386,0.91,0.5660,0.5594,0.1457,16.92,7.00
5065,Delon Wright,1626153,Washington Wizards,WAS,1610612764,PG,2022-23,2,51,7.24,3.53,3.80,1.80,0.33,0.86,23.95,0.4742,0.3445,0.8667,1.35,0.5447,0.5813,0.1297,16.92,5.00
3168,Xavier Moon,1629875,Los Angeles Clippers,LAC,1610612746,PG,2021-22,1,19,3.05,0.74,1.26,0.37,0.16,0.32,7.23,0.4902,0.3571,0.6000,0.11,0.5392,0.5451,0.1931,16.91,5.34
3375,Jordan Nwora,1629670,Indiana Pacers,IND,1610612754,SF,2022-23,2,24,13.04,4.67,2.08,0.50,0.29,1.33,24.64,0.4758,0.4220,0.7209,-6.33,0.5685,0.5863,0.2147,16.91,-0.14
3637,Jordan Poole,1629673,Washington Wizards,WAS,1610612764,PG,2024-25,4,67,20.45,3.03,4.48,1.25,0.37,2.99,29.40,0.4321,0.3795,0.8852,-8.00,0.5443,0.5916,0.2900,16.91,1.85
3637,Jordan Poole,1629673,Golden State Warriors,GSW,1610612744,PG,2021-22,1,76,18.49,3.42,4.00,0.79,0.30,2.46,30.04,0.4480,0.3638,0.9248,4.28,0.5477,0.5979,0.2612,16.91,1.02
4836,Russell Westbrook,201566,Denver Nuggets,DEN,1610612743,PG,2024-25,4,75,13.25,4.93,6.09,1.41,0.49,3.23,27.90,0.4489,0.3230,0.6609,-0.32,0.5054,0.5324,0.2392,16.89,5.21
99,Kyle Anderson,203937,Golden State Warriors,GSW,1610612744,SG,2024-25,4,45,4.20,2.44,1.80,0.58,0.44,0.44,12.02,0.4497,0.3654,0.6667,-1.56,0.5059,0.5224,0.1570,16.88,5.12
1382,Bruno Fernando,1628981,Houston Rockets,HOU,1610612745,PF,2022-23,2,38,3.32,3.21,0.79,0.16,0.82,0.53,9.58,0.5161,0.0000,0.6818,-1.87,0.5161,0.5607,0.1517,16.86,2.62
3130,Ajay Mitchell,1642349,Oklahoma City Thunder,OKC,1610612760,PG,2025-26,5,60,12.75,3.07,3.37,1.15,0.30,1.33,24.14,0.4846,0.3429,0.8671,8.33,0.5358,0.5835,0.2207,16.85,2.45
265,Keita Bates-Diop,1628966,San Antonio Spurs,SAS,1610612759,SF,2022-23,2,75,8.63,3.29,1.37,0.61,0.27,0.75,19.37,0.5075,0.3944,0.7933,-3.55,0.5677,0.6092,0.1675,16.84,-0.83
2875,KJ Martin,1630231,Houston Rockets,HOU,1610612745,SF,2022-23,2,82,12.67,5.51,1.50,0.50,0.37,1.11,27.96,0.5694,0.3148,0.6802,-4.49,0.6167,0.6353,0.1654,16.83,-2.18
3881,Mitchell Robinson,1629011,New York Knicks,NYK,1610612752,C,2023-24,3,33,5.24,7.97,0.55,1.12,1.06,0.76,23.26,0.5748,,0.4091,0.39,0.5748,0.5543,0.1027,16.83,-1.09
4008,Olivier Sarr,1630846,Oklahoma City Thunder,OKC,1610612760,C,2023-24,3,40,0.85,0.90,0.05,0.00,0.18,0.08,2.45,0.5789,0.3333,0.6667,0.03,0.6316,0.6641,0.1277,16.83,-1.15
670,Jamal Cain,1631288,Miami Heat,MIA,1610612748,SF,2022-23,2,41,2.39,1.27,0.29,0.27,0.02,0.15,5.85,0.5606,0.3500,0.7727,0.54,0.6136,0.6475,0.1508,16.83,-0.95
4093,Collin Sexton,1629012,Chicago Bulls,CHI,1610612741,PG,2025-26,5,28,16.21,2.68,2.36,1.43,0.11,1.86,24.13,0.4817,0.4104,0.8218,-3.00,0.5655,0.6095,0.2581,16.83,-0.33
3644,Jontay Porter,1629007,Toronto Raptors,TOR,1610612761,C,2023-24,3,29,3.97,2.83,2.07,0.69,0.69,0.72,12.41,0.3846,0.3333,0.8333,-2.48,0.4808,0.5138,0.1598,16.83,6.22
3277,Larry Nance Jr.,1626204,New Orleans Pelicans,NOP,1610612740,PF,2023-24,3,62,5.65,4.95,1.82,0.98,0.31,0.79,19.62,0.5726,0.4154,0.7705,1.15,0.6286,0.6534,0.1145,16.82,0.68
2846,Lauri Markkanen,1628374,Utah Jazz,UTA,1610612762,PF,2024-25,4,49,18.20,5.67,1.43,0.67,0.35,1.35,30.12,0.4229,0.3459,0.8757,-3.80,0.5214,0.5708,0.2410,16.81,-1.61
3666,Norman Powell,1626181,Los Angeles Clippers,LAC,1610612746,SG,2024-25,4,61,21.41,3.11,2.05,1.20,0.15,1.77,32.10,0.4836,0.4182,0.8038,5.77,0.5783,0.6151,0.2620,16.81,-2.14
1161,Ayo Dosunmu,1630245,Minnesota Timberwolves,MIN,1610612750,PG,2025-26,5,25,13.80,4.04,3.40,0.96,0.24,1.40,27.75,0.5211,0.4138,0.9250,1.16,0.5900,0.6192,0.1930,16.81,0.96
3613,Scotty Pippen Jr.,1630590,Memphis Grizzlies,MEM,1610612763,PG,2023-24,3,21,12.90,3.19,4.67,1.71,0.48,2.67,25.09,0.4926,0.4167,0.7455,-3.43,0.5665,0.5964,0.2315,16.80,3.62
1696,Draymond Green,203110,Golden State Warriors,GSW,1610612744,SF,2022-23,2,75,8.23,7.00,6.67,0.99,0.81,2.72,30.64,0.5274,0.3053,0.7130,4.61,0.5696,0.5915,0.1329,16.80,5.49
3705,Neemias Queta,1629674,Boston Celtics,BOS,1610612738,C,2024-25,4,82,3.78,2.88,0.55,0.22,0.51,0.49,10.53,0.6502,0.0000,0.7541,1.89,0.6502,0.6744,0.1377,16.80,-1.57
208,Mo Bamba,1628964,Los Angeles Clippers,LAC,1610612746,C,2024-25,4,33,3.88,3.64,0.48,0.27,0.85,0.58,10.68,0.4660,0.3000,0.6800,-1.61,0.5388,0.5614,0.1647,16.80,0.45
3936,Jackson Rowe,1642050,Golden State Warriors,GSW,1610612744,SF,2024-25,4,10,2.20,1.10,0.40,0.40,0.00,0.10,5.19,0.4706,0.3000,0.5000,2.30,0.5588,0.5601,0.1630,16.79,2.06
2644,Caris LeVert,1627747,Cleveland Cavaliers,CLE,1610612739,PG,2023-24,3,75,12.69,3.73,4.61,1.01,0.45,1.56,26.11,0.4207,0.3253,0.7662,1.60,0.4866,0.5240,0.2324,16.79,4.88
2287,Jalen Johnson,1630552,Atlanta Hawks,ATL,1610612737,SF,2022-23,2,73,5.41,3.86,1.14,0.52,0.47,0.56,14.27,0.4907,0.2885,0.6282,-0.14,0.5373,0.5543,0.1616,16.79,1.69
4003,Gui Santos,1630611,Golden State Warriors,GSW,1610612744,SF,2023-24,3,42,1.95,1.17,0.33,0.10,0.05,0.17,4.57,0.5091,0.3704,0.9412,0.38,0.6000,0.6562,0.1542,16.78,-0.55
3075,Khris Middleton,203114,Washington Wizards,WAS,1610612764,SF,2024-25,4,15,10.00,3.47,3.20,1.20,0.20,1.27,20.61,0.4127,0.2766,0.8684,-1.27,0.4643,0.5255,0.2197,16.78,4.21
2541,John Konchar,1629723,Memphis Grizzlies,MEM,1610612763,SG,2021-22,1,75,4.65,4.39,1.45,0.60,0.29,0.39,17.22,0.5153,0.4127,0.5510,1.23,0.6145,0.6154,0.0998,16.78,1.15
626,Alec Burks,202692,Detroit Pistons,DET,1610612765,SG,2022-23,2,51,12.78,3.10,2.24,0.75,0.16,1.14,22.00,0.4357,0.4142,0.8138,-0.14,0.5436,0.6018,0.2289,16.78,0.93
1766,Rui Hachimura,1629060,Los Angeles Lakers,LAL,1610612747,SF,2023-24,3,70,13.19,4.20,1.16,0.59,0.36,0.66,26.08,0.5370,0.4224,0.7388,1.76,0.6095,0.6279,0.1853,16.77,-2.30
3542,Gary Payton II,1627780,Golden State Warriors,GSW,1610612744,SG,2024-25,4,67,5.97,2.76,1.24,0.78,0.25,0.58,13.84,0.5738,0.3263,0.7105,0.67,0.6258,0.6355,0.1622,16.77,0.81
3161,Greg Monroe,202328,Milwaukee Bucks,MIL,1610612749,PF,2021-22,1,5,5.40,4.20,0.40,0.60,0.40,0.60,13.92,0.5000,,0.5556,1.00,0.5000,0.5200,0.1774,16.77,-0.81
418,Adem Bona,1641737,Philadelphia 76ers,PHI,1610612755,PF,2024-25,4,75,4.49,3.27,0.36,0.35,0.92,0.81,12.06,0.7031,0.0000,0.6700,-1.49,0.7031,0.7140,0.1444,16.76,-2.93
5042,Christian Wood,1626174,Los Angeles Lakers,LAL,1610612747,PF,2023-24,3,56,6.20,4.54,0.88,0.29,0.59,0.89,15.56,0.4659,0.3070,0.7021,0.05,0.5322,0.5682,0.1765,16.75,-1.14
4344,Isaiah Stewart,1630191,Detroit Pistons,DET,1610612765,PF,2021-22,1,73,8.07,8.45,1.12,0.30,1.07,1.16,24.87,0.5102,0.3261,0.7184,-5.03,0.5255,0.5501,0.1475,16.74,-0.72
4779,Trendon Watford,1630570,Portland Trail Blazers,POR,1610612757,SG,2021-22,1,54,6.74,3.69,1.50,0.46,0.52,0.81,16.09,0.5318,0.2368,0.7553,-6.48,0.5487,0.5902,0.1763,16.74,1.08
2855,Naji Marshall,1630230,Dallas Mavericks,DAL,1610612742,SF,2024-25,4,73,12.52,4.49,2.85,0.96,0.15,1.53,26.29,0.5084,0.2752,0.8125,-1.88,0.5506,0.5841,0.2023,16.74,0.14
3526,Chris Paul,101108,San Antonio Spurs,SAS,1610612759,PG,2024-25,4,80,8.86,3.60,7.38,1.26,0.26,1.58,27.94,0.4276,0.3785,0.9213,-0.03,0.5471,0.5791,0.1417,16.74,8.49
3666,Norman Powell,1626181,Los Angeles Clippers,LAC,1610612746,SG,2022-23,2,60,16.98,2.92,1.82,0.83,0.30,1.68,26.12,0.4789,0.3972,0.8123,-2.07,0.5592,0.6125,0.2623,16.74,-1.73
1114,Hamidou Diallo,1628977,Detroit Pistons,DET,1610612765,SG,2021-22,1,69,9.22,4.01,1.06,1.03,0.25,0.84,18.39,0.4962,0.2473,0.6500,-3.06,0.5181,0.5412,0.2196,16.73,0.30
2899,Karlo Matković,1631255,New Orleans Pelicans,NOP,1610612740,PF,2024-25,4,56,5.80,3.73,0.82,0.39,0.73,0.77,14.12,0.5745,0.3182,0.7727,-1.59,0.6191,0.6389,0.1594,16.72,-0.87
1382,Bruno Fernando,1628981,Atlanta Hawks,ATL,1610612737,PF,2023-24,3,77,3.66,2.51,0.60,0.32,0.36,0.57,8.86,0.5829,0.0000,0.6667,-1.25,0.5829,0.6151,0.1684,16.72,-0.50
2453,Luke Kennard,1628379,Memphis Grizzlies,MEM,1610612763,SG,2022-23,2,25,10.88,3.00,2.16,0.52,0.04,0.64,23.60,0.5263,0.5401,0.9474,4.68,0.7427,0.7583,0.1430,16.71,-0.58
3624,Brandin Podziemski,1641764,Golden State Warriors,GSW,1610612744,SG,2024-25,4,66,11.32,4.92,3.33,1.05,0.20,1.14,26.00,0.4452,0.3722,0.7579,3.95,0.5366,0.5568,0.1838,16.71,2.57
4882,Andrew Wiggins,203952,Miami Heat,MIA,1610612748,SF,2024-25,4,29,11.14,2.48,1.93,0.69,0.59,1.48,18.83,0.4582,0.3600,0.7308,-1.55,0.5299,0.5660,0.2718,16.71,0.05
3129,Yves Missi,1642274,New Orleans Pelicans,NOP,1610612740,C,2025-26,5,69,5.46,5.58,1.22,0.29,1.46,0.78,18.79,0.5442,0.0000,0.5588,-0.59,0.5442,0.5562,0.1276,16.71,0.37
2420,Frank Kaminsky,1626163,Atlanta Hawks,ATL,1610612737,PF,2022-23,2,55,1.29,0.65,0.38,0.09,0.02,0.16,3.20,0.5682,0.4783,0.8333,0.02,0.6932,0.7204,0.1414,16.68,0.92
2114,De'Andre Hunter,1629631,Atlanta Hawks,ATL,1610612737,SG,2024-25,4,38,18.08,3.63,1.42,0.82,0.13,1.50,27.19,0.4664,0.3900,0.8663,-1.47,0.5651,0.6226,0.2417,16.68,-2.64
1329,Drew Eubanks,1629234,Phoenix Suns,PHX,1610612756,PF,2023-24,3,80,4.74,4.03,0.79,0.34,0.76,0.76,14.61,0.6008,1.0000,0.7742,-1.33,0.6067,0.6447,0.1325,16.68,-1.61
2292,Keldon Johnson,1629640,San Antonio Spurs,SAS,1610612759,SG,2023-24,3,69,15.71,5.46,2.83,0.74,0.29,1.45,29.54,0.4536,0.3460,0.7919,-5.03,0.5273,0.5650,0.2202,16.68,0.47
874,Mike Conley,201144,Minnesota Timberwolves,MIN,1610612750,PG,2022-23,2,24,14.04,3.13,5.00,1.21,0.17,1.21,31.36,0.4596,0.4203,0.8630,1.33,0.5830,0.6308,0.1696,16.67,3.48
4386,Jalen Suggs,1630591,Orlando Magic,ORL,1610612753,PG,2025-26,5,56,13.57,3.89,5.45,1.88,0.71,2.68,27.57,0.4297,0.3409,0.8649,3.09,0.5245,0.5573,0.2274,16.67,5.17
2904,Tyrese Maxey,1630178,Philadelphia 76ers,PHI,1610612755,PG,2022-23,2,60,20.30,2.93,3.53,0.82,0.13,1.33,33.59,0.4808,0.4336,0.8451,4.02,0.5685,0.6049,0.2445,16.66,0.57
4463,Daniel Theis,1628464,Indiana Pacers,IND,1610612754,PF,2022-23,2,28,1.75,0.79,0.32,0.07,0.21,0.11,3.88,0.4773,0.1818,0.4167,-0.68,0.5000,0.4972,0.2049,16.66,2.39
2591,Zach LaVine,203897,Chicago Bulls,CHI,1610612741,SG,2023-24,3,26,18.73,4.96,3.77,0.81,0.31,2.00,33.53,0.4521,0.3491,0.8544,-3.54,0.5306,0.5779,0.2433,16.66,0.45
2607,Jock Landale,1629111,Atlanta Hawks,ATL,1610612737,C,2025-26,5,23,9.09,4.13,1.74,0.43,0.61,0.61,19.39,0.5157,0.3906,0.5405,1.48,0.5943,0.5962,0.1755,16.66,1.18
3944,Terry Rozier,1626179,Miami Heat,MIA,1610612748,PG,2023-24,3,31,16.42,4.19,4.65,1.00,0.29,1.32,31.46,0.4232,0.3708,0.9130,0.00,0.4967,0.5309,0.2429,16.65,3.62
4339,Lamar Stevens,1630205,Memphis Grizzlies,MEM,1610612763,SF,2023-24,3,28,7.82,3.43,0.71,0.61,0.61,0.54,15.61,0.4462,0.2895,0.7907,-0.04,0.4744,0.5119,0.2271,16.64,0.18
4473,Cam Thomas,1630560,Brooklyn Nets,BKN,1610612751,SG,2023-24,3,75,19.76,2.85,2.56,0.60,0.21,1.65,27.67,0.4420,0.3636,0.8563,-2.68,0.5025,0.5542,0.3077,16.64,-0.24
4695,Franz Wagner,1630532,Orlando Magic,ORL,1610612753,PF,2022-23,2,81,18.33,4.06,3.49,0.95,0.21,2.06,32.21,0.4848,0.3611,0.8416,0.62,0.5429,0.5894,0.2364,16.62,0.09
5099,Thaddeus Young,201152,Toronto Raptors,TOR,1610612761,SF,2021-22,1,27,6.07,4.26,1.67,1.15,0.41,0.81,17.59,0.4653,0.3953,0.4815,1.85,0.5243,0.5260,0.1609,16.61,2.47
2951,CJ McCollum,203468,Portland Trail Blazers,POR,1610612757,PG,2021-22,1,36,20.53,4.25,4.53,1.00,0.58,1.94,35.19,0.4361,0.3841,0.7059,-3.14,0.5195,0.5317,0.2650,16.61,2.71
1080,Dewayne Dedmon,203473,Miami Heat,MIA,1610612748,C,2022-23,2,43,3.98,2.53,0.37,0.16,0.33,0.44,8.14,0.4961,0.2973,0.7273,-2.35,0.5388,0.5763,0.2123,16.61,-0.26
2774,Trey Lyles,1626168,Sacramento Kings,SAC,1610612758,PF,2022-23,2,79,7.11,3.80,0.84,0.34,0.39,0.81,15.79,0.4583,0.3625,0.8145,1.33,0.5650,0.6075,0.1819,16.61,-1.42
3707,Immanuel Quickley,1630193,New York Knicks,NYK,1610612752,PG,2022-23,2,82,14.74,4.11,3.40,0.98,0.17,1.22,28.59,0.4476,0.3700,0.8185,3.88,0.5374,0.5784,0.2111,16.61,2.05
1911,Jaxson Hayes,1629637,Los Angeles Lakers,LAL,1610612747,C,2024-25,4,59,6.49,4.56,0.98,0.53,0.86,0.73,18.53,0.7220,0.0000,0.6224,1.47,0.7220,0.7196,0.1252,16.60,-1.59
1669,Jerami Grant,203924,Detroit Pistons,DET,1610612765,SF,2021-22,1,50,18.08,3.82,2.22,0.88,0.98,1.70,29.99,0.4263,0.3583,0.8378,-4.38,0.4914,0.5560,0.2588,16.60,-0.14
1306,Tristan Enaruna,1642400,Cleveland Cavaliers,CLE,1610612739,SF,2025-26,5,22,1.68,0.64,0.32,0.23,0.00,0.14,3.87,0.5000,0.3000,0.7500,1.95,0.5536,0.5869,0.1764,16.60,-0.16
874,Mike Conley,201144,Minnesota Timberwolves,MIN,1610612750,PG,2023-24,3,76,11.43,2.87,5.91,1.16,0.22,1.34,28.85,0.4565,0.4420,0.9107,3.61,0.5955,0.6267,0.1614,16.60,5.19
99,Kyle Anderson,203937,Miami Heat,MIA,1610612748,SG,2024-25,4,32,5.25,3.00,2.00,0.44,0.41,0.53,14.41,0.4925,0.3333,0.7895,1.50,0.5149,0.5573,0.1641,16.60,3.40
3809,Nick Richards,1630208,Charlotte Hornets,CHA,1610612766,C,2021-22,1,81,1.85,1.06,0.16,0.11,0.26,0.30,4.53,0.6667,,0.6977,-1.35,0.6667,0.6886,0.1545,16.59,-3.02
4108,Shaedon Sharpe,1631101,Portland Trail Blazers,POR,1610612757,SG,2025-26,5,75,13.89,2.89,1.76,0.93,0.08,1.96,19.61,0.4516,0.3366,0.7868,-0.67,0.5109,0.5457,0.3058,16.58,-1.19
2756,Kyle Lowry,200768,Miami Heat,MIA,1610612748,PG,2021-22,1,64,13.19,4.41,7.41,1.05,0.27,2.63,33.33,0.4402,0.3770,0.8506,3.91,0.5550,0.5998,0.1830,16.57,5.28
4049,Dennis Schröder,203471,Brooklyn Nets,BKN,1610612751,PG,2024-25,4,24,17.67,2.83,6.33,1.08,0.17,2.46,32.17,0.4523,0.3867,0.8889,-0.08,0.5415,0.5878,0.2459,16.57,3.82
2591,Zach LaVine,203897,Sacramento Kings,SAC,1610612758,SG,2024-25,4,32,22.41,3.53,3.78,0.59,0.06,2.72,36.57,0.5107,0.4459,0.8738,-2.50,0.6111,0.6421,0.2427,16.57,-2.23
3990,Jermaine Samuels Jr.,1631257,Houston Rockets,HOU,1610612745,SF,2023-24,3,34,0.59,0.38,0.09,0.03,0.06,0.00,1.77,0.6429,0.0000,1.0000,-0.38,0.6429,0.6720,0.1060,16.57,-0.98
2190,Jaren Jackson Jr.,1628991,Memphis Grizzlies,MEM,1610612763,PF,2025-26,5,43,19.00,5.84,1.98,1.02,1.49,2.19,30.70,0.4724,0.3507,0.7923,-2.49,0.5308,0.5725,0.2530,16.57,-0.63
3439,Kelly Olynyk,203482,Utah Jazz,UTA,1610612762,PF,2022-23,2,68,12.46,6.18,3.71,0.88,0.54,2.47,28.55,0.4991,0.3941,0.8534,0.21,0.5826,0.6426,0.1787,16.57,0.83
4697,Moritz Wagner,1629021,Orlando Magic,ORL,1610612753,PF,2025-26,5,41,5.85,2.71,0.66,0.37,0.05,0.44,10.04,0.4219,0.3088,0.8143,-2.10,0.4766,0.5386,0.2503,16.56,0.78
2343,Damian Jones,1627745,Los Angeles Lakers,LAL,1610612747,C,2022-23,2,55,1.00,1.00,0.07,0.05,0.22,0.16,3.21,0.5405,0.0000,0.7500,-0.62,0.5405,0.6004,0.1316,16.56,-2.14
4770,P.J. Washington,1629023,Dallas Mavericks,DAL,1610612742,SF,2024-25,4,71,11.77,6.23,1.85,0.89,0.85,1.66,25.84,0.4526,0.3808,0.7222,0.69,0.5211,0.5558,0.2042,16.55,-0.51
2024,Jrue Holiday,201950,Boston Celtics,BOS,1610612738,PG,2023-24,3,69,12.46,5.41,4.83,0.88,0.77,1.80,32.80,0.4804,0.4286,0.8333,6.19,0.5806,0.5967,0.1641,16.52,2.19
3254,Collin Murray-Boyles,1642867,Toronto Raptors,TOR,1610612761,SF,2025-26,5,59,8.20,4.83,1.80,0.88,0.90,1.00,21.11,0.5789,0.3400,0.6574,0.80,0.6038,0.6213,0.1550,16.52,0.51
1552,Usman Garuba,1630586,Houston Rockets,HOU,1610612745,SF,2021-22,1,44,1.09,1.89,0.39,0.23,0.25,0.14,5.44,0.4318,0.2500,0.7143,0.75,0.4886,0.5098,0.0944,16.52,2.46
2954,T.J. McConnell,204456,Indiana Pacers,IND,1610612754,PG,2021-22,1,28,8.18,3.21,4.68,1.04,0.36,1.04,23.29,0.4808,0.3030,0.8261,-2.64,0.5048,0.5249,0.1644,16.51,6.37
4515,Tristan Thompson,202684,Chicago Bulls,CHI,1610612741,C,2021-22,1,23,5.65,4.74,0.61,0.52,0.30,0.52,16.34,0.5652,0.0000,0.5417,0.17,0.5652,0.5746,0.1488,16.50,-1.27
3332,Yanic Konan Niederhäuser,1642949,Los Angeles Clippers,LAC,1610612746,C,2025-26,5,55,3.20,2.13,0.22,0.09,0.55,0.42,7.70,0.6400,0.2000,0.7581,0.69,0.6450,0.6914,0.1589,16.50,-2.89
363,Bismack Biyombo,202687,Phoenix Suns,PHX,1610612756,C,2022-23,2,82,3.21,3.17,0.68,0.22,1.07,0.62,10.66,0.5777,,0.3571,0.59,0.5777,0.5553,0.1412,16.49,1.00
2023,Aaron Holiday,1628988,Phoenix Suns,PHX,1610612756,PG,2021-22,1,26,5.73,2.12,2.88,0.69,0.00,1.08,13.78,0.4113,0.4444,0.9394,1.81,0.4758,0.5378,0.1998,16.48,5.63
3277,Larry Nance Jr.,1626204,Portland Trail Blazers,POR,1610612757,PF,2021-22,1,38,6.71,5.50,1.92,1.00,0.34,0.71,22.60,0.5152,0.3065,0.6531,-1.32,0.5631,0.5807,0.1260,16.47,0.98
602,Thomas Bryant,1628418,Miami Heat,MIA,1610612748,C,2024-25,4,22,1.68,1.05,0.18,0.05,0.32,0.09,4.59,0.4583,0.3750,1.0000,1.14,0.5833,0.6617,0.1318,16.46,-1.08
227,Dominick Barlow,1631230,San Antonio Spurs,SAS,1610612759,PF,2023-24,3,47,3.06,2.40,0.77,0.26,0.30,0.19,8.93,0.4956,0.3333,0.6905,-0.68,0.5088,0.5476,0.1431,16.45,1.90
2673,Alex Len,203458,Sacramento Kings,SAC,1610612758,C,2023-24,3,63,1.90,2.03,0.79,0.17,0.52,0.43,7.05,0.6173,0.0000,0.5882,2.25,0.6173,0.6253,0.1192,16.43,2.09
1700,Jalen Green,1630224,Houston Rockets,HOU,1610612745,SG,2024-25,4,81,21.12,4.62,3.46,0.88,0.32,2.47,32.88,0.4238,0.3568,0.8119,2.25,0.5056,0.5448,0.2758,16.43,0.05
2738,Kevon Looney,1626172,New Orleans Pelicans,NOP,1610612740,PF,2025-26,5,77,0.77,1.53,0.44,0.12,0.13,0.12,3.99,0.4167,0.1538,0.7000,-0.82,0.4333,0.4581,0.1000,16.43,3.66
697,Dylan Cardwell,1642928,Sacramento Kings,SAC,1610612758,C,2025-26,5,57,4.18,5.82,1.09,0.53,1.18,0.68,15.91,0.5866,0.5000,0.5098,-1.16,0.5922,0.5907,0.1134,16.42,1.66
4515,Tristan Thompson,202684,Cleveland Cavaliers,CLE,1610612739,C,2023-24,3,62,2.60,2.81,0.82,0.19,0.23,0.47,8.86,0.6134,0.0000,0.2885,-0.21,0.6134,0.5674,0.1367,16.42,0.40
4846,Coby White,1629632,Chicago Bulls,CHI,1610612741,PG,2025-26,5,31,17.42,3.48,4.39,0.65,0.06,2.84,27.21,0.4377,0.3462,0.8052,-0.06,0.5293,0.5860,0.2769,16.41,0.90
3499,Jabari Parker,203953,Boston Celtics,BOS,1610612738,SF,2021-22,1,33,1.61,0.85,0.18,0.12,0.03,0.24,3.41,0.4737,0.5000,1.0000,-0.21,0.5789,0.6316,0.1959,16.41,-2.29
447,James Bouknight,1630547,Charlotte Hornets,CHA,1610612766,SG,2023-24,3,37,1.35,0.24,0.16,0.03,0.03,0.05,2.19,0.4390,0.4333,0.5000,-0.30,0.5976,0.5969,0.2398,16.41,-0.37
3688,Payton Pritchard,1630202,Boston Celtics,BOS,1610612738,PG,2023-24,3,82,9.60,3.23,3.43,0.48,0.07,0.74,22.26,0.4677,0.3848,0.8214,5.48,0.5835,0.5965,0.1730,16.40,2.96
816,Jordan Clarkson,203903,Utah Jazz,UTA,1610612762,PG,2022-23,2,62,20.50,3.97,4.35,0.53,0.21,3.00,32.08,0.4442,0.3377,0.8163,0.56,0.5194,0.5580,0.2801,16.39,0.50
4936,Jalen Williams,1631114,Oklahoma City Thunder,OKC,1610612760,SG,2022-23,2,76,13.89,4.43,3.26,1.36,0.46,1.62,29.94,0.5214,0.3561,0.8115,-0.70,0.5674,0.6013,0.1848,16.39,0.90
3568,Reggie Perry,1629617,Portland Trail Blazers,POR,1610612757,PF,2021-22,1,11,8.18,4.18,1.09,0.82,0.55,1.00,16.14,0.5000,0.1875,0.6000,-6.73,0.5192,0.5319,0.2412,16.39,1.16
4509,Klay Thompson,202691,Golden State Warriors,GSW,1610612744,SG,2022-23,2,73,20.67,3.92,2.23,0.67,0.40,1.68,31.22,0.4361,0.4118,0.8788,2.23,0.5563,0.5759,0.2642,16.38,-0.71
2214,Jaime Jaquez Jr.,1631170,Miami Heat,MIA,1610612748,SG,2024-25,4,80,7.03,3.50,2.06,0.76,0.18,1.21,16.80,0.4644,0.3190,0.7535,-2.03,0.5056,0.5483,0.2035,16.38,1.02
4012,Tomas Satoransky,203107,Washington Wizards,WAS,1610612764,PG,2021-22,1,22,4.86,2.77,4.91,0.68,0.18,1.05,18.91,0.4762,0.2727,0.8400,-0.73,0.5119,0.5632,0.1272,16.38,8.11
4872,Cam Whitmore,1641715,Houston Rockets,HOU,1610612745,SF,2024-25,4,68,7.01,2.22,0.72,0.46,0.19,0.68,12.16,0.4442,0.3552,0.7500,-0.01,0.5248,0.5487,0.2406,16.38,-1.08
2951,CJ McCollum,203468,New Orleans Pelicans,NOP,1610612740,PG,2024-25,4,63,18.78,3.37,3.60,0.73,0.38,1.68,29.08,0.4440,0.3725,0.7168,-4.43,0.5295,0.5497,0.2731,16.38,1.73
1766,Rui Hachimura,1629060,Washington Wizards,WAS,1610612764,SF,2021-22,1,45,10.56,3.56,1.07,0.51,0.20,0.73,20.97,0.4908,0.4472,0.6970,-2.82,0.5630,0.5792,0.2107,16.36,-1.69
2114,De'Andre Hunter,1629631,Cleveland Cavaliers,CLE,1610612739,SG,2024-25,4,27,14.30,4.19,1.30,0.70,0.30,0.85,25.06,0.4852,0.4255,0.8205,5.44,0.5963,0.6342,0.2041,16.35,-1.71
119,Cole Anthony,1630175,Orlando Magic,ORL,1610612753,SG,2021-22,1,72,14.75,4.83,5.13,0.64,0.24,2.36,28.60,0.3914,0.3376,0.8538,-3.21,0.4638,0.5189,0.2519,16.35,4.03
2064,Talen Horton-Tucker,1629659,Utah Jazz,UTA,1610612762,PG,2022-23,2,78,8.95,2.69,3.15,0.53,0.37,1.62,16.83,0.4192,0.2857,0.7500,-0.10,0.4666,0.5081,0.2596,16.35,4.53
4152,Ben Simmons,1627732,Brooklyn Nets,BKN,1610612751,PG,2024-25,4,36,5.67,4.78,6.36,0.72,0.44,2.44,22.91,0.5471,,0.6923,-1.92,0.5471,0.5622,0.1466,16.35,6.92
1669,Jerami Grant,203924,Portland Trail Blazers,POR,1610612757,SF,2022-23,2,63,20.48,4.49,2.38,0.81,0.84,1.84,35.63,0.4754,0.4011,0.8129,-0.56,0.5542,0.6065,0.2310,16.35,-1.55
78,Jose Alvarado,1630631,New Orleans Pelicans,NOP,1610612740,PG,2021-22,1,76,4.34,1.32,2.00,0.93,0.09,0.53,10.98,0.4456,0.2909,0.6792,1.88,0.5000,0.5200,0.1850,16.34,6.47
5022,Justise Winslow,1626159,Portland Trail Blazers,POR,1610612757,SG,2021-22,1,25,4.72,2.76,1.28,0.56,0.28,0.48,11.80,0.4052,0.2703,0.5600,-0.40,0.4483,0.4646,0.2027,16.34,3.63
4334,Lance Stephenson,202362,Indiana Pacers,IND,1610612754,SF,2021-22,1,45,8.29,2.49,3.42,0.53,0.09,1.51,16.54,0.4581,0.3103,0.7949,-2.69,0.5016,0.5416,0.2359,16.34,4.81
3916,Rajon Rondo,200765,Cleveland Cavaliers,CLE,1610612739,PG,2021-22,1,22,5.95,2.68,4.68,0.82,0.05,1.55,18.57,0.4286,0.3966,0.7500,-1.95,0.5381,0.5668,0.1661,16.34,6.84
3125,Josh Minott,1631169,Brooklyn Nets,BKN,1610612751,SF,2025-26,5,24,7.17,1.67,0.54,0.83,0.50,0.96,12.84,0.4914,0.3947,0.8000,-2.50,0.6207,0.6545,0.2193,16.32,-3.05
2712,Dereck Lively II,1641726,Dallas Mavericks,DAL,1610612742,C,2025-26,5,7,4.29,5.29,1.86,0.57,1.57,1.43,16.47,0.6111,,0.8000,2.00,0.6111,0.6696,0.1161,16.32,1.89
515,Mikal Bridges,1628969,Brooklyn Nets,BKN,1610612751,SG,2023-24,3,82,19.59,4.54,3.65,0.99,0.37,2.00,34.81,0.4359,0.3716,0.8139,-2.26,0.5209,0.5602,0.2445,16.32,0.15
1895,Sam Hauser,1630573,Boston Celtics,BOS,1610612738,SF,2021-22,1,43,1.51,0.67,0.23,0.02,0.05,0.05,3.67,0.4600,0.4318,,0.02,0.6500,0.6500,0.1472,16.31,-0.83
2166,Isaiah Jackson,1630543,Indiana Pacers,IND,1610612754,SF,2025-26,5,38,6.39,5.55,0.82,0.68,0.76,1.13,16.79,0.5818,0.0000,0.6892,-2.45,0.5818,0.6150,0.1591,16.29,-1.30
2575,Jonathan Kuminga,1630228,Golden State Warriors,GSW,1610612744,SF,2021-22,1,72,9.06,3.25,0.89,0.43,0.31,1.03,16.45,0.5130,0.3356,0.6842,0.49,0.5674,0.5997,0.2295,16.28,-2.04
3103,Jordan Miller,1641757,Los Angeles Clippers,LAC,1610612746,SG,2025-26,5,62,9.65,2.94,2.19,0.73,0.18,1.02,21.37,0.5313,0.3455,0.7771,-0.21,0.5789,0.6282,0.1820,16.27,-0.79
1873,Tobias Harris,202699,Philadelphia 76ers,PHI,1610612755,SF,2022-23,2,78,13.91,5.44,2.38,0.87,0.51,1.14,31.23,0.5006,0.3889,0.8760,3.79,0.5751,0.6016,0.1838,16.27,-0.45
4848,Derrick White,1628401,Boston Celtics,BOS,1610612738,PG,2025-26,5,79,16.04,4.29,5.24,1.11,1.24,1.70,33.23,0.3944,0.3266,0.9020,7.57,0.4887,0.5289,0.2218,16.26,4.16
4344,Isaiah Stewart,1630191,Detroit Pistons,DET,1610612765,PF,2024-25,4,76,5.72,5.25,1.62,0.37,1.33,0.89,18.87,0.5587,0.3208,0.7586,0.12,0.5857,0.6157,0.1249,16.25,0.90
3198,Monte Morris,1628420,Denver Nuggets,DEN,1610612743,PG,2021-22,1,75,11.69,2.84,4.24,0.68,0.17,0.95,27.85,0.4820,0.3878,0.8904,4.13,0.5608,0.5799,0.1754,16.25,2.74
2904,Tyrese Maxey,1630178,Philadelphia 76ers,PHI,1610612755,PG,2021-22,1,77,17.03,3.12,4.17,0.71,0.42,1.14,34.42,0.4854,0.4272,0.8659,2.49,0.5518,0.5942,0.2040,16.24,1.22
2575,Jonathan Kuminga,1630228,Golden State Warriors,GSW,1610612744,SF,2025-26,5,43,5.63,2.72,1.16,0.19,0.14,1.07,11.07,0.4536,0.3208,0.7424,-0.67,0.4974,0.5425,0.2402,16.24,-1.14
4711,Jabari Walker,1631133,Portland Trail Blazers,POR,1610612757,SF,2024-25,4,78,4.01,2.71,0.47,0.42,0.08,0.44,9.61,0.5153,0.3889,0.6901,0.19,0.5764,0.6014,0.1648,16.23,-1.35
3439,Kelly Olynyk,203482,New Orleans Pelicans,NOP,1610612740,PF,2024-25,4,23,9.26,5.09,3.13,0.74,0.48,1.78,22.10,0.5000,0.3889,0.7538,-0.78,0.5467,0.5963,0.1850,16.22,1.69
3439,Kelly Olynyk,203482,Toronto Raptors,TOR,1610612761,PF,2024-25,4,27,6.33,3.30,2.07,0.59,0.30,1.30,14.18,0.5000,0.4419,0.7907,-1.48,0.5805,0.6245,0.1941,16.22,1.84
1516,Danilo Gallinari,201568,Washington Wizards,WAS,1610612764,PF,2023-24,3,32,5.66,2.38,0.97,0.19,0.09,0.38,12.04,0.4351,0.3125,0.8393,-2.41,0.5115,0.5815,0.1832,16.20,-0.42
3944,Terry Rozier,1626179,Charlotte Hornets,CHA,1610612766,PG,2022-23,2,66,20.14,3.92,4.83,1.12,0.24,2.03,33.65,0.4150,0.3267,0.8091,-4.36,0.4844,0.5172,0.2700,16.19,3.22
4882,Andrew Wiggins,203952,Miami Heat,MIA,1610612748,SF,2025-26,5,76,13.75,4.33,2.39,1.00,0.91,1.36,27.14,0.4750,0.4144,0.7840,0.12,0.5591,0.5856,0.1981,16.18,0.17
4531,Xavier Tillman,1630214,Memphis Grizzlies,MEM,1610612763,SF,2021-22,1,73,3.45,2.21,0.85,0.67,0.21,0.47,9.60,0.4537,0.2041,0.6479,-0.36,0.4769,0.5096,0.1659,16.17,1.94
3945,Ricky Rubio,201937,Cleveland Cavaliers,CLE,1610612739,PG,2021-22,1,34,13.09,4.15,6.62,1.44,0.21,2.65,28.54,0.3625,0.3391,0.8544,5.41,0.4343,0.4876,0.2480,16.17,7.05
3068,Chimezie Metu,1629002,Phoenix Suns,PHX,1610612756,PF,2023-24,3,51,3.63,2.16,0.37,0.37,0.18,0.53,8.78,0.5077,0.2941,0.8837,-0.73,0.5654,0.6211,0.1718,16.15,-2.84
2259,Cameron Johnson,1629661,Phoenix Suns,PHX,1610612756,SF,2021-22,1,69,11.91,3.96,1.43,0.83,0.23,0.68,25.08,0.4596,0.4246,0.8596,3.17,0.5964,0.6254,0.1761,16.15,-1.12
215,Dalano Banton,1630625,Portland Trail Blazers,POR,1610612757,SF,2023-24,3,30,16.70,4.77,3.60,0.93,0.57,2.23,29.19,0.4076,0.3115,0.7800,-8.07,0.4710,0.5081,0.2741,16.15,1.60
4269,Jabari Smith Jr.,1631095,Houston Rockets,HOU,1610612745,PF,2023-24,3,79,13.22,7.80,1.53,0.66,0.77,1.13,30.68,0.4538,0.3632,0.8108,-1.06,0.5366,0.5709,0.1771,16.13,-1.17
1239,Tari Eason,1631106,Houston Rockets,HOU,1610612745,SF,2022-23,2,82,9.27,6.05,1.07,1.17,0.57,1.23,21.56,0.4485,0.3430,0.7517,-1.91,0.4932,0.5250,0.1947,16.13,-0.03
1516,Danilo Gallinari,201568,Atlanta Hawks,ATL,1610612737,PF,2021-22,1,67,11.51,4.60,1.51,0.42,0.18,0.57,24.96,0.4338,0.3810,0.9038,1.60,0.5276,0.5791,0.1852,16.12,-0.90
3637,Jordan Poole,1629673,Golden State Warriors,GSW,1610612744,PG,2022-23,2,82,20.43,2.74,4.50,0.77,0.26,3.07,29.98,0.4304,0.3359,0.8699,-0.13,0.5141,0.5734,0.2937,16.11,0.97
2750,Kevin Love,201567,Miami Heat,MIA,1610612748,PF,2022-23,2,21,7.71,5.67,1.90,0.43,0.24,1.10,19.94,0.3885,0.2970,0.8571,1.24,0.4964,0.5353,0.1901,16.10,1.02
4848,Derrick White,1628401,Boston Celtics,BOS,1610612738,PG,2022-23,2,82,12.40,3.57,3.91,0.66,0.93,1.16,28.28,0.4617,0.3811,0.8750,5.95,0.5600,0.6036,0.1775,16.10,2.69
1636,Jordan Goodwin,1630692,Washington Wizards,WAS,1610612764,SG,2022-23,2,74,5.50,2.77,2.27,0.78,0.35,0.77,14.94,0.4476,0.3220,0.7681,-1.58,0.5014,0.5308,0.1743,16.10,4.34
1420,Malachi Flynn,1630201,Detroit Pistons,DET,1610612765,PG,2023-24,3,30,6.40,1.43,1.70,0.63,0.07,0.90,11.40,0.4303,0.3158,0.6842,-3.60,0.5030,0.5283,0.2657,16.09,2.62
1700,Jalen Green,1630224,Phoenix Suns,PHX,1610612756,SG,2025-26,5,34,16.71,3.41,2.68,1.00,0.24,2.12,24.36,0.4219,0.3128,0.7471,0.97,0.4912,0.5161,0.3238,16.08,0.60
3066,Sam Merrill,1630241,Cleveland Cavaliers,CLE,1610612739,SG,2022-23,2,12,2.08,0.75,0.42,0.33,0.00,0.00,4.88,0.4091,0.2778,1.0000,-0.42,0.5227,0.5463,0.1749,16.07,2.88
3809,Nick Richards,1630208,Chicago Bulls,CHI,1610612741,C,2025-26,5,24,7.79,6.33,0.33,0.25,0.75,1.42,18.64,0.5231,0.2778,0.6301,-3.17,0.5423,0.5767,0.1805,16.05,-4.18
3012,Jordan McLaughlin,1629162,Minnesota Timberwolves,MIN,1610612750,PG,2023-24,3,67,2.91,1.07,1.64,0.52,0.10,0.28,9.35,0.4828,0.4719,0.7222,2.31,0.6276,0.6376,0.1224,16.05,4.39
2094,Jay Huff,1630643,Indiana Pacers,IND,1610612754,C,2025-26,5,82,9.55,3.95,1.48,0.50,1.87,0.93,20.96,0.4763,0.3190,0.8283,-3.07,0.5736,0.5981,0.1816,16.05,0.69
1915,Gordon Hayward,202330,Charlotte Hornets,CHA,1610612766,SF,2023-24,3,25,14.48,4.68,4.64,1.12,0.48,2.04,31.92,0.4680,0.3607,0.7654,-5.32,0.5051,0.5441,0.2064,16.05,1.93
1114,Hamidou Diallo,1628977,Detroit Pistons,DET,1610612765,SG,2022-23,2,70,7.46,2.77,0.79,0.76,0.23,1.01,14.23,0.5733,0.2381,0.5878,-0.23,0.5800,0.5930,0.2183,16.04,-1.99
11,Precious Achiuwa,1630173,New York Knicks,NYK,1610612752,SF,2023-24,3,50,7.44,7.02,1.06,0.60,1.12,1.08,23.74,0.5251,0.2600,0.6429,0.12,0.5468,0.5640,0.1431,16.03,-1.51
3198,Monte Morris,1628420,Detroit Pistons,DET,1610612765,PG,2023-24,3,6,4.33,1.83,1.33,0.17,0.00,0.17,10.03,0.4138,0.2222,,2.00,0.4483,0.4483,0.2186,16.03,3.57
1533,Darius Garland,1629636,Cleveland Cavaliers,CLE,1610612739,PG,2023-24,3,57,18.04,2.67,6.54,1.30,0.12,3.09,33.35,0.4459,0.3708,0.8343,1.96,0.5244,0.5599,0.2581,16.03,2.99
404,Bojan Bogdanovic,202711,Utah Jazz,UTA,1610612762,SF,2021-22,1,69,18.09,4.29,1.74,0.49,0.01,1.71,30.88,0.4547,0.3868,0.8577,3.17,0.5523,0.5986,0.2387,16.02,-2.99
3536,Cameron Payne,1626166,Phoenix Suns,PHX,1610612756,PG,2021-22,1,69,9.07,2.54,4.09,0.58,0.25,1.49,18.52,0.4089,0.3365,0.8427,2.14,0.4693,0.4999,0.2467,16.01,6.46
4881,Aaron Wiggins,1630598,Oklahoma City Thunder,OKC,1610612760,SG,2023-24,3,82,6.61,2.27,1.05,0.68,0.23,0.68,14.98,0.5623,0.4921,0.7887,1.15,0.6446,0.6638,0.1651,16.01,-1.84
5022,Justise Winslow,1626159,Los Angeles Clippers,LAC,1610612746,SG,2021-22,1,47,3.32,2.83,1.11,0.45,0.38,0.79,10.21,0.4468,0.1724,0.6098,0.81,0.4645,0.4904,0.1801,16.00,1.71
2004,Blake Hinson,1642396,Utah Jazz,UTA,1610612762,SF,2025-26,5,18,9.28,1.83,0.89,0.28,0.11,0.28,15.86,0.5130,0.4684,0.7500,2.50,0.6739,0.6842,0.1821,16.00,-2.16
341,Saddiq Bey,1630180,Atlanta Hawks,ATL,1610612737,SG,2022-23,2,25,11.64,4.80,1.36,0.80,0.04,0.68,25.14,0.4696,0.4000,0.8621,4.00,0.5783,0.5994,0.1718,16.00,-1.20
3159,Malik Monk,1628370,Sacramento Kings,SAC,1610612758,PG,2024-25,4,65,17.18,3.77,5.57,0.94,0.58,2.45,31.60,0.4388,0.3248,0.8652,1.78,0.5128,0.5490,0.2455,16.00,3.33
284,Darius Bazley,1629647,Oklahoma City Thunder,OKC,1610612760,PF,2021-22,1,69,10.80,6.32,1.41,0.84,1.01,1.30,27.88,0.4222,0.2974,0.6882,-6.84,0.4838,0.5146,0.1835,15.99,-1.00
1139,Spencer Dinwiddie,203915,Dallas Mavericks,DAL,1610612742,PG,2022-23,2,53,17.74,3.08,5.26,0.74,0.30,1.70,34.12,0.4553,0.4047,0.8213,-1.42,0.5548,0.5987,0.2209,15.99,2.42
2133,Serge Ibaka,201586,Milwaukee Bucks,MIL,1610612749,PF,2021-22,1,23,5.78,4.35,0.57,0.17,0.30,0.43,14.74,0.5192,0.3514,0.8000,-0.61,0.5817,0.6013,0.1509,15.98,-1.45
816,Jordan Clarkson,203903,Utah Jazz,UTA,1610612762,PG,2024-25,4,40,15.00,2.95,3.45,0.78,0.23,2.15,24.07,0.4077,0.3621,0.7972,-5.10,0.4929,0.5396,0.2805,15.98,1.33
3441,Eugene Omoruyi,1630647,Washington Wizards,WAS,1610612764,SF,2023-24,3,61,3.39,1.39,0.57,0.44,0.08,0.34,6.45,0.4850,0.2826,0.6531,-2.26,0.5240,0.5489,0.2259,15.98,1.74
2875,KJ Martin,1630231,Houston Rockets,HOU,1610612745,SF,2021-22,1,80,8.70,3.71,1.26,0.43,0.50,0.75,20.70,0.5335,0.3571,0.6341,-2.98,0.5908,0.6030,0.1643,15.98,-1.55
1753,Mouhamed Gueye,1631243,Atlanta Hawks,ATL,1610612737,PF,2024-25,4,48,4.10,2.90,0.56,0.58,0.69,0.31,11.09,0.4211,0.2593,0.7619,1.81,0.4825,0.5198,0.1596,15.97,1.40
1176,Jeff Dowtin Jr.,1630288,Philadelphia 76ers,PHI,1610612755,PG,2024-25,4,50,5.70,1.20,1.56,0.48,0.24,0.30,12.41,0.4870,0.4000,0.7333,-2.06,0.5478,0.5705,0.1862,15.96,2.20
4695,Franz Wagner,1630532,Orlando Magic,ORL,1610612753,PF,2021-22,1,79,15.15,4.51,2.92,0.86,0.43,1.51,30.75,0.4677,0.3542,0.8630,-3.09,0.5169,0.5586,0.2134,15.96,0.08
766,Justin Champagnie,1630551,Washington Wizards,WAS,1610612764,SG,2023-24,3,18,4.94,2.94,1.06,0.56,0.50,0.56,13.04,0.4103,0.2889,0.8000,-3.28,0.4936,0.5260,0.1681,15.95,0.98
857,John Collins,1628381,Los Angeles Clippers,LAC,1610612746,PF,2025-26,5,71,13.17,5.17,0.99,0.85,0.72,1.34,26.35,0.5524,0.4064,0.7662,-0.54,0.6199,0.6433,0.1961,15.95,-3.28
1915,Gordon Hayward,202330,Charlotte Hornets,CHA,1610612766,SF,2022-23,2,50,14.66,4.30,4.12,0.84,0.24,1.98,31.53,0.4750,0.3250,0.8113,-2.16,0.5198,0.5630,0.2002,15.95,0.79
2607,Jock Landale,1629111,Houston Rockets,HOU,1610612745,C,2023-24,3,78,3.51,2.21,0.83,0.26,0.42,0.40,9.79,0.5146,0.2500,0.8000,2.06,0.5388,0.5840,0.1483,15.94,0.28
405,Bogdan Bogdanović,203992,Atlanta Hawks,ATL,1610612737,SG,2021-22,1,65,14.62,3.85,2.98,1.05,0.22,1.08,28.44,0.4307,0.3682,0.8435,2.95,0.5372,0.5624,0.2170,15.94,1.52
2315,Stanley Johnson,1626169,San Antonio Spurs,SAS,1610612759,SG,2022-23,2,30,5.80,3.17,2.23,0.53,0.20,1.10,15.64,0.5328,0.4500,0.6667,-3.07,0.6066,0.6252,0.1525,15.93,1.60
4265,Tyler Smith,1641890,Milwaukee Bucks,MIL,1610612749,PF,2024-25,4,52,1.29,0.48,0.08,0.06,0.08,0.15,2.34,0.4800,0.4333,0.7500,0.15,0.6100,0.6259,0.2244,15.93,-3.50
3884,Orlando Robinson,1631115,Miami Heat,MIA,1610612748,C,2023-24,3,68,1.46,1.24,0.50,0.10,0.12,0.26,4.47,0.5000,0.5333,0.7600,0.18,0.5556,0.5964,0.1498,15.93,0.81
896,Xavier Cooks,1641645,Washington Wizards,WAS,1610612764,SF,2022-23,2,12,3.17,3.17,0.50,0.50,0.33,0.67,10.47,0.6071,0.0000,0.4000,1.58,0.6071,0.5864,0.1373,15.93,-1.66
42,Santi Aldama,1630583,Memphis Grizzlies,MEM,1610612763,PF,2023-24,3,74,8.84,4.76,1.86,0.58,0.73,0.93,21.87,0.4349,0.3487,0.6207,-3.72,0.5282,0.5394,0.1808,15.92,0.52
3417,Josh Okogie,1629006,Charlotte Hornets,CHA,1610612766,SG,2024-25,4,17,7.82,2.41,1.12,1.59,0.47,0.88,16.14,0.3878,0.3200,0.7736,0.53,0.4694,0.5481,0.2126,15.92,0.87
738,Alex Caruso,1627936,Oklahoma City Thunder,OKC,1610612760,SG,2024-25,4,61,6.26,2.57,2.21,1.41,0.49,0.61,16.74,0.4502,0.3593,0.8235,5.00,0.5466,0.5728,0.1537,15.92,4.20
1528,Myron Gardner,1642066,Miami Heat,MIA,1610612748,SF,2025-26,5,63,2.59,1.94,0.70,0.32,0.13,0.27,6.52,0.4797,0.4063,0.7308,1.24,0.5854,0.6062,0.1505,15.92,2.84
2821,Khaman Maluach,1642863,Phoenix Suns,PHX,1610612756,C,2025-26,5,82,1.70,1.62,0.07,0.06,0.40,0.30,5.01,0.5333,0.2381,0.7097,0.57,0.5571,0.5858,0.1496,15.91,-3.23
3624,Brandin Podziemski,1641764,Golden State Warriors,GSW,1610612744,SG,2023-24,3,79,8.63,5.41,3.46,0.77,0.18,1.11,24.91,0.4539,0.3846,0.6329,3.34,0.5293,0.5398,0.1554,15.90,2.42
1636,Jordan Goodwin,1630692,Memphis Grizzlies,MEM,1610612763,SG,2023-24,3,18,9.44,7.56,4.28,1.39,0.50,1.50,27.61,0.3492,0.3115,0.6333,-3.94,0.3995,0.4204,0.1972,15.89,5.50
3759,Austin Reaves,1630559,Los Angeles Lakers,LAL,1610612747,PG,2022-23,2,65,12.82,2.97,3.31,0.51,0.29,1.52,28.35,0.5286,0.3981,0.8642,3.29,0.6163,0.6866,0.1626,15.88,-0.92
2057,Al Horford,201143,Boston Celtics,BOS,1610612738,C,2022-23,2,66,9.33,5.91,2.86,0.45,0.92,0.56,29.11,0.4760,0.4462,0.7143,4.68,0.6273,0.6308,0.1198,15.88,1.32
2951,CJ McCollum,203468,Washington Wizards,WAS,1610612764,PG,2025-26,5,35,18.80,3.54,3.60,0.69,0.26,1.66,30.92,0.4537,0.3934,0.8039,-4.91,0.5444,0.5733,0.2449,15.87,0.48
119,Cole Anthony,1630175,Orlando Magic,ORL,1610612753,SG,2023-24,3,81,11.57,3.84,2.91,0.79,0.46,1.56,22.43,0.4351,0.3382,0.8257,1.36,0.4961,0.5455,0.2387,15.86,1.76
2153,Jaden Ivey,1631093,Chicago Bulls,CHI,1610612741,PG,2025-26,5,5,9.20,3.80,3.20,1.60,0.40,1.20,23.10,0.4167,0.3810,0.8889,-8.20,0.5278,0.5756,0.1669,15.84,3.06
961,Jae Crowder,203109,Milwaukee Bucks,MIL,1610612749,SF,2022-23,2,18,6.89,3.83,1.50,0.67,0.33,0.39,18.87,0.4787,0.4364,0.8333,0.00,0.6064,0.6245,0.1338,15.83,0.65
4882,Andrew Wiggins,203952,Golden State Warriors,GSW,1610612744,SF,2021-22,1,74,16.97,4.39,2.18,1.03,0.69,1.50,31.48,0.4661,0.3935,0.6340,3.59,0.5432,0.5595,0.2319,15.82,-0.70
1978,Buddy Hield,1627741,Indiana Pacers,IND,1610612754,SG,2021-22,1,26,18.19,5.08,4.77,0.96,0.38,2.42,35.57,0.4469,0.3620,0.8857,-0.65,0.5457,0.5626,0.2203,15.82,1.50
3966,D'Angelo Russell,1626156,Brooklyn Nets,BKN,1610612751,PG,2024-25,4,38,9.82,2.16,4.24,0.87,0.50,1.53,18.87,0.3670,0.2969,0.8261,-1.24,0.4541,0.5075,0.2609,15.81,7.01
1599,Collin Gillespie,1631221,Phoenix Suns,PHX,1610612756,PG,2025-26,5,81,12.49,4.04,4.58,1.22,0.20,1.54,28.17,0.4181,0.4014,0.8736,2.47,0.5558,0.5748,0.1883,15.80,3.22
3648,Kevin Porter Jr.,1629645,Houston Rockets,HOU,1610612745,PG,2021-22,1,62,15.31,4.31,6.06,1.11,0.35,3.10,30.76,0.4146,0.3753,0.6425,-4.53,0.5105,0.5314,0.2421,15.79,4.03
1873,Tobias Harris,202699,Detroit Pistons,DET,1610612765,SF,2024-25,4,76,13.18,5.68,2.13,0.97,0.75,1.12,30.34,0.4770,0.3447,0.8614,2.46,0.5335,0.5706,0.1773,15.79,-0.76
5065,Delon Wright,1626153,Washington Wizards,WAS,1610612764,PG,2023-24,3,33,4.06,1.79,2.48,1.06,0.24,0.33,13.81,0.3934,0.3684,0.8276,-1.48,0.4508,0.4972,0.1338,15.79,6.40
548,Bruce Brown,1628971,Brooklyn Nets,BKN,1610612751,SG,2021-22,1,79,8.19,4.37,1.87,0.97,0.66,0.71,22.46,0.5059,0.4043,0.7578,-0.57,0.5435,0.5753,0.1511,15.78,0.91
1732,Blake Griffin,201933,Brooklyn Nets,BKN,1610612751,PF,2021-22,1,81,4.43,2.81,1.30,0.33,0.17,0.38,11.83,0.4249,0.2621,0.7237,-1.16,0.4856,0.5181,0.1706,15.78,2.53
4478,Isaiah Thomas,202738,Charlotte Hornets,CHA,1610612766,PG,2021-22,1,19,7.42,1.11,1.26,0.37,0.16,0.53,11.54,0.4333,0.3966,0.9333,0.74,0.5292,0.5569,0.2732,15.78,1.82
42,Santi Aldama,1630583,Memphis Grizzlies,MEM,1610612763,PF,2022-23,2,77,9.04,4.82,1.26,0.58,0.62,0.78,21.84,0.4705,0.3534,0.7500,1.18,0.5600,0.5915,0.1611,15.77,-0.75
2296,Keshad Johnson,1642352,Miami Heat,MIA,1610612748,SF,2025-26,5,74,1.84,0.84,0.11,0.20,0.11,0.18,3.78,0.4904,0.2955,0.7241,1.23,0.5529,0.5824,0.1900,15.77,-2.18
2846,Lauri Markkanen,1628374,Cleveland Cavaliers,CLE,1610612739,PF,2021-22,1,61,14.75,5.66,1.33,0.74,0.49,0.89,30.77,0.4452,0.3579,0.8679,2.82,0.5420,0.5822,0.1957,15.77,-1.68
2153,Jaden Ivey,1631093,Detroit Pistons,DET,1610612765,PG,2024-25,4,32,16.50,3.88,3.72,0.88,0.34,2.78,28.07,0.4600,0.4091,0.7328,-1.94,0.5363,0.5689,0.2644,15.77,-0.19
4344,Isaiah Stewart,1630191,Detroit Pistons,DET,1610612765,PF,2025-26,5,64,8.92,4.47,1.02,0.25,1.42,1.05,20.19,0.5494,0.3390,0.7638,0.81,0.6000,0.6332,0.1674,15.77,-1.93
1766,Rui Hachimura,1629060,Washington Wizards,WAS,1610612764,SF,2022-23,2,30,13.00,4.27,1.17,0.37,0.40,1.20,24.26,0.4877,0.3371,0.7586,-2.30,0.5340,0.5579,0.2323,15.76,-2.52
651,Jared Butler,1630215,Washington Wizards,WAS,1610612764,PG,2023-24,3,55,4.56,1.05,2.29,0.53,0.15,0.91,10.29,0.4876,0.3077,0.8611,-0.87,0.5473,0.5788,0.2001,15.76,4.92
4645,Jarred Vanderbilt,1629020,Los Angeles Lakers,LAL,1610612747,SF,2022-23,2,26,7.19,6.65,1.62,1.15,0.23,1.12,24.05,0.5286,0.3030,0.7838,-1.27,0.5643,0.5983,0.1263,15.76,-0.72
4093,Collin Sexton,1629012,Utah Jazz,UTA,1610612762,PG,2022-23,2,51,13.43,2.06,2.71,0.53,0.12,1.67,22.46,0.5064,0.3934,0.8191,-0.55,0.5577,0.6165,0.2358,15.75,-0.70
833,Noah Clowney,1641730,Brooklyn Nets,BKN,1610612751,PF,2023-24,3,32,4.16,2.53,0.56,0.25,0.50,0.47,11.57,0.5376,0.3636,0.7000,-1.69,0.6022,0.6262,0.1464,15.74,-2.33
2035,Richaun Holmes,1626158,Dallas Mavericks,DAL,1610612742,PF,2023-24,3,48,1.63,1.63,0.31,0.06,0.19,0.25,4.93,0.5593,,0.5714,-0.71,0.5593,0.5715,0.1457,15.74,-0.92
4778,Lindy Waters III,1630322,Oklahoma City Thunder,OKC,1610612760,SF,2023-24,3,55,2.49,0.73,0.44,0.09,0.13,0.13,5.10,0.4712,0.4353,1.0000,-0.64,0.6490,0.6531,0.1744,15.74,-0.06
205,Lonzo Ball,1628366,Chicago Bulls,CHI,1610612741,SG,2021-22,1,36,12.64,5.28,4.94,1.78,0.86,2.28,33.68,0.4230,0.4231,0.7500,2.25,0.5666,0.5755,0.1726,15.73,2.86
5103,Omer Yurtseven,1630209,Miami Heat,MIA,1610612748,C,2022-23,2,17,2.35,1.35,0.12,0.12,0.12,0.24,4.90,0.5926,0.4286,0.8333,0.59,0.6481,0.6748,0.1845,15.73,-2.92
254,Will Barton,203115,Denver Nuggets,DEN,1610612743,SG,2021-22,1,73,14.29,4.66,3.78,0.75,0.42,1.74,31.18,0.4375,0.3651,0.8031,1.34,0.5251,0.5479,0.2099,15.73,1.08
1181,Goran Dragic,201609,Toronto Raptors,TOR,1610612761,PG,2021-22,1,22,1.82,0.64,0.41,0.23,0.05,0.05,4.08,0.3824,0.2857,1.0000,-1.00,0.4412,0.5208,0.1883,15.72,3.29
2829,Tre Mann,1630544,Charlotte Hornets,CHA,1610612766,SG,2023-24,3,31,10.74,4.03,4.68,1.55,0.10,1.81,27.99,0.4529,0.3645,0.7586,-3.94,0.5236,0.5522,0.1894,15.72,2.95
1573,Paul George,202331,Philadelphia 76ers,PHI,1610612755,SF,2024-25,4,46,14.46,4.76,3.87,1.63,0.43,2.30,28.99,0.4298,0.3582,0.8144,-1.80,0.5140,0.5427,0.2392,15.70,1.80
337,Davis Bertans,202722,Oklahoma City Thunder,OKC,1610612760,PF,2023-24,3,47,0.94,0.21,0.19,0.06,0.06,0.02,1.94,0.3846,0.4167,0.9333,0.51,0.5769,0.6748,0.1616,15.70,1.59
4770,P.J. Washington,1629023,Dallas Mavericks,DAL,1610612742,SF,2025-26,5,63,12.49,6.17,1.48,0.87,0.90,1.46,26.98,0.4543,0.3333,0.6868,-4.33,0.5132,0.5427,0.2022,15.68,-1.45
4721,John Wall,202322,Los Angeles Clippers,LAC,1610612746,PG,2022-23,2,35,11.03,2.63,5.09,0.77,0.34,2.29,21.57,0.4071,0.3028,0.6814,-3.03,0.4558,0.4965,0.2710,15.67,6.11
123,OG Anunoby,1628384,New York Knicks,NYK,1610612752,SG,2025-26,5,67,16.33,5.15,2.10,1.51,0.70,1.78,32.59,0.4817,0.3821,0.8279,5.87,0.5790,0.6177,0.1988,15.67,-1.89
3918,Derrick Rose,201565,Memphis Grizzlies,MEM,1610612763,PG,2023-24,3,40,4.78,1.13,1.95,0.20,0.05,0.78,9.99,0.4606,0.3659,0.8889,-0.83,0.5061,0.5399,0.2281,15.67,3.01
3618,Daeqwon Plowden,1631342,Atlanta Hawks,ATL,1610612737,SG,2024-25,4,13,3.31,0.85,0.15,0.00,0.00,0.31,5.50,0.6400,0.5294,1.0000,2.23,0.8200,0.8308,0.1745,15.66,-6.69
3417,Josh Okogie,1629006,Phoenix Suns,PHX,1610612756,SG,2024-25,4,34,4.41,2.12,0.41,0.62,0.32,0.47,10.31,0.4912,0.3810,0.6875,-0.65,0.5614,0.5856,0.1828,15.65,-1.71
2601,Jeremy Lamb,203087,Sacramento Kings,SAC,1610612758,SG,2021-22,1,20,6.70,3.00,1.50,0.40,0.40,0.65,16.11,0.4034,0.3019,0.8462,-1.15,0.4706,0.5136,0.1949,15.65,0.93
340,Patrick Beverley,201976,Minnesota Timberwolves,MIN,1610612750,SG,2021-22,1,60,8.88,4.00,4.47,1.12,0.87,1.22,24.60,0.4060,0.3430,0.7218,1.87,0.5011,0.5389,0.1610,15.64,5.97
11,Precious Achiuwa,1630173,New York Knicks,NYK,1610612752,SF,2024-25,4,61,6.21,5.20,0.90,0.77,0.69,0.74,19.17,0.5015,0.2778,0.5942,-0.79,0.5168,0.5303,0.1505,15.63,-1.13
2582,Kyle Kuzma,1628398,Milwaukee Bucks,MIL,1610612749,SF,2025-26,5,71,12.62,4.41,2.59,0.65,0.39,1.68,25.44,0.4920,0.3473,0.7258,-3.99,0.5522,0.5812,0.2194,15.63,-0.88
4108,Shaedon Sharpe,1631101,Portland Trail Blazers,POR,1610612757,SG,2024-25,4,82,16.28,3.95,2.41,0.76,0.20,1.83,27.47,0.4520,0.3114,0.7851,-1.68,0.5186,0.5514,0.2532,15.63,-1.29
4948,Kenrich Williams,1629026,Oklahoma City Thunder,OKC,1610612760,SG,2025-26,5,63,5.76,2.97,1.25,0.49,0.08,0.68,13.57,0.4730,0.3876,0.6346,0.71,0.5574,0.5692,0.1845,15.63,-0.28
3627,Aleksej Pokusevski,1630197,Oklahoma City Thunder,OKC,1610612760,PF,2022-23,2,38,7.26,4.18,1.68,0.53,1.13,1.13,18.46,0.4337,0.3654,0.6286,-5.16,0.5100,0.5219,0.1833,15.63,1.34
4940,Jaylin Williams,1631119,Oklahoma City Thunder,OKC,1610612760,PF,2023-24,3,74,3.73,3.16,1.49,0.38,0.36,0.46,12.12,0.4167,0.3681,0.8049,1.68,0.5329,0.5609,0.1364,15.62,2.81
1669,Jerami Grant,203924,Portland Trail Blazers,POR,1610612757,SF,2023-24,3,58,19.52,3.29,2.62,0.78,0.59,2.00,31.56,0.4506,0.4022,0.8173,-6.05,0.5159,0.5733,0.2599,15.61,-1.67
3627,Aleksej Pokusevski,1630197,Oklahoma City Thunder,OKC,1610612760,PF,2021-22,1,70,6.63,4.54,1.87,0.56,0.54,1.34,17.61,0.4079,0.2893,0.7000,-0.63,0.4704,0.4854,0.2018,15.61,1.19
4846,Coby White,1629632,Chicago Bulls,CHI,1610612741,PG,2023-24,3,79,19.10,4.53,5.13,0.67,0.23,2.10,36.47,0.4475,0.3759,0.8385,-0.44,0.5339,0.5701,0.2281,15.60,1.16
2141,Joe Ingles,204060,Minnesota Timberwolves,MIN,1610612750,PG,2025-26,5,79,0.52,0.24,0.43,0.11,0.03,0.18,1.93,0.5926,0.4375,1.0000,-0.10,0.7222,0.7353,0.1162,15.59,3.46
3688,Payton Pritchard,1630202,Boston Celtics,BOS,1610612738,PG,2021-22,1,78,5.67,1.72,1.78,0.32,0.08,0.53,12.83,0.4290,0.4122,1.0000,0.82,0.5643,0.5782,0.1866,15.59,2.25
1361,Derrick Favors,202324,Oklahoma City Thunder,OKC,1610612760,PF,2021-22,1,65,3.17,2.83,0.38,0.26,0.18,0.14,10.04,0.5165,0.1250,0.6400,-2.20,0.5220,0.5337,0.1344,15.59,-0.86
1881,Josh Hart,1628404,Portland Trail Blazers,POR,1610612757,SG,2022-23,2,53,9.19,7.87,3.77,1.02,0.17,1.49,32.16,0.5041,0.3036,0.7311,2.34,0.5510,0.5862,0.1276,15.58,1.04
4779,Trendon Watford,1630570,Portland Trail Blazers,POR,1610612757,SG,2022-23,2,74,6.20,3.22,1.76,0.43,0.16,0.96,15.97,0.5604,0.3906,0.7200,-2.45,0.5991,0.6253,0.1626,15.58,-0.24
2385,Tyus Jones,1626145,Phoenix Suns,PHX,1610612756,PG,2024-25,4,81,10.23,2.42,5.30,0.85,0.10,1.12,26.84,0.4480,0.4140,0.8947,-1.14,0.5695,0.5854,0.1634,15.57,4.15
971,Cade Cunningham,1630595,Detroit Pistons,DET,1610612765,PG,2021-22,1,72,15.47,4.92,4.94,1.08,0.60,3.25,29.00,0.4161,0.3140,0.8452,-3.82,0.4714,0.5041,0.2776,15.56,2.94
1959,Juancho Hernangomez,1627823,Utah Jazz,UTA,1610612762,PF,2021-22,1,27,3.89,2.22,0.52,0.33,0.26,0.30,11.05,0.5068,0.4375,0.4762,1.30,0.6507,0.6384,0.1328,15.56,-1.81
2739,Brook Lopez,201572,Milwaukee Bucks,MIL,1610612749,C,2023-24,3,79,12.53,5.18,1.61,0.54,2.39,1.00,30.52,0.4848,0.3663,0.8209,3.52,0.5828,0.6081,0.1605,15.56,-0.93
4882,Andrew Wiggins,203952,Golden State Warriors,GSW,1610612744,SF,2022-23,2,40,15.83,4.65,2.13,1.13,0.70,1.20,29.76,0.4726,0.3956,0.6111,2.95,0.5567,0.5645,0.2166,15.55,0.11
1109,Donte DiVincenzo,1628978,New York Knicks,NYK,1610612752,SG,2023-24,3,82,15.35,3.62,2.63,1.30,0.44,1.38,28.78,0.4432,0.4014,0.7544,1.98,0.5842,0.5972,0.2153,15.55,0.04
4344,Isaiah Stewart,1630191,Detroit Pistons,DET,1610612765,PF,2022-23,2,54,10.50,7.46,1.30,0.37,0.63,1.26,26.19,0.4422,0.3268,0.7383,-4.19,0.5181,0.5597,0.1728,15.54,-1.53
2644,Caris LeVert,1627747,Cleveland Cavaliers,CLE,1610612739,PG,2024-25,4,38,10.21,2.82,3.68,0.87,0.50,1.34,23.79,0.4530,0.4054,0.6988,6.26,0.5537,0.5799,0.1836,15.54,2.31
4616,Jaylon Tyson,1642281,Cleveland Cavaliers,CLE,1610612739,SG,2025-26,5,66,13.21,5.12,2.23,0.82,0.42,1.50,26.93,0.4925,0.4463,0.7383,1.67,0.5918,0.6080,0.1938,15.54,-1.19
4963,Nate Williams,1631466,Houston Rockets,HOU,1610612745,SG,2023-24,3,50,1.26,0.46,0.14,0.08,0.02,0.08,2.59,0.5400,0.4000,0.5385,0.46,0.5600,0.5653,0.1977,15.54,-1.87
515,Mikal Bridges,1628969,Phoenix Suns,PHX,1610612756,SG,2022-23,2,56,17.23,4.34,3.59,1.16,0.80,1.39,36.43,0.4634,0.3870,0.8966,0.77,0.5295,0.5740,0.1934,15.53,0.48
4162,Anfernee Simons,1629014,Portland Trail Blazers,POR,1610612757,PG,2021-22,1,58,17.03,2.60,3.81,0.52,0.10,1.98,28.98,0.4429,0.4050,0.8879,-1.47,0.5552,0.5825,0.2514,15.53,0.39
2261,Chaney Johnson,1643052,Brooklyn Nets,BKN,1610612751,SG,2025-26,5,20,6.95,3.95,1.80,0.75,0.45,1.00,17.38,0.5426,0.3000,0.8000,-3.90,0.5904,0.6353,0.1652,15.53,0.41
1700,Jalen Green,1630224,Houston Rockets,HOU,1610612745,SG,2022-23,2,76,22.14,3.74,3.70,0.78,0.24,2.63,34.24,0.4165,0.3375,0.7862,-5.88,0.4853,0.5385,0.2830,15.52,-0.28
3647,Craig Porter Jr.,1641854,Cleveland Cavaliers,CLE,1610612739,SG,2025-26,5,72,4.01,3.06,2.85,0.79,0.53,0.82,15.94,0.4496,0.3548,0.6000,1.43,0.5136,0.5243,0.1230,15.51,4.61
985,Seth Curry,203552,Golden State Warriors,GSW,1610612744,SG,2025-26,5,17,4.18,0.71,0.59,0.18,0.00,0.12,7.84,0.4898,0.4800,0.9167,0.06,0.6122,0.6540,0.1823,15.50,-1.72
4473,Cam Thomas,1630560,Brooklyn Nets,BKN,1610612751,SG,2022-23,2,82,7.37,1.16,0.95,0.24,0.09,0.77,11.56,0.4408,0.3835,0.8678,-0.05,0.4967,0.5671,0.2808,15.49,-1.86
2588,Jake LaRavia,1631222,Memphis Grizzlies,MEM,1610612763,SF,2024-25,4,50,6.86,4.10,2.66,0.88,0.40,1.38,19.64,0.4896,0.4444,0.6979,3.60,0.5726,0.6055,0.1435,15.49,1.26
4003,Gui Santos,1630611,Golden State Warriors,GSW,1610612744,SF,2025-26,5,81,7.72,3.28,1.96,0.75,0.27,1.26,17.23,0.5000,0.3514,0.7250,0.43,0.5848,0.6094,0.1882,15.48,-0.10
1426,Simone Fontecchio,1631323,Detroit Pistons,DET,1610612765,SF,2023-24,3,17,14.53,4.12,1.65,0.82,0.29,1.00,28.46,0.4789,0.4257,0.8462,-2.12,0.5921,0.6131,0.1931,15.47,-2.19
4339,Lamar Stevens,1630205,Boston Celtics,BOS,1610612738,SF,2023-24,3,49,1.08,0.63,0.16,0.12,0.10,0.18,2.49,0.4667,0.3750,0.7273,0.20,0.5000,0.5317,0.2088,15.46,-0.68
2092,Kevin Huerter,1628989,Sacramento Kings,SAC,1610612758,SG,2022-23,2,76,15.00,3.30,2.91,1.05,0.32,1.28,28.98,0.4850,0.4020,0.7252,2.92,0.6033,0.6171,0.1995,15.46,0.20
341,Saddiq Bey,1630180,Detroit Pistons,DET,1610612765,SG,2021-22,1,82,16.11,5.38,2.84,0.89,0.20,1.17,32.98,0.3961,0.3459,0.8268,-6.09,0.4890,0.5293,0.2146,15.46,0.41
2453,Luke Kennard,1628379,Memphis Grizzlies,MEM,1610612763,SG,2024-25,4,68,8.47,2.69,3.16,0.74,0.07,1.06,21.64,0.4780,0.4330,0.8947,1.79,0.6090,0.6315,0.1452,15.46,1.11
265,Keita Bates-Diop,1628966,San Antonio Spurs,SAS,1610612759,SF,2021-22,1,67,5.00,3.45,0.61,0.40,0.21,0.67,14.28,0.5171,0.3091,0.7541,0.06,0.5494,0.5779,0.1485,15.46,-2.87
245,RJ Barrett,1629628,New York Knicks,NYK,1610612752,SG,2023-24,3,29,16.34,3.83,2.17,0.41,0.31,1.62,26.43,0.4227,0.3308,0.8306,-0.59,0.4781,0.5355,0.2724,15.45,-1.29
1344,Dante Exum,203957,Dallas Mavericks,DAL,1610612742,PG,2023-24,3,57,7.09,2.46,2.67,0.37,0.09,0.82,17.86,0.5390,0.4900,0.7727,4.11,0.6259,0.6494,0.1510,15.45,1.11
208,Mo Bamba,1628964,Los Angeles Lakers,LAL,1610612747,C,2022-23,2,12,2.75,3.42,0.33,0.08,0.42,0.67,7.32,0.4074,0.3125,0.5455,-0.75,0.5000,0.5182,0.1899,15.42,-0.29
1882,Isaiah Hartenstein,1628392,New York Knicks,NYK,1610612752,C,2022-23,2,82,4.95,6.54,1.24,0.65,0.78,0.80,19.86,0.5352,0.2162,0.6761,1.84,0.5474,0.5667,0.1126,15.42,0.12
4088,Brice Sensabaugh,1641729,Utah Jazz,UTA,1610612762,SF,2025-26,5,78,14.31,2.96,1.83,0.69,0.15,1.59,22.59,0.4597,0.3665,0.8259,-4.86,0.5543,0.5902,0.2503,15.42,-2.07
2822,Sandro Mamukelashvili,1630572,Milwaukee Bucks,MIL,1610612749,PF,2021-22,1,59,2.61,1.39,0.37,0.15,0.15,0.25,6.90,0.4957,0.4231,0.8182,-2.46,0.5913,0.6176,0.1474,15.41,-2.08
363,Bismack Biyombo,202687,San Antonio Spurs,SAS,1610612759,C,2024-25,4,32,4.50,4.94,0.97,0.50,0.72,0.84,16.49,0.5877,,0.4000,-3.13,0.5877,0.5760,0.1234,15.40,-1.43
3539,Elfrid Payton,203901,New Orleans Pelicans,NOP,1610612740,PG,2024-25,4,19,4.16,3.47,7.68,0.95,0.42,2.74,20.39,0.3663,0.1667,0.5714,-5.00,0.3713,0.3795,0.1715,15.39,11.68
2180,Quenton Jackson,1631245,Indiana Pacers,IND,1610612754,PG,2025-26,5,56,8.00,2.04,2.50,0.55,0.11,1.11,16.02,0.4695,0.3559,0.8235,-1.13,0.5335,0.5889,0.2102,15.39,1.51
1766,Rui Hachimura,1629060,Los Angeles Lakers,LAL,1610612747,SF,2022-23,2,34,9.32,4.56,0.68,0.24,0.41,0.50,21.70,0.4846,0.2958,0.7213,1.21,0.5250,0.5526,0.1743,15.39,-2.61
2259,Cameron Johnson,1629661,Brooklyn Nets,BKN,1610612751,SF,2023-24,3,65,11.94,3.86,2.12,0.75,0.23,0.88,24.60,0.4459,0.3909,0.7890,-1.18,0.5574,0.5817,0.1974,15.39,-0.29
626,Alec Burks,202692,Detroit Pistons,DET,1610612765,SG,2023-24,3,45,12.00,2.44,1.51,0.47,0.24,0.71,20.01,0.3941,0.4008,0.9030,-4.13,0.5160,0.5807,0.2347,15.39,-0.70
723,Devin Carter,1642269,Sacramento Kings,SAC,1610612758,SG,2025-26,5,72,4.71,1.74,1.40,0.47,0.13,0.75,9.72,0.4144,0.2632,0.7128,-1.57,0.4658,0.5085,0.2372,15.39,2.29
3970,Cormac Ryan,1642504,Milwaukee Bucks,MIL,1610612749,SG,2025-26,5,13,12.08,2.15,1.46,0.85,0.23,1.31,20.82,0.5196,0.4576,0.9231,-1.38,0.6520,0.6920,0.2143,15.38,-3.21
4049,Dennis Schröder,203471,Toronto Raptors,TOR,1610612761,PG,2023-24,3,51,13.69,2.75,6.14,0.90,0.16,1.63,30.55,0.4419,0.3500,0.8523,-0.59,0.5107,0.5588,0.1959,15.38,4.27
728,Jevon Carter,1628975,Milwaukee Bucks,MIL,1610612749,PG,2021-22,1,22,5.09,1.95,2.27,0.45,0.18,0.36,16.05,0.5063,0.5581,1.0000,-1.05,0.6582,0.6786,0.1085,15.38,2.08
3890,Jeremiah Robinson-Earl,1630526,Dallas Mavericks,DAL,1610612742,PF,2025-26,5,5,4.40,3.00,0.60,0.40,0.00,0.40,12.22,0.4706,0.2500,1.0000,-2.20,0.5294,0.5864,0.1393,15.37,-2.59
2131,Bones Hyland,1630538,Denver Nuggets,DEN,1610612743,PG,2022-23,2,49,10.37,1.76,2.55,0.57,0.27,1.37,16.73,0.3986,0.3776,0.8659,-2.94,0.5035,0.5403,0.2846,15.37,2.67
2541,John Konchar,1629723,Utah Jazz,UTA,1610612762,SG,2025-26,5,29,5.28,5.10,2.69,1.79,0.86,0.72,23.46,0.4453,0.2500,0.7742,-4.86,0.5039,0.5401,0.0974,15.37,2.96
245,RJ Barrett,1629628,New York Knicks,NYK,1610612752,SG,2021-22,1,71,19.75,5.75,2.93,0.61,0.23,2.13,34.05,0.4079,0.3416,0.7143,-2.06,0.4657,0.5107,0.2784,15.37,-0.44
742,Stephon Castle,1642264,San Antonio Spurs,SAS,1610612759,PG,2024-25,4,79,14.73,3.68,4.09,0.92,0.28,2.15,26.65,0.4307,0.2853,0.7227,-3.10,0.4791,0.5252,0.2604,15.37,2.00
733,Wendell Carter Jr.,1628976,Orlando Magic,ORL,1610612753,C,2025-26,5,76,11.59,7.34,1.91,0.71,0.61,1.29,28.84,0.5106,0.3052,0.7917,1.17,0.5636,0.6130,0.1580,15.36,-1.52
1985,Haywood Highsmith,1629312,Phoenix Suns,PHX,1610612756,SF,2025-26,5,10,3.80,1.30,0.70,0.40,0.00,0.00,9.07,0.5217,0.5714,0.8571,1.00,0.6957,0.7285,0.1252,15.36,-0.27
2356,Isaac Jones,1642403,Sacramento Kings,SAC,1610612758,SF,2024-25,4,63,2.13,0.90,0.19,0.08,0.16,0.25,4.82,0.6506,0.3750,0.6389,-1.02,0.6687,0.6779,0.1644,15.35,-4.44
3159,Malik Monk,1628370,Los Angeles Lakers,LAL,1610612747,PG,2021-22,1,77,13.61,3.32,2.83,0.79,0.38,1.58,27.77,0.4734,0.3914,0.7949,0.69,0.5781,0.5972,0.2019,15.35,-0.57
515,Mikal Bridges,1628969,New York Knicks,NYK,1610612752,SG,2025-26,5,81,14.38,3.81,3.72,1.32,0.77,1.01,32.70,0.4895,0.3723,0.8229,3.57,0.5716,0.5871,0.1751,15.33,1.13
4544,Nae'Qwan Tomlin,1641772,Cleveland Cavaliers,CLE,1610612739,SF,2024-25,4,11,3.27,1.91,0.18,0.00,0.09,0.18,5.77,0.4063,0.2000,0.7273,0.64,0.4375,0.4886,0.2589,15.33,-0.63
2667,Saben Lee,1630240,Detroit Pistons,DET,1610612765,PG,2021-22,1,52,4.00,1.67,2.06,0.69,0.23,0.69,11.61,0.3898,0.2333,0.7887,-1.54,0.4294,0.4994,0.1749,15.32,4.81
765,Julian Champagnie,1630577,San Antonio Spurs,SAS,1610612759,SF,2022-23,2,16,10.31,3.75,0.63,0.31,0.31,0.69,19.59,0.4609,0.4074,0.8235,-4.38,0.5898,0.6089,0.1934,15.32,-2.76
4948,Kenrich Williams,1629026,Oklahoma City Thunder,OKC,1610612760,SG,2022-23,2,55,7.73,4.75,1.91,0.82,0.25,0.58,21.93,0.5173,0.3731,0.4359,1.36,0.5896,0.5851,0.1371,15.31,0.69
2064,Talen Horton-Tucker,1629659,Chicago Bulls,CHI,1610612741,PG,2024-25,4,79,4.80,1.27,1.05,0.27,0.14,0.51,9.16,0.4570,0.3361,0.7347,0.24,0.5275,0.5672,0.2170,15.28,0.43
228,Harrison Barnes,203084,San Antonio Spurs,SAS,1610612759,SF,2024-25,4,80,12.08,3.70,1.65,0.46,0.18,0.59,27.20,0.4992,0.4302,0.8177,-0.41,0.6138,0.6496,0.1559,15.28,-2.78
1669,Jerami Grant,203924,Portland Trail Blazers,POR,1610612757,SF,2025-26,5,78,13.59,2.54,1.56,0.54,0.46,1.53,21.73,0.4534,0.3886,0.8137,-0.08,0.5466,0.6080,0.2388,15.27,-2.82
4787,Peyton Watson,1631212,Denver Nuggets,DEN,1610612743,SG,2025-26,5,57,13.84,4.63,1.95,0.88,1.07,1.63,28.03,0.4905,0.4112,0.7302,3.44,0.5602,0.5940,0.2087,15.27,-1.78
3655,Quinten Post,1642366,Golden State Warriors,GSW,1610612744,C,2024-25,4,45,7.56,3.29,1.24,0.36,0.40,0.73,15.24,0.4489,0.4078,0.7778,0.96,0.5821,0.5947,0.1982,15.26,-0.09
857,John Collins,1628381,Atlanta Hawks,ATL,1610612737,PF,2022-23,2,71,13.11,6.51,1.20,0.59,1.03,1.11,30.00,0.5078,0.2917,0.8034,-0.30,0.5573,0.5928,0.1717,15.24,-2.09
2711,Nassir Little,1629642,Portland Trail Blazers,POR,1610612757,SG,2021-22,1,42,9.76,5.62,1.29,0.60,0.86,0.95,25.91,0.4603,0.3312,0.7340,-0.55,0.5413,0.5753,0.1592,15.24,-1.61
286,Bradley Beal,203078,Phoenix Suns,PHX,1610612756,PG,2024-25,4,53,17.02,3.34,3.68,1.09,0.53,1.87,32.11,0.4971,0.3864,0.8029,-5.15,0.5706,0.5979,0.2243,15.24,-0.20
2739,Brook Lopez,201572,Milwaukee Bucks,MIL,1610612749,C,2021-22,1,14,11.50,3.79,0.43,0.57,1.07,0.86,21.32,0.4656,0.3585,0.8696,-0.50,0.5382,0.5704,0.2179,15.24,-2.23
2469,Braxton Key,1630296,Detroit Pistons,DET,1610612765,SF,2021-22,1,9,8.56,5.33,1.11,1.00,1.22,1.00,21.21,0.4571,0.3000,0.5385,3.56,0.5000,0.5085,0.1928,15.24,0.69
4686,Tristan Vukcevic,1641774,Washington Wizards,WAS,1610612764,PF,2023-24,3,12,7.08,3.00,1.08,0.42,0.58,0.83,12.78,0.4328,0.2778,0.7727,2.67,0.5075,0.5543,0.2416,15.24,1.05
4770,P.J. Washington,1629023,Charlotte Hornets,CHA,1610612766,SF,2021-22,1,68,9.82,4.96,2.16,0.84,0.90,1.21,26.00,0.4699,0.3654,0.7160,2.07,0.5733,0.5884,0.1571,15.23,-0.11
2541,John Konchar,1629723,Memphis Grizzlies,MEM,1610612763,SG,2024-25,4,77,1.45,1.96,0.55,0.39,0.18,0.21,7.25,0.4505,0.3710,0.8750,0.75,0.5769,0.5925,0.0802,15.23,0.14
4007,Alex Sarr,1642259,Washington Wizards,WAS,1610612764,C,2024-25,4,72,11.83,5.96,2.19,0.61,1.35,1.57,24.82,0.3905,0.3086,0.6748,-7.46,0.4541,0.4793,0.2370,15.22,1.33
4654,Devin Vassell,1630170,San Antonio Spurs,SAS,1610612759,SG,2024-25,4,63,16.03,3.94,2.81,1.29,0.46,1.35,30.48,0.4412,0.3621,0.7881,-4.05,0.5282,0.5490,0.2239,15.22,0.17
2667,Saben Lee,1630240,Phoenix Suns,PHX,1610612756,PG,2023-24,3,50,1.42,0.62,0.60,0.14,0.06,0.16,3.70,0.3636,0.1250,0.7436,0.30,0.3818,0.4920,0.1891,15.21,4.04
902,Sharife Cooper,1630536,Washington Wizards,WAS,1610612764,PG,2025-26,5,50,6.66,1.72,2.48,0.32,0.10,1.22,14.00,0.5142,0.3816,0.8333,-3.68,0.5729,0.6090,0.2006,15.21,1.01
3125,Josh Minott,1631169,Boston Celtics,BOS,1610612738,SF,2025-26,5,45,4.27,2.62,0.73,0.53,0.27,0.44,11.68,0.5074,0.4416,0.7692,0.78,0.6324,0.6511,0.1382,15.21,-1.30
1572,Kyshawn George,1642273,Washington Wizards,WAS,1610612764,SF,2025-26,5,54,13.15,4.54,3.96,0.89,0.80,2.31,25.76,0.4385,0.3808,0.8015,-6.57,0.5243,0.5594,0.2290,15.20,2.11
2131,Bones Hyland,1630538,Denver Nuggets,DEN,1610612743,PG,2021-22,1,75,9.31,2.51,2.55,0.55,0.27,1.15,17.47,0.4028,0.3659,0.8560,0.56,0.5175,0.5575,0.2392,15.20,2.76
3147,Jonathan Mogbo,1642367,Toronto Raptors,TOR,1610612761,PF,2025-26,5,65,0.94,1.05,0.38,0.17,0.12,0.22,3.83,0.5909,0.0000,0.6429,-0.82,0.5909,0.6081,0.1113,15.20,0.10
5065,Delon Wright,1626153,Atlanta Hawks,ATL,1610612737,PG,2021-22,1,79,4.33,2.78,2.38,1.18,0.24,0.57,18.39,0.4535,0.3793,0.8571,0.76,0.5353,0.5763,0.1034,15.20,2.30
60,Grayson Allen,1628960,Phoenix Suns,PHX,1610612756,SG,2025-26,5,51,16.49,3.04,3.82,1.35,0.25,1.63,28.76,0.4033,0.3495,0.8571,0.35,0.5225,0.5675,0.2421,15.19,1.83
4463,Daniel Theis,1628464,Los Angeles Clippers,LAC,1610612746,PF,2023-24,3,70,5.34,3.49,0.87,0.30,0.73,0.60,14.38,0.5363,0.3714,0.7600,0.89,0.5813,0.6013,0.1556,15.19,-1.10
1504,Wenyen Gabriel,1629117,Los Angeles Lakers,LAL,1610612747,PF,2022-23,2,76,4.89,3.76,0.47,0.34,0.46,0.61,13.47,0.5962,0.2778,0.6190,-0.42,0.6154,0.6263,0.1420,15.19,-2.41
515,Mikal Bridges,1628969,Phoenix Suns,PHX,1610612756,SG,2021-22,1,82,14.17,4.23,2.26,1.17,0.44,0.83,34.81,0.5338,0.3686,0.8344,7.02,0.6008,0.6267,0.1508,15.18,-1.80
4162,Anfernee Simons,1629014,Portland Trail Blazers,POR,1610612757,PG,2024-25,4,79,17.06,2.39,4.27,0.76,0.06,1.81,29.02,0.4258,0.3626,0.9021,-2.78,0.5213,0.5569,0.2477,15.17,1.31
228,Harrison Barnes,203084,Sacramento Kings,SAC,1610612758,SF,2022-23,2,82,15.00,4.46,1.56,0.70,0.12,1.05,32.47,0.4728,0.3739,0.8475,3.11,0.5563,0.6322,0.1712,15.17,-3.40
4711,Jabari Walker,1631133,Portland Trail Blazers,POR,1610612757,SF,2023-24,3,73,8.74,6.96,0.97,0.58,0.30,0.90,23.30,0.4597,0.2950,0.7544,-4.63,0.5000,0.5460,0.1641,15.17,-2.02
874,Mike Conley,201144,Utah Jazz,UTA,1610612762,PG,2022-23,2,43,10.72,2.49,7.67,1.02,0.23,1.72,29.66,0.4080,0.3615,0.8125,0.65,0.5107,0.5524,0.1625,15.16,7.51
99,Kyle Anderson,203937,Utah Jazz,UTA,1610612762,SG,2025-26,5,45,3.16,1.47,1.36,0.51,0.22,0.38,8.91,0.5229,0.6000,0.6579,-1.58,0.5367,0.5647,0.1482,15.15,3.50
3277,Larry Nance Jr.,1626204,New Orleans Pelicans,NOP,1610612740,PF,2021-22,1,9,7.33,4.33,0.89,0.56,0.78,1.11,20.18,0.5510,0.5000,1.0000,-1.11,0.5918,0.6283,0.1473,15.15,-3.04
1363,Jeremiah Fears,1642847,New Orleans Pelicans,NOP,1610612740,SG,2025-26,5,82,14.26,3.66,3.40,1.18,0.37,2.17,25.76,0.4344,0.3301,0.7886,-3.50,0.4846,0.5246,0.2565,15.15,0.94
284,Darius Bazley,1629647,Oklahoma City Thunder,OKC,1610612760,PF,2022-23,2,47,4.17,2.60,0.68,0.40,0.62,0.47,11.82,0.4494,0.4000,0.5538,-0.70,0.5063,0.5252,0.1578,15.15,-0.28
2739,Brook Lopez,201572,Milwaukee Bucks,MIL,1610612749,C,2024-25,4,79,12.97,5.04,1.80,0.63,1.85,1.05,31.81,0.5065,0.3723,0.8261,1.43,0.5962,0.6214,0.1593,15.15,-1.73
768,Kennedy Chandler,1631113,Utah Jazz,UTA,1610612762,PG,2025-26,5,11,15.00,3.36,6.73,1.00,0.18,2.09,32.29,0.4453,0.3947,0.6512,-6.27,0.5000,0.5291,0.2017,15.14,4.44
4246,Malachi Smith,1641869,Brooklyn Nets,BKN,1610612751,SG,2025-26,5,16,7.75,3.19,3.06,0.75,0.25,0.88,22.43,0.4848,0.4348,1.0000,-5.63,0.5859,0.6048,0.1436,15.14,1.05
274,Nicolas Batum,201587,Los Angeles Clippers,LAC,1610612746,SG,2021-22,1,63,7.79,4.03,1.59,0.92,0.67,0.63,23.22,0.4625,0.4000,0.6579,-2.03,0.6021,0.6081,0.1340,15.13,-0.52
4422,Jae'Sean Tate,1630256,Houston Rockets,HOU,1610612745,SF,2021-22,1,78,11.78,5.38,2.85,0.92,0.53,1.78,26.36,0.4979,0.3119,0.7065,-5.18,0.5412,0.5673,0.1970,15.13,0.57
5079,Guerschon Yabusele,1627824,Philadelphia 76ers,PHI,1610612755,SF,2024-25,4,78,9.85,5.06,1.90,0.74,0.31,1.12,24.29,0.5009,0.3796,0.7246,-1.51,0.5933,0.6157,0.1647,15.12,-1.42
2673,Alex Len,203458,Sacramento Kings,SAC,1610612758,C,2022-23,2,77,0.56,0.78,0.16,0.05,0.14,0.21,2.09,0.5333,0.0000,0.6875,0.25,0.5333,0.5805,0.1418,15.11,-0.93
1699,JaMychal Green,203210,Denver Nuggets,DEN,1610612743,PF,2021-22,1,71,6.08,3.96,0.83,0.61,0.37,0.80,15.29,0.4862,0.2661,0.8710,-1.25,0.5367,0.5871,0.1724,15.10,-1.23
4049,Dennis Schröder,203471,Sacramento Kings,SAC,1610612758,PG,2025-26,5,43,11.86,2.84,4.91,0.74,0.14,1.84,24.55,0.4076,0.3434,0.8195,-5.95,0.4751,0.5307,0.2291,15.10,3.73
4714,Kemba Walker,202689,New York Knicks,NYK,1610612752,PG,2021-22,1,47,9.17,2.36,2.79,0.55,0.15,1.02,20.17,0.4027,0.3668,0.8451,-3.87,0.5014,0.5371,0.2089,15.09,1.74
227,Dominick Barlow,1631230,Atlanta Hawks,ATL,1610612737,PF,2024-25,4,58,2.55,1.47,0.33,0.16,0.28,0.09,6.47,0.5310,0.2593,0.6364,-0.03,0.5619,0.5803,0.1470,15.09,-0.45
4123,Reed Sheppard,1642263,Houston Rockets,HOU,1610612745,PG,2025-26,5,82,13.54,2.90,3.38,1.49,0.66,1.50,26.19,0.4302,0.3941,0.8023,3.41,0.5502,0.5641,0.2186,15.08,2.06
5099,Thaddeus Young,201152,Phoenix Suns,PHX,1610612756,SF,2023-24,3,27,0.85,1.04,0.26,0.19,0.07,0.15,3.31,0.5238,0.0000,0.3333,-0.41,0.5238,0.5152,0.1289,15.08,0.62
1139,Spencer Dinwiddie,203915,Washington Wizards,WAS,1610612764,PG,2021-22,1,44,12.64,4.70,5.82,0.61,0.16,1.66,30.24,0.3760,0.3097,0.8112,-2.36,0.4472,0.5010,0.2105,15.08,4.91
4509,Klay Thompson,202691,Golden State Warriors,GSW,1610612744,SG,2023-24,3,79,17.41,3.22,2.23,0.63,0.44,1.48,28.91,0.4325,0.3873,0.9270,0.09,0.5508,0.5761,0.2433,15.07,-1.57
3370,Kendrick Nunn,1629134,Washington Wizards,WAS,1610612764,SG,2022-23,2,36,6.50,1.50,1.56,0.47,0.11,0.97,12.10,0.4472,0.3918,0.9000,-0.92,0.5427,0.5630,0.2448,15.07,0.57
99,Kyle Anderson,203937,Memphis Grizzlies,MEM,1610612763,SG,2025-26,5,7,5.29,2.00,0.43,0.86,0.57,1.00,12.76,0.7895,1.0000,0.7500,-0.57,0.8158,0.8215,0.1406,15.06,-5.21
765,Julian Champagnie,1630577,San Antonio Spurs,SAS,1610612759,SF,2025-26,5,81,11.21,5.74,1.54,0.77,0.46,0.84,27.64,0.4386,0.3826,0.8444,7.35,0.5804,0.6107,0.1540,15.06,-1.94
3458,Kelly Oubre Jr.,1626162,Charlotte Hornets,CHA,1610612766,SG,2022-23,2,57,17.05,4.37,0.95,1.19,0.32,1.12,27.15,0.4310,0.3186,0.7596,-4.88,0.4969,0.5338,0.2653,15.06,-1.40
2164,GG Jackson,1641713,Memphis Grizzlies,MEM,1610612763,PF,2023-24,3,55,12.71,3.56,1.07,0.51,0.44,1.18,22.42,0.4281,0.3566,0.7516,-3.53,0.5187,0.5545,0.2440,15.05,-2.75
1881,Josh Hart,1628404,New York Knicks,NYK,1610612752,SG,2023-24,3,81,9.40,8.33,4.09,0.93,0.28,1.46,33.42,0.4345,0.3101,0.7913,4.27,0.4934,0.5215,0.1364,15.04,1.21
405,Bogdan Bogdanović,203992,Atlanta Hawks,ATL,1610612737,SG,2023-24,3,82,16.26,3.32,3.01,1.17,0.32,1.37,29.29,0.4282,0.3744,0.9207,1.55,0.5373,0.5686,0.2243,15.04,0.42
2092,Kevin Huerter,1628989,Chicago Bulls,CHI,1610612741,SG,2025-26,5,45,10.64,3.76,2.58,0.78,0.58,1.09,23.04,0.4554,0.3139,0.7321,-0.18,0.5421,0.5587,0.1953,15.02,0.97
1571,Keyonte George,1641718,Utah Jazz,UTA,1610612762,PG,2024-25,4,72,15.63,3.51,5.24,0.64,0.13,2.54,29.28,0.3906,0.3432,0.8175,-7.11,0.4853,0.5386,0.2445,15.02,2.11
4787,Peyton Watson,1631212,Denver Nuggets,DEN,1610612743,SG,2022-23,2,44,1.70,0.84,0.25,0.05,0.25,0.18,4.23,0.4915,0.4286,0.5500,-1.07,0.5424,0.5531,0.1788,15.02,-1.10
123,OG Anunoby,1628384,New York Knicks,NYK,1610612752,SG,2024-25,4,77,17.30,4.65,2.13,1.43,0.84,1.32,35.15,0.4761,0.3717,0.8097,3.91,0.5594,0.5912,0.1994,15.02,-1.74
201,Patrick Baldwin Jr.,1631116,Washington Wizards,WAS,1610612764,PF,2024-25,4,34,1.21,0.65,0.06,0.06,0.06,0.15,2.87,0.5000,0.5000,0.5000,1.00,0.6500,0.6455,0.1580,15.01,-4.95
341,Saddiq Bey,1630180,Detroit Pistons,DET,1610612765,SG,2022-23,2,52,14.83,4.65,1.62,0.96,0.23,1.04,28.85,0.4043,0.3447,0.8612,-4.75,0.4876,0.5523,0.2131,15.01,-1.34
3898,David Roddy,1631223,Atlanta Hawks,ATL,1610612737,SF,2024-25,4,50,2.44,1.40,0.60,0.24,0.16,0.40,6.93,0.4731,0.3721,0.8182,-1.42,0.5591,0.5941,0.1453,15.01,-1.45
208,Mo Bamba,1628964,New Orleans Pelicans,NOP,1610612740,C,2024-25,4,5,2.00,5.00,0.40,0.00,0.60,0.20,12.22,0.4444,0.0000,1.0000,-4.40,0.4444,0.5061,0.0775,15.00,-1.16
404,Bojan Bogdanovic,202711,Detroit Pistons,DET,1610612765,SF,2023-24,3,30,18.83,3.13,2.37,0.77,0.13,2.10,30.70,0.4682,0.4155,0.7788,-8.37,0.5694,0.6001,0.2489,15.00,-3.04
2365,Kai Jones,1630539,Los Angeles Clippers,LAC,1610612746,C,2024-25,4,43,1.42,1.07,0.23,0.14,0.30,0.23,4.83,0.7222,0.0000,0.7500,-0.19,0.7222,0.7389,0.1076,14.99,-2.94
2131,Bones Hyland,1630538,Minnesota Timberwolves,MIN,1610612750,PG,2025-26,5,81,7.46,1.57,2.32,0.54,0.21,0.86,14.53,0.4530,0.3880,0.7805,1.53,0.5769,0.5991,0.2067,14.99,2.42
816,Jordan Clarkson,203903,Utah Jazz,UTA,1610612762,PG,2023-24,3,56,16.82,3.36,4.95,0.63,0.11,2.61,30.04,0.4130,0.2945,0.8806,-3.41,0.4688,0.5208,0.2602,14.98,1.35
2898,Bennedict Mathurin,1631097,Indiana Pacers,IND,1610612754,SG,2024-25,4,74,15.12,5.09,1.82,0.61,0.31,1.80,28.42,0.4536,0.3357,0.8303,1.35,0.5097,0.5743,0.2296,14.98,-2.94
1911,Jaxson Hayes,1629637,Los Angeles Lakers,LAL,1610612747,C,2023-24,3,79,3.84,2.67,0.42,0.43,0.37,0.54,11.11,0.7200,0.0000,0.6220,-1.35,0.7200,0.7177,0.1255,14.98,-3.54
733,Wendell Carter Jr.,1628976,Orlando Magic,ORL,1610612753,C,2024-25,4,70,8.83,7.03,1.91,0.74,0.59,1.10,25.12,0.4603,0.2342,0.7371,-0.19,0.4980,0.5440,0.1618,14.97,-0.26
3707,Immanuel Quickley,1630193,New York Knicks,NYK,1610612752,PG,2021-22,1,78,11.31,3.17,3.53,0.69,0.04,1.27,23.11,0.3923,0.3460,0.8806,3.38,0.4869,0.5428,0.2232,14.96,2.79
2410,Nikola Jović,1631107,Miami Heat,MIA,1610612748,PF,2023-24,3,72,4.89,2.67,1.25,0.35,0.19,0.58,12.45,0.4520,0.3988,0.7021,2.07,0.5676,0.5834,0.1727,14.95,0.11
3458,Kelly Oubre Jr.,1626162,Charlotte Hornets,CHA,1610612766,SG,2021-22,1,78,14.58,3.87,1.08,0.99,0.40,0.86,25.63,0.4399,0.3454,0.6667,-0.33,0.5424,0.5600,0.2310,14.95,-1.30
3258,Mike Muscala,203488,Oklahoma City Thunder,OKC,1610612760,PF,2022-23,2,49,5.41,2.76,0.78,0.22,0.39,0.29,12.69,0.4384,0.3944,0.7949,3.12,0.5764,0.6018,0.1579,14.95,-0.20
3666,Norman Powell,1626181,Portland Trail Blazers,POR,1610612757,SG,2021-22,1,40,18.65,3.28,2.05,1.00,0.43,1.55,33.32,0.4557,0.4061,0.8030,-5.18,0.5415,0.5929,0.2296,14.94,-2.36
1696,Draymond Green,203110,Golden State Warriors,GSW,1610612744,SF,2024-25,4,71,8.63,5.83,5.39,1.39,0.99,2.45,27.94,0.4244,0.3252,0.6871,3.87,0.5029,0.5343,0.1601,14.93,4.37
3310,Aaron Nesmith,1630174,Indiana Pacers,IND,1610612754,SG,2024-25,4,61,8.67,2.79,0.84,0.57,0.28,0.54,17.74,0.5095,0.4368,0.9114,3.18,0.6226,0.6584,0.1765,14.93,-2.73
4531,Xavier Tillman,1630214,Boston Celtics,BOS,1610612738,SF,2023-24,3,25,3.20,2.16,0.80,0.36,0.36,0.20,10.97,0.5152,0.2857,0.5714,1.68,0.5758,0.5790,0.1214,14.92,-0.46
3201,Marcus Morris Sr.,202694,Los Angeles Clippers,LAC,1610612746,SF,2021-22,1,58,14.31,4.12,1.95,0.48,0.31,1.19,26.97,0.4342,0.3673,0.8716,-2.47,0.5072,0.5489,0.2335,14.92,-1.19
3977,Tidjane Salaün,1642275,Charlotte Hornets,CHA,1610612766,PF,2025-26,5,45,4.93,3.31,0.60,0.36,0.16,0.58,12.78,0.5031,0.4337,0.6500,-0.09,0.6164,0.6285,0.1497,14.91,-2.97
3662,Dwight Powell,203939,Dallas Mavericks,DAL,1610612742,PF,2023-24,3,79,2.63,2.71,1.06,0.33,0.25,0.41,10.58,0.6792,0.3333,0.7079,0.04,0.6840,0.7165,0.0912,14.91,-0.05
2863,Caleb Martin,1628997,Miami Heat,MIA,1610612748,SF,2021-22,1,64,8.61,3.59,1.00,0.91,0.47,0.81,21.44,0.5073,0.4129,0.7634,2.45,0.5854,0.6110,0.1642,14.91,-2.33
215,Dalano Banton,1630625,Toronto Raptors,TOR,1610612761,SF,2022-23,2,47,3.02,0.96,0.77,0.28,0.28,0.38,5.92,0.4231,0.2941,0.7083,-0.72,0.4808,0.5051,0.2433,14.90,3.55
928,Robert Covington,203496,Los Angeles Clippers,LAC,1610612746,SF,2022-23,2,76,3.79,2.18,0.75,0.50,0.43,0.42,10.24,0.4454,0.3971,0.7500,-0.09,0.5633,0.5839,0.1568,14.90,0.61
3890,Jeremiah Robinson-Earl,1630526,New Orleans Pelicans,NOP,1610612740,PF,2024-25,4,80,5.23,3.94,1.10,0.49,0.09,0.64,15.49,0.4553,0.3415,0.8364,-4.14,0.5360,0.5630,0.1449,14.90,-1.44
4226,Dru Smith,1630696,Miami Heat,MIA,1610612748,SG,2025-26,5,79,5.00,2.19,2.28,1.27,0.27,0.70,14.45,0.4154,0.2946,0.8286,-1.05,0.4738,0.5321,0.1525,14.90,4.38
5079,Guerschon Yabusele,1627824,Chicago Bulls,CHI,1610612741,SF,2025-26,5,29,9.00,5.07,1.55,0.69,0.38,0.90,22.12,0.4049,0.3828,0.7667,-6.00,0.5244,0.5640,0.1659,14.89,-0.97
1054,Terence Davis,1629056,Sacramento Kings,SAC,1610612758,SG,2021-22,1,40,7.78,2.35,1.00,0.63,0.28,0.83,13.41,0.4232,0.3289,0.8182,1.50,0.5150,0.5430,0.2539,14.89,0.20
3536,Cameron Payne,1626166,Phoenix Suns,PHX,1610612756,PG,2022-23,2,52,9.48,2.04,4.12,0.63,0.15,1.56,18.62,0.4150,0.3676,0.7656,1.48,0.4901,0.5123,0.2481,14.89,5.62
1329,Drew Eubanks,1629234,Sacramento Kings,SAC,1610612758,PF,2025-26,5,72,3.04,1.76,0.26,0.21,0.36,0.42,7.67,0.5962,0.1429,0.5614,-2.18,0.5994,0.6047,0.1633,14.88,-3.62
2057,Al Horford,201143,Boston Celtics,BOS,1610612738,C,2024-25,4,71,7.58,5.20,1.80,0.51,0.72,0.65,23.36,0.4230,0.3631,0.8947,5.59,0.5466,0.5631,0.1390,14.88,-0.39
2135,Andre Iguodala,2738,Golden State Warriors,GSW,1610612744,PG,2021-22,1,40,3.10,2.50,2.85,0.68,0.55,0.70,15.07,0.3802,0.2297,0.7500,2.85,0.4504,0.4777,0.1141,14.88,5.39
4226,Dru Smith,1630696,Brooklyn Nets,BKN,1610612751,SG,2022-23,2,14,2.36,1.07,1.21,0.43,0.07,0.14,6.54,0.4194,0.3077,1.0000,-0.79,0.4839,0.5105,0.1618,14.87,7.46
1109,Donte DiVincenzo,1628978,Minnesota Timberwolves,MIN,1610612750,SG,2024-25,4,63,11.48,3.62,3.57,1.16,0.27,1.57,25.49,0.4216,0.3973,0.7778,2.76,0.5683,0.5824,0.1969,14.87,1.60
2410,Nikola Jović,1631107,Miami Heat,MIA,1610612748,PF,2024-25,4,64,7.67,2.72,2.03,0.55,0.20,0.92,17.70,0.4622,0.3756,0.8276,-0.42,0.5662,0.6013,0.1860,14.87,-0.13
3145,Isaiah Mobley,1630600,Cleveland Cavaliers,CLE,1610612739,SF,2022-23,2,25,1.24,0.80,0.12,0.16,0.12,0.04,3.38,0.4286,0.3750,1.0000,1.24,0.4821,0.5208,0.1638,14.86,0.08
1109,Donte DiVincenzo,1628978,Golden State Warriors,GSW,1610612744,SG,2022-23,2,72,9.42,4.51,3.50,1.35,0.14,1.56,26.32,0.4352,0.3968,0.8169,1.72,0.5741,0.5934,0.1515,14.85,1.46
2453,Luke Kennard,1628379,Memphis Grizzlies,MEM,1610612763,SG,2023-24,3,50,8.58,2.26,2.72,0.40,0.04,1.08,19.99,0.4476,0.4496,0.8889,-3.74,0.6175,0.6407,0.1681,14.85,-0.24
537,Dillon Brooks,1628415,Memphis Grizzlies,MEM,1610612763,SG,2021-22,1,32,18.44,3.19,2.75,1.13,0.25,1.56,27.65,0.4316,0.3087,0.8491,6.44,0.4753,0.5152,0.2914,14.85,1.26
4305,Pat Spencer,1630311,Golden State Warriors,GSW,1610612744,PG,2024-25,4,63,1.56,0.73,0.76,0.22,0.05,0.29,3.96,0.4059,0.2273,0.7333,-0.27,0.4307,0.4554,0.2144,14.85,5.29
4714,Kemba Walker,202689,Dallas Mavericks,DAL,1610612742,PG,2022-23,2,15,4.80,1.07,1.27,0.13,0.13,0.27,9.59,0.4211,0.2500,0.8095,-0.07,0.4825,0.5435,0.2230,14.85,2.26
4989,Vince Williams Jr.,1631246,Memphis Grizzlies,MEM,1610612763,SG,2023-24,3,72,7.24,4.03,2.43,0.65,0.47,1.28,19.95,0.4459,0.3780,0.8000,-1.26,0.5501,0.5972,0.1593,14.84,0.41
3365,Jaylen Nowell,1629669,Minnesota Timberwolves,MIN,1610612750,SG,2022-23,2,68,10.35,2.50,1.94,0.62,0.07,0.96,18.41,0.4480,0.2888,0.7778,-0.12,0.5016,0.5265,0.2511,14.84,0.75
816,Jordan Clarkson,203903,Utah Jazz,UTA,1610612762,PG,2021-22,1,81,15.63,3.37,2.40,0.81,0.20,1.59,26.43,0.4187,0.3183,0.8276,4.73,0.5040,0.5321,0.2703,14.83,-0.30
2828,Terance Mann,1629611,Los Angeles Clippers,LAC,1610612746,SG,2021-22,1,81,10.77,5.25,2.58,0.68,0.26,1.04,28.60,0.4841,0.3654,0.7805,0.84,0.5391,0.5721,0.1617,14.82,-0.52
3439,Kelly Olynyk,203482,San Antonio Spurs,SAS,1610612759,PF,2025-26,5,74,1.80,1.03,0.66,0.20,0.04,0.32,4.87,0.4896,0.2553,0.7105,-0.51,0.5521,0.5900,0.1613,14.82,0.88
2506,Corey Kispert,1630557,Washington Wizards,WAS,1610612764,SF,2025-26,5,20,8.70,2.20,1.60,0.40,0.15,0.70,18.49,0.4958,0.3947,0.7647,-3.10,0.6218,0.6494,0.1677,14.82,-2.13
5106,Cody Zeller,203469,New Orleans Pelicans,NOP,1610612740,PF,2023-24,3,79,0.96,1.42,0.49,0.11,0.06,0.20,4.05,0.4194,0.3333,0.6053,0.58,0.4274,0.4827,0.1297,14.82,2.28
3927,Terrence Ross,203082,Phoenix Suns,PHX,1610612756,SG,2022-23,2,21,8.95,3.29,1.95,0.48,0.10,0.29,18.40,0.4277,0.3469,0.8571,-1.67,0.5301,0.5460,0.1957,14.82,2.48
4158,Kobi Simmons,1628424,Toronto Raptors,TOR,1610612761,PG,2023-24,3,4,5.00,1.75,3.00,1.50,0.50,0.25,16.88,0.4286,0.2500,,-7.75,0.4762,0.4762,0.1441,14.81,7.04
1911,Jaxson Hayes,1629637,New Orleans Pelicans,NOP,1610612740,C,2022-23,2,82,2.84,1.61,0.41,0.24,0.23,0.38,7.44,0.5513,0.1034,0.6988,-0.85,0.5609,0.6051,0.1580,14.81,-2.13
4779,Trendon Watford,1630570,Philadelphia 76ers,PHI,1610612755,SG,2025-26,5,62,5.58,2.81,2.13,0.26,0.35,1.03,13.93,0.5149,0.2000,0.7792,-2.52,0.5336,0.5731,0.1804,14.81,1.29
877,Pat Connaughton,1626192,Charlotte Hornets,CHA,1610612766,SG,2025-26,5,67,1.64,0.91,0.27,0.16,0.01,0.16,4.43,0.4471,0.4038,0.6500,-0.43,0.5706,0.5864,0.1509,14.81,-2.36
265,Keita Bates-Diop,1628966,Brooklyn Nets,BKN,1610612751,SF,2023-24,3,20,1.15,0.45,0.20,0.15,0.10,0.10,3.38,0.5000,0.2000,1.0000,-0.65,0.5313,0.6170,0.1379,14.81,-2.37
1426,Simone Fontecchio,1631323,Miami Heat,MIA,1610612748,SF,2025-26,5,81,7.37,2.60,1.25,0.46,0.11,0.60,14.48,0.4119,0.3750,0.8431,1.12,0.5425,0.5786,0.1972,14.81,-0.37
118,Carmelo Anthony,2546,Los Angeles Lakers,LAL,1610612747,SF,2021-22,1,70,13.13,4.11,0.97,0.67,0.74,0.84,25.63,0.4412,0.3753,0.8302,-1.26,0.5443,0.5795,0.2048,14.80,-2.00
3814,Josh Richardson,1626196,San Antonio Spurs,SAS,1610612759,SG,2022-23,2,43,11.19,2.77,3.19,0.93,0.26,1.47,23.18,0.4360,0.3575,0.8833,-3.16,0.5271,0.5562,0.2070,14.80,1.57
2131,Bones Hyland,1630538,Los Angeles Clippers,LAC,1610612746,PG,2024-25,4,50,2.88,0.48,0.56,0.36,0.08,0.48,4.44,0.3913,0.3875,0.8846,-0.68,0.5261,0.5694,0.2959,14.79,0.98
792,Marquese Chriss,1627737,Dallas Mavericks,DAL,1610612742,PF,2021-22,1,40,3.85,2.58,0.43,0.33,0.30,0.43,8.64,0.4627,0.3200,0.6667,-0.25,0.4925,0.5184,0.2177,14.79,0.13
2929,Jared McCain,1642272,Philadelphia 76ers,PHI,1610612755,SG,2024-25,4,24,14.67,2.33,2.50,0.63,0.00,1.54,24.66,0.4599,0.3835,0.8750,-1.13,0.5529,0.5893,0.2505,14.79,-1.70
4162,Anfernee Simons,1629014,Portland Trail Blazers,POR,1610612757,PG,2022-23,2,62,21.06,2.60,4.08,0.68,0.23,2.06,35.01,0.4469,0.3772,0.8939,-1.21,0.5483,0.5811,0.2534,14.78,-0.28
4606,Myles Turner,1626167,Milwaukee Bucks,MIL,1610612749,C,2025-26,5,75,11.28,5.04,1.37,0.67,1.53,1.11,25.49,0.4396,0.3828,0.7401,-3.03,0.5534,0.5844,0.1878,14.77,-1.26
2898,Bennedict Mathurin,1631097,Indiana Pacers,IND,1610612754,SG,2023-24,3,60,14.27,3.90,1.98,0.58,0.23,1.62,25.64,0.4465,0.3738,0.8214,-1.53,0.5068,0.5620,0.2338,14.77,-2.26
488,Malaki Branham,1631103,Washington Wizards,WAS,1610612764,SF,2025-26,5,40,3.20,1.10,0.58,0.25,0.08,0.38,6.89,0.4725,0.3784,0.8235,-1.05,0.5495,0.6040,0.1845,14.77,-1.89
4515,Tristan Thompson,202684,Indiana Pacers,IND,1610612754,C,2021-22,1,4,7.25,4.50,0.50,0.00,0.50,1.00,16.43,0.5417,,0.3750,-4.00,0.5417,0.5269,0.1998,14.77,-3.66
4268,Dennis Smith Jr.,1628372,Portland Trail Blazers,POR,1610612757,PG,2021-22,1,53,3.89,1.66,2.49,0.85,0.23,0.96,12.05,0.4180,0.2222,0.6563,-2.60,0.4339,0.4743,0.1844,14.76,5.57
651,Jared Butler,1630215,Philadelphia 76ers,PHI,1610612755,PG,2024-25,4,31,10.35,2.23,4.45,0.97,0.26,1.65,21.99,0.4260,0.3516,0.8696,-2.97,0.5072,0.5400,0.2187,14.76,4.28
4339,Lamar Stevens,1630205,Memphis Grizzlies,MEM,1610612763,SF,2024-25,4,25,2.96,1.52,0.32,0.20,0.12,0.40,6.22,0.4603,0.2963,0.7273,2.68,0.5238,0.5454,0.2075,14.76,-2.42
4757,T.J. Warren,203933,Brooklyn Nets,BKN,1610612751,SF,2022-23,2,27,9.15,2.67,1.07,0.56,0.26,0.63,18.15,0.5100,0.3333,0.8182,0.04,0.5500,0.5757,0.2114,14.76,-1.67
3245,Trey Murphy III,1630530,New Orleans Pelicans,NOP,1610612740,SF,2022-23,2,79,14.53,3.56,1.42,1.13,0.54,0.77,30.99,0.4838,0.4064,0.9053,0.48,0.6100,0.6496,0.1666,14.76,-2.55
3647,Craig Porter Jr.,1641854,Cleveland Cavaliers,CLE,1610612739,SG,2024-25,4,71,2.65,0.94,1.00,0.24,0.21,0.54,7.23,0.5143,0.4375,0.7188,-0.63,0.5893,0.6101,0.1593,14.75,-0.17
4948,Kenrich Williams,1629026,Oklahoma City Thunder,OKC,1610612760,SG,2024-25,4,71,6.04,3.38,1.37,0.61,0.14,0.54,15.79,0.4800,0.3846,0.7179,4.69,0.5729,0.5842,0.1543,14.75,-0.15
405,Bogdan Bogdanović,203992,Atlanta Hawks,ATL,1610612737,SG,2022-23,2,55,13.75,3.00,2.73,0.78,0.33,1.18,27.43,0.4468,0.4056,0.8312,1.16,0.5663,0.5862,0.1994,14.74,-0.20
4496,Ausar Thompson,1641709,Detroit Pistons,DET,1610612765,SG,2023-24,3,65,8.55,6.18,1.85,1.05,0.91,1.29,24.34,0.4833,0.1858,0.5966,-3.55,0.5052,0.5222,0.1653,14.74,-0.15
4948,Kenrich Williams,1629026,Oklahoma City Thunder,OKC,1610612760,SG,2021-22,1,63,5.76,3.49,1.71,0.70,0.16,0.73,17.02,0.4606,0.3388,0.5455,0.40,0.5252,0.5319,0.1573,14.72,0.63
1139,Spencer Dinwiddie,203915,Brooklyn Nets,BKN,1610612751,PG,2023-24,3,48,12.58,3.29,6.00,0.79,0.19,1.29,30.70,0.3908,0.3201,0.7813,-0.56,0.4800,0.5304,0.1844,14.72,4.46
1732,Blake Griffin,201933,Boston Celtics,BOS,1610612738,PF,2022-23,2,81,2.10,1.91,0.75,0.17,0.11,0.27,7.02,0.4846,0.3485,0.6563,1.30,0.5731,0.5900,0.1282,14.72,1.27
4931,Grant Williams,1629684,Charlotte Hornets,CHA,1610612766,SF,2023-24,3,30,13.40,4.97,3.10,0.67,0.40,1.87,29.60,0.5035,0.3730,0.7647,-4.27,0.5851,0.6177,0.1975,14.72,-1.32
11,Precious Achiuwa,1630173,Toronto Raptors,TOR,1610612761,SF,2021-22,1,74,8.97,6.39,1.11,0.50,0.55,1.14,23.31,0.4395,0.3590,0.5954,0.97,0.4859,0.5025,0.1862,14.71,-1.58
1959,Juancho Hernangomez,1627823,San Antonio Spurs,SAS,1610612759,PF,2021-22,1,9,0.78,1.67,0.33,0.11,0.11,0.22,5.62,0.3333,0.0000,0.7500,-0.22,0.3333,0.4510,0.0831,14.71,-2.22
4554,Obi Toppin,1630167,New York Knicks,NYK,1610612752,PF,2022-23,2,69,7.20,2.71,0.96,0.33,0.17,0.55,15.22,0.4463,0.3441,0.8085,0.83,0.5477,0.5652,0.1960,14.71,-1.43
2384,Tre Jones,1630200,San Antonio Spurs,SAS,1610612759,PG,2024-25,4,26,4.08,2.04,3.65,0.65,0.15,0.69,16.07,0.4691,0.2800,0.7667,1.00,0.5123,0.5626,0.1157,14.70,5.71
3613,Scotty Pippen Jr.,1630590,Memphis Grizzlies,MEM,1610612763,PG,2025-26,5,19,6.00,1.16,2.47,1.00,0.21,1.42,11.15,0.4479,0.3125,0.7826,-2.63,0.5000,0.5371,0.2651,14.69,4.93
3884,Orlando Robinson,1631115,Sacramento Kings,SAC,1610612758,C,2024-25,4,24,0.79,0.58,0.38,0.13,0.04,0.17,2.38,0.4118,0.2000,0.5714,0.21,0.4412,0.4731,0.1795,14.69,3.61
4205,Marcus Smart,203935,Boston Celtics,BOS,1610612738,PG,2021-22,1,71,12.13,3.80,5.87,1.68,0.25,2.24,32.33,0.4178,0.3306,0.7933,6.23,0.5007,0.5403,0.1839,14.69,3.48
3394,Royce O'Neale,1626220,Phoenix Suns,PHX,1610612756,SF,2023-24,3,30,8.13,5.20,2.73,0.90,0.50,0.73,25.07,0.4112,0.3758,0.6923,4.63,0.5491,0.5553,0.1400,14.68,1.48
3012,Jordan McLaughlin,1629162,Minnesota Timberwolves,MIN,1610612750,PG,2021-22,1,78,2.99,1.21,2.31,0.73,0.13,0.49,11.56,0.4400,0.3176,0.7500,0.47,0.5075,0.5354,0.1190,14.68,5.34
4654,Devin Vassell,1630170,San Antonio Spurs,SAS,1610612759,SG,2021-22,1,72,12.11,4.25,1.89,1.06,0.57,0.81,26.91,0.4267,0.3605,0.8384,0.44,0.5164,0.5399,0.1888,14.67,0.00
2591,Zach LaVine,203897,Sacramento Kings,SAC,1610612758,SG,2025-26,5,40,18.70,2.70,2.23,0.70,0.25,1.85,30.61,0.4790,0.3898,0.8803,-7.75,0.5695,0.6136,0.2415,14.67,-3.49
2069,Caleb Houstan,1631216,Atlanta Hawks,ATL,1610612737,SG,2025-26,5,40,1.05,0.28,0.10,0.05,0.03,0.10,1.89,0.5385,0.5238,1.0000,0.03,0.7500,0.7687,0.1760,14.66,-4.04
2701,Kira Lewis Jr.,1630184,New Orleans Pelicans,NOP,1610612740,PG,2022-23,2,56,2.04,0.59,0.41,0.18,0.04,0.18,4.19,0.4545,0.4412,0.8636,1.11,0.5398,0.5835,0.1987,14.66,0.36
1109,Donte DiVincenzo,1628978,Sacramento Kings,SAC,1610612758,SG,2021-22,1,25,10.32,4.40,3.56,1.48,0.20,1.76,26.58,0.3624,0.3681,0.8393,-1.68,0.4839,0.5317,0.1890,14.66,1.86
2064,Talen Horton-Tucker,1629659,Utah Jazz,UTA,1610612762,PG,2023-24,3,80,6.45,1.51,2.21,0.56,0.24,0.81,12.60,0.3957,0.3297,0.8073,-1.34,0.4602,0.5030,0.2411,14.65,4.34
1636,Jordan Goodwin,1630692,Phoenix Suns,PHX,1610612756,SG,2025-26,5,74,8.23,4.61,2.04,1.43,0.19,0.92,21.24,0.4126,0.3709,0.6964,1.26,0.5135,0.5253,0.1756,14.65,1.28
99,Kyle Anderson,203937,Minnesota Timberwolves,MIN,1610612750,SG,2023-24,3,80,6.33,3.41,4.14,0.89,0.59,1.14,22.27,0.4596,0.2292,0.7080,2.09,0.4723,0.5129,0.1457,14.65,4.11
2855,Naji Marshall,1630230,New Orleans Pelicans,NOP,1610612740,SF,2023-24,3,69,6.75,3.48,1.86,0.71,0.17,0.94,18.22,0.4632,0.3867,0.7907,2.97,0.5422,0.5755,0.1638,14.64,-0.49
2134,Oso Ighodaro,1642345,Phoenix Suns,PHX,1610612756,PF,2025-26,5,82,6.48,5.10,2.26,0.89,0.70,1.23,22.06,0.6530,0.0000,0.4530,1.96,0.6530,0.6360,0.1227,14.64,-0.47
3884,Orlando Robinson,1631115,Toronto Raptors,TOR,1610612761,C,2024-25,4,38,7.47,5.42,1.79,0.37,0.39,1.18,18.75,0.4467,0.3404,0.7937,-2.42,0.4795,0.5226,0.1862,14.64,0.00
2575,Jonathan Kuminga,1630228,Golden State Warriors,GSW,1610612744,SF,2022-23,2,71,9.38,3.25,1.76,0.58,0.44,1.34,19.64,0.5252,0.3699,0.6522,-0.75,0.5795,0.5971,0.1978,14.64,-1.38
3096,Brandon Miller,1641706,Charlotte Hornets,CHA,1610612766,SF,2024-25,4,27,21.04,4.85,3.63,1.07,0.74,2.81,34.21,0.4033,0.3549,0.8608,-4.59,0.5092,0.5402,0.2785,14.63,-0.22
3655,Quinten Post,1642366,Golden State Warriors,GSW,1610612744,C,2025-26,5,76,6.75,3.54,1.24,0.34,0.46,0.74,15.26,0.4396,0.3357,0.7907,0.79,0.5456,0.5601,0.1889,14.63,-0.37
1651,Devonte' Graham,1628984,San Antonio Spurs,SAS,1610612759,PG,2022-23,2,22,11.77,2.27,3.64,0.68,0.27,1.18,23.97,0.3800,0.3581,0.7500,-8.45,0.5125,0.5590,0.2038,14.62,2.52
3125,Josh Minott,1631169,Minnesota Timberwolves,MIN,1610612750,SF,2024-25,4,81,1.47,0.58,0.22,0.19,0.15,0.14,3.41,0.4889,0.3256,0.8947,-0.20,0.5667,0.6049,0.1724,14.62,-0.55
3068,Chimezie Metu,1629002,Detroit Pistons,DET,1610612765,PF,2023-24,3,14,10.50,6.00,1.93,1.71,0.50,1.79,29.39,0.5000,0.3023,0.9524,-5.14,0.5570,0.5964,0.1594,14.62,-2.27
5015,Dylan Windler,1629685,Atlanta Hawks,ATL,1610612737,SG,2023-24,3,12,2.33,1.00,0.25,0.17,0.00,0.17,6.09,0.5263,0.4706,,-1.92,0.7368,0.7368,0.1266,14.61,-4.32
1554,Luka Garza,1630568,Detroit Pistons,DET,1610612765,C,2021-22,1,55,3.38,1.82,0.36,0.16,0.11,0.33,7.07,0.4490,0.3265,0.6230,-1.15,0.5034,0.5350,0.2131,14.61,-1.15
1991,George Hill,201588,Indiana Pacers,IND,1610612754,SG,2022-23,2,24,2.38,0.75,0.88,0.29,0.13,0.29,6.93,0.5588,0.5238,0.8889,0.96,0.7206,0.7508,0.1149,14.60,0.36
4282,Jeremy Sochan,1631110,San Antonio Spurs,SAS,1610612759,SF,2023-24,3,74,11.64,6.43,3.36,0.84,0.54,1.89,29.64,0.4381,0.3084,0.7708,-4.65,0.4832,0.5129,0.1892,14.60,0.30
4386,Jalen Suggs,1630591,Orlando Magic,ORL,1610612753,PG,2024-25,4,41,13.83,3.44,3.15,1.24,0.80,2.49,24.45,0.4096,0.3140,0.8818,0.07,0.4886,0.5355,0.2761,14.60,0.70
4645,Jarred Vanderbilt,1629020,Los Angeles Lakers,LAL,1610612747,SF,2024-25,4,40,3.68,4.55,1.03,0.88,0.25,0.73,14.52,0.4876,0.2813,0.5556,0.88,0.5248,0.5371,0.1261,14.60,-0.35
4174,Jericho Sims,1630579,New York Knicks,NYK,1610612752,C,2022-23,2,82,2.17,2.95,0.30,0.18,0.34,0.33,9.90,0.7757,0.0000,0.7500,-1.38,0.7757,0.7804,0.0750,14.57,-3.45
123,OG Anunoby,1628384,Toronto Raptors,TOR,1610612761,SG,2021-22,1,48,17.13,5.50,2.60,1.48,0.52,1.67,36.00,0.4433,0.3628,0.7542,2.81,0.5258,0.5488,0.2076,14.57,-0.86
1101,RayJ Dennis,1642484,Indiana Pacers,IND,1610612754,PG,2024-25,4,20,1.50,0.45,0.65,0.30,0.10,0.20,3.26,0.3438,0.3000,1.0000,2.00,0.4375,0.4562,0.2444,14.57,8.31
877,Pat Connaughton,1626192,Milwaukee Bucks,MIL,1610612749,SG,2021-22,1,66,9.77,4.14,1.24,0.89,0.23,0.53,25.62,0.4577,0.3946,0.8333,-0.39,0.6048,0.6205,0.1415,14.56,-2.20
1252,VJ Edgecombe,1642845,Philadelphia 76ers,PHI,1610612755,SG,2025-26,5,75,15.99,5.64,4.20,1.43,0.52,1.83,34.97,0.4379,0.3539,0.8177,0.76,0.5102,0.5403,0.2017,14.55,1.03
1739,Quentin Grimes,1629656,Dallas Mavericks,DAL,1610612742,SG,2024-25,4,48,10.00,3.73,2.10,0.67,0.21,1.27,22.29,0.4630,0.3980,0.7654,-0.15,0.5726,0.5990,0.1849,14.55,-1.45
3758,Duop Reath,1641871,Portland Trail Blazers,POR,1610612757,C,2023-24,3,71,8.69,3.52,0.94,0.46,0.54,0.73,17.10,0.4609,0.3592,0.7419,-2.65,0.5491,0.5714,0.2089,14.54,-1.28
3673,Jason Preston,1630554,Utah Jazz,UTA,1610612762,PG,2023-24,3,15,0.80,1.13,1.07,0.13,0.07,0.13,4.74,0.3158,0.0000,,1.53,0.3158,0.3158,0.1254,14.54,8.03
2245,Isaiah Joe,1630198,Oklahoma City Thunder,OKC,1610612760,SG,2025-26,5,74,10.61,2.45,1.27,0.68,0.15,0.61,20.37,0.4549,0.4229,0.8943,4.81,0.6215,0.6573,0.1851,14.53,-2.41
1561,Rudy Gay,200752,Utah Jazz,UTA,1610612762,SG,2021-22,1,59,7.56,4.10,0.95,0.42,0.32,0.80,17.60,0.4142,0.3448,0.7848,3.10,0.5066,0.5390,0.1947,14.53,-1.49
4712,Jarace Walker,1641716,Indiana Pacers,IND,1610612754,SF,2025-26,5,80,11.05,4.89,2.40,0.79,0.33,1.74,24.42,0.4188,0.3736,0.7486,-5.74,0.5095,0.5433,0.2081,14.53,-1.05
4174,Jericho Sims,1630579,Milwaukee Bucks,MIL,1610612749,C,2025-26,5,81,4.12,4.57,1.28,0.23,0.21,0.93,16.27,0.7838,,0.6197,-3.36,0.7838,0.7723,0.0983,14.53,-3.31
4312,Jaden Springer,1630531,Philadelphia 76ers,PHI,1610612755,SG,2022-23,2,47,0.89,0.30,0.17,0.15,0.06,0.06,1.90,0.4857,0.4000,0.7500,-0.06,0.5143,0.5452,0.2105,14.53,2.61
1836,Jaden Hardy,1630702,Dallas Mavericks,DAL,1610612742,SG,2022-23,2,70,6.00,1.27,0.93,0.24,0.10,0.66,10.12,0.4384,0.4038,0.8228,-0.46,0.5330,0.5710,0.2650,14.52,-1.12
3264,Svi Mykhailiuk,1629004,Charlotte Hornets,CHA,1610612766,SG,2022-23,2,24,8.38,1.92,2.17,0.58,0.17,0.92,17.83,0.4410,0.4045,0.6765,0.00,0.5528,0.5712,0.2003,14.52,0.51
4473,Cam Thomas,1630560,Milwaukee Bucks,MIL,1610612749,SG,2025-26,5,20,9.60,1.40,1.70,0.25,0.10,1.30,14.95,0.4314,0.2745,0.7541,-4.00,0.4771,0.5338,0.3081,14.51,-1.87
2092,Kevin Huerter,1628989,Detroit Pistons,DET,1610612765,SG,2025-26,5,32,6.69,2.22,1.94,0.88,0.22,0.72,16.01,0.4427,0.2941,0.9333,2.94,0.5208,0.5388,0.1839,14.50,1.29
3814,Josh Richardson,1626196,San Antonio Spurs,SAS,1610612759,SG,2021-22,1,23,10.39,2.61,2.13,0.96,0.26,1.17,22.29,0.4293,0.4444,0.9459,2.96,0.5340,0.5765,0.1927,14.49,-0.55
522,Oshae Brissett,1629052,Indiana Pacers,IND,1610612754,SG,2021-22,1,82,7.48,4.37,0.88,0.54,0.35,0.66,19.08,0.4111,0.3502,0.6951,-2.68,0.4931,0.5301,0.1741,14.49,-1.61
4006,Dario Saric,203967,Phoenix Suns,PHX,1610612756,PF,2022-23,2,56,3.84,2.54,1.02,0.23,0.09,0.64,9.52,0.4270,0.3913,0.8182,-0.50,0.5028,0.5447,0.1879,14.49,0.39
387,Eric Bledsoe,202339,Los Angeles Clippers,LAC,1610612746,PG,2021-22,1,54,9.89,3.37,4.17,1.28,0.35,2.15,25.20,0.4209,0.3129,0.7607,-0.74,0.4754,0.5140,0.2061,14.49,2.25
119,Cole Anthony,1630175,Orlando Magic,ORL,1610612753,SG,2024-25,4,76,8.29,2.68,2.51,0.59,0.42,1.36,16.24,0.4236,0.3532,0.8230,-0.21,0.4945,0.5314,0.2485,14.47,2.36
548,Bruce Brown,1628971,Denver Nuggets,DEN,1610612743,SG,2022-23,2,80,11.54,4.10,3.35,1.09,0.64,1.54,28.50,0.4831,0.3583,0.7582,0.39,0.5445,0.5709,0.1788,14.46,0.64
4515,Tristan Thompson,202684,Cleveland Cavaliers,CLE,1610612739,C,2024-25,4,82,0.84,1.63,0.29,0.02,0.13,0.17,4.00,0.4366,0.0000,0.2333,-1.04,0.4366,0.4097,0.1277,14.46,0.27
2287,Jalen Johnson,1630552,Atlanta Hawks,ATL,1610612737,SF,2021-22,1,48,1.08,0.54,0.06,0.06,0.04,0.19,2.51,0.5366,0.2308,0.7143,-0.40,0.5732,0.5898,0.1949,14.46,-5.54
4152,Ben Simmons,1627732,Los Angeles Clippers,LAC,1610612746,PG,2024-25,4,19,2.74,3.63,2.95,0.63,0.37,0.74,15.52,0.4340,,0.8571,0.68,0.4340,0.4636,0.1059,14.45,4.85
1941,Taylor Hendricks,1641707,Memphis Grizzlies,MEM,1610612763,PF,2025-26,5,29,9.48,4.21,1.07,1.28,0.76,1.03,21.59,0.4626,0.3421,0.6500,-2.28,0.5485,0.5621,0.1871,14.45,-1.48
2742,Robin Lopez,201577,Orlando Magic,ORL,1610612753,C,2021-22,1,76,3.34,1.66,0.71,0.03,0.24,0.58,8.05,0.5528,0.3333,0.5926,-0.86,0.5578,0.5701,0.1898,14.45,-2.18
341,Saddiq Bey,1630180,Atlanta Hawks,ATL,1610612737,SG,2023-24,3,63,13.70,6.52,1.46,0.81,0.17,0.86,32.72,0.4161,0.3156,0.8374,-0.30,0.4971,0.5488,0.1693,14.45,-2.65
920,Bilal Coulibaly,1641731,Washington Wizards,WAS,1610612764,SG,2025-26,5,62,10.60,3.92,2.34,1.21,0.87,1.31,23.67,0.4251,0.3186,0.7458,-6.68,0.4852,0.5308,0.2004,14.44,0.66
3648,Kevin Porter Jr.,1629645,Los Angeles Clippers,LAC,1610612746,PG,2024-25,4,46,9.11,3.48,3.13,0.93,0.24,1.83,19.21,0.4226,0.2453,0.6447,-0.59,0.4545,0.4757,0.2587,14.44,2.51
3884,Orlando Robinson,1631115,Miami Heat,MIA,1610612748,C,2022-23,2,37,3.14,3.41,0.68,0.32,0.32,0.43,11.49,0.5281,0.0000,0.7097,0.73,0.5281,0.5651,0.1232,14.44,-1.04
4205,Marcus Smart,203935,Washington Wizards,WAS,1610612764,PG,2024-25,4,22,6.36,1.32,1.73,0.73,0.14,0.86,12.74,0.4404,0.3922,0.6857,-2.05,0.5321,0.5627,0.2191,14.43,1.08
861,Zach Collins,1628380,San Antonio Spurs,SAS,1610612759,PF,2024-25,4,42,3.93,2.36,1.21,0.33,0.33,0.55,9.93,0.4580,0.3043,0.8857,-1.64,0.5115,0.5635,0.1747,14.42,1.90
2412,Johnny Juzang,1630548,Minnesota Timberwolves,MIN,1610612750,SG,2025-26,5,50,0.86,0.34,0.12,0.04,0.02,0.10,1.75,0.4211,0.2500,0.6250,-0.10,0.5000,0.5178,0.2246,14.42,-2.17
3673,Jason Preston,1630554,Los Angeles Clippers,LAC,1610612746,PG,2022-23,2,33,1.24,0.67,0.82,0.06,0.00,0.30,3.75,0.4390,0.2778,0.0000,-0.33,0.5000,0.4895,0.1810,14.41,4.17
3166,Moses Moody,1630541,Golden State Warriors,GSW,1610612744,SG,2023-24,3,73,7.30,2.68,0.78,0.58,0.33,0.60,15.84,0.4619,0.3600,0.7849,1.36,0.5476,0.5782,0.1850,14.40,-2.38
4779,Trendon Watford,1630570,Brooklyn Nets,BKN,1610612751,SG,2024-25,4,56,8.04,2.86,2.05,0.48,0.21,1.48,16.30,0.4686,0.3295,0.7623,-1.16,0.5100,0.5574,0.2358,14.40,-0.72
2532,Kevin Knox II,1628995,Portland Trail Blazers,POR,1610612757,SF,2022-23,2,26,6.85,2.65,0.69,0.38,0.00,0.69,13.79,0.4444,0.3143,0.7407,-5.38,0.5163,0.5398,0.2213,14.39,-2.67
626,Alec Burks,202692,New York Knicks,NYK,1610612752,SG,2021-22,1,81,11.65,4.90,2.95,1.05,0.32,1.12,28.61,0.3915,0.4036,0.8220,1.54,0.4993,0.5591,0.1781,14.39,0.81
3536,Cameron Payne,1626166,Philadelphia 76ers,PHI,1610612755,PG,2025-26,5,24,6.79,1.83,2.42,1.00,0.29,0.46,15.60,0.3758,0.3299,0.8636,-2.67,0.4832,0.5136,0.1911,14.39,4.72
2625,Pelle Larsson,1641796,Miami Heat,MIA,1610612748,SG,2025-26,5,77,10.39,3.17,3.06,0.64,0.21,1.31,24.01,0.4955,0.3229,0.7965,1.04,0.5510,0.6055,0.1689,14.39,-0.46
1636,Jordan Goodwin,1630692,Phoenix Suns,PHX,1610612756,SG,2023-24,3,51,3.88,2.29,1.53,0.45,0.18,0.57,10.95,0.3886,0.2875,0.8621,-0.43,0.4482,0.4811,0.1837,14.39,2.67
2217,DeJon Jarreau,1630610,Memphis Grizzlies,MEM,1610612763,SG,2023-24,3,9,4.78,4.89,2.89,0.67,0.22,1.00,16.60,0.3400,0.3077,0.4545,-2.67,0.3800,0.3920,0.1808,14.38,5.40
2233,Daniss Jenkins,1642450,Detroit Pistons,DET,1610612765,PG,2025-26,5,80,8.39,2.08,3.48,0.80,0.19,1.44,18.20,0.4085,0.3744,0.8323,2.61,0.4727,0.5252,0.2172,14.37,3.26
4269,Jabari Smith Jr.,1631095,Houston Rockets,HOU,1610612745,PF,2025-26,5,80,15.19,6.61,1.79,0.70,0.89,1.31,33.82,0.4492,0.3627,0.7751,3.31,0.5400,0.5694,0.1843,14.37,-2.43
60,Grayson Allen,1628960,Phoenix Suns,PHX,1610612756,SG,2023-24,3,75,13.52,3.93,3.03,0.92,0.60,1.27,33.52,0.4985,0.4607,0.8776,3.49,0.6488,0.6790,0.1461,14.37,-1.85
366,Anthony Black,1641710,Orlando Magic,ORL,1610612753,SG,2025-26,5,61,14.87,3.74,3.59,1.46,0.70,2.02,29.51,0.4472,0.3310,0.7330,-0.23,0.5110,0.5489,0.2242,14.36,0.60
2898,Bennedict Mathurin,1631097,Indiana Pacers,IND,1610612754,SG,2025-26,5,29,17.14,5.21,2.17,0.59,0.14,2.21,30.72,0.4330,0.3718,0.8836,-7.34,0.5140,0.5885,0.2356,14.36,-3.55
4008,Olivier Sarr,1630846,Oklahoma City Thunder,OKC,1610612760,C,2021-22,1,28,5.46,3.32,0.68,0.21,0.54,0.79,15.03,0.5743,0.4483,0.8276,-1.00,0.6386,0.6725,0.1404,14.36,-3.62
3159,Malik Monk,1628370,Sacramento Kings,SAC,1610612758,PG,2025-26,5,71,10.87,1.65,2.61,0.52,0.34,1.28,19.21,0.4383,0.3949,0.8785,-3.59,0.5364,0.5684,0.2415,14.36,0.37
3415,Chuma Okeke,1629643,Orlando Magic,ORL,1610612753,SF,2021-22,1,70,8.64,4.96,1.69,1.39,0.60,0.81,24.98,0.3757,0.3181,0.8462,-4.50,0.4783,0.5012,0.1643,14.36,0.32
2245,Isaiah Joe,1630198,Oklahoma City Thunder,OKC,1610612760,SG,2022-23,2,81,8.53,2.16,1.09,0.59,0.10,0.48,17.23,0.4409,0.4086,0.8200,2.63,0.5994,0.6259,0.1776,14.35,-1.64
4195,Jalen Slawson,1641771,Indiana Pacers,IND,1610612754,SF,2025-26,5,13,7.31,4.38,2.77,1.54,1.08,1.31,23.87,0.4416,0.3750,0.7059,-2.00,0.5390,0.5623,0.1400,14.35,1.50
4382,Max Strus,1629622,Cleveland Cavaliers,CLE,1610612739,SG,2025-26,5,12,11.17,5.42,2.00,0.25,0.00,0.75,24.02,0.4434,0.4024,0.7778,-0.25,0.5991,0.6093,0.1771,14.32,-0.91
1181,Goran Dragic,201609,Milwaukee Bucks,MIL,1610612749,PG,2022-23,2,10,3.90,1.20,1.20,0.20,0.00,0.70,8.29,0.3889,0.4118,1.0000,-2.60,0.4861,0.5164,0.2304,14.31,0.47
2524,Nathan Knight,1630233,Minnesota Timberwolves,MIN,1610612750,PF,2022-23,2,82,1.70,0.68,0.16,0.12,0.07,0.26,3.54,0.5679,0.3636,0.6842,-0.11,0.6173,0.6552,0.1878,14.30,-4.17
5035,Danny Wolf,1642874,Brooklyn Nets,BKN,1610612751,PF,2025-26,5,62,8.19,4.53,2.05,0.48,0.52,1.18,19.15,0.4045,0.3223,0.7706,-3.73,0.4818,0.5205,0.2072,14.29,0.56
2898,Bennedict Mathurin,1631097,Indiana Pacers,IND,1610612754,SG,2022-23,2,78,16.69,4.08,1.49,0.62,0.17,1.95,28.49,0.4343,0.3226,0.8282,-2.29,0.4869,0.5657,0.2475,14.29,-3.85
1161,Ayo Dosunmu,1630245,Chicago Bulls,CHI,1610612741,PG,2024-25,4,48,11.79,3.35,4.33,0.90,0.38,1.44,29.04,0.4922,0.3280,0.7848,-4.88,0.5612,0.5850,0.1675,14.28,1.21
4049,Dennis Schröder,203471,Boston Celtics,BOS,1610612738,PG,2021-22,1,49,14.37,3.35,4.24,0.84,0.10,2.12,29.24,0.4401,0.3490,0.8483,1.39,0.4974,0.5434,0.2328,14.28,0.82
2541,John Konchar,1629723,Memphis Grizzlies,MEM,1610612763,SG,2025-26,5,39,2.21,2.08,0.87,0.69,0.31,0.36,10.23,0.5313,0.3333,0.6667,-0.03,0.6250,0.6327,0.0848,14.26,-0.36
657,Matas Buzelis,1641824,Chicago Bulls,CHI,1610612741,SF,2024-25,4,81,8.49,3.43,0.98,0.36,0.93,0.91,18.66,0.4541,0.3609,0.8148,-0.43,0.5405,0.5709,0.1882,14.26,-2.34
2673,Alex Len,203458,Sacramento Kings,SAC,1610612758,C,2021-22,1,73,3.22,2.21,0.62,0.18,0.34,0.59,8.50,0.5341,0.2857,0.6508,-1.04,0.5511,0.5768,0.1714,14.26,-1.51
738,Alex Caruso,1627936,Chicago Bulls,CHI,1610612741,SG,2023-24,3,78,9.17,3.50,3.17,1.54,0.90,1.31,26.16,0.4677,0.4084,0.7604,0.05,0.5933,0.6130,0.1482,14.25,1.10
4872,Cam Whitmore,1641715,Washington Wizards,WAS,1610612764,SF,2025-26,5,26,7.42,2.23,0.58,0.58,0.31,0.69,13.62,0.4556,0.2857,0.7419,-5.85,0.5030,0.5284,0.2385,14.25,-2.62
3055,De'Anthony Melton,1629001,Golden State Warriors,GSW,1610612744,SG,2025-26,5,54,11.15,2.93,2.31,1.43,0.37,1.69,20.83,0.4072,0.2939,0.8264,1.76,0.4754,0.5179,0.2565,14.24,0.50
2601,Jeremy Lamb,203087,Indiana Pacers,IND,1610612754,SG,2021-22,1,45,6.13,2.09,1.13,0.51,0.31,0.53,13.63,0.3728,0.3333,0.8375,0.98,0.4583,0.5243,0.2045,14.24,0.23
294,MarJon Beauchamp,1630699,Philadelphia 76ers,PHI,1610612755,SF,2025-26,5,25,3.80,1.28,0.60,0.36,0.16,0.52,7.85,0.4342,0.3404,0.6842,-1.04,0.5395,0.5631,0.2109,14.24,-1.88
4088,Brice Sensabaugh,1641729,Utah Jazz,UTA,1610612762,SF,2024-25,4,78,9.90,2.69,1.41,0.59,0.10,1.37,18.36,0.4591,0.4220,0.8904,-3.65,0.5902,0.6116,0.2169,14.23,-3.20
3182,Wendell Moore Jr.,1631111,Detroit Pistons,DET,1610612765,SG,2024-25,4,51,1.24,0.86,0.45,0.20,0.06,0.18,4.28,0.4600,0.2857,0.9286,0.33,0.5000,0.5609,0.1275,14.23,0.01
78,Jose Alvarado,1630631,New York Knicks,NYK,1610612752,PG,2025-26,5,30,6.20,1.90,3.53,0.97,0.13,1.00,15.79,0.4142,0.3298,0.6818,3.60,0.5059,0.5205,0.1954,14.22,6.21
3425,Lachlan Olbrich,1642950,Chicago Bulls,CHI,1610612741,C,2025-26,5,50,1.78,2.24,0.84,0.24,0.16,0.32,6.89,0.4675,0.1053,0.3750,0.50,0.4805,0.4704,0.1348,14.21,2.45
3104,Leonard Miller,1631159,Minnesota Timberwolves,MIN,1610612750,PF,2025-26,5,52,0.85,0.48,0.10,0.08,0.00,0.17,1.83,0.5455,0.0833,0.6364,-0.35,0.5606,0.5814,0.2084,14.20,-4.67
2453,Luke Kennard,1628379,Atlanta Hawks,ATL,1610612737,SG,2025-26,5,50,7.28,1.98,1.92,0.66,0.10,0.64,18.87,0.5375,0.4966,0.9143,0.12,0.6917,0.7126,0.1285,14.20,-1.75
1701,Javonte Green,1629750,Chicago Bulls,CHI,1610612741,SG,2022-23,2,39,4.23,2.26,0.59,0.62,0.54,0.51,12.32,0.5648,0.3714,0.6667,1.23,0.6250,0.6455,0.1357,14.19,-2.07
2036,DaRon Holmes II,1641747,Denver Nuggets,DEN,1610612743,PF,2025-26,5,52,1.79,0.67,0.31,0.02,0.12,0.23,4.03,0.5082,0.4444,0.7857,-0.31,0.6721,0.6924,0.1659,14.19,-3.44
2582,Kyle Kuzma,1628398,Washington Wizards,WAS,1610612764,SF,2024-25,4,32,15.19,5.78,2.47,0.63,0.22,2.28,27.72,0.4198,0.2813,0.6020,-12.59,0.4692,0.4878,0.2691,14.19,-1.43
3375,Jordan Nwora,1629670,Indiana Pacers,IND,1610612754,SF,2023-24,3,40,2.35,0.83,0.45,0.15,0.03,0.30,4.57,0.4512,0.3056,0.8182,-0.40,0.5183,0.5412,0.2254,14.18,-0.74
3662,Dwight Powell,203939,Dallas Mavericks,DAL,1610612742,PF,2022-23,2,82,6.17,3.83,0.84,0.59,0.32,0.79,17.78,0.7323,0.0000,0.6667,2.02,0.7323,0.7378,0.1272,14.17,-3.60
515,Mikal Bridges,1628969,New York Knicks,NYK,1610612752,SG,2024-25,4,82,17.61,3.16,3.73,0.91,0.52,1.61,37.03,0.5004,0.3542,0.8136,4.07,0.5697,0.5847,0.1976,14.17,-1.55
1217,Kris Dunn,1627739,Portland Trail Blazers,POR,1610612757,PG,2021-22,1,15,7.07,3.27,5.27,1.53,0.20,2.13,22.42,0.4314,0.0909,0.9444,-6.13,0.4363,0.4822,0.1815,14.16,5.92
2241,Ty Jerome,1629660,Golden State Warriors,GSW,1610612744,PG,2022-23,2,48,6.44,1.63,2.81,0.48,0.10,0.63,16.99,0.4876,0.3889,0.9268,-1.92,0.5599,0.5941,0.1511,14.15,2.48
333,Jules Bernard,1631262,Washington Wizards,WAS,1610612764,SG,2023-24,3,36,2.06,0.72,0.44,0.08,0.03,0.22,4.15,0.4531,0.3793,0.5556,0.72,0.5391,0.5444,0.2151,14.14,-0.23
4049,Dennis Schröder,203471,Brooklyn Nets,BKN,1610612751,PG,2023-24,3,31,13.68,3.29,5.65,0.55,0.29,2.26,29.91,0.4239,0.4122,0.7969,-3.10,0.5068,0.5351,0.2257,14.13,2.39
2828,Terance Mann,1629611,Atlanta Hawks,ATL,1610612737,SG,2024-25,4,30,9.80,3.07,2.07,0.63,0.13,0.73,22.72,0.5413,0.3864,0.6667,-0.50,0.6193,0.6286,0.1567,14.13,-1.52
1978,Buddy Hield,1627741,Indiana Pacers,IND,1610612754,SG,2023-24,3,52,11.98,3.21,2.67,0.83,0.60,1.19,25.68,0.4429,0.3838,0.8485,1.75,0.5754,0.5861,0.1855,14.13,-0.17
99,Kyle Anderson,203937,Minnesota Timberwolves,MIN,1610612750,SG,2025-26,5,19,4.58,3.68,3.26,0.84,0.63,0.79,19.09,0.4730,0.0000,0.7727,-0.32,0.4730,0.5198,0.1163,14.13,3.95
4770,P.J. Washington,1629023,Charlotte Hornets,CHA,1610612766,SF,2023-24,3,45,13.33,5.16,2.16,0.84,0.71,1.47,28.57,0.4460,0.3238,0.7128,-6.42,0.5236,0.5451,0.2089,14.13,-1.27
522,Oshae Brissett,1629052,Boston Celtics,BOS,1610612738,SG,2023-24,3,80,2.51,2.00,0.55,0.24,0.10,0.25,7.88,0.4444,0.2727,0.6024,1.43,0.4935,0.5303,0.1456,14.13,-1.03
449,Jamaree Bouyea,1631123,Phoenix Suns,PHX,1610612756,SG,2025-26,5,59,4.46,1.39,1.39,0.49,0.27,0.51,10.92,0.4576,0.2949,0.6857,0.42,0.5064,0.5231,0.1880,14.12,1.26
1382,Bruno Fernando,1628981,Boston Celtics,BOS,1610612738,PF,2021-22,1,43,0.44,0.35,0.09,0.00,0.07,0.12,1.35,0.5000,1.0000,0.8000,-0.77,0.5357,0.5864,0.1633,14.11,-3.38
1217,Kris Dunn,1627739,Utah Jazz,UTA,1610612762,PG,2023-24,3,73,4.89,2.59,3.48,0.93,0.38,1.08,17.11,0.4696,0.3694,0.6875,0.19,0.5351,0.5457,0.1364,14.11,4.74
985,Seth Curry,203552,Brooklyn Nets,BKN,1610612751,SG,2021-22,1,26,10.92,1.88,1.88,0.65,0.12,0.96,21.87,0.4929,0.4677,0.8571,3.04,0.6303,0.6448,0.1850,14.11,-1.96
4463,Daniel Theis,1628464,New Orleans Pelicans,NOP,1610612740,PF,2024-25,4,48,3.38,3.42,1.25,0.38,0.42,0.52,12.94,0.4729,0.2432,0.8378,-1.27,0.5078,0.5575,0.1163,14.11,0.21
548,Bruce Brown,1628971,Toronto Raptors,TOR,1610612761,SG,2024-25,4,19,7.95,3.58,1.47,0.89,0.16,1.00,18.56,0.4351,0.3056,0.8966,-2.53,0.4771,0.5252,0.2008,14.11,-1.18
4269,Jabari Smith Jr.,1631095,Houston Rockets,HOU,1610612745,PF,2024-25,4,76,9.00,5.17,0.75,0.32,0.53,0.76,22.05,0.4391,0.3516,0.8235,3.49,0.5251,0.5603,0.1653,14.11,-3.28
3198,Monte Morris,1628420,Phoenix Suns,PHX,1610612756,PG,2024-25,4,72,3.24,0.93,1.01,0.28,0.04,0.29,7.93,0.4256,0.3605,0.8571,0.65,0.5051,0.5457,0.1824,14.11,0.76
1595,Anthony Gill,1630264,Washington Wizards,WAS,1610612764,SF,2021-22,1,70,2.57,1.21,0.39,0.07,0.16,0.26,6.62,0.5688,0.5385,0.8077,0.86,0.6330,0.6824,0.1452,14.10,-3.14
548,Bruce Brown,1628971,Indiana Pacers,IND,1610612754,SG,2023-24,3,34,11.71,4.53,2.94,1.03,0.24,1.21,28.84,0.4745,0.3267,0.8171,2.35,0.5271,0.5684,0.1655,14.10,-0.53
2774,Trey Lyles,1626168,Sacramento Kings,SAC,1610612758,PF,2024-25,4,71,6.35,4.45,1.15,0.58,0.32,0.55,19.01,0.4198,0.3403,0.7000,-0.99,0.5281,0.5511,0.1444,14.09,-1.50
3890,Jeremiah Robinson-Earl,1630526,Oklahoma City Thunder,OKC,1610612760,PF,2021-22,1,54,6.78,5.07,0.91,0.54,0.28,0.72,20.14,0.4136,0.3515,0.7407,-4.41,0.5031,0.5262,0.1547,14.08,-2.11
201,Patrick Baldwin Jr.,1631116,Golden State Warriors,GSW,1610612744,PF,2022-23,2,60,2.03,0.67,0.18,0.10,0.07,0.18,3.76,0.3945,0.3810,0.6667,-0.85,0.5413,0.5464,0.2282,14.08,-1.86
1766,Rui Hachimura,1629060,Los Angeles Lakers,LAL,1610612747,SF,2024-25,4,62,12.50,4.76,1.34,0.73,0.42,0.79,30.15,0.5087,0.4130,0.7699,2.55,0.5972,0.6193,0.1595,14.08,-3.60
2180,Quenton Jackson,1631245,Indiana Pacers,IND,1610612754,PG,2024-25,4,50,3.24,0.88,1.06,0.42,0.10,0.32,7.62,0.4754,0.3750,0.7750,-0.02,0.5369,0.5802,0.1774,14.08,1.97
2506,Corey Kispert,1630557,Washington Wizards,WAS,1610612764,SF,2023-24,3,81,13.21,2.78,1.94,0.52,0.20,1.21,25.53,0.4861,0.3833,0.7261,-5.49,0.6020,0.6199,0.1964,14.07,-3.00
2774,Trey Lyles,1626168,Sacramento Kings,SAC,1610612758,PF,2023-24,3,59,7.10,4.36,1.22,0.29,0.32,0.64,19.63,0.4455,0.3836,0.7000,3.03,0.5763,0.5955,0.1441,14.07,-2.28
2969,Jalen McDaniels,1629667,Charlotte Hornets,CHA,1610612766,PF,2021-22,1,63,5.40,2.70,0.92,0.41,0.35,0.57,14.21,0.4843,0.3796,0.7361,0.73,0.5650,0.5951,0.1535,14.06,-1.69
2536,Tyler Kolek,1642278,New York Knicks,NYK,1610612752,PG,2025-26,5,78,3.46,1.22,2.13,0.27,0.05,0.69,9.12,0.4327,0.3894,0.7000,1.13,0.5224,0.5319,0.1859,14.06,4.86
4720,Lonnie Walker IV,1629022,Philadelphia 76ers,PHI,1610612755,SG,2024-25,4,22,11.23,2.86,2.27,0.45,0.23,1.14,21.67,0.4198,0.3543,0.8000,-6.45,0.5259,0.5484,0.2237,14.05,-0.63
1587,Taj Gibson,201959,Memphis Grizzlies,MEM,1610612763,PF,2025-26,5,14,2.43,1.93,0.43,0.14,0.07,0.07,6.91,0.4615,0.5000,0.8750,-0.50,0.5192,0.5759,0.1338,14.05,-0.61
215,Dalano Banton,1630625,Portland Trail Blazers,POR,1610612757,SF,2024-25,4,81,6.90,1.67,1.98,0.53,0.42,1.06,13.82,0.3905,0.3243,0.7280,-0.68,0.4615,0.4973,0.2428,14.04,1.64
985,Seth Curry,203552,Charlotte Hornets,CHA,1610612766,SG,2023-24,3,9,8.00,1.78,1.56,0.56,0.33,0.56,17.61,0.4407,0.3214,0.9167,-2.78,0.5169,0.5600,0.2011,14.04,-0.98
4712,Jarace Walker,1641716,Indiana Pacers,IND,1610612754,SF,2024-25,4,79,5.77,2.89,1.34,0.67,0.32,0.96,14.81,0.4759,0.4111,0.6667,-1.80,0.5807,0.5947,0.1715,14.04,-1.30
164,Deni Avdija,1630166,Washington Wizards,WAS,1610612764,SF,2022-23,2,76,9.17,6.41,2.78,0.86,0.38,1.62,26.58,0.4370,0.2974,0.7394,-0.67,0.4965,0.5348,0.1681,14.02,0.09
4162,Anfernee Simons,1629014,Boston Celtics,BOS,1610612738,PG,2025-26,5,50,13.88,2.36,2.32,0.54,0.12,1.10,24.03,0.4401,0.3951,0.8889,3.28,0.5546,0.5786,0.2370,14.02,-1.30
3691,Olivier-Maxence Prosper,1641765,Dallas Mavericks,DAL,1610612742,SF,2024-25,4,66,3.05,1.91,0.61,0.39,0.09,0.21,8.85,0.4023,0.2353,0.6447,-1.58,0.4368,0.4845,0.1634,14.01,-0.49
2522,Brandon Knight,202688,Dallas Mavericks,DAL,1610612742,SG,2021-22,1,6,5.33,1.33,1.33,0.17,0.00,0.67,10.77,0.4000,0.2353,1.0000,-1.00,0.4800,0.5610,0.2261,14.01,-0.43
2024,Jrue Holiday,201950,Boston Celtics,BOS,1610612738,PG,2024-25,4,72,9.53,3.68,3.32,0.92,0.38,1.07,26.33,0.4433,0.3529,0.9091,4.71,0.5375,0.5652,0.1588,14.01,0.60
877,Pat Connaughton,1626192,Milwaukee Bucks,MIL,1610612749,SG,2024-25,4,69,3.13,1.58,1.01,0.13,0.16,0.35,8.74,0.4689,0.3210,0.7742,-0.19,0.5424,0.5665,0.1577,14.01,-0.03
4882,Andrew Wiggins,203952,Golden State Warriors,GSW,1610612744,SF,2023-24,3,72,13.04,4.46,1.65,0.58,0.57,1.21,26.67,0.4526,0.3583,0.7513,-0.81,0.5109,0.5439,0.2099,14.01,-2.26
2968,Jaden McDaniels,1630183,Minnesota Timberwolves,MIN,1610612750,PF,2025-26,5,73,14.85,4.25,2.73,1.11,1.00,1.79,31.73,0.5155,0.4120,0.8352,1.64,0.5791,0.6114,0.1865,14.00,-1.88
123,OG Anunoby,1628384,Toronto Raptors,TOR,1610612761,SG,2022-23,2,68,16.53,4.88,1.93,1.88,0.74,1.94,35.08,0.4757,0.3869,0.8383,1.94,0.5559,0.5863,0.1960,14.00,-2.43
405,Bogdan Bogdanović,203992,Los Angeles Clippers,LAC,1610612746,SG,2024-25,4,30,11.43,3.10,3.23,0.70,0.17,1.23,24.99,0.4739,0.4266,0.8750,5.00,0.5877,0.6080,0.1910,14.00,0.15
4770,P.J. Washington,1629023,Charlotte Hornets,CHA,1610612766,SF,2022-23,2,75,15.25,4.77,2.33,0.88,1.05,1.47,31.73,0.4438,0.3481,0.7299,-5.00,0.5199,0.5424,0.2065,13.99,-0.84
2815,Theo Maledon,1630177,Charlotte Hornets,CHA,1610612766,PG,2022-23,2,46,6.41,2.67,3.30,0.80,0.26,1.28,18.55,0.4016,0.2947,0.8514,-3.20,0.4567,0.5147,0.1697,13.99,3.16
1753,Mouhamed Gueye,1631243,Atlanta Hawks,ATL,1610612737,PF,2023-24,3,12,2.00,1.83,0.33,0.42,0.33,0.08,6.07,0.3478,0.3333,0.8333,-3.42,0.4130,0.4680,0.1516,13.99,2.93
5075,McKinley Wright IV,1630593,Dallas Mavericks,DAL,1610612742,PG,2022-23,2,44,2.59,1.07,1.32,0.18,0.11,0.43,7.61,0.4694,0.3214,0.6842,-2.50,0.5153,0.5359,0.1703,13.99,2.59
245,RJ Barrett,1629628,New York Knicks,NYK,1610612752,SG,2022-23,2,75,19.08,4.91,2.68,0.41,0.20,2.19,33.01,0.4337,0.3103,0.7398,-0.83,0.4851,0.5306,0.2638,13.98,-2.08
1110,Moussa Diabaté,1631217,Los Angeles Clippers,LAC,1610612746,PF,2022-23,2,37,1.59,1.35,0.11,0.19,0.22,0.24,5.28,0.5106,0.5000,0.6250,-0.59,0.5213,0.5459,0.1415,13.98,-3.51
4268,Dennis Smith Jr.,1628372,Brooklyn Nets,BKN,1610612751,PG,2023-24,3,70,5.27,2.34,2.90,0.97,0.17,0.97,15.12,0.4349,0.2936,0.7414,-0.51,0.4822,0.5075,0.1773,13.98,4.67
3320,Asa Newell,1642854,Atlanta Hawks,ATL,1610612737,PF,2025-26,5,67,3.39,1.43,0.39,0.24,0.22,0.34,7.46,0.5385,0.3867,0.5517,-0.66,0.6243,0.6244,0.1720,13.96,-2.80
60,Grayson Allen,1628960,Phoenix Suns,PHX,1610612756,SG,2024-25,4,64,10.63,3.03,2.14,0.84,0.30,1.17,24.12,0.4479,0.4257,0.8158,-1.23,0.6002,0.6306,0.1772,13.96,-1.96
1552,Usman Garuba,1630586,Houston Rockets,HOU,1610612745,SF,2022-23,2,82,2.74,3.74,0.78,0.54,0.35,0.57,11.83,0.4859,0.4068,0.6170,-3.09,0.5537,0.5691,0.1053,13.96,-0.52
3249,Keegan Murray,1631099,Sacramento Kings,SAC,1610612758,SF,2023-24,3,77,15.22,5.45,1.68,1.03,0.77,0.83,33.62,0.4544,0.3581,0.8306,1.79,0.5482,0.5692,0.1817,13.96,-2.00
78,Jose Alvarado,1630631,New Orleans Pelicans,NOP,1610612740,PG,2024-25,4,65,8.91,2.09,3.98,1.14,0.22,1.32,21.02,0.3916,0.3592,0.8108,-3.57,0.4981,0.5230,0.1994,13.96,4.02
2453,Luke Kennard,1628379,Los Angeles Clippers,LAC,1610612746,SG,2021-22,1,71,11.73,3.23,2.06,0.59,0.08,0.85,27.03,0.4491,0.4492,0.8961,2.59,0.5978,0.6190,0.1688,13.95,-2.10
2561,Vít Krejčí,1630249,Atlanta Hawks,ATL,1610612737,SG,2024-25,4,65,6.34,2.40,2.26,0.55,0.40,0.77,17.65,0.4966,0.4369,0.7111,-0.97,0.6507,0.6607,0.1305,13.94,0.31
3966,D'Angelo Russell,1626156,Los Angeles Lakers,LAL,1610612747,PG,2024-25,4,30,11.97,2.67,4.53,0.77,0.13,1.67,25.45,0.4148,0.3333,0.8491,1.57,0.5048,0.5369,0.2214,13.94,2.48
1701,Javonte Green,1629750,Chicago Bulls,CHI,1610612741,SG,2021-22,1,65,7.20,4.25,0.92,1.03,0.49,0.46,23.37,0.5415,0.3564,0.8333,0.31,0.5969,0.6372,0.1162,13.94,-2.59
4963,Nate Williams,1631466,Portland Trail Blazers,POR,1610612757,SG,2022-23,2,5,10.60,3.00,2.00,0.60,0.40,0.80,25.30,0.6154,0.3750,0.6667,-7.60,0.6538,0.6572,0.1470,13.94,-2.16
2865,Cody Martin,1628998,Charlotte Hornets,CHA,1610612766,SF,2021-22,1,73,7.45,3.90,2.45,1.21,0.44,0.84,25.56,0.4823,0.3836,0.7009,-0.34,0.5544,0.5786,0.1222,13.93,-0.18
1694,Danny Green,201980,Cleveland Cavaliers,CLE,1610612739,SG,2022-23,2,20,2.60,0.50,0.20,0.25,0.15,0.35,4.76,0.5000,0.4483,1.0000,-0.70,0.6711,0.6764,0.2142,13.93,-4.10
602,Thomas Bryant,1628418,Denver Nuggets,DEN,1610612743,C,2022-23,2,26,3.19,2.31,0.08,0.08,0.27,0.38,7.88,0.4853,0.4444,0.7222,-2.19,0.5147,0.5466,0.1848,13.93,-4.10
4712,Jarace Walker,1641716,Indiana Pacers,IND,1610612754,SF,2023-24,3,72,1.67,0.88,0.56,0.21,0.15,0.24,4.73,0.4091,0.4000,0.8889,0.26,0.5091,0.5265,0.1616,13.93,1.39
5126,Vlatko Čančar,1628427,Denver Nuggets,DEN,1610612743,SF,2021-22,1,19,3.26,1.63,0.89,0.11,0.16,0.47,9.28,0.5610,0.5833,0.6429,0.21,0.6463,0.6573,0.1418,13.92,-1.92
3913,Ryan Rollins,1631157,Milwaukee Bucks,MIL,1610612749,PG,2024-25,4,71,4.92,1.52,1.46,0.59,0.24,0.75,11.54,0.4871,0.4083,0.8000,1.17,0.5775,0.6001,0.1848,13.92,0.33
2701,Kira Lewis Jr.,1630184,Utah Jazz,UTA,1610612762,PG,2023-24,3,29,1.55,0.41,0.66,0.14,0.03,0.21,4.11,0.4500,0.1538,0.7778,-1.52,0.4750,0.5118,0.1788,13.91,1.58
2340,Colby Jones,1641732,Washington Wizards,WAS,1610612764,SG,2024-25,4,22,5.95,2.91,1.68,0.91,0.27,0.73,17.49,0.4660,0.3077,0.6571,-5.27,0.5243,0.5532,0.1502,13.91,-0.42
4884,Lindell Wigginton,1629623,Milwaukee Bucks,MIL,1610612749,PG,2022-23,2,10,5.00,0.70,1.40,0.00,0.20,1.20,8.67,0.4865,0.3333,0.8889,-3.90,0.5676,0.6104,0.2553,13.91,-2.46
2245,Isaiah Joe,1630198,Oklahoma City Thunder,OKC,1610612760,SG,2023-24,3,78,8.15,2.31,1.27,0.59,0.28,0.60,18.53,0.4577,0.4164,0.8654,4.51,0.6093,0.6261,0.1674,13.90,-2.31
1139,Spencer Dinwiddie,203915,Dallas Mavericks,DAL,1610612742,PG,2024-25,4,81,10.77,2.58,4.31,0.86,0.21,1.26,26.37,0.4164,0.3344,0.8025,-2.74,0.4963,0.5527,0.1805,13.90,1.95
4575,Gary Trent Jr.,1629018,Toronto Raptors,TOR,1610612761,SG,2022-23,2,72,15.94,2.40,1.47,1.44,0.19,0.76,29.42,0.4332,0.3689,0.8390,-0.72,0.5219,0.5599,0.2180,13.89,-1.94
3776,Alex Reese,1642024,Philadelphia 76ers,PHI,1610612755,PF,2024-25,4,15,4.93,3.07,0.27,0.67,0.67,0.40,14.28,0.4717,0.3659,0.7500,1.07,0.6132,0.6349,0.1260,13.89,-3.02
2895,Garrison Mathews,1629726,Atlanta Hawks,ATL,1610612737,SG,2022-23,2,26,1.65,0.42,0.12,0.04,0.04,0.04,3.24,0.4194,0.4000,0.8750,-0.15,0.5806,0.6228,0.1748,13.89,-2.97
5099,Thaddeus Young,201152,Toronto Raptors,TOR,1610612761,SF,2022-23,2,82,2.93,2.02,0.91,0.66,0.06,0.51,9.70,0.5455,0.1765,0.6923,-1.12,0.5606,0.5730,0.1353,13.88,-0.21
3509,Eric Paschall,1629672,Utah Jazz,UTA,1610612762,SF,2021-22,1,78,4.28,1.36,0.46,0.12,0.06,0.35,9.44,0.4851,0.3704,0.7674,-0.37,0.5702,0.6121,0.1790,13.88,-3.91
4049,Dennis Schröder,203471,Detroit Pistons,DET,1610612765,PG,2024-25,4,30,10.07,2.47,4.90,0.50,0.17,1.17,23.48,0.3785,0.3019,0.8333,2.00,0.4422,0.5149,0.1969,13.87,4.62
4302,Cam Spencer,1642285,Memphis Grizzlies,MEM,1610612763,PG,2024-25,4,39,2.72,0.77,0.87,0.23,0.03,0.15,6.46,0.4146,0.3654,1.0000,1.03,0.5305,0.5865,0.1554,13.87,1.75
2506,Corey Kispert,1630557,Atlanta Hawks,ATL,1610612737,SF,2025-26,5,42,8.52,2.10,1.43,0.19,0.14,0.74,16.90,0.4545,0.3540,0.8095,-2.12,0.5582,0.5913,0.1963,13.87,-2.56
3691,Olivier-Maxence Prosper,1641765,Dallas Mavericks,DAL,1610612742,SF,2023-24,3,64,1.89,1.23,0.34,0.11,0.06,0.13,5.25,0.3846,0.2889,0.6829,-1.34,0.4471,0.4957,0.1652,13.87,-1.01
2828,Terance Mann,1629611,Los Angeles Clippers,LAC,1610612746,SG,2022-23,2,81,8.80,3.41,2.27,0.52,0.27,0.99,23.12,0.5191,0.3889,0.7797,0.02,0.5926,0.6190,0.1537,13.87,-1.33
2667,Saben Lee,1630240,Phoenix Suns,PHX,1610612756,PG,2022-23,2,29,5.00,1.55,2.24,0.62,0.03,0.72,12.52,0.3932,0.3793,0.7368,-1.21,0.4402,0.5103,0.1921,13.87,3.79
4645,Jarred Vanderbilt,1629020,Los Angeles Lakers,LAL,1610612747,SF,2023-24,3,33,4.55,4.18,1.09,1.09,0.15,0.85,17.62,0.5175,0.2963,0.6667,1.30,0.5526,0.5776,0.1159,13.86,-2.35
3411,Semi Ojeleye,1628400,Los Angeles Clippers,LAC,1610612746,SF,2021-22,1,17,2.41,0.94,0.24,0.12,0.06,0.24,5.79,0.4138,0.4444,0.8125,-0.94,0.4828,0.5688,0.1808,13.86,-3.99
164,Deni Avdija,1630166,Washington Wizards,WAS,1610612764,SF,2021-22,1,82,8.35,5.18,2.04,0.72,0.54,1.06,24.20,0.4318,0.3166,0.7574,-0.77,0.5026,0.5361,0.1635,13.86,-0.42
488,Malaki Branham,1631103,San Antonio Spurs,SAS,1610612759,SF,2024-25,4,75,3.09,0.68,0.51,0.15,0.03,0.43,5.57,0.4599,0.4024,0.8182,-0.33,0.5481,0.5756,0.2398,13.85,-2.90
3890,Jeremiah Robinson-Earl,1630526,New Orleans Pelicans,NOP,1610612740,PF,2023-24,3,68,1.69,1.12,0.31,0.15,0.06,0.24,4.91,0.4737,0.3333,0.7500,-0.32,0.5421,0.5635,0.1552,13.84,-2.72
2829,Tre Mann,1630544,Charlotte Hornets,CHA,1610612766,SG,2024-25,4,14,13.07,2.71,2.79,0.50,0.29,1.79,22.79,0.4348,0.4000,0.9048,-3.93,0.5093,0.5375,0.2615,13.84,-0.66
3966,D'Angelo Russell,1626156,Dallas Mavericks,DAL,1610612742,PG,2025-26,5,41,5.68,1.32,2.46,0.29,0.05,1.10,11.34,0.3907,0.2626,0.7091,-0.98,0.4512,0.4870,0.2579,13.84,3.61
891,Tyler Cook,1629076,Chicago Bulls,CHI,1610612741,SF,2021-22,1,44,1.52,1.20,0.07,0.09,0.09,0.16,4.53,0.6053,,0.6563,-0.61,0.6053,0.6432,0.1311,13.84,-4.46
4456,Dalen Terry,1631207,Chicago Bulls,CHI,1610612741,SF,2022-23,2,79,1.08,0.47,0.28,0.14,0.06,0.10,2.71,0.4444,0.2593,0.6667,0.15,0.4931,0.5231,0.1855,13.84,1.59
837,Amir Coffey,1629599,Los Angeles Clippers,LAC,1610612746,SG,2021-22,1,75,8.25,2.63,1.65,0.51,0.20,0.60,20.90,0.4528,0.3780,0.8632,-0.63,0.5558,0.5981,0.1593,13.84,-1.73
4720,Lonnie Walker IV,1629022,Brooklyn Nets,BKN,1610612751,SG,2023-24,3,68,8.31,1.87,1.09,0.47,0.29,0.75,14.87,0.4228,0.3838,0.7627,0.07,0.5285,0.5454,0.2472,13.83,-1.49
2433,Yuki Kawamura,1642530,Chicago Bulls,CHI,1610612741,PG,2025-26,5,24,2.58,1.38,1.96,0.38,0.00,0.58,8.71,0.3269,0.2973,0.8947,-0.13,0.4327,0.5136,0.1466,13.82,4.88
4532,Drew Timme,1631166,Brooklyn Nets,BKN,1610612751,PF,2024-25,4,9,12.11,7.22,2.22,0.44,0.11,1.67,28.20,0.4412,0.2571,0.6250,-7.33,0.4853,0.4998,0.2146,13.82,-1.74
290,Malik Beasley,1627736,Detroit Pistons,DET,1610612765,SG,2024-25,4,82,16.29,2.61,1.70,0.89,0.06,1.01,27.84,0.4304,0.4164,0.6786,2.13,0.5794,0.5898,0.2262,13.81,-2.60
567,Kobe Brown,1641738,Indiana Pacers,IND,1610612754,SF,2025-26,5,29,8.72,4.55,1.83,0.48,0.34,1.31,23.03,0.5027,0.4333,0.7879,-4.72,0.6070,0.6277,0.1544,13.80,-3.03
4665,Sasha Vezenkov,1628426,Sacramento Kings,SAC,1610612758,SF,2023-24,3,53,4.25,1.81,0.36,0.38,0.13,0.23,9.65,0.4398,0.3750,0.8000,0.04,0.5576,0.5693,0.1756,13.80,-2.36
4011,Marcus Sasser,1631204,Detroit Pistons,DET,1610612765,PG,2024-25,4,82,4.57,0.84,1.62,0.45,0.05,0.66,9.89,0.4628,0.3816,0.8431,0.50,0.5608,0.5888,0.1953,13.79,1.40
3117,Shake Milton,1629003,Philadelphia 76ers,PHI,1610612755,PG,2022-23,2,82,7.77,2.33,2.93,0.30,0.16,1.15,19.11,0.4791,0.3784,0.8534,1.76,0.5348,0.5749,0.1862,13.79,0.71
1700,Jalen Green,1630224,Houston Rockets,HOU,1610612745,SG,2021-22,1,68,17.01,3.32,2.59,0.65,0.26,1.99,31.44,0.4256,0.3428,0.7966,-7.63,0.5079,0.5469,0.2371,13.78,-2.41
4174,Jericho Sims,1630579,Milwaukee Bucks,MIL,1610612749,C,2024-25,4,19,1.79,3.58,0.58,0.11,0.47,0.63,11.02,0.6800,,,-0.05,0.6800,0.6800,0.0767,13.78,-3.88
1595,Anthony Gill,1630264,Washington Wizards,WAS,1610612764,SF,2025-26,5,82,3.91,1.93,0.84,0.38,0.26,0.44,11.60,0.6279,0.3542,0.7391,-3.57,0.6674,0.6823,0.1197,13.78,-2.90
728,Jevon Carter,1628975,Chicago Bulls,CHI,1610612741,PG,2024-25,4,79,1.94,0.49,0.51,0.16,0.04,0.14,4.06,0.3767,0.3333,0.8000,0.47,0.4966,0.5086,0.2114,13.77,2.00
4654,Devin Vassell,1630170,San Antonio Spurs,SAS,1610612759,SG,2025-26,5,67,13.57,3.94,2.43,0.84,0.36,0.88,30.03,0.4367,0.3830,0.8115,7.19,0.5458,0.5712,0.1803,13.76,-1.48
3394,Royce O'Neale,1626220,Phoenix Suns,PHX,1610612756,SF,2024-25,4,75,9.07,4.65,2.17,0.89,0.44,0.87,24.49,0.4228,0.4059,0.7308,-2.07,0.5798,0.5848,0.1567,13.75,-0.40
1895,Sam Hauser,1630573,Boston Celtics,BOS,1610612738,SF,2023-24,3,79,9.01,3.49,1.04,0.51,0.32,0.41,22.03,0.4462,0.4237,0.8947,6.23,0.6228,0.6286,0.1508,13.74,-2.91
2673,Alex Len,203458,Sacramento Kings,SAC,1610612758,C,2024-25,4,50,1.04,1.28,0.60,0.16,0.36,0.22,5.16,0.5366,0.1667,0.5385,-1.90,0.5488,0.5565,0.0959,13.74,1.76
4778,Lindy Waters III,1630322,Oklahoma City Thunder,OKC,1610612760,SF,2021-22,1,28,7.11,2.61,0.86,0.68,0.29,0.39,16.62,0.4057,0.3630,0.8000,-1.39,0.5571,0.5615,0.1745,13.74,-1.23
985,Seth Curry,203552,Philadelphia 76ers,PHI,1610612755,SG,2021-22,1,50,13.52,3.02,3.62,0.72,0.22,1.68,31.31,0.4848,0.4000,0.8767,2.28,0.5795,0.6034,0.1876,13.74,-1.19
2537,Christian Koloko,1631132,Los Angeles Lakers,LAL,1610612747,C,2024-25,4,49,1.84,1.88,0.33,0.16,0.33,0.24,6.97,0.6061,0.0000,0.7143,-0.14,0.6061,0.6236,0.1089,13.74,-2.53
4382,Max Strus,1629622,Cleveland Cavaliers,CLE,1610612739,SG,2024-25,4,50,9.42,4.34,3.16,0.52,0.24,1.08,25.45,0.4424,0.3857,0.8235,4.42,0.5938,0.6070,0.1472,13.74,0.10
4305,Pat Spencer,1630311,Golden State Warriors,GSW,1610612744,PG,2025-26,5,80,5.95,1.98,2.90,0.60,0.06,1.06,15.37,0.4266,0.3571,0.7719,-1.19,0.4954,0.5162,0.1899,13.73,2.77
1978,Buddy Hield,1627741,Philadelphia 76ers,PHI,1610612755,SG,2023-24,3,32,12.19,3.19,3.03,0.84,0.34,1.28,25.75,0.4264,0.3886,0.9231,-0.84,0.5495,0.5661,0.2076,13.72,0.23
4344,Isaiah Stewart,1630191,Detroit Pistons,DET,1610612765,PF,2023-24,3,56,8.98,5.45,1.30,0.30,0.68,1.18,25.40,0.4869,0.3829,0.7529,-2.38,0.5746,0.5997,0.1457,13.71,-3.79
3147,Jonathan Mogbo,1642367,Toronto Raptors,TOR,1610612761,PF,2024-25,4,66,5.89,4.71,2.21,0.83,0.52,1.06,19.48,0.4382,0.2429,0.7317,-3.65,0.4621,0.4961,0.1506,13.71,0.96
3458,Kelly Oubre Jr.,1626162,Philadelphia 76ers,PHI,1610612755,SG,2023-24,3,71,14.77,4.80,1.42,1.08,0.66,1.23,28.95,0.4408,0.3108,0.7500,-0.35,0.4983,0.5352,0.2265,13.70,-2.14
3542,Gary Payton II,1627780,Golden State Warriors,GSW,1610612744,SG,2023-24,3,51,4.71,2.22,0.94,0.76,0.35,0.53,13.32,0.5628,0.3636,0.6087,1.63,0.6175,0.6214,0.1362,13.70,-1.55
184,Marcus Bagley,1630542,Philadelphia 76ers,PHI,1610612755,PF,2024-25,4,10,6.70,7.00,1.00,0.90,1.20,0.70,25.32,0.3913,0.1563,0.8000,-8.40,0.4275,0.4564,0.1365,13.69,-1.28
2079,Markus Howard,1630210,Denver Nuggets,DEN,1610612743,SG,2021-22,1,68,1.85,0.18,0.10,0.13,0.00,0.10,2.59,0.3861,0.4000,0.8696,-0.18,0.5248,0.5670,0.2954,13.69,-2.07
2453,Luke Kennard,1628379,Los Angeles Lakers,LAL,1610612747,SG,2025-26,5,32,9.00,2.59,2.44,0.69,0.09,0.88,23.04,0.5271,0.4479,0.9118,1.09,0.6330,0.6607,0.1488,13.68,-1.84
3890,Jeremiah Robinson-Earl,1630526,Oklahoma City Thunder,OKC,1610612760,PF,2022-23,2,54,5.41,3.33,0.80,0.44,0.20,0.35,15.07,0.4435,0.3333,0.8333,-0.19,0.5181,0.5479,0.1466,13.67,-1.50
4720,Lonnie Walker IV,1629022,San Antonio Spurs,SAS,1610612759,SG,2021-22,1,72,11.79,2.51,2.11,0.61,0.26,0.99,22.40,0.4071,0.3144,0.7838,-1.11,0.4797,0.5120,0.2368,13.67,-0.13
4940,Jaylin Williams,1631119,Oklahoma City Thunder,OKC,1610612760,PF,2022-23,2,66,4.36,3.65,1.15,0.42,0.18,0.56,13.85,0.4359,0.4071,0.7037,-1.36,0.5342,0.5587,0.1349,13.66,-0.25
810,Gary Clark,1629109,New Orleans Pelicans,NOP,1610612740,SF,2021-22,1,58,1.74,1.55,0.31,0.22,0.12,0.17,6.52,0.3750,0.4000,0.7000,-0.31,0.5341,0.5465,0.1172,13.66,-1.87
4150,Chris Silva,1629735,Miami Heat,MIA,1610612748,SF,2021-22,1,12,2.17,2.92,0.58,0.00,0.08,0.67,7.32,0.5333,,0.8333,-1.92,0.5333,0.6410,0.1419,13.66,-2.78
2102,Ariel Hukporti,1630574,New York Knicks,NYK,1610612752,C,2025-26,5,79,1.48,2.01,0.37,0.11,0.33,0.41,6.31,0.5625,0.2500,0.7879,0.44,0.5688,0.6189,0.1095,13.65,-2.95
2968,Jaden McDaniels,1630183,Minnesota Timberwolves,MIN,1610612750,PF,2024-25,4,82,12.20,5.73,1.99,1.34,0.90,1.16,31.88,0.4772,0.3300,0.8125,2.10,0.5372,0.5616,0.1643,13.64,-1.73
2245,Isaiah Joe,1630198,Oklahoma City Thunder,OKC,1610612760,SG,2024-25,4,74,10.15,2.62,1.61,0.64,0.11,0.50,21.43,0.4410,0.4129,0.8113,7.35,0.6051,0.6173,0.1738,13.64,-1.67
117,Thanasis Antetokounmpo,203648,Milwaukee Bucks,MIL,1610612749,SF,2025-26,5,77,0.61,0.39,0.19,0.17,0.08,0.13,1.92,0.4688,0.0000,0.5667,0.06,0.4688,0.5199,0.1661,13.64,0.83
174,Udoka Azubuike,1628962,Phoenix Suns,PHX,1610612756,C,2023-24,3,47,0.74,0.68,0.06,0.02,0.13,0.09,2.40,0.6957,,0.2308,-1.02,0.6957,0.6093,0.1274,13.64,-3.49
1701,Javonte Green,1629750,Detroit Pistons,DET,1610612765,SG,2025-26,5,81,6.94,2.81,0.68,1.23,0.30,0.56,17.68,0.4461,0.3796,0.8400,2.51,0.5600,0.6069,0.1487,13.63,-2.76
3666,Norman Powell,1626181,Los Angeles Clippers,LAC,1610612746,SG,2023-24,3,79,13.37,2.47,1.04,0.54,0.28,0.84,25.20,0.4857,0.4349,0.8314,2.68,0.5944,0.6258,0.2018,13.63,-4.44
874,Mike Conley,201144,Minnesota Timberwolves,MIN,1610612750,PG,2024-25,4,72,8.08,2.53,4.43,1.10,0.19,1.04,24.38,0.3996,0.4097,0.9000,3.68,0.5353,0.5733,0.1452,13.63,3.20
205,Lonzo Ball,1628366,Chicago Bulls,CHI,1610612741,SG,2024-25,4,39,6.85,3.03,2.95,1.21,0.44,1.05,19.93,0.3663,0.3436,0.8148,2.56,0.5041,0.5238,0.1597,13.62,2.73
3073,Vasilije Micic,203995,Charlotte Hornets,CHA,1610612766,PG,2023-24,3,31,10.42,2.06,6.00,0.71,0.13,2.26,26.28,0.4373,0.2936,0.8393,-5.94,0.4946,0.5319,0.2109,13.62,3.26
3662,Dwight Powell,203939,Dallas Mavericks,DAL,1610612742,PF,2025-26,5,80,2.56,3.14,0.84,0.43,0.26,0.49,11.08,0.6400,0.2857,0.6881,-0.14,0.6500,0.6928,0.0886,13.62,-1.75
1739,Quentin Grimes,1629656,Philadelphia 76ers,PHI,1610612755,SG,2025-26,5,76,13.24,3.59,3.21,0.84,0.37,1.75,29.02,0.4503,0.3342,0.8397,0.11,0.5344,0.5854,0.1912,13.61,-1.52
4509,Klay Thompson,202691,Dallas Mavericks,DAL,1610612742,SG,2024-25,4,75,13.40,3.28,1.93,0.67,0.40,1.17,26.20,0.4116,0.3906,0.9054,-1.05,0.5348,0.5525,0.2199,13.61,-2.03
4848,Derrick White,1628401,Boston Celtics,BOS,1610612738,PG,2021-22,1,26,11.00,3.38,3.54,0.58,0.62,1.23,27.43,0.4087,0.3063,0.8533,6.54,0.4826,0.5437,0.1841,13.61,0.93
3096,Brandon Miller,1641706,Charlotte Hornets,CHA,1610612766,SF,2023-24,3,78,16.40,4.04,2.24,0.85,0.54,1.69,30.55,0.4395,0.3732,0.8266,-6.54,0.5245,0.5517,0.2414,13.61,-2.22
1239,Tari Eason,1631106,Houston Rockets,HOU,1610612745,SF,2025-26,5,65,9.65,5.78,1.38,1.11,0.43,1.25,23.83,0.4155,0.3577,0.7761,2.57,0.4957,0.5144,0.1894,13.60,-1.67
802,Josh Christopher,1630528,Houston Rockets,HOU,1610612745,SG,2021-22,1,80,7.34,2.33,1.88,0.81,0.16,1.43,16.67,0.4480,0.2963,0.7345,-3.40,0.5040,0.5339,0.2125,13.60,-1.04
2929,Jared McCain,1642272,Oklahoma City Thunder,OKC,1610612760,SG,2025-26,5,30,10.43,2.07,0.93,0.43,0.10,0.87,17.98,0.4618,0.3913,0.8529,2.17,0.5703,0.5929,0.2337,13.60,-4.02
4931,Grant Williams,1629684,Charlotte Hornets,CHA,1610612766,SF,2025-26,5,50,5.04,2.84,1.12,0.34,0.36,0.62,14.23,0.4262,0.3881,0.8148,4.06,0.5683,0.6094,0.1416,13.60,-1.97
56,Nickeil Alexander-Walker,1629638,Utah Jazz,UTA,1610612762,SG,2022-23,2,55,4.15,1.07,1.38,0.44,0.25,0.82,9.60,0.4882,0.4023,0.6923,-0.33,0.5912,0.6091,0.1859,13.59,0.41
2183,Reggie Jackson,202704,Los Angeles Clippers,LAC,1610612746,PG,2021-22,1,77,16.40,3.52,4.66,0.71,0.19,2.25,30.35,0.3920,0.3262,0.8466,-0.91,0.4603,0.4881,0.2777,13.59,1.96
1196,Chris Duarte,1630537,Indiana Pacers,IND,1610612754,SG,2021-22,1,62,11.61,3.65,1.84,0.90,0.16,1.45,24.85,0.4316,0.3686,0.8036,-0.85,0.5072,0.5371,0.2122,13.59,-2.14
4049,Dennis Schröder,203471,Houston Rockets,HOU,1610612745,PG,2021-22,1,16,10.19,3.13,5.50,0.75,0.19,2.44,25.28,0.3929,0.3276,0.8718,-6.38,0.4607,0.5186,0.2101,13.59,3.59
4386,Jalen Suggs,1630591,Orlando Magic,ORL,1610612753,PG,2023-24,3,76,12.41,3.01,2.70,1.39,0.62,1.74,26.64,0.4706,0.3974,0.7564,0.59,0.5777,0.6024,0.1987,13.59,-1.09
1498,Markelle Fultz,1628365,Orlando Magic,ORL,1610612753,PG,2023-24,3,45,7.44,3.07,2.67,0.93,0.33,1.11,20.23,0.4724,0.2222,0.6970,0.29,0.4785,0.4919,0.1911,13.58,1.04
3198,Monte Morris,1628420,Minnesota Timberwolves,MIN,1610612750,PG,2023-24,3,27,3.85,1.33,1.81,0.52,0.22,0.15,12.62,0.3958,0.4167,0.6667,2.33,0.5000,0.5134,0.1382,13.57,2.78
3458,Kelly Oubre Jr.,1626162,Philadelphia 76ers,PHI,1610612755,SG,2024-25,4,77,11.77,4.78,1.40,1.19,0.39,1.04,26.99,0.4696,0.2934,0.7514,-3.35,0.5175,0.5508,0.1910,13.57,-2.45
4964,Patrick Williams,1630172,Chicago Bulls,CHI,1610612741,SF,2021-22,1,17,9.00,4.06,0.88,0.53,0.53,0.94,24.85,0.5294,0.5172,0.7317,-3.29,0.6029,0.6373,0.1450,13.56,-4.55
3055,De'Anthony Melton,1629001,Philadelphia 76ers,PHI,1610612755,SG,2023-24,3,41,10.27,3.44,2.78,1.46,0.39,0.95,24.96,0.3861,0.3598,0.8354,5.32,0.4931,0.5332,0.1809,13.55,1.29
2639,A.J. Lawson,1630639,Toronto Raptors,TOR,1610612761,SG,2024-25,4,28,8.43,3.07,1.11,0.46,0.21,0.54,17.37,0.4211,0.3267,0.6825,-0.61,0.5079,0.5420,0.1956,13.55,-1.48
1344,Dante Exum,203957,Dallas Mavericks,DAL,1610612742,PG,2024-25,4,23,7.57,1.43,2.43,0.52,0.13,0.96,16.18,0.4776,0.4340,0.7419,-2.09,0.5634,0.5893,0.2001,13.54,0.57
227,Dominick Barlow,1631230,Philadelphia 76ers,PHI,1610612755,PF,2025-26,5,72,7.57,4.72,1.21,0.88,0.74,0.78,23.45,0.5388,0.2561,0.7176,0.38,0.5652,0.5968,0.1293,13.54,-2.80
2149,Jonathan Isaac,1628371,Orlando Magic,ORL,1610612753,PF,2025-26,5,57,2.26,2.25,0.39,0.35,0.54,0.28,8.91,0.4272,0.1714,0.6034,-0.58,0.4563,0.5019,0.1224,13.53,-1.53
2855,Naji Marshall,1630230,New Orleans Pelicans,NOP,1610612740,SF,2021-22,1,79,3.96,1.80,0.78,0.42,0.10,0.58,9.31,0.4052,0.2000,0.7957,-0.62,0.4442,0.5050,0.2090,13.52,-0.83
4282,Jeremy Sochan,1631110,San Antonio Spurs,SAS,1610612759,SF,2022-23,2,59,10.41,5.00,2.41,0.73,0.39,1.64,24.70,0.4529,0.2463,0.6983,-3.98,0.4828,0.5091,0.1986,13.51,-0.69
361,Goga Bitadze,1629048,Indiana Pacers,IND,1610612754,C,2022-23,2,56,1.23,0.88,0.32,0.16,0.18,0.21,3.61,0.5192,0.2857,0.4583,0.27,0.5577,0.5515,0.1552,13.51,0.52
2541,John Konchar,1629723,Memphis Grizzlies,MEM,1610612763,SG,2023-24,3,67,3.51,3.84,1.64,0.76,0.76,0.69,17.52,0.4231,0.3167,0.8400,-2.25,0.5144,0.5365,0.0981,13.51,-0.09
3340,Zeke Nnaji,1630192,Denver Nuggets,DEN,1610612743,PF,2021-22,1,53,5.09,2.77,0.32,0.30,0.25,0.43,13.17,0.5161,0.4625,0.6308,-0.85,0.6156,0.6291,0.1509,13.51,-4.05
3307,Ryan Nembhard,1642948,Dallas Mavericks,DAL,1610612742,PG,2025-26,5,66,6.02,2.02,4.79,0.38,0.03,1.29,17.74,0.4154,0.3556,0.8065,-0.36,0.4769,0.4918,0.1756,13.50,6.22
3983,Luka Samanic,1629677,Utah Jazz,UTA,1610612762,PF,2022-23,2,7,9.86,4.29,2.14,0.86,0.29,1.43,22.97,0.4561,0.2581,0.6923,-0.86,0.5263,0.5501,0.1891,13.50,-0.87
3417,Josh Okogie,1629006,Phoenix Suns,PHX,1610612756,SG,2022-23,2,80,6.61,3.14,1.31,0.70,0.43,0.79,16.88,0.3913,0.3350,0.7240,1.33,0.4710,0.5306,0.1784,13.50,-0.59
123,OG Anunoby,1628384,Toronto Raptors,TOR,1610612761,SG,2023-24,3,28,14.57,3.79,2.57,1.00,0.46,1.54,32.14,0.4891,0.3742,0.7174,1.32,0.5841,0.5978,0.1830,13.49,-2.57
3809,Nick Richards,1630208,Phoenix Suns,PHX,1610612756,C,2025-26,5,51,1.75,1.78,0.16,0.08,0.27,0.49,4.97,0.4930,,0.6786,-1.18,0.4930,0.5341,0.1812,13.49,-4.65
2256,BJ Johnson,1629168,Orlando Magic,ORL,1610612753,SF,2021-22,1,4,6.50,3.75,0.00,0.00,0.25,0.00,16.13,0.4400,0.4000,,-3.00,0.5200,0.5200,0.1729,13.47,-3.74
1831,Tim Hardaway Jr.,203501,Denver Nuggets,DEN,1610612743,SG,2025-26,5,80,13.49,2.58,1.35,0.53,0.13,0.54,26.59,0.4467,0.4073,0.8112,2.50,0.5905,0.6235,0.1865,13.47,-3.76
4390,Edmond Sumner,1628410,Brooklyn Nets,BKN,1610612751,SG,2022-23,2,75,5.04,1.05,0.91,0.41,0.13,0.67,9.82,0.4610,0.3563,0.9167,0.33,0.5186,0.5971,0.2233,13.46,-1.90
542,Keion Brooks Jr.,1631232,New Orleans Pelicans,NOP,1610612740,SF,2024-25,4,18,7.89,3.22,0.72,0.56,0.56,0.67,18.43,0.4862,0.3256,0.7333,-8.06,0.5505,0.5810,0.1731,13.45,-3.36
4989,Vince Williams Jr.,1631246,Memphis Grizzlies,MEM,1610612763,SG,2025-26,5,40,6.43,3.25,3.60,0.60,0.35,1.48,17.39,0.3534,0.3108,0.7955,0.68,0.4458,0.4788,0.1951,13.45,4.39
1696,Draymond Green,203110,Golden State Warriors,GSW,1610612744,SF,2025-26,5,72,7.92,5.21,5.22,0.85,0.58,2.51,25.96,0.4175,0.3258,0.7024,-1.86,0.5204,0.5398,0.1628,13.44,2.70
1595,Anthony Gill,1630264,Washington Wizards,WAS,1610612764,SF,2023-24,3,81,2.33,1.16,0.42,0.16,0.14,0.28,5.76,0.4688,0.2439,0.8056,0.06,0.5000,0.5374,0.1804,13.44,-1.85
3131,Davion Mitchell,1630558,Miami Heat,MIA,1610612748,PG,2025-26,5,81,8.07,2.31,5.59,0.84,0.14,1.33,24.70,0.4897,0.3947,0.6462,2.49,0.5741,0.5823,0.1370,13.44,4.30
590,Troy Brown Jr.,1628972,Minnesota Timberwolves,MIN,1610612750,SG,2023-24,3,51,3.02,1.41,0.69,0.16,0.04,0.35,8.04,0.4407,0.3690,0.8636,0.02,0.5720,0.6031,0.1577,13.42,-2.43
4473,Cam Thomas,1630560,Brooklyn Nets,BKN,1610612751,SG,2021-22,1,78,7.31,2.06,1.00,0.42,0.10,0.71,15.08,0.4334,0.2701,0.8286,-1.78,0.4801,0.5189,0.2221,13.42,-2.29
2114,De'Andre Hunter,1629631,Atlanta Hawks,ATL,1610612737,SG,2023-24,3,58,15.36,3.83,1.50,0.69,0.28,1.43,28.99,0.4585,0.3849,0.8469,-0.84,0.5468,0.5946,0.2083,13.42,-4.02
3012,Jordan McLaughlin,1629162,Minnesota Timberwolves,MIN,1610612750,PG,2022-23,2,45,3.58,1.38,3.29,0.71,0.09,0.73,15.08,0.4207,0.3077,0.8333,1.87,0.5034,0.5264,0.1171,13.41,4.70
1702,Jeff Green,201145,Houston Rockets,HOU,1610612745,SF,2024-25,4,81,2.12,0.72,0.25,0.07,0.05,0.11,4.90,0.5041,0.3671,0.8077,-0.47,0.6240,0.6494,0.1479,13.41,-3.78
2092,Kevin Huerter,1628989,Sacramento Kings,SAC,1610612758,SG,2023-24,3,64,10.23,3.50,2.59,0.70,0.36,0.83,24.42,0.4429,0.3607,0.7660,1.17,0.5527,0.5640,0.1739,13.41,0.01
4757,T.J. Warren,203933,Phoenix Suns,PHX,1610612756,SF,2022-23,2,21,3.19,2.33,0.52,0.33,0.24,0.14,9.37,0.4286,0.3158,0.5000,2.57,0.4714,0.4726,0.1605,13.40,0.26
3166,Moses Moody,1630541,Golden State Warriors,GSW,1610612744,SG,2025-26,5,70,10.40,2.86,1.40,0.83,0.49,0.81,22.00,0.4399,0.4005,0.7699,1.14,0.5754,0.5999,0.1834,13.40,-2.31
496,Christian Braun,1631128,Denver Nuggets,DEN,1610612743,SG,2023-24,3,82,7.32,3.73,1.61,0.51,0.43,0.67,20.20,0.4596,0.3841,0.6940,-0.16,0.5248,0.5535,0.1585,13.40,-1.37
2035,Richaun Holmes,1626158,Sacramento Kings,SAC,1610612758,PF,2022-23,2,77,1.69,1.04,0.12,0.04,0.14,0.18,4.51,0.6180,0.6250,0.7895,-0.90,0.6461,0.6676,0.1377,13.38,-4.66
765,Julian Champagnie,1630577,San Antonio Spurs,SAS,1610612759,SF,2024-25,4,80,10.06,3.90,1.38,0.76,0.44,0.89,23.81,0.4136,0.3690,0.9022,-0.96,0.5470,0.5746,0.1739,13.38,-2.59
3536,Cameron Payne,1626166,New York Knicks,NYK,1610612752,PG,2024-25,4,76,6.58,1.37,2.67,0.51,0.21,0.68,14.34,0.4013,0.3633,0.9074,2.68,0.5056,0.5322,0.2100,13.38,4.11
928,Robert Covington,203496,Philadelphia 76ers,PHI,1610612755,SF,2023-24,3,31,3.81,2.87,0.55,1.06,0.52,0.35,13.52,0.4494,0.3542,0.8750,1.90,0.5449,0.5926,0.1117,13.38,-1.21
4049,Dennis Schröder,203471,Cleveland Cavaliers,CLE,1610612739,PG,2025-26,5,31,7.94,2.19,4.19,0.74,0.16,1.45,20.66,0.4010,0.2903,0.8611,0.68,0.4444,0.5153,0.1922,13.38,3.08
3458,Kelly Oubre Jr.,1626162,Philadelphia 76ers,PHI,1610612755,SG,2025-26,5,50,14.10,5.04,1.60,1.36,0.48,1.38,31.48,0.4669,0.3598,0.7655,-1.32,0.5460,0.5800,0.1840,13.38,-3.25
2153,Jaden Ivey,1631093,Detroit Pistons,DET,1610612765,PG,2023-24,3,80,14.81,3.30,3.70,0.71,0.51,2.38,27.72,0.4286,0.3360,0.7492,-4.38,0.4923,0.5356,0.2506,13.36,-0.43
2214,Jaime Jaquez Jr.,1631170,Miami Heat,MIA,1610612748,SG,2023-24,3,76,11.70,3.75,2.57,1.01,0.26,1.45,27.81,0.4892,0.3218,0.8114,1.42,0.5359,0.5743,0.1879,13.35,-2.04
3650,Otto Porter Jr.,203490,Toronto Raptors,TOR,1610612761,SF,2022-23,2,9,4.89,2.11,0.89,1.22,0.00,0.44,16.27,0.5000,0.3529,1.0000,-2.33,0.6000,0.6563,0.1041,13.34,-2.66
4174,Jericho Sims,1630579,New York Knicks,NYK,1610612752,C,2021-22,1,70,1.29,2.41,0.30,0.16,0.31,0.29,7.93,0.7222,,0.4138,1.09,0.7222,0.6741,0.0688,13.34,-3.21
2644,Caris LeVert,1627747,Cleveland Cavaliers,CLE,1610612739,PG,2021-22,1,19,13.58,3.37,3.95,0.84,0.26,1.74,29.84,0.4353,0.3134,0.7447,-2.26,0.4806,0.5105,0.2293,13.33,0.61
496,Christian Braun,1631128,Denver Nuggets,DEN,1610612743,SG,2025-26,5,47,11.19,4.49,2.55,0.64,0.26,0.91,29.77,0.5193,0.3007,0.7822,6.19,0.5746,0.6068,0.1471,13.33,-2.33
2756,Kyle Lowry,200768,Miami Heat,MIA,1610612748,PG,2022-23,2,57,10.79,3.95,4.93,1.00,0.37,1.81,30.13,0.4041,0.3452,0.8593,0.96,0.5144,0.5648,0.1683,13.32,1.94
2656,Damion Lee,1627814,Phoenix Suns,PHX,1610612756,SG,2024-25,4,82,1.01,0.24,0.13,0.07,0.00,0.12,1.76,0.3649,0.2432,0.9524,0.30,0.4257,0.4986,0.2880,13.32,-2.14
1128,Gorgui Dieng,203476,San Antonio Spurs,SAS,1610612759,C,2022-23,2,75,1.61,1.43,0.71,0.05,0.19,0.43,4.77,0.3846,0.2800,0.7692,-2.03,0.4744,0.4930,0.1791,13.32,2.23
3758,Duop Reath,1641871,Portland Trail Blazers,POR,1610612757,C,2024-25,4,81,2.40,1.14,0.32,0.15,0.17,0.20,5.80,0.4217,0.3208,0.9091,-0.68,0.5241,0.5521,0.1710,13.31,-2.00
1054,Terence Davis,1629056,Sacramento Kings,SAC,1610612758,SG,2022-23,2,80,5.39,1.74,0.84,0.54,0.15,0.66,10.52,0.4231,0.3663,0.7907,0.59,0.5453,0.5628,0.2226,13.31,-0.80
2855,Naji Marshall,1630230,New Orleans Pelicans,NOP,1610612740,SF,2022-23,2,77,9.06,3.62,2.45,0.70,0.18,1.26,23.27,0.4326,0.3028,0.7886,0.08,0.4904,0.5386,0.1795,13.31,-0.89
4846,Coby White,1629632,Chicago Bulls,CHI,1610612741,PG,2022-23,2,74,9.66,2.86,2.76,0.73,0.08,1.00,23.39,0.4428,0.3721,0.8714,1.93,0.5505,0.5722,0.1801,13.31,-0.03
3313,Raul Neto,203526,Washington Wizards,WAS,1610612764,PG,2021-22,1,76,6.92,1.76,2.86,0.72,0.04,1.04,18.06,0.4626,0.2917,0.7685,-1.14,0.5023,0.5384,0.1851,13.30,1.40
2918,Skylar Mays,1630219,Portland Trail Blazers,POR,1610612757,PG,2023-24,3,33,4.03,1.12,2.27,0.42,0.09,0.55,10.78,0.3841,0.2857,0.7647,-2.85,0.4348,0.4571,0.1942,13.29,5.19
998,Dyson Daniels,1630700,New Orleans Pelicans,NOP,1610612740,SG,2023-24,3,61,5.80,3.87,2.69,1.39,0.41,0.97,22.28,0.4469,0.3111,0.6415,1.16,0.5145,0.5294,0.1257,13.28,0.94
443,Brandon Boston,1630527,New Orleans Pelicans,NOP,1610612740,SG,2024-25,4,45,9.96,2.98,2.04,1.18,0.20,1.16,22.05,0.4357,0.3500,0.7882,-3.11,0.5000,0.5354,0.2009,13.27,-0.98
60,Grayson Allen,1628960,Milwaukee Bucks,MIL,1610612749,SG,2021-22,1,70,10.47,3.17,1.43,0.66,0.26,0.61,25.78,0.4482,0.4087,0.8649,3.33,0.5879,0.6092,0.1541,13.27,-2.90
1635,Brandon Goodwin,1629164,Cleveland Cavaliers,CLE,1610612739,PG,2021-22,1,46,3.72,1.46,1.98,0.54,0.02,0.78,10.91,0.4156,0.3455,0.6316,-1.15,0.4773,0.5008,0.1859,13.26,2.86
626,Alec Burks,202692,Miami Heat,MIA,1610612748,SG,2024-25,4,79,4.32,1.53,0.66,0.34,0.09,0.35,10.56,0.4183,0.4150,0.7755,1.32,0.5760,0.5992,0.1681,13.26,-2.93
1895,Sam Hauser,1630573,Boston Celtics,BOS,1610612738,SF,2022-23,2,82,6.24,2.49,0.87,0.35,0.26,0.37,15.73,0.4545,0.4179,0.7059,2.67,0.6313,0.6345,0.1476,13.25,-2.46
768,Kennedy Chandler,1631113,Memphis Grizzlies,MEM,1610612763,PG,2022-23,2,77,1.01,0.49,0.75,0.16,0.06,0.23,3.66,0.4217,0.1333,0.4615,-0.53,0.4337,0.4396,0.1579,13.24,4.61
4531,Xavier Tillman,1630214,Memphis Grizzlies,MEM,1610612763,SF,2023-24,3,39,5.23,4.03,1.46,1.08,0.90,0.74,17.95,0.4085,0.2264,0.4186,-2.62,0.4366,0.4398,0.1608,13.24,1.00
2433,Yuki Kawamura,1642530,Memphis Grizzlies,MEM,1610612763,PG,2024-25,4,43,0.84,0.28,0.44,0.05,0.00,0.12,2.15,0.3667,0.3043,0.7778,0.63,0.4833,0.5300,0.1714,13.24,3.88
1161,Ayo Dosunmu,1630245,Chicago Bulls,CHI,1610612741,PG,2023-24,3,76,12.16,2.84,3.18,0.89,0.47,1.36,29.11,0.5007,0.4034,0.8095,-2.08,0.5834,0.6038,0.1733,13.23,-1.38
1978,Buddy Hield,1627741,Golden State Warriors,GSW,1610612744,SG,2025-26,5,51,6.94,2.12,1.29,0.73,0.18,0.82,15.05,0.4333,0.3436,0.7941,-1.73,0.5450,0.5620,0.1972,13.23,-1.63
738,Alex Caruso,1627936,Oklahoma City Thunder,OKC,1610612760,SG,2025-26,5,62,5.44,2.37,1.73,1.11,0.27,0.77,16.07,0.4192,0.2921,0.8039,5.81,0.5086,0.5376,0.1582,13.21,0.13
2114,De'Andre Hunter,1629631,Cleveland Cavaliers,CLE,1610612739,SG,2025-26,5,45,13.33,4.04,1.98,0.67,0.13,1.58,24.99,0.4232,0.3080,0.8686,-0.44,0.4990,0.5532,0.2267,13.21,-2.63
3839,Zaccharie Risacher,1642258,Atlanta Hawks,ATL,1610612737,SF,2024-25,4,77,12.21,3.48,1.19,0.68,0.48,1.18,23.72,0.4588,0.3557,0.7114,-1.45,0.5374,0.5585,0.2110,13.21,-3.41
443,Brandon Boston,1630527,Los Angeles Clippers,LAC,1610612746,SG,2022-23,2,43,3.33,0.70,0.47,0.21,0.00,0.28,5.78,0.4180,0.4138,0.7632,-1.02,0.4672,0.5154,0.2646,13.21,-1.02
1941,Taylor Hendricks,1641707,Utah Jazz,UTA,1610612762,PF,2023-24,3,52,5.62,3.56,0.62,0.54,0.58,0.52,16.47,0.4500,0.3786,0.7931,-2.88,0.5604,0.5776,0.1381,13.21,-2.88
2639,A.J. Lawson,1630639,Dallas Mavericks,DAL,1610612742,SG,2022-23,2,25,2.16,0.80,0.08,0.08,0.00,0.12,4.26,0.4884,0.4000,0.2500,-1.64,0.6047,0.5804,0.2112,13.21,-4.20
2714,Chris Livingston,1641753,Milwaukee Bucks,MIL,1610612749,SF,2024-25,4,53,0.57,0.66,0.09,0.09,0.00,0.11,2.00,0.3333,0.0000,0.7500,-0.55,0.3333,0.4407,0.1670,13.20,-2.54
2518,Dalton Knecht,1642261,Los Angeles Lakers,LAL,1610612747,SF,2024-25,4,80,8.83,2.70,0.83,0.30,0.10,0.46,18.68,0.4614,0.3765,0.7619,-0.91,0.5763,0.5943,0.1869,13.20,-3.89
3066,Sam Merrill,1630241,Cleveland Cavaliers,CLE,1610612739,SG,2023-24,3,77,6.30,1.56,1.40,0.25,0.05,0.25,13.88,0.4020,0.4040,0.9286,0.36,0.5840,0.5983,0.1767,13.19,-0.45
1912,Killian Hayes,1630165,Brooklyn Nets,BKN,1610612751,PG,2024-25,4,6,9.00,3.00,5.17,0.67,0.67,1.50,27.07,0.4186,0.3810,0.8333,-4.00,0.5116,0.5592,0.1465,13.19,2.87
1420,Malachi Flynn,1630201,New York Knicks,NYK,1610612752,PG,2023-24,3,17,1.82,0.35,0.35,0.06,0.00,0.18,3.55,0.3913,0.3077,0.8182,-0.24,0.4783,0.5568,0.2227,13.19,-2.12
1831,Tim Hardaway Jr.,203501,Dallas Mavericks,DAL,1610612742,SG,2023-24,3,79,14.42,3.22,1.76,0.53,0.08,0.87,26.84,0.4016,0.3534,0.8521,0.16,0.5097,0.5422,0.2272,13.17,-2.38
498,Koby Brea,1642886,Phoenix Suns,PHX,1610612756,PG,2025-26,5,20,2.25,0.40,0.50,0.05,0.00,0.20,4.20,0.4167,0.4333,1.0000,-0.25,0.5972,0.6101,0.2114,13.17,-1.15
4575,Gary Trent Jr.,1629018,Toronto Raptors,TOR,1610612761,SG,2021-22,1,71,18.07,2.69,1.99,1.72,0.27,1.03,34.48,0.4144,0.3835,0.8529,2.39,0.5106,0.5456,0.2196,13.16,-1.77
3658,Micah Potter,1630695,Utah Jazz,UTA,1610612762,C,2023-24,3,25,2.12,1.72,0.24,0.16,0.24,0.20,7.45,0.4750,0.4286,0.7500,-1.12,0.5875,0.6089,0.1119,13.16,-3.78
340,Patrick Beverley,201976,Philadelphia 76ers,PHI,1610612755,SG,2023-24,3,48,6.13,3.02,3.00,0.50,0.38,1.02,19.15,0.4315,0.3211,0.8095,-0.31,0.5041,0.5470,0.1482,13.15,1.48
2153,Jaden Ivey,1631093,Detroit Pistons,DET,1610612765,PG,2025-26,5,33,8.18,2.18,1.58,0.45,0.36,1.06,16.81,0.4500,0.3717,0.7895,2.03,0.5455,0.5703,0.2039,13.14,-2.14
1483,Javon Freeman-Liberty,1631241,Toronto Raptors,TOR,1610612761,SG,2023-24,3,31,4.94,2.26,1.29,0.32,0.13,0.81,13.00,0.4435,0.2381,0.9167,-5.13,0.4839,0.5471,0.1756,13.14,-2.18
2704,E.J. Liddell,1630604,Brooklyn Nets,BKN,1610612751,SF,2025-26,5,39,3.77,1.77,0.62,0.15,0.26,0.38,8.95,0.4865,0.3462,0.8077,-1.21,0.5676,0.6003,0.1737,13.14,-2.44
2393,Derrick Jones Jr.,1627884,Chicago Bulls,CHI,1610612741,SF,2022-23,2,75,4.25,2.04,0.45,0.39,0.49,0.33,11.91,0.5000,0.3375,0.7381,1.63,0.5587,0.5975,0.1455,13.13,-2.81
3705,Neemias Queta,1629674,Sacramento Kings,SAC,1610612758,C,2021-22,1,39,1.15,0.79,0.15,0.03,0.21,0.15,3.07,0.4474,,0.6471,-0.18,0.4474,0.4947,0.1876,13.13,-1.32
5125,Tristan da Silva,1641783,Orlando Magic,ORL,1610612753,SF,2025-26,5,76,9.87,3.63,1.61,0.84,0.32,0.88,24.31,0.4574,0.3846,0.8817,1.67,0.5576,0.5860,0.1625,13.12,-2.83
3769,Davon Reed,1628432,Denver Nuggets,DEN,1610612743,SG,2021-22,1,59,3.54,1.83,0.90,0.41,0.15,0.27,11.31,0.5031,0.4302,0.6667,-0.44,0.6180,0.6235,0.1203,13.12,-1.24
1571,Keyonte George,1641718,Utah Jazz,UTA,1610612762,PG,2023-24,3,77,12.65,2.74,4.31,0.47,0.09,2.44,26.26,0.3914,0.3341,0.8475,-4.86,0.4816,0.5333,0.2284,13.12,-0.30
4382,Max Strus,1629622,Cleveland Cavaliers,CLE,1610612739,SG,2023-24,3,70,12.19,4.83,4.04,0.91,0.41,1.60,31.99,0.4176,0.3507,0.7938,3.63,0.5330,0.5534,0.1733,13.11,0.14
4645,Jarred Vanderbilt,1629020,Los Angeles Lakers,LAL,1610612747,SF,2025-26,5,82,3.51,3.56,1.02,0.67,0.23,0.68,13.75,0.4708,0.2929,0.5893,0.07,0.5313,0.5441,0.1251,13.11,-1.81
615,Kobe Bufkin,1641723,Atlanta Hawks,ATL,1610612737,SG,2024-25,4,22,2.41,0.95,0.77,0.14,0.09,0.36,5.62,0.3830,0.2105,0.7222,-1.05,0.4255,0.4825,0.2078,13.11,0.89
2639,A.J. Lawson,1630639,Toronto Raptors,TOR,1610612761,SG,2025-26,5,35,2.89,1.23,0.20,0.34,0.11,0.17,6.45,0.4359,0.4222,0.7778,-0.26,0.5577,0.5878,0.1774,13.10,-2.66
4011,Marcus Sasser,1631204,Detroit Pistons,DET,1610612765,PG,2023-24,3,78,7.51,1.60,3.03,0.56,0.15,1.15,17.32,0.4277,0.3750,0.8788,-3.21,0.5156,0.5415,0.1996,13.10,1.75
418,Adem Bona,1641737,Philadelphia 76ers,PHI,1610612755,PF,2025-26,5,76,4.53,4.04,0.42,0.39,1.08,0.74,16.24,0.5955,0.3333,0.7080,-0.11,0.6000,0.6377,0.1121,13.10,-4.19
1831,Tim Hardaway Jr.,203501,Dallas Mavericks,DAL,1610612742,SG,2021-22,1,42,14.24,3.71,2.19,0.90,0.14,0.81,29.64,0.3943,0.3355,0.7573,0.86,0.4906,0.5197,0.2207,13.09,-0.91
4526,Matisse Thybulle,1629680,Portland Trail Blazers,POR,1610612757,SG,2025-26,5,74,2.35,0.80,0.36,0.81,0.22,0.38,6.48,0.4328,0.3978,0.8400,1.19,0.5709,0.6000,0.1481,13.09,-1.37
3835,Will Riley,1642860,Washington Wizards,WAS,1610612764,PF,2025-26,5,80,9.55,2.65,1.83,0.68,0.11,1.18,20.41,0.4385,0.3158,0.8000,-6.05,0.5016,0.5479,0.2031,13.09,-2.51
3258,Mike Muscala,203488,Boston Celtics,BOS,1610612738,PF,2022-23,2,26,4.54,2.62,0.46,0.15,0.19,0.35,12.43,0.4719,0.3846,0.6923,1.96,0.6124,0.6229,0.1408,13.09,-3.71
3055,De'Anthony Melton,1629001,Golden State Warriors,GSW,1610612744,SG,2024-25,4,6,10.33,3.33,2.83,1.17,0.33,1.67,20.17,0.4074,0.3714,0.6250,4.50,0.5278,0.5389,0.2246,13.09,1.79
4269,Jabari Smith Jr.,1631095,Houston Rockets,HOU,1610612745,PF,2022-23,2,79,12.78,7.20,1.28,0.54,0.94,1.32,31.02,0.4081,0.3069,0.7864,-7.03,0.4753,0.5139,0.1853,13.08,-2.45
2153,Jaden Ivey,1631093,Detroit Pistons,DET,1610612765,PG,2022-23,2,76,15.84,3.79,5.09,0.80,0.22,3.12,30.33,0.4161,0.3429,0.7472,-8.45,0.4771,0.5282,0.2557,13.08,0.84
4642,Fred VanVleet,1627832,Houston Rockets,HOU,1610612745,PG,2024-25,4,75,11.15,2.83,4.35,1.24,0.33,1.15,27.59,0.3817,0.3511,0.8209,3.60,0.4879,0.5206,0.1781,13.08,2.60
4261,Terquavion Smith,1631173,Philadelphia 76ers,PHI,1610612755,PG,2023-24,3,29,1.79,0.14,0.41,0.28,0.00,0.24,2.92,0.3913,0.3714,0.6000,-0.24,0.5326,0.5394,0.2838,13.07,1.90
480,Tony Bradley,1628396,Indiana Pacers,IND,1610612754,C,2025-26,5,47,3.21,2.28,0.43,0.13,0.15,0.36,8.85,0.5566,0.5000,0.7442,-2.26,0.5613,0.6044,0.1447,13.07,-3.79
2678,Meyers Leonard,203086,Milwaukee Bucks,MIL,1610612749,PF,2022-23,2,17,2.53,2.00,0.06,0.12,0.00,0.35,6.69,0.4828,0.3889,0.8889,-1.59,0.6034,0.6523,0.1469,13.06,-5.80
1978,Buddy Hield,1627741,Golden State Warriors,GSW,1610612744,SG,2024-25,4,82,11.12,3.22,1.63,0.84,0.28,1.11,22.72,0.4173,0.3698,0.8281,1.72,0.5464,0.5601,0.2064,13.05,-2.14
4473,Cam Thomas,1630560,Brooklyn Nets,BKN,1610612751,SG,2025-26,5,27,13.89,1.59,2.74,0.15,0.07,1.78,21.56,0.3994,0.3248,0.8426,-4.93,0.4610,0.5274,0.3037,13.05,-1.79
1939,Scoot Henderson,1630703,Portland Trail Blazers,POR,1610612757,PG,2025-26,5,56,7.63,1.43,2.00,0.48,0.16,1.30,13.36,0.4181,0.3519,0.8400,0.95,0.5015,0.5531,0.2501,13.04,-0.15
537,Dillon Brooks,1628415,Phoenix Suns,PHX,1610612756,SG,2025-26,5,57,19.84,3.56,1.74,1.00,0.16,1.72,29.85,0.4348,0.3442,0.8416,-0.86,0.5010,0.5397,0.2868,13.04,-2.93
4268,Dennis Smith Jr.,1628372,Charlotte Hornets,CHA,1610612766,PG,2022-23,2,59,8.03,2.83,4.42,1.27,0.42,1.39,23.56,0.4115,0.2162,0.7358,-1.19,0.4381,0.4753,0.1771,13.04,4.32
4372,Julian Strawther,1631124,Denver Nuggets,DEN,1610612743,SG,2025-26,5,70,5.90,1.63,0.87,0.36,0.09,0.51,12.29,0.4671,0.3867,0.8143,0.29,0.5580,0.5903,0.1961,13.03,-3.00
4948,Kenrich Williams,1629026,Oklahoma City Thunder,OKC,1610612760,SG,2023-24,3,72,4.51,2.90,1.29,0.53,0.13,0.44,14.29,0.4679,0.3972,0.5000,2.11,0.5679,0.5679,0.1352,13.03,-0.76
3249,Keegan Murray,1631099,Sacramento Kings,SAC,1610612758,SF,2022-23,2,80,12.20,4.64,1.23,0.76,0.53,0.75,29.76,0.4527,0.4112,0.7654,1.24,0.5844,0.5968,0.1585,13.03,-3.16
1702,Jeff Green,201145,Denver Nuggets,DEN,1610612743,SF,2021-22,1,75,10.29,3.08,1.28,0.37,0.36,0.95,24.65,0.5236,0.3155,0.8333,0.79,0.5737,0.6265,0.1640,13.03,-4.35
4852,Jack White,1631298,Denver Nuggets,DEN,1610612743,SF,2022-23,2,41,0.51,0.41,0.10,0.07,0.05,0.05,1.60,0.4211,0.3333,0.6667,-0.41,0.5000,0.5167,0.1487,13.02,-0.02
3684,Taurean Prince,1627752,Minnesota Timberwolves,MIN,1610612750,SF,2021-22,1,76,6.61,2.29,0.89,0.62,0.30,0.70,15.48,0.4538,0.3755,0.7561,-0.07,0.5641,0.5891,0.1706,13.02,-2.54
1079,Gabriel Deck,1630466,Oklahoma City Thunder,OKC,1610612760,SF,2021-22,1,35,0.51,0.17,0.14,0.03,0.00,0.06,1.59,0.5714,0.5000,,-0.40,0.6429,0.6429,0.1255,13.02,-3.21
4532,Drew Timme,1631166,Los Angeles Lakers,LAL,1610612747,PF,2025-26,5,38,2.42,0.87,0.61,0.16,0.00,0.34,6.19,0.5758,0.4400,0.5556,-0.61,0.6591,0.6575,0.1561,13.01,-3.30
1753,Mouhamed Gueye,1631243,Atlanta Hawks,ATL,1610612737,PF,2025-26,5,81,4.22,3.40,0.85,0.75,0.48,0.41,14.55,0.4517,0.3077,0.6452,0.53,0.5207,0.5390,0.1247,13.01,-1.11
4770,P.J. Washington,1629023,Dallas Mavericks,DAL,1610612742,SF,2023-24,3,29,11.69,6.17,1.52,1.17,0.93,1.03,32.24,0.4205,0.3136,0.6275,5.38,0.5083,0.5224,0.1640,13.00,-2.39
1939,Scoot Henderson,1630703,Portland Trail Blazers,POR,1610612757,PG,2024-25,4,81,10.33,2.44,4.14,0.84,0.16,2.19,21.72,0.4190,0.3535,0.7670,-0.47,0.4956,0.5396,0.2273,13.00,1.63
2092,Kevin Huerter,1628989,Chicago Bulls,CHI,1610612741,SG,2024-25,4,27,12.70,3.15,3.04,1.11,0.26,1.11,28.87,0.4388,0.3763,0.7143,6.26,0.5578,0.5656,0.1800,12.99,-0.62
3116,Paul Millsap,200794,Brooklyn Nets,BKN,1610612751,SF,2021-22,1,33,2.48,2.70,0.73,0.15,0.33,0.33,8.18,0.3765,0.2222,0.7059,0.12,0.4118,0.4433,0.1672,12.99,1.84
1641,Eric Gordon,201569,Houston Rockets,HOU,1610612745,PG,2021-22,1,63,12.14,1.79,2.44,0.44,0.29,1.70,26.50,0.4752,0.4120,0.7778,-2.79,0.5851,0.6136,0.1869,12.99,-3.67
2343,Damian Jones,1627745,Utah Jazz,UTA,1610612762,C,2022-23,2,25,3.48,2.68,0.44,0.20,0.36,0.56,12.04,0.7143,0.7143,0.7778,-1.96,0.8163,0.8214,0.0919,12.99,-5.10
5065,Delon Wright,1626153,Miami Heat,MIA,1610612748,PG,2023-24,3,27,2.81,1.00,1.37,0.70,0.11,0.11,10.59,0.3939,0.3667,0.8125,2.30,0.4773,0.5203,0.1222,12.98,1.95
2644,Caris LeVert,1627747,Cleveland Cavaliers,CLE,1610612739,PG,2022-23,2,76,11.80,3.71,3.78,0.95,0.32,1.53,29.44,0.4313,0.3920,0.7222,2.55,0.5168,0.5462,0.1890,12.97,0.36
4951,Lou Williams,101150,Atlanta Hawks,ATL,1610612737,PG,2021-22,1,64,5.53,1.36,1.64,0.44,0.05,0.67,12.48,0.3906,0.3627,0.8590,0.23,0.4484,0.4995,0.2180,12.97,0.76
1428,Bryn Forbes,1627854,San Antonio Spurs,SAS,1610612759,SG,2021-22,1,44,8.25,1.43,0.93,0.39,0.07,0.75,15.36,0.4324,0.4172,0.8980,-0.91,0.5389,0.5715,0.2197,12.96,-3.45
3637,Jordan Poole,1629673,Washington Wizards,WAS,1610612764,PG,2023-24,3,82,16.54,2.59,4.18,1.05,0.30,2.29,28.60,0.4132,0.3262,0.8767,-6.73,0.4907,0.5287,0.2650,12.96,0.72
1109,Donte DiVincenzo,1628978,Minnesota Timberwolves,MIN,1610612750,SG,2025-26,5,82,12.20,4.10,3.82,1.27,0.41,1.44,30.41,0.4060,0.3789,0.7429,4.11,0.5521,0.5674,0.1699,12.96,0.40
340,Patrick Beverley,201976,Milwaukee Bucks,MIL,1610612749,SG,2023-24,3,26,6.04,3.62,2.62,0.73,0.50,0.62,20.90,0.3913,0.3611,0.8519,-1.77,0.4855,0.5238,0.1376,12.95,1.35
3012,Jordan McLaughlin,1629162,San Antonio Spurs,SAS,1610612759,PG,2025-26,5,71,1.25,0.45,0.54,0.28,0.03,0.21,3.96,0.4177,0.4250,0.8571,-0.86,0.5253,0.5422,0.1468,12.94,0.54
355,Khem Birch,203920,Toronto Raptors,TOR,1610612761,C,2021-22,1,57,4.33,4.19,0.98,0.53,0.46,0.51,17.38,0.4850,0.0000,0.7465,0.37,0.4850,0.5341,0.1123,12.94,-1.89
227,Dominick Barlow,1631230,San Antonio Spurs,SAS,1610612759,PF,2022-23,2,32,3.44,3.19,0.75,0.31,0.59,0.47,12.73,0.5349,0.0000,0.7200,-3.38,0.5349,0.5670,0.1134,12.93,-1.61
4382,Max Strus,1629622,Miami Heat,MIA,1610612748,SG,2021-22,1,73,9.88,2.77,1.26,0.38,0.22,0.78,21.74,0.4415,0.4095,0.7925,2.34,0.6020,0.6138,0.1826,12.92,-3.28
2969,Jalen McDaniels,1629667,Charlotte Hornets,CHA,1610612766,PF,2022-23,2,56,10.63,4.82,1.98,1.18,0.52,1.43,26.67,0.4474,0.3218,0.8462,-3.02,0.5132,0.5512,0.1737,12.92,-1.58
961,Jae Crowder,203109,Phoenix Suns,PHX,1610612756,SF,2021-22,1,76,8.32,4.66,1.63,1.25,0.39,0.72,24.81,0.3989,0.3479,0.7889,5.20,0.5156,0.5415,0.1470,12.90,-0.85
4989,Vince Williams Jr.,1631246,Utah Jazz,UTA,1610612762,SG,2025-26,5,6,4.67,3.17,2.67,0.33,0.33,1.17,13.92,0.3571,0.3333,0.5000,0.33,0.4643,0.4704,0.1768,12.90,3.49
766,Justin Champagnie,1630551,Toronto Raptors,TOR,1610612761,SG,2021-22,1,61,1.33,1.18,0.18,0.13,0.07,0.13,4.60,0.4627,0.3571,1.0000,0.85,0.5373,0.5707,0.1210,12.89,-2.84
3131,Davion Mitchell,1630558,Miami Heat,MIA,1610612748,PG,2024-25,4,32,9.66,2.56,5.00,1.28,0.25,1.56,29.60,0.5043,0.4468,0.7021,2.00,0.5948,0.6114,0.1441,12.89,1.10
1111,Mamadi Diakite,1629603,Oklahoma City Thunder,OKC,1610612760,PF,2021-22,1,14,4.00,4.21,0.14,0.36,0.64,0.50,13.41,0.5319,0.0000,0.5455,-1.00,0.5319,0.5401,0.1374,12.89,-3.10
1129,Ousmane Dieng,1631172,Oklahoma City Thunder,OKC,1610612760,PF,2024-25,4,52,2.73,1.56,0.60,0.33,0.13,0.35,7.79,0.4320,0.3239,0.6875,0.87,0.5240,0.5377,0.1578,12.89,-1.57
2865,Cody Martin,1628998,Charlotte Hornets,CHA,1610612766,SF,2024-25,4,39,7.85,4.51,2.28,1.10,0.67,1.08,24.80,0.4328,0.3226,0.6939,-1.38,0.5075,0.5284,0.1452,12.89,-0.73
3536,Cameron Payne,1626166,Philadelphia 76ers,PHI,1610612755,PG,2023-24,3,32,8.97,1.72,3.00,0.63,0.25,1.09,18.83,0.4131,0.3824,0.9130,0.09,0.5135,0.5332,0.2241,12.88,1.82
2259,Cameron Johnson,1629661,Denver Nuggets,DEN,1610612743,SF,2025-26,5,55,12.00,3.75,2.40,0.73,0.38,0.85,29.94,0.4800,0.4297,0.8393,6.24,0.5958,0.6294,0.1491,12.87,-2.60
3451,Cedi Osman,1626224,San Antonio Spurs,SAS,1610612759,SF,2023-24,3,72,6.79,2.50,1.65,0.50,0.15,0.65,17.63,0.4792,0.3891,0.6731,-4.90,0.5911,0.6009,0.1511,12.86,-1.74
935,Torrey Craig,1628470,Phoenix Suns,PHX,1610612756,SF,2021-22,1,27,6.93,4.26,1.22,0.81,0.63,1.04,20.83,0.4500,0.3229,0.7059,0.52,0.5469,0.5583,0.1497,12.86,-2.21
368,Leaky Black,1641778,Charlotte Hornets,CHA,1610612766,SF,2023-24,3,49,1.41,0.98,0.49,0.16,0.22,0.12,5.80,0.4808,0.4500,0.6667,-0.55,0.5673,0.5887,0.0997,12.83,-1.17
3249,Keegan Murray,1631099,Sacramento Kings,SAC,1610612758,SF,2025-26,5,38,8.45,3.47,1.00,0.63,0.95,0.71,20.87,0.4200,0.2768,0.7755,-4.32,0.4717,0.4991,0.1874,12.82,-2.35
3066,Sam Merrill,1630241,Cleveland Cavaliers,CLE,1610612739,SG,2025-26,5,53,12.51,2.51,2.36,0.62,0.13,0.79,25.98,0.4607,0.4213,0.8551,4.57,0.6240,0.6445,0.1714,12.82,-2.13
677,Kentavious Caldwell-Pope,203484,Memphis Grizzlies,MEM,1610612763,SG,2025-26,5,51,8.25,2.39,2.67,0.78,0.14,1.12,20.72,0.4153,0.3234,0.9125,-2.10,0.4915,0.5409,0.1755,12.82,-0.49
1636,Jordan Goodwin,1630692,Los Angeles Lakers,LAL,1610612747,SG,2024-25,4,29,5.55,3.86,1.45,1.03,0.38,0.90,18.72,0.4375,0.3824,0.8182,-0.38,0.5278,0.5408,0.1414,12.82,-1.52
1811,R.J. Hampton,1630181,Orlando Magic,ORL,1610612753,SG,2022-23,2,44,3.39,0.89,0.77,0.36,0.09,0.48,8.19,0.4386,0.3396,0.8378,-0.82,0.5175,0.5718,0.1830,12.81,-1.94
4846,Coby White,1629632,Chicago Bulls,CHI,1610612741,PG,2021-22,1,64,12.06,2.84,2.75,0.45,0.17,1.09,26.17,0.4332,0.3853,0.8571,-0.53,0.5388,0.5643,0.1999,12.81,-0.97
1059,JD Davison,1631120,Houston Rockets,HOU,1610612745,PG,2025-26,5,54,1.28,0.63,0.65,0.11,0.11,0.13,4.04,0.3750,0.2500,0.6842,0.30,0.4375,0.4768,0.1542,12.80,3.11
3555,Noah Penda,1642869,Orlando Magic,ORL,1610612753,SG,2025-26,5,77,2.77,2.34,0.88,0.38,0.22,0.52,9.51,0.4041,0.3256,0.6591,-0.51,0.4767,0.5015,0.1464,12.79,-0.85
4881,Aaron Wiggins,1630598,Oklahoma City Thunder,OKC,1610612760,SG,2022-23,2,82,5.84,2.57,0.98,0.48,0.18,0.68,15.83,0.5124,0.3934,0.8310,0.11,0.5785,0.6075,0.1456,12.79,-3.38
4881,Aaron Wiggins,1630598,Oklahoma City Thunder,OKC,1610612760,SG,2025-26,5,70,8.73,2.83,1.56,0.86,0.40,1.14,20.03,0.4342,0.3609,0.7361,2.71,0.5244,0.5420,0.2000,12.79,-2.42
3662,Dwight Powell,203939,Dallas Mavericks,DAL,1610612742,PF,2024-25,4,66,1.73,1.79,0.83,0.27,0.32,0.27,8.35,0.6885,0.4000,0.6512,-0.21,0.7049,0.7132,0.0769,12.78,-0.73
2588,Jake LaRavia,1631222,Memphis Grizzlies,MEM,1610612763,SF,2023-24,3,52,7.29,2.46,1.12,0.56,0.23,0.87,15.48,0.3894,0.3397,0.8257,-2.19,0.4769,0.5399,0.2114,12.78,-2.34
2511,Maxi Kleber,1628467,Dallas Mavericks,DAL,1610612742,PF,2021-22,1,62,6.63,5.65,1.10,0.48,0.94,0.76,23.38,0.3983,0.3255,0.7077,1.94,0.5155,0.5371,0.1349,12.78,-2.09
677,Kentavious Caldwell-Pope,203484,Washington Wizards,WAS,1610612764,SG,2021-22,1,77,13.22,3.39,1.88,1.08,0.34,1.26,30.24,0.4355,0.3897,0.8896,-2.97,0.5314,0.5676,0.1906,12.77,-2.94
290,Malik Beasley,1627736,Minnesota Timberwolves,MIN,1610612750,SG,2021-22,1,80,11.91,2.84,1.45,0.54,0.15,0.54,24.70,0.3906,0.3768,0.8167,1.03,0.5318,0.5437,0.1954,12.77,-2.05
935,Torrey Craig,1628470,Phoenix Suns,PHX,1610612756,SF,2022-23,2,79,7.44,5.39,1.48,0.63,0.78,0.92,24.66,0.4560,0.3953,0.7111,-2.24,0.5560,0.5656,0.1305,12.77,-2.09
921,Ricky Council IV,1641741,Philadelphia 76ers,PHI,1610612755,SG,2024-25,4,82,6.49,2.61,1.18,0.39,0.16,0.63,15.24,0.3823,0.2582,0.8039,-1.94,0.4417,0.5016,0.2043,12.76,-1.85
2918,Skylar Mays,1630219,Atlanta Hawks,ATL,1610612737,PG,2021-22,1,67,1.19,0.37,0.25,0.10,0.00,0.15,3.28,0.5000,0.3200,0.8889,-0.79,0.5625,0.5886,0.1560,12.76,-3.46
548,Bruce Brown,1628971,Toronto Raptors,TOR,1610612761,SG,2023-24,3,37,8.86,3.51,2.49,0.65,0.24,1.22,23.91,0.4813,0.3175,0.8333,-8.41,0.5187,0.5571,0.1641,12.76,-1.85
2582,Kyle Kuzma,1628398,Milwaukee Bucks,MIL,1610612749,SF,2024-25,4,33,14.48,5.61,2.21,0.48,0.36,2.21,31.80,0.4555,0.3333,0.6635,-0.48,0.5204,0.5447,0.2162,12.76,-4.12
4733,Jordan Walsh,1641775,Boston Celtics,BOS,1610612738,SG,2025-26,5,81,4.49,3.36,0.67,0.60,0.38,0.43,14.96,0.5094,0.3840,0.7719,1.17,0.5993,0.6231,0.1181,12.76,-3.06
4776,Yuta Watanabe,1629139,Toronto Raptors,TOR,1610612761,SG,2021-22,1,56,2.91,1.64,0.38,0.20,0.29,0.34,7.96,0.4058,0.3418,0.6000,-0.96,0.5036,0.5238,0.1694,12.75,-2.41
4456,Dalen Terry,1631207,Chicago Bulls,CHI,1610612741,SF,2025-26,5,46,2.57,1.39,0.93,0.48,0.24,0.46,8.20,0.4412,0.4130,0.5294,-0.76,0.5343,0.5389,0.1470,12.75,0.13
4787,Peyton Watson,1631212,Denver Nuggets,DEN,1610612743,SG,2023-24,3,82,6.49,3.15,1.05,0.51,1.07,0.71,18.15,0.4653,0.2961,0.6698,-0.84,0.5157,0.5389,0.1630,12.75,-1.99
3249,Keegan Murray,1631099,Sacramento Kings,SAC,1610612758,SF,2024-25,4,76,12.39,6.67,1.43,0.80,0.91,0.79,34.35,0.4439,0.3430,0.8333,0.61,0.5378,0.5530,0.1514,12.75,-3.05
4558,Juan Toscano-Anderson,1629308,Golden State Warriors,GSW,1610612744,SF,2021-22,1,81,3.68,2.17,1.57,0.59,0.21,0.84,12.27,0.4894,0.3218,0.5714,0.57,0.5489,0.5606,0.1473,12.74,0.11
60,Grayson Allen,1628960,Milwaukee Bucks,MIL,1610612749,SG,2022-23,2,73,10.27,3.25,2.23,0.85,0.19,0.99,27.01,0.4399,0.3989,0.9048,3.11,0.5709,0.6123,0.1469,12.73,-2.28
2393,Derrick Jones Jr.,1627884,Los Angeles Clippers,LAC,1610612746,SF,2024-25,4,77,10.14,3.42,0.78,1.03,0.43,0.86,24.33,0.5263,0.3562,0.7034,3.23,0.5925,0.6093,0.1660,12.73,-4.64
1504,Wenyen Gabriel,1629117,Los Angeles Lakers,LAL,1610612747,PF,2021-22,1,21,6.05,3.90,0.57,0.19,0.43,0.62,14.82,0.5052,0.2609,0.6053,2.10,0.5361,0.5584,0.1753,12.72,-2.75
3451,Cedi Osman,1626224,Cleveland Cavaliers,CLE,1610612739,SF,2021-22,1,71,9.99,2.06,1.90,0.73,0.14,0.94,20.59,0.4318,0.3565,0.6641,-0.80,0.5437,0.5630,0.2136,12.72,-1.22
567,Kobe Brown,1641738,Los Angeles Clippers,LAC,1610612746,SF,2024-25,4,70,1.10,0.93,0.34,0.10,0.06,0.17,3.89,0.4583,0.2308,0.7143,-0.76,0.5000,0.5128,0.1410,12.72,-1.54
3310,Aaron Nesmith,1630174,Indiana Pacers,IND,1610612754,SG,2023-24,3,72,12.18,3.82,1.50,0.90,0.68,0.89,27.71,0.4961,0.4192,0.7810,2.24,0.6063,0.6307,0.1605,12.71,-3.07
1895,Sam Hauser,1630573,Boston Celtics,BOS,1610612738,SF,2024-25,4,76,7.96,2.95,0.84,0.54,0.17,0.30,20.28,0.4515,0.4160,1.0000,4.28,0.6266,0.6317,0.1435,12.71,-3.79
3536,Cameron Payne,1626166,Milwaukee Bucks,MIL,1610612749,PG,2023-24,3,50,5.82,1.24,2.18,0.44,0.06,0.62,14.04,0.4550,0.3969,0.8409,-0.28,0.5721,0.6028,0.1649,12.71,0.97
3075,Khris Middleton,203114,Washington Wizards,WAS,1610612764,SF,2025-26,5,39,9.00,3.44,2.85,0.67,0.23,1.46,21.21,0.4333,0.3333,0.8406,-3.56,0.4883,0.5312,0.1953,12.70,-0.17
290,Malik Beasley,1627736,Utah Jazz,UTA,1610612762,SG,2022-23,2,55,13.38,3.58,1.69,0.80,0.15,1.09,26.77,0.3961,0.3588,0.8409,-1.29,0.5224,0.5346,0.2149,12.70,-2.16
670,Jamal Cain,1631288,Orlando Magic,ORL,1610612753,SF,2025-26,5,53,4.02,1.47,0.55,0.21,0.08,0.34,9.11,0.4834,0.3836,0.8478,0.75,0.5762,0.6219,0.1669,12.70,-3.71
4205,Marcus Smart,203935,Boston Celtics,BOS,1610612738,PG,2022-23,2,61,11.52,3.13,6.26,1.52,0.38,2.34,32.08,0.4153,0.3363,0.7458,3.93,0.5108,0.5375,0.1778,12.69,3.13
3055,De'Anthony Melton,1629001,Philadelphia 76ers,PHI,1610612755,SG,2022-23,2,79,9.87,3.95,2.49,1.59,0.52,1.29,27.21,0.4255,0.3896,0.7931,1.29,0.5461,0.5658,0.1664,12.68,-0.51
3245,Trey Murphy III,1630530,New Orleans Pelicans,NOP,1610612740,SF,2021-22,1,76,4.39,1.93,0.50,0.30,0.09,0.21,11.36,0.3935,0.3817,0.8824,-0.01,0.5217,0.5577,0.1579,12.68,-2.67
1129,Ousmane Dieng,1631172,Milwaukee Bucks,MIL,1610612749,PF,2025-26,5,31,10.68,4.45,3.48,0.74,0.32,2.16,25.95,0.4235,0.3309,0.6667,-7.68,0.4967,0.5106,0.2152,12.68,-0.74
123,OG Anunoby,1628384,New York Knicks,NYK,1610612752,SG,2023-24,3,27,12.04,3.78,1.30,1.48,0.85,1.41,29.70,0.4883,0.3942,0.7907,13.07,0.5684,0.5911,0.1731,12.68,-4.03
2355,Herbert Jones,1630529,New Orleans Pelicans,NOP,1610612740,SF,2023-24,3,77,10.87,3.53,2.58,1.36,0.81,1.21,30.15,0.4983,0.4176,0.8671,3.00,0.5952,0.6365,0.1418,12.67,-1.98
4591,P.J. Tucker,200782,Miami Heat,MIA,1610612748,SF,2021-22,1,75,7.19,5.16,1.99,0.77,0.20,0.88,26.41,0.4836,0.4145,0.7377,3.07,0.5771,0.5925,0.1181,12.66,-2.24
1340,Tosan Evbuomwan,1641787,Brooklyn Nets,BKN,1610612751,SF,2024-25,4,30,8.90,4.00,1.83,0.80,0.33,1.30,22.16,0.4273,0.3117,0.7534,-2.20,0.4818,0.5295,0.1921,12.66,-2.20
2541,John Konchar,1629723,Memphis Grizzlies,MEM,1610612763,SG,2022-23,2,74,4.92,4.19,1.35,1.04,0.34,0.50,20.19,0.4313,0.3390,0.7778,2.82,0.5250,0.5419,0.1042,12.64,-1.14
4104,Terrence Shannon Jr.,1630545,Minnesota Timberwolves,MIN,1610612750,SG,2024-25,4,64,2.16,0.73,0.50,0.11,0.08,0.23,5.30,0.4825,0.3548,0.8095,0.17,0.5307,0.5599,0.1775,12.64,-2.11
1836,Jaden Hardy,1630702,Dallas Mavericks,DAL,1610612742,SG,2023-24,3,82,6.46,1.60,1.33,0.27,0.05,0.76,12.07,0.4071,0.3616,0.7763,-1.54,0.4916,0.5171,0.2497,12.63,-0.96
1912,Killian Hayes,1630165,Detroit Pistons,DET,1610612765,PG,2023-24,3,50,5.78,2.38,4.10,0.72,0.40,1.02,20.16,0.4134,0.2973,0.6600,-4.88,0.4523,0.4738,0.1501,12.63,4.09
1850,Ron Harper Jr.,1631199,Boston Celtics,BOS,1610612738,SG,2025-26,5,46,2.67,1.04,0.48,0.22,0.20,0.17,6.90,0.4182,0.3500,0.7500,0.39,0.5455,0.5503,0.1657,12.62,-1.64
2217,DeJon Jarreau,1630610,Memphis Grizzlies,MEM,1610612763,SG,2025-26,5,11,8.00,4.64,3.27,0.91,0.73,2.36,20.96,0.3976,0.1333,0.7826,-10.18,0.4217,0.4725,0.2215,12.62,0.90
2532,Kevin Knox II,1628995,New York Knicks,NYK,1610612752,SF,2021-22,1,37,1.27,0.59,0.08,0.05,0.03,0.14,3.00,0.3750,0.3571,0.7000,-1.24,0.5000,0.5293,0.1988,12.61,-4.48
78,Jose Alvarado,1630631,New Orleans Pelicans,NOP,1610612740,PG,2023-24,3,65,6.11,1.97,1.80,0.91,0.23,0.62,15.83,0.4116,0.3768,0.6731,3.69,0.5246,0.5396,0.1740,12.61,0.64
4575,Gary Trent Jr.,1629018,Toronto Raptors,TOR,1610612761,SG,2023-24,3,78,12.49,2.41,1.53,0.99,0.13,0.60,25.56,0.4262,0.3929,0.7708,-2.49,0.5313,0.5477,0.2016,12.61,-2.49
119,Cole Anthony,1630175,Milwaukee Bucks,MIL,1610612749,SG,2025-26,5,48,4.88,1.81,2.52,0.42,0.23,1.35,10.97,0.4242,0.3056,0.6154,-2.31,0.4719,0.4826,0.2602,12.59,3.85
312,DeAndre' Bembry,1627761,Brooklyn Nets,BKN,1610612751,SG,2021-22,1,53,5.25,2.87,1.13,0.89,0.47,0.57,17.90,0.5681,0.4167,0.6000,-0.32,0.6033,0.6086,0.1184,12.59,-2.10
443,Brandon Boston,1630527,Los Angeles Clippers,LAC,1610612746,SG,2021-22,1,66,5.20,1.68,0.77,0.39,0.20,0.47,11.52,0.3846,0.3063,0.8194,-0.56,0.4369,0.4808,0.2255,12.59,-1.38
2195,Kasparas Jakučionis,1642857,Miami Heat,MIA,1610612748,SG,2025-26,5,67,4.90,2.06,2.04,0.49,0.10,0.75,14.10,0.4286,0.4231,0.8788,1.07,0.5672,0.6141,0.1373,12.58,0.23
3305,Andrew Nembhard,1629614,Indiana Pacers,IND,1610612754,PG,2024-25,4,75,8.40,2.72,4.12,0.97,0.15,1.48,24.31,0.4559,0.2882,0.7955,2.53,0.5029,0.5430,0.1660,12.57,1.18
2393,Derrick Jones Jr.,1627884,Chicago Bulls,CHI,1610612741,SF,2021-22,1,61,4.69,2.77,0.49,0.41,0.54,0.49,14.74,0.5385,0.3279,0.8000,0.67,0.5897,0.6333,0.1255,12.56,-3.91
1641,Eric Gordon,201569,Philadelphia 76ers,PHI,1610612755,PG,2025-26,5,50,0.66,0.04,0.06,0.08,0.02,0.06,1.47,0.5714,0.5714,0.5000,-0.62,0.7619,0.7541,0.1438,12.56,-6.09
3765,Cam Reddish,1629629,Atlanta Hawks,ATL,1610612737,SG,2021-22,1,35,11.60,2.40,1.09,1.00,0.31,1.26,22.77,0.4023,0.3791,0.9000,-4.74,0.4869,0.5368,0.2318,12.56,-3.53
1651,Devonte' Graham,1628984,New Orleans Pelicans,NOP,1610612740,PG,2021-22,1,78,11.56,2.27,4.05,0.91,0.15,1.35,27.71,0.3632,0.3410,0.8429,0.51,0.4810,0.5145,0.1966,12.55,1.26
2406,Cory Joseph,202709,Detroit Pistons,DET,1610612765,PG,2022-23,2,73,5.85,1.45,2.97,0.47,0.12,0.77,16.82,0.4274,0.3889,0.7917,-1.51,0.5271,0.5579,0.1533,12.54,2.20
1978,Buddy Hield,1627741,Sacramento Kings,SAC,1610612758,SG,2021-22,1,55,14.40,4.02,1.91,0.87,0.27,1.64,28.62,0.3824,0.3677,0.8696,-2.67,0.5137,0.5399,0.2248,12.53,-2.50
4463,Daniel Theis,1628464,Houston Rockets,HOU,1610612745,PF,2021-22,1,51,4.27,2.55,0.39,0.22,0.33,0.61,11.46,0.4693,0.2911,0.6750,-4.29,0.5335,0.5544,0.1667,12.53,-4.18
4386,Jalen Suggs,1630591,Orlando Magic,ORL,1610612753,PG,2022-23,2,54,9.70,2.98,2.87,1.24,0.50,1.74,23.07,0.4189,0.3267,0.7227,-0.74,0.4932,0.5278,0.2040,12.53,0.22
30,Ochai Agbaji,1630534,Toronto Raptors,TOR,1610612761,SG,2024-25,4,67,9.96,3.61,1.46,0.87,0.45,0.81,25.95,0.4981,0.3992,0.7083,-3.19,0.5927,0.6008,0.1477,12.53,-3.47
848,Isaiah Collier,1642268,Utah Jazz,UTA,1610612762,PG,2024-25,4,74,8.31,3.18,6.03,0.89,0.22,2.81,24.85,0.4216,0.2485,0.6818,-5.45,0.4595,0.4938,0.1904,12.52,3.20
1730,AJ Griffin,1631100,Atlanta Hawks,ATL,1610612737,SF,2022-23,2,82,7.79,1.87,0.89,0.51,0.15,0.51,17.09,0.4653,0.3900,0.8936,0.77,0.5600,0.5770,0.1795,12.52,-3.35
4711,Jabari Walker,1631133,Philadelphia 76ers,PHI,1610612755,SF,2025-26,5,75,3.68,2.56,0.45,0.31,0.17,0.36,10.15,0.4554,0.3368,0.7353,0.05,0.5305,0.5681,0.1503,12.51,-3.03
3983,Luka Samanic,1629677,Utah Jazz,UTA,1610612762,PF,2023-24,3,80,2.21,1.28,0.24,0.06,0.09,0.35,5.05,0.3797,0.2031,0.7857,-0.64,0.4209,0.4846,0.2193,12.51,-3.99
4775,TyTy Washington Jr.,1631102,Los Angeles Clippers,LAC,1610612746,PG,2025-26,5,31,0.68,0.19,0.55,0.19,0.10,0.10,2.85,0.4737,0.3750,,-1.26,0.5526,0.5526,0.1116,12.50,4.20
2183,Reggie Jackson,202704,Denver Nuggets,DEN,1610612743,PG,2023-24,3,82,10.16,1.89,3.76,0.54,0.15,1.29,22.16,0.4312,0.3592,0.8061,0.96,0.4987,0.5212,0.2191,12.49,1.52
3609,Theo Pinson,1629033,Dallas Mavericks,DAL,1610612742,SG,2021-22,1,30,1.60,0.70,0.57,0.17,0.07,0.17,4.93,0.3590,0.3333,1.0000,-1.37,0.4872,0.5530,0.1475,12.48,0.30
3759,Austin Reaves,1630559,Los Angeles Lakers,LAL,1610612747,PG,2021-22,1,75,5.92,2.57,1.47,0.39,0.27,0.53,18.90,0.4591,0.3174,0.8390,0.72,0.5425,0.6001,0.1253,12.48,-2.60
1641,Eric Gordon,201569,Los Angeles Clippers,LAC,1610612746,PG,2022-23,2,22,10.95,1.68,2.14,0.59,0.36,0.95,24.87,0.4629,0.4234,0.8421,-0.09,0.5971,0.6285,0.1691,12.46,-2.70
2639,A.J. Lawson,1630639,Dallas Mavericks,DAL,1610612742,SG,2023-24,3,59,2.31,0.85,0.34,0.17,0.05,0.24,5.27,0.4463,0.2600,0.6522,0.31,0.5000,0.5186,0.2009,12.46,-2.84
363,Bismack Biyombo,202687,Memphis Grizzlies,MEM,1610612763,C,2023-24,3,32,4.88,5.97,1.59,0.31,1.06,1.19,22.43,0.5630,,0.4783,-1.94,0.5630,0.5602,0.1066,12.46,-2.75
3839,Zaccharie Risacher,1642258,Atlanta Hawks,ATL,1610612737,SF,2025-26,5,77,8.32,3.34,0.99,0.77,0.47,0.75,19.52,0.4552,0.3682,0.6444,-0.21,0.5438,0.5568,0.1769,12.45,-2.93
4205,Marcus Smart,203935,Memphis Grizzlies,MEM,1610612763,PG,2023-24,3,20,14.45,2.65,4.30,2.05,0.25,3.10,30.24,0.4304,0.3134,0.7679,-1.00,0.5190,0.5523,0.2274,12.44,-0.78
2068,Danuel House Jr.,1627863,Utah Jazz,UTA,1610612762,SG,2021-22,1,29,5.90,2.34,0.86,0.55,0.41,0.52,16.93,0.4472,0.4146,0.6923,2.83,0.5854,0.6100,0.1392,12.44,-3.22
2928,Miles McBride,1630540,New York Knicks,NYK,1610612752,PG,2025-26,5,42,11.69,2.38,2.52,0.83,0.21,0.79,25.72,0.4233,0.4133,0.7872,5.33,0.5619,0.5781,0.1820,12.44,-1.31
201,Patrick Baldwin Jr.,1631116,Washington Wizards,WAS,1610612764,PF,2023-24,3,60,2.80,2.05,0.48,0.30,0.25,0.32,8.23,0.3806,0.3196,0.6786,-0.38,0.4806,0.5020,0.1596,12.43,-1.28
117,Thanasis Antetokounmpo,203648,Milwaukee Bucks,MIL,1610612749,SF,2021-22,1,80,2.14,1.26,0.28,0.20,0.15,0.33,5.92,0.5469,0.1429,0.6304,-1.44,0.5547,0.5768,0.1579,12.43,-3.62
3689,Tyrese Proctor,1642878,Cleveland Cavaliers,CLE,1610612739,PG,2025-26,5,72,3.78,0.89,1.03,0.35,0.00,0.56,7.57,0.4133,0.3511,0.8889,-0.10,0.5156,0.5556,0.2205,12.41,-0.30
3731,Jahmi'us Ramsey,1630186,Toronto Raptors,TOR,1610612761,SG,2023-24,3,9,5.22,2.44,0.89,0.78,0.00,0.78,13.44,0.4390,0.2727,0.8333,-3.11,0.5122,0.5385,0.1816,12.41,-2.95
2231,Trey Jemison III,1641998,Memphis Grizzlies,MEM,1610612763,C,2023-24,3,24,7.13,5.54,1.13,0.50,1.17,1.38,23.86,0.5515,,0.8400,-4.71,0.5515,0.5816,0.1359,12.41,-4.15
2410,Nikola Jović,1631107,Miami Heat,MIA,1610612748,PF,2025-26,5,70,4.91,2.19,1.46,0.37,0.24,0.93,11.54,0.3662,0.2695,0.6832,-0.07,0.4379,0.4799,0.2142,12.41,-0.11
4003,Gui Santos,1630611,Golden State Warriors,GSW,1610612744,SF,2024-25,4,78,2.91,2.21,1.03,0.32,0.13,0.54,9.77,0.4581,0.3301,0.6905,2.12,0.5531,0.5747,0.1338,12.40,-1.21
2030,Ronald Holland II,1641842,Detroit Pistons,DET,1610612765,SF,2025-26,5,77,8.29,4.03,1.21,1.17,0.35,1.22,19.90,0.4341,0.2551,0.8054,1.90,0.4805,0.5277,0.1913,12.39,-2.56
228,Harrison Barnes,203084,Sacramento Kings,SAC,1610612758,SF,2023-24,3,82,12.20,3.04,1.21,0.66,0.15,0.71,29.03,0.4740,0.3870,0.8010,-0.98,0.5758,0.6111,0.1583,12.39,-5.04
685,Toumani Camara,1641739,Portland Trail Blazers,POR,1610612757,SF,2024-25,4,82,10.76,5.49,2.13,1.41,0.61,1.33,31.08,0.4581,0.3750,0.7222,-1.39,0.5524,0.5717,0.1448,12.39,-2.44
3117,Shake Milton,1629003,Brooklyn Nets,BKN,1610612751,PG,2024-25,4,31,6.42,1.65,2.06,0.48,0.03,0.65,15.86,0.4650,0.3889,0.7576,-2.16,0.5541,0.5801,0.1747,12.39,-0.43
1219,Ryan Dunn,1642346,Phoenix Suns,PHX,1610612756,SF,2025-26,5,74,5.50,4.01,1.38,0.81,0.39,0.76,18.32,0.4530,0.3314,0.4894,0.05,0.5304,0.5318,0.1387,12.38,-1.68
265,Keita Bates-Diop,1628966,Phoenix Suns,PHX,1610612756,SF,2023-24,3,51,3.41,1.98,0.67,0.43,0.39,0.25,11.71,0.4267,0.3125,0.7222,-0.82,0.4933,0.5246,0.1308,12.38,-2.23
3778,Antonio Reeves,1641810,Charlotte Hornets,CHA,1610612766,SG,2025-26,5,15,1.80,0.53,0.20,0.07,0.00,0.07,4.51,0.5000,0.5385,,1.93,0.6750,0.6750,0.1369,12.38,-5.10
1443,Trent Forrest,1630235,Utah Jazz,UTA,1610612762,PG,2021-22,1,70,2.79,1.41,1.51,0.43,0.09,0.69,10.94,0.4903,0.1852,0.7917,1.11,0.5065,0.5536,0.1289,12.37,-0.75
2393,Derrick Jones Jr.,1627884,Los Angeles Clippers,LAC,1610612746,SF,2025-26,5,50,10.08,3.46,1.38,0.90,1.00,0.80,26.99,0.4987,0.3595,0.7634,2.60,0.5712,0.6001,0.1522,12.36,-3.55
2134,Oso Ighodaro,1642345,Phoenix Suns,PHX,1610612756,PF,2024-25,4,81,3.15,2.74,0.88,0.35,0.36,0.48,12.91,0.6043,0.0000,0.5800,-0.26,0.6043,0.6100,0.1055,12.36,-3.15
2739,Brook Lopez,201572,Los Angeles Clippers,LAC,1610612746,C,2025-26,5,82,7.73,3.33,1.18,0.55,1.06,0.74,19.95,0.4280,0.3596,0.7568,0.51,0.5332,0.5517,0.1735,12.36,-2.12
4986,Ziaire Williams,1630533,Brooklyn Nets,BKN,1610612751,PF,2024-25,4,73,8.66,3.93,1.15,0.85,0.38,0.92,21.12,0.4115,0.3411,0.8211,-4.52,0.5106,0.5504,0.1836,12.36,-2.80
4720,Lonnie Walker IV,1629022,Los Angeles Lakers,LAL,1610612747,SG,2022-23,2,71,9.21,1.54,0.90,0.42,0.24,0.65,18.27,0.4478,0.3655,0.8585,-2.92,0.5342,0.5700,0.2024,12.36,-3.92
3375,Jordan Nwora,1629670,Milwaukee Bucks,MIL,1610612749,SF,2022-23,2,54,4.24,2.17,0.70,0.22,0.13,0.63,11.06,0.3858,0.3922,0.8605,-1.85,0.4873,0.5303,0.1768,12.35,-3.31
4174,Jericho Sims,1630579,New York Knicks,NYK,1610612752,C,2023-24,3,76,1.21,1.93,0.33,0.11,0.25,0.21,7.69,0.6909,,0.6667,-0.13,0.6909,0.7016,0.0608,12.34,-4.53
3394,Royce O'Neale,1626220,Phoenix Suns,PHX,1610612756,SF,2025-26,5,79,9.68,4.71,2.63,1.06,0.41,1.30,28.01,0.4208,0.4077,0.7105,-1.43,0.5904,0.5961,0.1440,12.34,-1.76
254,Will Barton,203115,Washington Wizards,WAS,1610612764,SG,2022-23,2,52,5.90,2.13,1.83,0.33,0.19,0.87,15.04,0.3860,0.3768,0.7778,-2.58,0.4772,0.5036,0.1949,12.34,-0.33
877,Pat Connaughton,1626192,Milwaukee Bucks,MIL,1610612749,SG,2022-23,2,62,7.52,4.56,1.24,0.60,0.18,0.53,23.27,0.3919,0.3385,0.6585,2.16,0.5214,0.5307,0.1387,12.33,-2.54
4008,Olivier Sarr,1630846,Oklahoma City Thunder,OKC,1610612760,C,2022-23,2,17,2.12,1.82,0.24,0.06,0.29,0.24,6.68,0.5000,0.1250,0.7143,0.82,0.5167,0.5441,0.1374,12.32,-2.96
2229,DaQuan Jeffries,1629610,Sacramento Kings,SAC,1610612758,SG,2025-26,5,3,10.33,1.67,0.33,0.67,0.00,0.00,19.97,0.5789,0.4444,1.0000,0.33,0.6842,0.7311,0.1555,12.32,-5.54
3264,Svi Mykhailiuk,1629004,Boston Celtics,BOS,1610612738,SG,2023-24,3,79,2.05,0.65,0.44,0.14,0.01,0.15,5.23,0.4161,0.3889,0.6667,1.89,0.5693,0.5746,0.1624,12.32,-2.23
651,Jared Butler,1630215,Oklahoma City Thunder,OKC,1610612760,PG,2022-23,2,11,3.36,0.36,0.73,0.45,0.00,0.45,6.95,0.4688,0.5000,,-0.09,0.5781,0.5781,0.2028,12.31,-1.66
4776,Yuta Watanabe,1629139,Brooklyn Nets,BKN,1610612751,SG,2022-23,2,68,4.74,2.07,0.71,0.37,0.25,0.32,13.64,0.4914,0.4444,0.7234,-0.10,0.6207,0.6372,0.1320,12.31,-3.28
3345,Nerlens Noel,203457,New York Knicks,NYK,1610612752,C,2021-22,1,31,2.74,4.55,0.74,0.97,1.00,0.65,18.13,0.5333,0.0000,0.7000,-2.19,0.5333,0.5806,0.0727,12.31,-2.24
2656,Damion Lee,1627814,Golden State Warriors,GSW,1610612744,SG,2021-22,1,72,6.49,2.82,0.88,0.54,0.08,0.53,17.46,0.4413,0.3369,0.8800,1.31,0.5235,0.5613,0.1587,12.30,-3.33
4049,Dennis Schröder,203471,Los Angeles Lakers,LAL,1610612747,PG,2022-23,2,68,12.21,2.43,4.38,0.74,0.15,1.65,29.21,0.4154,0.3289,0.8571,1.84,0.4723,0.5454,0.1868,12.30,0.27
765,Julian Champagnie,1630577,San Antonio Spurs,SAS,1610612759,SF,2023-24,3,81,6.22,2.54,1.27,0.59,0.52,0.70,18.12,0.4080,0.3646,0.8152,-1.74,0.5336,0.5695,0.1442,12.29,-2.74
3305,Andrew Nembhard,1629614,Indiana Pacers,IND,1610612754,PG,2023-24,3,70,8.94,2.01,4.00,0.90,0.09,1.44,24.24,0.4981,0.3567,0.8036,0.93,0.5565,0.5726,0.1618,12.29,0.42
186,Ace Bailey,1642846,Utah Jazz,UTA,1610612762,PF,2025-26,5,73,13.60,4.14,1.79,0.82,0.67,1.47,27.23,0.4428,0.3442,0.7500,-6.14,0.5196,0.5335,0.2148,12.29,-2.71
3276,Pete Nance,1631250,Milwaukee Bucks,MIL,1610612749,PF,2025-26,5,60,4.23,2.08,0.80,0.23,0.23,0.43,12.28,0.5155,0.4202,0.3636,-1.30,0.6443,0.6387,0.1353,12.28,-3.74
1233,Egor Dëmin,1642856,Brooklyn Nets,BKN,1610612751,PG,2025-26,5,54,9.93,3.06,3.20,0.78,0.31,1.59,24.23,0.3987,0.3851,0.8308,-2.98,0.5367,0.5611,0.1888,12.28,-0.73
3599,Jalen Pickett,1629618,Denver Nuggets,DEN,1610612743,PG,2025-26,5,80,3.25,1.43,1.44,0.16,0.06,0.43,10.08,0.4224,0.3858,0.7895,0.04,0.5280,0.5409,0.1488,12.27,-0.13
56,Nickeil Alexander-Walker,1629638,Minnesota Timberwolves,MIN,1610612750,SG,2024-25,4,82,9.43,3.23,2.72,0.61,0.41,1.21,25.28,0.4383,0.3811,0.7797,3.29,0.5528,0.5787,0.1613,12.27,-1.76
2969,Jalen McDaniels,1629667,Philadelphia 76ers,PHI,1610612755,PF,2022-23,2,26,6.15,2.92,0.73,0.65,0.19,0.50,16.12,0.4878,0.4000,0.8235,0.77,0.5366,0.5799,0.1656,12.27,-3.00
4036,Baylor Scheierman,1631248,Boston Celtics,BOS,1610612738,SG,2025-26,5,82,5.21,3.28,1.41,0.51,0.07,0.56,17.43,0.4535,0.3992,0.9032,2.43,0.5991,0.6159,0.1202,12.26,-2.65
4108,Shaedon Sharpe,1631101,Portland Trail Blazers,POR,1610612757,SG,2023-24,3,51,10.00,3.14,1.84,0.55,0.24,1.41,20.76,0.4055,0.3333,0.8235,-4.82,0.4747,0.5243,0.2245,12.26,-2.52
1831,Tim Hardaway Jr.,203501,Dallas Mavericks,DAL,1610612742,SG,2022-23,2,71,14.35,3.54,1.82,0.69,0.17,0.85,30.32,0.4014,0.3855,0.7697,2.25,0.5266,0.5540,0.2077,12.26,-2.68
651,Jared Butler,1630215,Utah Jazz,UTA,1610612762,PG,2021-22,1,70,2.30,0.64,0.90,0.24,0.11,0.47,5.14,0.4040,0.3182,0.6875,-0.16,0.4967,0.5094,0.2320,12.26,2.60
205,Lonzo Ball,1628366,Cleveland Cavaliers,CLE,1610612739,SG,2025-26,5,47,3.40,2.98,2.89,0.96,0.19,1.11,15.48,0.3011,0.2721,0.6667,0.68,0.4148,0.4319,0.1363,12.25,3.27
4787,Peyton Watson,1631212,Denver Nuggets,DEN,1610612743,SG,2024-25,4,69,7.99,3.38,1.36,0.70,1.35,0.81,24.00,0.4766,0.3529,0.6934,-0.38,0.5327,0.5642,0.1403,12.25,-2.84
2884,Tyrese Martin,1631213,Brooklyn Nets,BKN,1610612751,SF,2024-25,4,78,6.71,2.81,1.56,0.44,0.12,0.95,16.86,0.4065,0.3511,0.7931,-3.31,0.5129,0.5331,0.1896,12.25,-2.32
3999,Payton Sandfort,1642362,Oklahoma City Thunder,OKC,1610612760,SF,2025-26,5,11,3.18,0.91,0.00,0.09,0.00,0.09,5.75,0.5000,0.4118,0.5000,-1.73,0.6346,0.6304,0.1966,12.25,-6.04
3166,Moses Moody,1630541,Golden State Warriors,GSW,1610612744,SG,2024-25,4,78,9.28,2.42,1.23,0.76,0.40,0.69,21.14,0.4331,0.3739,0.7970,1.69,0.5440,0.5778,0.1754,12.25,-3.16
4205,Marcus Smart,203935,Memphis Grizzlies,MEM,1610612763,PG,2024-25,4,19,8.68,2.26,3.74,1.21,0.32,1.84,21.06,0.3581,0.3222,0.8333,4.58,0.4561,0.5035,0.1978,12.24,2.00
228,Harrison Barnes,203084,San Antonio Spurs,SAS,1610612759,SF,2025-26,5,76,9.99,2.75,1.88,0.63,0.16,0.79,25.78,0.4602,0.3971,0.8403,4.13,0.5832,0.6147,0.1466,12.23,-3.79
30,Ochai Agbaji,1630534,Brooklyn Nets,BKN,1610612751,SG,2025-26,5,32,4.16,1.44,0.53,0.22,0.19,0.38,10.10,0.4545,0.3492,0.7857,-2.19,0.5545,0.5725,0.1743,12.21,-4.20
3117,Shake Milton,1629003,Philadelphia 76ers,PHI,1610612755,PG,2021-22,1,57,7.89,2.49,2.44,0.49,0.30,0.77,20.69,0.4293,0.3233,0.8356,-0.51,0.4826,0.5171,0.1833,12.21,0.06
522,Oshae Brissett,1629052,Indiana Pacers,IND,1610612754,SG,2022-23,2,82,4.85,2.66,0.54,0.40,0.16,0.41,13.21,0.3856,0.3097,0.7172,0.27,0.4608,0.5199,0.1625,12.20,-3.09
1400,Dorian Finney-Smith,1627827,Dallas Mavericks,DAL,1610612742,SF,2021-22,1,81,10.86,4.63,1.85,1.09,0.48,0.99,32.64,0.4711,0.3954,0.6747,2.98,0.5954,0.6040,0.1389,12.20,-3.26
2815,Theo Maledon,1630177,Oklahoma City Thunder,OKC,1610612760,PG,2021-22,1,72,5.01,1.82,1.54,0.43,0.15,0.90,12.61,0.3754,0.2933,0.7900,-2.76,0.4448,0.5000,0.2039,12.19,-0.50
3276,Pete Nance,1631250,Milwaukee Bucks,MIL,1610612749,PF,2024-25,4,13,1.77,0.85,0.54,0.08,0.15,0.31,5.35,0.5294,0.4167,,-0.15,0.6765,0.6765,0.1369,12.19,-2.86
1340,Tosan Evbuomwan,1641787,Detroit Pistons,DET,1610612765,SF,2023-24,3,18,5.06,2.56,0.56,0.33,0.22,0.44,16.26,0.5714,0.4167,0.6800,-5.56,0.6607,0.6791,0.1124,12.19,-5.76
3264,Svi Mykhailiuk,1629004,Utah Jazz,UTA,1610612762,SG,2025-26,5,82,5.72,1.51,1.13,0.32,0.04,0.51,14.09,0.4779,0.4083,0.8929,-0.94,0.6133,0.6265,0.1487,12.18,-3.71
4472,Brodric Thomas,1630271,Boston Celtics,BOS,1610612738,PG,2021-22,1,30,0.70,0.33,0.37,0.03,0.03,0.20,1.99,0.4444,0.2222,0.6000,0.10,0.5000,0.5198,0.1932,12.18,1.02
1607,Jacob Gilyard,1631367,Memphis Grizzlies,MEM,1610612763,PG,2023-24,3,49,3.53,0.88,2.67,0.55,0.10,0.59,13.34,0.4167,0.4250,1.0000,-3.18,0.5938,0.5970,0.1154,12.18,2.71
1426,Simone Fontecchio,1631323,Utah Jazz,UTA,1610612762,SF,2023-24,3,52,8.56,3.38,1.40,0.58,0.35,0.98,22.30,0.4497,0.3906,0.8000,0.17,0.5768,0.5924,0.1538,12.17,-3.78
567,Kobe Brown,1641738,Los Angeles Clippers,LAC,1610612746,SF,2025-26,5,50,2.00,1.06,0.54,0.18,0.04,0.30,5.89,0.3929,0.2653,0.8077,-1.64,0.4702,0.5239,0.1678,12.16,-2.41
2141,Joe Ingles,204060,Milwaukee Bucks,MIL,1610612749,PG,2022-23,2,48,6.60,2.67,3.13,0.69,0.13,1.15,21.74,0.4355,0.4089,0.8571,1.67,0.6028,0.6162,0.1264,12.16,-0.08
4544,Nae'Qwan Tomlin,1641772,Cleveland Cavaliers,CLE,1610612739,SF,2025-26,5,77,4.86,2.42,0.69,0.53,0.44,0.38,13.03,0.4777,0.2348,0.7705,0.78,0.5207,0.5486,0.1561,12.16,-2.26
53,Trey Alexander,1641725,New Orleans Pelicans,NOP,1610612740,SG,2025-26,5,22,2.14,0.50,0.41,0.27,0.09,0.14,5.03,0.5135,0.5000,0.6000,-0.82,0.5946,0.5995,0.1592,12.16,-1.54
1915,Gordon Hayward,202330,Oklahoma City Thunder,OKC,1610612760,SF,2023-24,3,26,5.31,2.46,1.62,0.46,0.04,0.58,17.21,0.4528,0.5172,0.6923,-0.04,0.5236,0.5602,0.1338,12.15,-2.45
2092,Kevin Huerter,1628989,Atlanta Hawks,ATL,1610612737,SG,2021-22,1,75,11.89,3.39,2.71,0.73,0.35,1.21,29.19,0.4539,0.3893,0.8077,2.24,0.5592,0.5697,0.1752,12.15,-1.76
1267,Kessler Edwards,1630556,Dallas Mavericks,DAL,1610612742,SF,2024-25,4,50,3.36,2.30,0.84,0.38,0.40,0.32,12.17,0.4963,0.4074,0.9231,-3.16,0.5778,0.5969,0.1114,12.14,-2.19
4688,Dean Wade,1629731,Cleveland Cavaliers,CLE,1610612739,PF,2025-26,5,61,5.61,4.05,1.44,0.72,0.38,0.26,21.60,0.4388,0.3622,0.7105,2.48,0.5665,0.5802,0.0998,12.14,-2.15
3313,Raul Neto,203526,Cleveland Cavaliers,CLE,1610612739,PG,2022-23,2,78,2.01,0.59,1.01,0.22,0.05,0.31,6.48,0.5182,0.2857,0.9118,0.14,0.5727,0.6282,0.1331,12.13,0.40
1160,Luguentz Dort,1629652,Oklahoma City Thunder,OKC,1610612760,SG,2021-22,1,52,16.87,4.08,1.69,0.88,0.35,1.69,32.02,0.4036,0.3325,0.8429,-5.67,0.4931,0.5413,0.2349,12.13,-3.43
728,Jevon Carter,1628975,Chicago Bulls,CHI,1610612741,PG,2025-26,5,49,2.53,0.53,0.39,0.27,0.04,0.22,5.19,0.3981,0.4103,1.0000,-1.43,0.5534,0.5773,0.1977,12.13,-2.33
2393,Derrick Jones Jr.,1627884,Dallas Mavericks,DAL,1610612742,SF,2023-24,3,77,8.53,3.25,0.97,0.69,0.66,0.84,23.15,0.4828,0.3431,0.7132,0.71,0.5657,0.5921,0.1492,12.12,-4.49
2295,Keon Johnson,1630553,Brooklyn Nets,BKN,1610612751,SG,2023-24,3,15,2.07,0.47,0.20,0.20,0.07,0.33,4.09,0.3810,0.4000,0.9167,-1.67,0.4762,0.5898,0.2294,12.12,-5.43
3944,Terry Rozier,1626179,Miami Heat,MIA,1610612748,PG,2024-25,4,81,8.23,2.90,2.01,0.46,0.17,0.96,20.09,0.3923,0.2924,0.8585,-2.10,0.4630,0.4988,0.2059,12.11,-1.62
985,Seth Curry,203552,Charlotte Hornets,CHA,1610612766,SG,2024-25,4,78,5.69,1.45,0.77,0.35,0.09,0.41,13.61,0.4781,0.4560,0.8462,-2.19,0.5991,0.6164,0.1580,12.10,-4.40
590,Troy Brown Jr.,1628972,Chicago Bulls,CHI,1610612741,SG,2021-22,1,80,3.54,2.54,0.83,0.45,0.06,0.33,13.18,0.4186,0.3534,0.7692,-0.55,0.5097,0.5252,0.1243,12.10,-2.40
3871,Duncan Robinson,1629130,Miami Heat,MIA,1610612748,SF,2023-24,3,69,12.68,2.51,2.78,0.67,0.23,1.38,27.61,0.4504,0.3953,0.8889,0.55,0.5889,0.6122,0.1902,12.09,-2.52
798,Max Christie,1631108,Dallas Mavericks,DAL,1610612742,SG,2025-26,5,76,12.26,3.20,1.92,0.62,0.36,1.25,29.10,0.4399,0.4036,0.9051,-4.37,0.5642,0.6003,0.1660,12.09,-4.43
2599,Anthony Lamb,1630237,Golden State Warriors,GSW,1610612744,SF,2022-23,2,62,6.69,3.47,1.55,0.45,0.32,0.87,19.27,0.4713,0.3668,0.7667,0.52,0.5876,0.6096,0.1390,12.08,-2.39
78,Jose Alvarado,1630631,New Orleans Pelicans,NOP,1610612740,PG,2022-23,2,61,9.02,2.31,3.05,1.10,0.16,1.33,21.48,0.4110,0.3360,0.8125,1.69,0.4959,0.5246,0.1977,12.07,1.05
4931,Grant Williams,1629684,Charlotte Hornets,CHA,1610612766,SF,2024-25,4,41,4.05,2.00,0.90,0.44,0.32,0.68,11.68,0.4390,0.3649,0.8378,0.24,0.5488,0.5959,0.1500,12.07,-3.02
1293,Keon Ellis,1631165,Sacramento Kings,SAC,1610612758,SG,2024-25,4,82,8.12,2.59,1.46,1.48,0.77,0.87,23.76,0.4892,0.4330,0.8488,0.78,0.6390,0.6636,0.1273,12.06,-2.93
1895,Sam Hauser,1630573,Boston Celtics,BOS,1610612738,SF,2025-26,5,81,8.88,3.70,1.41,0.47,0.28,0.43,23.88,0.4193,0.3929,0.8500,4.56,0.5840,0.5895,0.1458,12.06,-3.18
2863,Caleb Martin,1628997,Miami Heat,MIA,1610612748,SF,2022-23,2,73,9.36,4.71,1.60,0.97,0.42,1.08,28.46,0.4635,0.3559,0.8053,-0.12,0.5401,0.5713,0.1459,12.06,-3.41
1651,Devonte' Graham,1628984,New Orleans Pelicans,NOP,1610612740,PG,2022-23,2,56,5.00,1.29,2.07,0.54,0.18,0.48,14.48,0.3680,0.3474,0.7458,0.48,0.5108,0.5448,0.1493,12.06,1.37
3375,Jordan Nwora,1629670,Milwaukee Bucks,MIL,1610612749,SF,2021-22,1,81,6.01,2.73,0.73,0.31,0.21,0.70,14.64,0.4026,0.3480,0.8372,-0.95,0.4881,0.5063,0.1947,12.06,-3.34
2365,Kai Jones,1630539,Charlotte Hornets,CHA,1610612766,C,2022-23,2,68,2.31,1.81,0.22,0.25,0.44,0.46,8.09,0.5583,0.2105,0.7308,-0.47,0.5750,0.5972,0.1252,12.05,-4.64
4723,Cason Wallace,1641717,Oklahoma City Thunder,OKC,1610612760,SG,2024-25,4,72,7.82,3.10,2.38,1.65,0.47,0.79,25.62,0.4762,0.3578,0.8108,5.01,0.5518,0.5638,0.1286,12.05,-0.96
2918,Skylar Mays,1630219,Los Angeles Lakers,LAL,1610612747,PG,2023-24,3,28,0.79,0.21,0.36,0.25,0.04,0.07,2.76,0.4762,0.4000,,-0.32,0.5238,0.5238,0.1302,12.05,1.67
965,Jarrett Culver,1629633,Atlanta Hawks,ATL,1610612737,SG,2022-23,2,22,2.00,1.73,0.27,0.27,0.09,0.32,6.22,0.3953,0.0833,0.6923,-0.86,0.4070,0.4516,0.1713,12.05,-2.39
42,Santi Aldama,1630583,Memphis Grizzlies,MEM,1610612763,PF,2021-22,1,59,2.24,1.47,0.36,0.10,0.17,0.27,6.10,0.4015,0.1250,0.6250,0.27,0.4242,0.4518,0.1870,12.05,-1.72
2023,Aaron Holiday,1628988,Houston Rockets,HOU,1610612745,PG,2024-25,4,81,4.20,0.96,1.02,0.23,0.14,0.46,9.71,0.4382,0.4000,0.8293,1.10,0.5730,0.5964,0.1698,12.03,-2.00
2406,Cory Joseph,202709,Detroit Pistons,DET,1610612765,PG,2021-22,1,74,7.04,2.35,3.20,0.57,0.23,1.15,21.61,0.4450,0.4140,0.8850,-2.76,0.5263,0.5792,0.1451,12.03,0.12
2884,Tyrese Martin,1631213,Brooklyn Nets,BKN,1610612751,SF,2025-26,5,48,5.63,2.21,1.44,0.46,0.08,0.69,14.51,0.3922,0.3355,0.7308,-3.75,0.4922,0.5067,0.1888,12.03,-1.64
1059,JD Davison,1631120,Boston Celtics,BOS,1610612738,PG,2022-23,2,29,0.66,0.31,0.38,0.07,0.07,0.14,2.26,0.4211,0.2857,0.5000,-0.21,0.4737,0.4779,0.1594,12.02,2.17
3599,Jalen Pickett,1629618,Denver Nuggets,DEN,1610612743,PG,2024-25,4,72,2.78,0.99,1.49,0.26,0.07,0.33,9.26,0.4278,0.3960,0.7500,0.72,0.5389,0.5449,0.1325,12.02,1.13
2928,Miles McBride,1630540,New York Knicks,NYK,1610612752,PG,2024-25,4,73,8.37,2.21,2.56,0.92,0.23,0.56,21.82,0.4059,0.3686,0.8125,2.89,0.5110,0.5312,0.1696,12.01,0.31
5003,Jalen Wilson,1630592,Brooklyn Nets,BKN,1610612751,SF,2023-24,3,54,3.96,2.43,0.83,0.20,0.07,0.35,12.31,0.4246,0.3243,0.8261,-0.07,0.4916,0.5370,0.1448,12.00,-3.04
1641,Eric Gordon,201569,Houston Rockets,HOU,1610612745,PG,2022-23,2,47,13.09,2.06,2.89,0.64,0.36,1.77,30.18,0.4393,0.3469,0.8148,-4.43,0.5282,0.5722,0.1819,12.00,-3.28
1587,Taj Gibson,201959,Charlotte Hornets,CHA,1610612766,PF,2024-25,4,80,1.34,1.50,0.26,0.11,0.23,0.31,5.11,0.4947,0.5000,0.6000,-1.55,0.5000,0.5154,0.1346,11.99,-3.46
738,Alex Caruso,1627936,Chicago Bulls,CHI,1610612741,SG,2021-22,1,42,7.24,3.52,3.93,1.69,0.36,1.36,27.31,0.3984,0.3333,0.7945,2.62,0.4805,0.5276,0.1335,11.98,1.45
4422,Jae'Sean Tate,1630256,Houston Rockets,HOU,1610612745,SF,2022-23,2,32,8.84,3.69,2.63,0.66,0.22,1.47,21.18,0.4803,0.2826,0.7246,-2.94,0.5087,0.5456,0.1876,11.98,-0.43
4616,Jaylon Tyson,1642281,Cleveland Cavaliers,CLE,1610612739,SG,2024-25,4,72,2.32,1.33,0.61,0.18,0.04,0.36,6.29,0.4295,0.3448,0.7917,-0.03,0.4966,0.5233,0.1745,11.97,-1.71
2749,Caleb Love,1631126,Portland Trail Blazers,POR,1610612757,PG,2025-26,5,50,10.18,2.28,2.46,0.54,0.08,1.24,20.25,0.3878,0.3185,0.7347,-2.54,0.4827,0.4975,0.2314,11.97,-0.78
2828,Terance Mann,1629611,Los Angeles Clippers,LAC,1610612746,SG,2023-24,3,75,8.77,3.39,1.59,0.57,0.20,0.64,24.97,0.5152,0.3480,0.8316,0.69,0.5872,0.6152,0.1378,11.96,-3.90
3814,Josh Richardson,1626196,Miami Heat,MIA,1610612748,SG,2023-24,3,46,9.24,2.63,2.28,0.52,0.30,0.78,23.98,0.4438,0.3474,0.9444,-2.33,0.5389,0.5731,0.1648,11.96,-2.12
4914,Brandon Williams,1630314,Portland Trail Blazers,POR,1610612757,PG,2021-22,1,25,12.36,2.96,3.76,0.96,0.40,2.32,25.59,0.3723,0.2925,0.7010,-10.88,0.4273,0.4759,0.2580,11.96,0.66
3814,Josh Richardson,1626196,Boston Celtics,BOS,1610612738,SG,2021-22,1,44,9.70,2.84,1.50,0.77,0.52,0.89,24.70,0.4431,0.3974,0.8592,1.59,0.5335,0.5705,0.1692,11.95,-3.09
2863,Caleb Martin,1628997,Miami Heat,MIA,1610612748,SF,2023-24,3,65,9.85,4.32,2.20,0.72,0.45,1.18,27.02,0.4311,0.3491,0.7778,1.02,0.5036,0.5311,0.1748,11.95,-2.48
837,Amir Coffey,1629599,Phoenix Suns,PHX,1610612756,SG,2025-26,5,23,3.35,1.35,0.70,0.26,0.09,0.22,9.80,0.5000,0.4167,0.6923,1.13,0.5862,0.6042,0.1334,11.94,-3.29
2506,Corey Kispert,1630557,Washington Wizards,WAS,1610612764,SF,2024-25,4,63,11.13,2.83,1.62,0.40,0.22,1.00,24.93,0.4577,0.3704,0.8488,-4.33,0.5658,0.5912,0.1753,11.93,-4.30
2249,Alize Johnson,1628993,Chicago Bulls,CHI,1610612741,SF,2021-22,1,27,1.04,1.33,0.30,0.11,0.00,0.30,4.46,0.5217,0.0000,0.5714,-2.26,0.5217,0.5368,0.1249,11.93,-3.78
96,Justin Anderson,1626147,Indiana Pacers,IND,1610612754,SG,2021-22,1,13,6.85,3.08,2.08,0.54,0.46,0.46,20.72,0.3678,0.2453,0.8000,-3.77,0.4425,0.4754,0.1604,11.92,0.36
3893,Isaiah Roby,1629676,San Antonio Spurs,SAS,1610612759,SF,2022-23,2,56,3.07,1.93,0.68,0.32,0.13,0.55,8.46,0.4323,0.3000,0.4878,-1.96,0.4903,0.4970,0.1796,11.92,-1.73
3340,Zeke Nnaji,1630192,Denver Nuggets,DEN,1610612743,PF,2023-24,3,74,2.51,1.69,0.43,0.20,0.51,0.36,7.79,0.4631,0.2609,0.6774,-2.27,0.4832,0.5276,0.1552,11.92,-2.23
5065,Delon Wright,1626153,New York Knicks,NYK,1610612752,PG,2024-25,4,31,1.94,0.65,0.94,0.39,0.10,0.26,7.42,0.4694,0.3333,0.6667,-0.23,0.5510,0.5665,0.1171,11.91,-0.64
985,Seth Curry,203552,Brooklyn Nets,BKN,1610612751,SG,2022-23,2,62,9.05,1.61,1.60,0.58,0.11,0.82,19.53,0.4633,0.4052,0.9273,-1.11,0.5679,0.5928,0.1943,11.91,-2.84
4232,Ish Smith,202397,Charlotte Hornets,CHA,1610612766,PG,2021-22,1,51,3.29,1.12,1.92,0.39,0.20,0.71,10.02,0.3946,0.4000,0.6316,-1.86,0.4216,0.4344,0.1900,11.90,3.35
3417,Josh Okogie,1629006,Phoenix Suns,PHX,1610612756,SG,2023-24,3,68,4.07,2.26,0.94,0.71,0.35,0.53,14.12,0.4175,0.3085,0.7451,0.09,0.4879,0.5521,0.1304,11.90,-2.64
4108,Shaedon Sharpe,1631101,Portland Trail Blazers,POR,1610612757,SG,2022-23,2,81,9.74,2.91,1.16,0.47,0.30,1.02,21.96,0.4722,0.3604,0.7143,-3.67,0.5509,0.5683,0.1913,11.90,-4.21
2992,Rodney McGruder,203585,Detroit Pistons,DET,1610612765,SG,2021-22,1,74,3.69,1.50,0.65,0.28,0.09,0.32,10.19,0.4356,0.3973,0.7308,-0.76,0.5644,0.5773,0.1493,11.90,-2.92
2141,Joe Ingles,204060,Orlando Magic,ORL,1610612753,PG,2023-24,3,71,4.17,2.00,2.86,0.61,0.07,0.94,16.47,0.4361,0.4348,0.8235,2.32,0.5903,0.6117,0.1169,11.89,0.71
920,Bilal Coulibaly,1641731,Washington Wizards,WAS,1610612764,SG,2024-25,4,60,11.75,4.77,3.28,1.30,0.68,2.08,31.89,0.4167,0.2748,0.7486,-9.42,0.4665,0.5103,0.1791,11.89,-1.77
822,Walter Clayton Jr.,1642383,Memphis Grizzlies,MEM,1610612763,PG,2025-26,5,31,7.48,1.65,4.39,0.65,0.23,1.90,19.33,0.3659,0.3069,0.8644,-5.35,0.4415,0.5023,0.2051,11.89,2.60
294,MarJon Beauchamp,1630699,Milwaukee Bucks,MIL,1610612749,SF,2024-25,4,43,1.21,0.74,0.19,0.07,0.02,0.30,2.83,0.3830,0.3333,0.7500,0.28,0.4574,0.4973,0.2349,11.88,-4.84
3765,Cam Reddish,1629629,New York Knicks,NYK,1610612752,SG,2021-22,1,19,4.79,1.11,0.53,0.63,0.21,0.68,11.34,0.4154,0.2581,0.9063,-2.68,0.4769,0.5754,0.1826,11.88,-4.58
4531,Xavier Tillman,1630214,Charlotte Hornets,CHA,1610612766,SF,2025-26,5,29,0.45,0.62,0.28,0.10,0.10,0.10,2.50,0.4000,0.0000,0.2500,0.31,0.4000,0.3878,0.1176,11.88,0.73
5089,Gabe York,1628221,Indiana Pacers,IND,1610612754,PG,2022-23,2,3,8.00,2.00,1.67,0.67,0.00,0.00,18.60,0.3810,0.3333,1.0000,8.00,0.5238,0.5484,0.1603,11.88,0.37
2656,Damion Lee,1627814,Phoenix Suns,PHX,1610612756,SG,2022-23,2,82,7.37,2.74,1.21,0.37,0.09,0.95,18.37,0.4425,0.4453,0.9038,0.96,0.5642,0.6067,0.1639,11.87,-4.21
4826,Blake Wesley,1631104,Portland Trail Blazers,POR,1610612757,PG,2025-26,5,50,2.96,0.78,1.24,0.32,0.10,0.62,7.22,0.4516,0.2778,0.5532,-1.56,0.4919,0.5115,0.1990,11.87,0.74
3871,Duncan Robinson,1629130,Detroit Pistons,DET,1610612765,SF,2025-26,5,77,11.96,2.58,2.05,0.57,0.29,0.70,27.00,0.4541,0.4094,0.7477,6.71,0.6121,0.6273,0.1590,11.87,-3.16
3451,Cedi Osman,1626224,Cleveland Cavaliers,CLE,1610612739,SF,2022-23,2,81,8.26,2.17,1.42,0.43,0.14,0.64,19.11,0.4509,0.3718,0.6944,2.81,0.5604,0.5792,0.1833,11.86,-2.76
798,Max Christie,1631108,Dallas Mavericks,DAL,1610612742,SG,2024-25,4,32,11.22,4.22,2.50,0.91,0.31,1.53,30.41,0.4106,0.3642,0.8615,-2.06,0.5017,0.5430,0.1719,11.86,-3.25
3196,Markieff Morris,202693,Brooklyn Nets,BKN,1610612751,PF,2022-23,2,48,2.00,1.23,0.52,0.17,0.10,0.29,5.95,0.4024,0.4082,1.0000,0.63,0.5244,0.5556,0.1584,11.86,-1.43
1651,Devonte' Graham,1628984,San Antonio Spurs,SAS,1610612759,PG,2023-24,3,80,1.43,0.45,0.61,0.11,0.03,0.21,3.91,0.3519,0.3012,0.8125,0.29,0.4676,0.4955,0.1789,11.86,0.92
2030,Ronald Holland II,1641842,Detroit Pistons,DET,1610612765,SF,2024-25,4,82,6.37,2.66,1.00,0.60,0.21,0.88,15.45,0.4736,0.2384,0.7541,-0.67,0.5168,0.5557,0.1817,11.86,-3.60
4778,Lindy Waters III,1630322,Oklahoma City Thunder,OKC,1610612760,SF,2022-23,2,50,4.28,1.50,0.56,0.28,0.22,0.20,10.61,0.3933,0.3580,0.8000,2.72,0.5562,0.5728,0.1564,11.85,-2.34
4226,Dru Smith,1630696,Miami Heat,MIA,1610612748,SG,2024-25,4,23,3.70,1.52,1.00,0.91,0.26,0.70,11.55,0.5000,0.5333,0.7500,1.74,0.6333,0.6510,0.1362,11.84,-2.22
4781,Jamir Watkins,1642364,Washington Wizards,WAS,1610612764,SF,2025-26,5,58,6.34,3.34,1.16,0.93,0.43,0.69,17.79,0.4459,0.2975,0.6951,-2.83,0.5253,0.5541,0.1514,11.83,-2.05
2972,Doug McDermott,203926,San Antonio Spurs,SAS,1610612759,SF,2021-22,1,51,11.33,2.25,1.25,0.25,0.12,0.84,23.98,0.4624,0.4219,0.7843,-0.75,0.5785,0.5929,0.1841,11.82,-4.63
1129,Ousmane Dieng,1631172,Oklahoma City Thunder,OKC,1610612760,PF,2023-24,3,37,3.59,1.38,1.00,0.22,0.14,0.51,9.86,0.4224,0.3000,0.8750,0.03,0.5129,0.5405,0.1704,11.82,-2.30
4795,Quinndary Weatherspoon,1629683,Golden State Warriors,GSW,1610612744,SG,2021-22,1,19,1.58,0.74,0.26,0.05,0.05,0.16,3.87,0.5714,0.2000,1.0000,-0.53,0.5952,0.6466,0.1583,11.82,-3.13
2114,De'Andre Hunter,1629631,Atlanta Hawks,ATL,1610612737,SG,2022-23,2,70,14.70,4.06,1.34,0.50,0.24,1.17,30.36,0.4611,0.3497,0.8261,-0.26,0.5219,0.5635,0.1978,11.81,-4.39
366,Anthony Black,1641710,Orlando Magic,ORL,1610612753,SG,2024-25,4,80,9.20,2.88,3.00,1.08,0.60,1.74,23.59,0.4226,0.3179,0.7614,-0.50,0.4726,0.5207,0.1976,11.80,-0.76
78,Jose Alvarado,1630631,New Orleans Pelicans,NOP,1610612740,PG,2025-26,5,44,7.36,2.59,2.91,0.84,0.09,1.07,20.38,0.4179,0.3627,0.8333,-1.91,0.5429,0.5575,0.1580,11.79,0.13
802,Josh Christopher,1630528,Miami Heat,MIA,1610612748,SG,2024-25,4,34,0.82,0.26,0.24,0.15,0.09,0.18,2.04,0.3548,0.1818,0.6667,-0.15,0.3871,0.4162,0.2543,11.79,0.40
1941,Taylor Hendricks,1641707,Utah Jazz,UTA,1610612762,PF,2025-26,5,43,3.79,2.30,0.56,0.30,0.19,0.47,11.45,0.4531,0.3429,0.7188,-4.44,0.5469,0.5736,0.1374,11.79,-4.38
4723,Cason Wallace,1641717,Oklahoma City Thunder,OKC,1610612760,SG,2023-24,3,82,6.84,2.28,1.46,0.93,0.45,0.55,20.63,0.4910,0.4188,0.7838,1.55,0.6018,0.6121,0.1299,11.78,-2.73
1702,Jeff Green,201145,Houston Rockets,HOU,1610612745,SF,2023-24,3,79,6.44,2.25,0.89,0.20,0.39,0.58,16.55,0.4563,0.3313,0.8188,-0.97,0.5287,0.5897,0.1559,11.78,-4.52
4964,Patrick Williams,1630172,Chicago Bulls,CHI,1610612741,SF,2022-23,2,82,10.16,3.99,1.22,0.88,0.85,1.23,28.33,0.4638,0.4152,0.8571,-1.73,0.5487,0.5759,0.1579,11.78,-4.33
4909,Amari Williams,1642873,Boston Celtics,BOS,1610612738,PF,2025-26,5,49,0.61,0.82,0.20,0.06,0.20,0.22,2.98,0.5000,,0.7143,-1.18,0.5000,0.5734,0.1119,11.78,-3.50
3958,Rayan Rupert,1641712,Memphis Grizzlies,MEM,1610612763,SG,2025-26,5,16,12.19,6.38,2.13,1.63,0.44,1.69,30.95,0.4217,0.3385,0.8250,-12.00,0.4880,0.5310,0.1748,11.78,-2.31
3326,Georges Niang,1627777,Atlanta Hawks,ATL,1610612737,SF,2024-25,4,28,12.11,2.96,1.57,0.39,0.25,1.21,23.01,0.4412,0.4130,0.7931,-0.14,0.5809,0.5952,0.2061,11.77,-3.78
5126,Vlatko Čančar,1628427,Denver Nuggets,DEN,1610612743,SF,2022-23,2,77,3.86,1.66,1.04,0.29,0.18,0.48,11.55,0.4758,0.3739,0.9268,-0.86,0.5705,0.6060,0.1388,11.76,-2.35
3405,Josh Oduro,1642490,New Orleans Pelicans,NOP,1610612740,C,2025-26,5,6,4.17,3.83,0.67,0.00,0.00,0.33,13.63,0.6471,0.0000,0.5000,0.17,0.6471,0.6365,0.1055,11.76,-4.45
743,Colin Castleton,1630658,Toronto Raptors,TOR,1610612761,C,2024-25,4,11,7.18,6.91,1.64,0.55,0.73,1.91,26.20,0.5000,0.2500,0.7222,-2.64,0.5156,0.5492,0.1284,11.75,-4.49
3394,Royce O'Neale,1626220,Brooklyn Nets,BKN,1610612751,SF,2023-24,3,50,7.28,4.42,2.74,0.64,0.58,1.02,24.04,0.3877,0.3660,0.6818,-0.44,0.5369,0.5438,0.1378,11.75,-0.28
2644,Caris LeVert,1627747,Detroit Pistons,DET,1610612765,PG,2025-26,5,61,7.18,1.90,2.57,0.84,0.67,1.33,18.63,0.4182,0.3296,0.6786,-0.08,0.4948,0.5190,0.1856,11.75,-0.06
4815,Jaylen Wells,1642377,Memphis Grizzlies,MEM,1610612763,SF,2025-26,5,74,11.53,2.92,1.50,0.82,0.12,0.99,24.08,0.4329,0.3510,0.7870,-2.15,0.5248,0.5609,0.1950,11.74,-3.65
337,Davis Bertans,202722,Dallas Mavericks,DAL,1610612742,PF,2021-22,1,22,5.32,2.55,0.68,0.27,0.27,0.23,13.89,0.3750,0.3605,0.8000,2.86,0.5240,0.5397,0.1711,11.74,-2.02
3117,Shake Milton,1629003,Los Angeles Lakers,LAL,1610612747,PG,2024-25,4,51,2.27,1.04,0.75,0.20,0.06,0.39,6.76,0.4330,0.2941,0.8462,-1.00,0.4845,0.5349,0.1653,11.74,-2.16
4723,Cason Wallace,1641717,Oklahoma City Thunder,OKC,1610612760,SG,2025-26,5,78,8.37,3.01,2.55,1.90,0.36,0.92,25.89,0.4315,0.3534,0.8088,6.82,0.5182,0.5380,0.1464,11.74,-0.68
270,Jamison Battle,1642419,Toronto Raptors,TOR,1610612761,SF,2025-26,5,76,2.53,1.17,0.32,0.09,0.04,0.25,6.80,0.5103,0.4118,0.6429,1.17,0.6310,0.6351,0.1422,11.73,-5.49
4174,Jericho Sims,1630579,New York Knicks,NYK,1610612752,C,2024-25,4,50,1.28,2.58,0.44,0.16,0.20,0.42,8.44,0.6087,,0.6154,0.52,0.6087,0.6187,0.0753,11.73,-4.55
2506,Corey Kispert,1630557,Washington Wizards,WAS,1610612764,SF,2022-23,2,74,11.08,2.80,1.18,0.43,0.12,0.74,28.29,0.4974,0.4245,0.8523,-1.68,0.6368,0.6573,0.1415,11.72,-5.57
4914,Brandon Williams,1630314,Dallas Mavericks,DAL,1610612742,PG,2023-24,3,31,1.74,0.42,0.55,0.03,0.03,0.23,3.64,0.3704,0.2000,0.6471,-1.84,0.3981,0.4392,0.2620,11.72,0.76
4572,Luke Travers,1631247,Cleveland Cavaliers,CLE,1610612739,SF,2025-26,5,19,1.47,1.26,0.47,0.37,0.21,0.16,5.42,0.2500,0.0625,1.0000,-1.68,0.2639,0.3504,0.1720,11.72,1.96
2968,Jaden McDaniels,1630183,Minnesota Timberwolves,MIN,1610612750,PF,2022-23,2,80,11.91,3.84,1.85,0.93,0.95,1.40,30.21,0.5168,0.3978,0.7361,0.88,0.5915,0.6114,0.1586,11.71,-3.52
935,Torrey Craig,1628470,Indiana Pacers,IND,1610612754,SF,2021-22,1,54,6.09,3.61,1.07,0.44,0.35,0.72,19.14,0.4555,0.3333,0.7714,-3.67,0.5374,0.5550,0.1411,11.71,-3.33
3326,Georges Niang,1627777,Cleveland Cavaliers,CLE,1610612739,SF,2024-25,4,51,8.73,3.71,1.31,0.33,0.14,0.94,20.65,0.4770,0.4000,0.7931,3.88,0.6063,0.6168,0.1669,11.71,-4.07
685,Toumani Camara,1641739,Portland Trail Blazers,POR,1610612757,SF,2025-26,5,82,13.41,5.13,2.45,1.15,0.43,1.76,33.30,0.4400,0.3699,0.7080,0.39,0.5629,0.5782,0.1642,11.71,-3.45
4826,Blake Wesley,1631104,San Antonio Spurs,SAS,1610612759,PG,2023-24,3,75,3.57,1.25,2.21,0.39,0.12,0.73,11.68,0.4744,0.2182,0.6667,-1.92,0.5023,0.5375,0.1480,11.70,1.64
2701,Kira Lewis Jr.,1630184,New Orleans Pelicans,NOP,1610612740,PG,2021-22,1,27,5.22,1.44,1.81,0.41,0.04,0.96,12.64,0.4041,0.2241,0.8333,-3.96,0.4486,0.4660,0.2244,11.69,-0.07
1766,Rui Hachimura,1629060,Los Angeles Lakers,LAL,1610612747,SF,2025-26,5,70,11.14,3.23,0.81,0.56,0.30,0.60,27.53,0.5142,0.4427,0.6944,1.16,0.6114,0.6203,0.1531,11.68,-5.91
1420,Malachi Flynn,1630201,Toronto Raptors,TOR,1610612761,PG,2023-24,3,31,5.06,2.10,2.35,0.58,0.19,1.06,15.31,0.4088,0.3500,0.7727,-2.16,0.5109,0.5352,0.1617,11.68,0.20
1293,Keon Ellis,1631165,Cleveland Cavaliers,CLE,1610612739,SG,2025-26,5,31,7.77,2.58,1.48,1.19,0.77,0.65,23.24,0.4914,0.3551,0.8158,2.19,0.6000,0.6285,0.1275,11.68,-2.90
1420,Malachi Flynn,1630201,Toronto Raptors,TOR,1610612761,PG,2021-22,1,67,2.82,0.94,1.04,0.30,0.06,0.19,8.01,0.3934,0.3333,0.6250,-0.39,0.4754,0.4882,0.1659,11.68,1.61
4509,Klay Thompson,202691,Dallas Mavericks,DAL,1610612742,SG,2025-26,5,70,11.41,2.00,1.36,0.47,0.31,0.90,21.10,0.3922,0.3827,0.7660,-1.60,0.5306,0.5401,0.2287,11.67,-3.29
1161,Ayo Dosunmu,1630245,Chicago Bulls,CHI,1610612741,PG,2021-22,1,78,8.71,2.74,3.28,0.77,0.37,1.38,27.04,0.5196,0.3763,0.6795,-2.55,0.5850,0.5963,0.1424,11.67,-1.55
3609,Theo Pinson,1629033,Dallas Mavericks,DAL,1610612742,SG,2022-23,2,82,1.16,0.77,0.56,0.07,0.01,0.15,3.94,0.3563,0.3548,0.8462,-0.61,0.4828,0.5123,0.1472,11.67,1.34
3029,Liam McNeeley,1642862,Charlotte Hornets,CHA,1610612766,SF,2025-26,5,34,3.88,2.15,0.71,0.15,0.09,0.38,10.81,0.4000,0.4000,0.8205,0.24,0.5263,0.5884,0.1458,11.67,-3.68
2679,Malevy Leons,1642502,Golden State Warriors,GSW,1610612744,PF,2025-26,5,32,2.59,1.66,0.72,0.44,0.28,0.41,8.64,0.4444,0.2500,0.7895,-2.34,0.4722,0.5164,0.1455,11.67,-1.53
822,Walter Clayton Jr.,1642383,Utah Jazz,UTA,1610612762,PG,2025-26,5,50,6.12,1.76,2.86,0.48,0.24,1.14,16.23,0.3984,0.3077,0.9355,-2.38,0.4844,0.5401,0.1740,11.66,0.96
806,Sidy Cissoko,1631321,San Antonio Spurs,SAS,1610612759,SG,2023-24,3,21,2.14,1.05,0.48,0.33,0.14,0.14,6.71,0.4848,0.0833,0.8000,1.19,0.5000,0.5682,0.1293,11.66,-1.74
2131,Bones Hyland,1630538,Los Angeles Clippers,LAC,1610612746,PG,2023-24,3,78,3.28,0.71,1.19,0.33,0.05,0.56,6.93,0.3865,0.3259,0.7826,-0.83,0.4741,0.4902,0.2504,11.66,1.87
743,Colin Castleton,1630658,Los Angeles Lakers,LAL,1610612747,C,2023-24,3,24,1.00,0.50,0.13,0.08,0.00,0.13,2.46,0.5625,,1.0000,-1.83,0.5625,0.6438,0.1591,11.66,-4.83
4456,Dalen Terry,1631207,Philadelphia 76ers,PHI,1610612755,SF,2025-26,5,19,3.05,1.16,1.21,0.37,0.21,0.26,9.14,0.4340,0.2500,0.5385,-0.53,0.4811,0.4939,0.1526,11.65,1.19
802,Josh Christopher,1630528,Houston Rockets,HOU,1610612745,SG,2022-23,2,79,4.71,0.90,0.92,0.42,0.19,0.76,9.95,0.4650,0.2360,0.7500,-2.85,0.4970,0.5234,0.2206,11.65,-2.72
716,Bub Carrington,1642267,Washington Wizards,WAS,1610612764,PG,2025-26,5,82,10.71,3.37,4.65,0.63,0.21,2.33,27.69,0.4238,0.4082,0.7297,-9.10,0.5378,0.5558,0.1813,11.65,-0.50
2336,Carlik Jones,1630637,Chicago Bulls,CHI,1610612741,PG,2022-23,2,21,0.95,0.24,0.29,0.10,0.00,0.10,2.67,0.4000,0.5000,0.6250,1.24,0.5000,0.5400,0.1621,11.64,-1.45
1693,AJ Green,1631260,Milwaukee Bucks,MIL,1610612749,SG,2022-23,2,50,3.08,0.90,0.44,0.12,0.00,0.18,6.89,0.4240,0.4190,1.0000,-0.52,0.6000,0.6074,0.1686,11.64,-3.07
1134,Rob Dillingham,1642265,Minnesota Timberwolves,MIN,1610612750,PG,2024-25,4,68,3.22,0.74,1.44,0.29,0.01,0.78,7.59,0.4408,0.3378,0.5333,0.28,0.5000,0.5032,0.2281,11.64,0.53
4989,Vince Williams Jr.,1631246,Memphis Grizzlies,MEM,1610612763,SG,2024-25,4,28,6.39,3.50,1.96,0.43,0.25,1.18,17.79,0.4012,0.2737,0.7917,0.21,0.4790,0.5041,0.1727,11.63,-1.54
2098,Elijah Hughes,1630190,Utah Jazz,UTA,1610612762,SG,2021-22,1,36,1.19,0.47,0.17,0.11,0.03,0.19,3.11,0.4167,0.3571,1.0000,-1.94,0.5556,0.5761,0.1726,11.63,-4.64
2023,Aaron Holiday,1628988,Washington Wizards,WAS,1610612764,PG,2021-22,1,47,5.34,1.43,1.66,0.51,0.19,0.83,14.10,0.4673,0.3433,0.8000,-1.83,0.5210,0.5471,0.1814,11.63,-1.27
2180,Quenton Jackson,1631245,Washington Wizards,WAS,1610612764,PG,2022-23,2,13,4.31,0.62,1.15,0.31,0.08,0.31,10.34,0.4524,0.0833,0.7727,-1.31,0.4643,0.5418,0.1806,11.63,-1.04
3688,Payton Pritchard,1630202,Boston Celtics,BOS,1610612738,PG,2022-23,2,69,3.91,1.28,0.93,0.20,0.01,0.58,9.32,0.4122,0.3636,0.7500,0.17,0.5265,0.5356,0.1996,11.63,-2.43
4093,Collin Sexton,1629012,Cleveland Cavaliers,CLE,1610612739,PG,2021-22,1,11,16.00,3.27,2.09,0.91,0.00,2.82,28.75,0.4503,0.2444,0.7436,-2.73,0.4868,0.5233,0.2736,11.63,-4.92
274,Nicolas Batum,201587,Los Angeles Clippers,LAC,1610612746,SG,2022-23,2,79,6.05,3.78,1.53,0.68,0.56,0.63,21.64,0.4199,0.3912,0.7083,2.09,0.5827,0.5943,0.1163,11.63,-2.09
1587,Taj Gibson,201959,New York Knicks,NYK,1610612752,PF,2021-22,1,75,3.05,3.05,0.43,0.29,0.53,0.36,12.61,0.5181,0.3947,0.8077,0.57,0.5633,0.6062,0.1007,11.62,-3.48
449,Jamaree Bouyea,1631123,Milwaukee Bucks,MIL,1610612749,SG,2024-25,4,12,1.42,0.42,0.83,0.33,0.17,0.67,5.14,0.5000,0.2000,0.6667,0.17,0.5417,0.5806,0.1654,11.62,-2.49
56,Nickeil Alexander-Walker,1629638,New Orleans Pelicans,NOP,1610612740,SG,2021-22,1,50,12.78,3.28,2.78,0.82,0.38,1.70,26.34,0.3750,0.3115,0.7216,-2.54,0.4502,0.4736,0.2510,11.61,-0.58
2756,Kyle Lowry,200768,Philadelphia 76ers,PHI,1610612755,PG,2023-24,3,23,8.00,2.83,4.61,0.87,0.26,1.39,28.37,0.4444,0.4045,0.8485,-0.48,0.5778,0.6153,0.1253,11.61,0.17
989,Pacôme Dadiet,1642359,New York Knicks,NYK,1610612752,PF,2025-26,5,60,0.80,0.45,0.20,0.05,0.02,0.05,2.27,0.3333,0.2188,0.8182,-0.08,0.4063,0.4542,0.1768,11.60,-0.72
1400,Dorian Finney-Smith,1627827,Brooklyn Nets,BKN,1610612751,SF,2024-25,4,24,8.67,3.79,1.29,0.75,0.50,0.75,24.15,0.4591,0.4352,0.6250,1.71,0.6069,0.6134,0.1442,11.60,-3.70
1033,Ed Davis,202334,Cleveland Cavaliers,CLE,1610612739,C,2021-22,1,79,0.35,0.81,0.09,0.04,0.11,0.06,2.55,0.6875,,0.4286,0.20,0.6875,0.6318,0.0605,11.59,-3.12
3075,Khris Middleton,203114,Dallas Mavericks,DAL,1610612742,SF,2025-26,5,30,9.63,3.23,2.17,0.50,0.00,1.70,20.40,0.4042,0.3908,0.9104,-6.60,0.4750,0.5362,0.2194,11.58,-3.13
3871,Duncan Robinson,1629130,Miami Heat,MIA,1610612748,SF,2024-25,4,79,10.34,2.11,2.23,0.51,0.08,1.09,22.61,0.4374,0.3934,0.8868,0.84,0.5807,0.5952,0.1942,11.58,-2.85
833,Noah Clowney,1641730,Brooklyn Nets,BKN,1610612751,PF,2025-26,5,67,12.07,4.07,1.61,0.75,0.67,1.52,26.57,0.3962,0.3291,0.8036,-4.91,0.4984,0.5544,0.2044,11.58,-3.84
2412,Johnny Juzang,1630548,Utah Jazz,UTA,1610612762,SG,2024-25,4,72,7.93,2.56,0.94,0.54,0.11,0.50,17.64,0.4295,0.3758,0.8491,-4.96,0.5537,0.5729,0.1768,11.58,-3.36
723,Devin Carter,1642269,Sacramento Kings,SAC,1610612758,SG,2024-25,4,38,3.63,2.00,1.08,0.55,0.11,0.47,10.42,0.3701,0.2951,0.5909,1.13,0.4409,0.4714,0.1806,11.58,0.06
2544,Furkan Korkmaz,1627788,Philadelphia 76ers,PHI,1610612755,SG,2021-22,1,76,6.70,2.30,1.67,0.43,0.12,0.63,18.60,0.3872,0.2895,0.8095,0.41,0.4691,0.5020,0.1772,11.58,-1.83
4226,Dru Smith,1630696,Miami Heat,MIA,1610612748,SG,2023-24,3,15,2.60,0.93,0.93,0.60,0.20,0.33,8.73,0.4545,0.4118,1.0000,-2.87,0.5606,0.5756,0.1328,11.57,-0.49
3340,Zeke Nnaji,1630192,Denver Nuggets,DEN,1610612743,PF,2022-23,2,62,4.47,2.23,0.29,0.27,0.37,0.50,11.74,0.5612,0.2615,0.6452,-1.56,0.6046,0.6203,0.1532,11.57,-5.10
1129,Ousmane Dieng,1631172,Oklahoma City Thunder,OKC,1610612760,PF,2022-23,2,41,4.71,2.56,1.12,0.34,0.17,0.63,13.87,0.4199,0.2653,0.6522,0.95,0.4917,0.5049,0.1591,11.56,-2.17
2355,Herbert Jones,1630529,New Orleans Pelicans,NOP,1610612740,SF,2022-23,2,67,9.69,4.01,2.42,1.54,0.63,1.31,29.11,0.4691,0.3353,0.7640,2.24,0.5250,0.5675,0.1451,11.56,-1.81
1677,Hassani Gravett,1629755,Orlando Magic,ORL,1610612753,SG,2021-22,1,9,5.56,2.33,2.22,0.56,0.11,1.00,19.00,0.4737,0.4231,0.7500,-0.22,0.6184,0.6288,0.1271,11.55,-2.00
4774,Duane Washington Jr.,1630613,Phoenix Suns,PHX,1610612756,PG,2022-23,2,42,5.81,0.86,1.50,0.14,0.10,0.81,9.38,0.3672,0.3604,0.6667,-0.14,0.4453,0.4577,0.3272,11.55,1.71
2064,Talen Horton-Tucker,1629659,Los Angeles Lakers,LAL,1610612747,PG,2021-22,1,65,9.18,2.97,2.45,0.91,0.45,1.26,23.24,0.4164,0.2692,0.8000,-1.38,0.4619,0.5034,0.1936,11.55,-0.74
2164,GG Jackson,1641713,Memphis Grizzlies,MEM,1610612763,PF,2024-25,4,34,6.15,2.71,0.85,0.35,0.15,0.91,13.49,0.3719,0.3368,0.7250,-2.00,0.4523,0.4825,0.2211,11.55,-3.41
2972,Doug McDermott,203926,San Antonio Spurs,SAS,1610612759,SF,2022-23,2,67,9.76,2.06,1.36,0.19,0.09,0.87,19.61,0.4570,0.4128,0.7571,-3.54,0.5746,0.5905,0.1939,11.53,-3.90
2355,Herbert Jones,1630529,New Orleans Pelicans,NOP,1610612740,SF,2021-22,1,80,9.28,3.70,2.09,1.63,0.75,1.25,29.19,0.4757,0.3373,0.8405,0.85,0.5252,0.5728,0.1385,11.53,-2.37
3927,Terrence Ross,203082,Orlando Magic,ORL,1610612753,SG,2021-22,1,76,8.28,2.12,1.53,0.37,0.16,0.99,19.05,0.3971,0.2917,0.8615,-4.58,0.4666,0.5146,0.2058,11.53,-3.11
3131,Davion Mitchell,1630558,Sacramento Kings,SAC,1610612758,PG,2021-22,1,75,11.48,2.21,4.17,0.73,0.32,1.52,27.68,0.4176,0.3156,0.6588,-3.67,0.4775,0.4890,0.2069,11.52,0.87
3918,Derrick Rose,201565,New York Knicks,NYK,1610612752,PG,2022-23,2,75,2.03,0.53,0.61,0.09,0.07,0.29,4.50,0.3836,0.3016,0.9167,-0.39,0.4434,0.4626,0.2377,11.52,0.38
3778,Antonio Reeves,1641810,New Orleans Pelicans,NOP,1610612740,SG,2024-25,4,69,4.42,0.91,0.57,0.30,0.06,0.43,9.57,0.4556,0.3953,0.8000,-2.17,0.5585,0.5790,0.1891,11.51,-4.64
3577,Drew Peterson,1641809,Boston Celtics,BOS,1610612738,SF,2024-25,4,41,1.32,0.98,0.32,0.12,0.05,0.20,4.54,0.4146,0.3939,0.7778,1.12,0.5732,0.6005,0.1261,11.51,-3.41
938,Isaiah Crawford,1642384,Houston Rockets,HOU,1610612745,SF,2025-26,5,40,0.70,0.40,0.13,0.05,0.08,0.10,2.30,0.4167,0.2308,0.8333,-0.23,0.4792,0.5255,0.1419,11.51,-4.34
3113,Patty Mills,201988,Los Angeles Clippers,LAC,1610612746,PG,2024-25,4,29,1.28,0.03,0.17,0.03,0.00,0.03,2.09,0.5000,0.5000,0.8889,-0.45,0.7250,0.7721,0.1835,11.50,-3.43
670,Jamal Cain,1631288,New Orleans Pelicans,NOP,1610612740,SF,2024-25,4,50,3.92,1.70,0.44,0.46,0.18,0.44,10.03,0.4304,0.3250,0.6800,-2.64,0.5127,0.5444,0.1719,11.50,-3.90
2928,Miles McBride,1630540,New York Knicks,NYK,1610612752,PG,2023-24,3,82,6.85,1.22,1.39,0.61,0.09,0.37,16.19,0.4515,0.4098,0.8600,-0.20,0.5716,0.5903,0.1660,11.50,-2.20
159,D.J. Augustin,201571,Houston Rockets,HOU,1610612745,PG,2021-22,1,48,3.79,0.85,1.54,0.21,0.00,0.94,10.62,0.4044,0.4063,0.8684,-2.50,0.5478,0.5959,0.1654,11.49,-2.71
3340,Zeke Nnaji,1630192,Denver Nuggets,DEN,1610612743,PF,2024-25,4,82,2.24,1.10,0.28,0.30,0.46,0.17,7.41,0.4965,0.3269,0.6136,-0.28,0.5567,0.5737,0.1223,11.48,-3.12
3166,Moses Moody,1630541,Golden State Warriors,GSW,1610612744,SG,2022-23,2,79,3.82,1.33,0.65,0.23,0.09,0.43,10.34,0.4758,0.3630,0.6981,-0.09,0.5837,0.6032,0.1466,11.48,-4.34
1502,Johnny Furphy,1642277,Indiana Pacers,IND,1610612754,SG,2025-26,5,35,5.14,4.37,1.17,0.57,0.20,0.83,18.37,0.4698,0.3239,0.4857,-1.66,0.5470,0.5474,0.1297,11.48,-3.56
4726,Keaton Wallace,1630811,Atlanta Hawks,ATL,1610612737,PG,2025-26,5,80,2.33,0.70,1.18,0.30,0.06,0.35,6.70,0.3977,0.3725,0.6667,-1.26,0.5088,0.5198,0.1619,11.47,2.04
2588,Jake LaRavia,1631222,Los Angeles Lakers,LAL,1610612747,SF,2025-26,5,82,8.22,3.98,1.77,1.27,0.46,1.06,25.14,0.4589,0.3210,0.7632,-0.06,0.5335,0.5713,0.1445,11.47,-3.01
4884,Lindell Wigginton,1629623,Milwaukee Bucks,MIL,1610612749,PG,2021-22,1,25,3.20,1.00,0.92,0.20,0.04,0.48,7.95,0.4262,0.3462,0.5429,-1.88,0.5000,0.5236,0.1892,11.47,-1.43
1702,Jeff Green,201145,Denver Nuggets,DEN,1610612743,SF,2022-23,2,60,7.28,2.40,1.15,0.30,0.28,0.77,18.19,0.4878,0.2885,0.7436,-3.22,0.5335,0.5758,0.1703,11.47,-4.03
3945,Ricky Rubio,201937,Cleveland Cavaliers,CLE,1610612739,PG,2022-23,2,34,5.03,2.06,3.38,0.76,0.18,0.91,16.65,0.3427,0.2561,0.8000,1.32,0.4017,0.4421,0.1784,11.46,4.56
3130,Ajay Mitchell,1642349,Oklahoma City Thunder,OKC,1610612760,PG,2024-25,4,35,6.63,1.89,1.80,0.71,0.11,0.83,16.79,0.4946,0.3833,0.8182,3.40,0.5571,0.5843,0.1657,11.45,-1.95
3340,Zeke Nnaji,1630192,Denver Nuggets,DEN,1610612743,PF,2025-26,5,80,2.38,1.70,0.36,0.21,0.30,0.34,7.82,0.4702,0.2593,0.7727,-1.36,0.5166,0.5576,0.1378,11.44,-4.01
4531,Xavier Tillman,1630214,Boston Celtics,BOS,1610612738,SF,2025-26,5,51,0.61,0.49,0.10,0.12,0.04,0.10,2.19,0.4516,0.2000,,-0.63,0.5000,0.5000,0.1404,11.43,-3.73
2756,Kyle Lowry,200768,Miami Heat,MIA,1610612748,PG,2023-24,3,37,8.19,3.49,3.97,1.05,0.41,1.43,28.04,0.4256,0.3851,0.8333,0.35,0.5537,0.5816,0.1346,11.43,-0.25
4339,Lamar Stevens,1630205,Cleveland Cavaliers,CLE,1610612739,SF,2021-22,1,71,5.39,2.31,0.62,0.44,0.25,0.58,14.29,0.4890,0.2769,0.7067,-0.56,0.5172,0.5440,0.1738,11.43,-4.08
1443,Trent Forrest,1630235,Atlanta Hawks,ATL,1610612737,PG,2023-24,3,74,1.12,0.69,1.24,0.15,0.04,0.27,5.59,0.3778,0.2000,0.7647,-1.27,0.3889,0.4257,0.1194,11.43,3.80
4162,Anfernee Simons,1629014,Chicago Bulls,CHI,1610612741,PG,2025-26,5,14,6.50,1.21,1.29,0.00,0.14,0.93,12.16,0.4375,0.3200,1.0000,-4.71,0.5375,0.5535,0.2268,11.43,-3.75
677,Kentavious Caldwell-Pope,203484,Denver Nuggets,DEN,1610612743,SG,2022-23,2,76,10.82,2.74,2.41,1.47,0.46,1.13,31.33,0.4620,0.4232,0.8240,6.49,0.5688,0.5983,0.1423,11.42,-2.87
2170,Josh Jackson,1628367,Detroit Pistons,DET,1610612765,SG,2021-22,1,45,6.13,2.73,1.09,0.47,0.40,0.84,15.71,0.4104,0.2655,0.7143,-3.11,0.4701,0.5007,0.1930,11.42,-2.34
1453,Evan Fournier,203095,New York Knicks,NYK,1610612752,SG,2021-22,1,81,13.89,2.59,2.11,0.98,0.25,1.30,29.11,0.4166,0.3893,0.7080,-1.15,0.5415,0.5543,0.2095,11.40,-2.80
548,Bruce Brown,1628971,New Orleans Pelicans,NOP,1610612740,SG,2024-25,4,28,6.75,3.43,2.00,0.61,0.25,0.71,20.31,0.4101,0.3556,0.7500,-6.36,0.4551,0.4875,0.1603,11.40,-1.18
363,Bismack Biyombo,202687,Oklahoma City Thunder,OKC,1610612760,C,2023-24,3,28,0.64,0.64,0.07,0.04,0.11,0.14,2.62,0.5833,,0.5000,-0.11,0.5833,0.5799,0.1156,11.40,-6.11
4623,Stanley Umude,1630649,Detroit Pistons,DET,1610612765,SG,2023-24,3,45,2.82,1.13,0.24,0.18,0.16,0.31,6.83,0.4405,0.4528,0.9063,-1.67,0.5833,0.6474,0.1562,11.40,-5.26
1704,Josh Green,1630182,Dallas Mavericks,DAL,1610612742,SG,2021-22,1,78,4.09,2.06,1.01,0.58,0.18,0.56,13.32,0.5078,0.3590,0.6889,0.90,0.5625,0.5783,0.1398,11.39,-2.63
587,Greg Brown III,1630535,Portland Trail Blazers,POR,1610612757,SF,2021-22,1,79,2.85,1.71,0.44,0.33,0.30,0.46,8.10,0.4263,0.3115,0.6769,-3.05,0.4763,0.5146,0.1732,11.36,-2.48
1119,Gradey Dick,1641711,Toronto Raptors,TOR,1610612761,SG,2024-25,4,55,14.13,3.51,1.78,0.87,0.18,1.51,28.86,0.4096,0.3497,0.8581,-3.82,0.4977,0.5432,0.2138,11.36,-4.12
4688,Dean Wade,1629731,Cleveland Cavaliers,CLE,1610612739,PF,2023-24,3,57,5.11,3.82,0.75,0.70,0.44,0.35,19.44,0.4138,0.3911,0.7692,3.11,0.5841,0.5977,0.1049,11.36,-3.69
3710,Lester Quinones,1631311,Golden State Warriors,GSW,1610612744,SG,2023-24,3,57,2.88,1.26,0.63,0.11,0.04,0.30,6.92,0.3972,0.3636,0.6897,0.30,0.5106,0.5333,0.1842,11.36,-1.92
4688,Dean Wade,1629731,Cleveland Cavaliers,CLE,1610612739,PF,2024-25,4,60,5.33,4.15,1.27,0.70,0.33,0.37,20.88,0.4133,0.3604,0.5333,4.73,0.5609,0.5630,0.1046,11.35,-2.66
215,Dalano Banton,1630625,Toronto Raptors,TOR,1610612761,SF,2021-22,1,77,2.66,1.61,1.29,0.36,0.13,0.69,9.04,0.4109,0.2549,0.5909,0.44,0.4431,0.4630,0.1697,11.35,0.29
3182,Wendell Moore Jr.,1631111,Charlotte Hornets,CHA,1610612766,SG,2024-25,4,17,5.12,3.00,1.12,0.59,0.12,1.06,16.48,0.4737,0.3704,0.6250,-8.88,0.5395,0.5470,0.1481,11.35,-4.77
3201,Marcus Morris Sr.,202694,Los Angeles Clippers,LAC,1610612746,SF,2022-23,2,66,11.03,3.91,1.73,0.64,0.32,0.85,27.65,0.4261,0.3648,0.7816,-0.24,0.5132,0.5343,0.1778,11.35,-2.92
4088,Brice Sensabaugh,1641729,Utah Jazz,UTA,1610612762,SF,2023-24,3,46,5.24,2.22,1.20,0.28,0.13,1.02,12.70,0.3899,0.2957,0.9024,-3.76,0.4679,0.5105,0.2047,11.34,-3.35
1912,Killian Hayes,1630165,Detroit Pistons,DET,1610612765,PG,2022-23,2,82,9.59,2.70,5.73,1.27,0.34,2.11,26.26,0.3767,0.2797,0.8214,-6.10,0.4258,0.4547,0.2061,11.34,4.44
4422,Jae'Sean Tate,1630256,Houston Rockets,HOU,1610612745,SF,2024-25,4,80,2.35,1.46,0.59,0.33,0.09,0.28,7.35,0.4730,0.3478,0.6809,0.64,0.5270,0.5573,0.1345,11.33,-1.95
56,Nickeil Alexander-Walker,1629638,Utah Jazz,UTA,1610612762,SG,2021-22,1,27,1.96,0.85,0.63,0.19,0.15,0.30,5.51,0.3333,0.3030,0.9167,0.56,0.4375,0.4974,0.1806,11.32,0.10
4726,Keaton Wallace,1630811,Atlanta Hawks,ATL,1610612737,PG,2024-25,4,47,3.57,1.06,1.72,0.60,0.19,0.70,10.66,0.4012,0.3293,1.0000,-0.40,0.4846,0.5035,0.1660,11.31,1.14
1293,Keon Ellis,1631165,Sacramento Kings,SAC,1610612758,SG,2023-24,3,79,3.92,1.57,1.08,0.65,0.37,0.47,12.38,0.4612,0.4167,0.7429,1.18,0.6121,0.6265,0.1250,11.31,-1.80
1888,Udonis Haslem,2617,Miami Heat,MIA,1610612748,SF,2021-22,1,76,0.42,0.33,0.05,0.01,0.01,0.07,1.09,0.4516,0.2500,1.0000,-0.20,0.4677,0.4950,0.2019,11.31,-3.32
3201,Marcus Morris Sr.,202694,Philadelphia 76ers,PHI,1610612755,SF,2023-24,3,43,5.74,2.53,0.60,0.30,0.26,0.44,14.81,0.4390,0.4000,0.8611,-0.21,0.5268,0.5592,0.1612,11.30,-4.33
2341,Curtis Jones,1642938,Denver Nuggets,DEN,1610612743,SG,2025-26,5,25,1.16,0.44,0.40,0.16,0.00,0.08,3.51,0.4074,0.3333,0.5000,1.04,0.5185,0.5201,0.1497,11.30,-0.28
1561,Rudy Gay,200752,Utah Jazz,UTA,1610612762,SG,2022-23,2,56,5.23,2.91,1.02,0.34,0.32,0.66,14.56,0.3798,0.2538,0.8571,1.02,0.4373,0.4748,0.1774,11.29,-2.05
548,Bruce Brown,1628971,Denver Nuggets,DEN,1610612743,SG,2025-26,5,82,7.91,3.88,2.12,1.04,0.24,1.11,24.36,0.4751,0.3851,0.7619,-0.93,0.5297,0.5620,0.1462,11.29,-2.77
4011,Marcus Sasser,1631204,Detroit Pistons,DET,1610612765,PG,2025-26,5,56,3.52,0.70,1.34,0.36,0.07,0.55,8.15,0.3898,0.4151,0.8333,2.07,0.5141,0.5327,0.1996,11.29,0.85
3419,Isaac Okoro,1630171,Cleveland Cavaliers,CLE,1610612739,SG,2023-24,3,71,9.11,2.90,1.86,0.80,0.48,0.76,26.57,0.4896,0.3907,0.6788,0.56,0.5771,0.5988,0.1397,11.28,-3.60
4931,Grant Williams,1629684,Boston Celtics,BOS,1610612738,SF,2022-23,2,82,7.82,4.43,1.60,0.50,0.38,1.00,24.94,0.4538,0.3952,0.7705,2.51,0.5746,0.6051,0.1314,11.27,-3.73
738,Alex Caruso,1627936,Chicago Bulls,CHI,1610612741,SG,2022-23,2,67,5.58,2.93,2.88,1.46,0.69,1.15,23.51,0.4545,0.3642,0.8082,2.97,0.5507,0.5878,0.1117,11.27,-0.03
4986,Ziaire Williams,1630533,Brooklyn Nets,BKN,1610612751,PF,2025-26,5,68,8.43,1.97,0.88,1.12,0.31,0.87,18.84,0.4249,0.3426,0.8500,-4.15,0.5242,0.5793,0.1890,11.27,-4.29
4964,Patrick Williams,1630172,Chicago Bulls,CHI,1610612741,SF,2023-24,3,48,8.94,3.46,1.38,0.83,0.69,1.19,24.45,0.4429,0.3986,0.7879,-0.29,0.5251,0.5528,0.1670,11.27,-4.14
1217,Kris Dunn,1627739,Los Angeles Clippers,LAC,1610612746,PG,2025-26,5,82,7.27,3.30,3.60,1.60,0.17,1.35,27.19,0.4759,0.3738,0.7654,0.18,0.5597,0.5813,0.1249,11.26,-0.83
3637,Jordan Poole,1629673,New Orleans Pelicans,NOP,1610612740,PG,2025-26,5,63,8.32,1.22,1.89,0.35,0.24,1.10,14.81,0.3716,0.3333,0.8596,-2.29,0.4797,0.5302,0.2525,11.25,-1.17
2872,Jaylen Martin,1641798,Washington Wizards,WAS,1610612764,SG,2024-25,4,19,3.95,2.32,0.89,0.47,0.00,0.63,12.32,0.4167,0.2727,0.9000,-6.95,0.4583,0.4908,0.1606,11.25,-3.54
3310,Aaron Nesmith,1630174,Indiana Pacers,IND,1610612754,SG,2025-26,5,56,11.09,3.34,1.54,0.46,0.41,1.13,23.84,0.4141,0.3791,0.8288,-3.59,0.5166,0.5536,0.1983,11.24,-3.85
1595,Anthony Gill,1630264,Washington Wizards,WAS,1610612764,SF,2024-25,4,78,1.65,0.85,0.19,0.12,0.03,0.13,5.05,0.4943,0.3333,0.6600,-0.94,0.5517,0.5917,0.1276,11.24,-5.40
2023,Aaron Holiday,1628988,Houston Rockets,HOU,1610612745,PG,2023-24,3,82,6.27,1.50,1.71,0.51,0.07,0.65,15.47,0.4460,0.3871,0.9206,1.04,0.5468,0.5779,0.1674,11.24,-1.76
2506,Corey Kispert,1630557,Washington Wizards,WAS,1610612764,SF,2021-22,1,82,7.73,2.55,1.04,0.43,0.27,0.61,21.96,0.4553,0.3500,0.8710,0.46,0.5642,0.5856,0.1467,11.23,-4.70
688,Facundo Campazzo,1630267,Denver Nuggets,DEN,1610612743,PG,2021-22,1,81,4.10,1.44,2.72,0.78,0.28,0.83,14.61,0.3615,0.3005,0.7692,-2.62,0.4595,0.5025,0.1481,11.23,3.17
928,Robert Covington,203496,Portland Trail Blazers,POR,1610612757,SF,2021-22,1,48,7.60,5.71,1.42,1.54,1.31,1.21,29.81,0.3810,0.3435,0.8333,-1.06,0.4985,0.5187,0.1263,11.22,-2.49
290,Malik Beasley,1627736,Los Angeles Lakers,LAL,1610612747,SG,2022-23,2,26,11.12,3.31,1.19,0.81,0.04,1.15,23.88,0.3918,0.3529,0.6190,-0.62,0.5149,0.5212,0.2109,11.21,-3.82
2711,Nassir Little,1629642,Portland Trail Blazers,POR,1610612757,SG,2022-23,2,54,6.65,2.61,0.93,0.37,0.37,0.67,18.07,0.4422,0.3671,0.7174,-3.52,0.5380,0.5553,0.1629,11.20,-4.07
4116,Jamal Shead,1642347,Toronto Raptors,TOR,1610612761,PG,2025-26,5,82,6.65,1.74,5.41,0.93,0.18,1.37,22.59,0.3671,0.3206,0.7845,2.82,0.4504,0.4910,0.1557,11.20,4.48
3684,Taurean Prince,1627752,Milwaukee Bucks,MIL,1610612749,SF,2025-26,5,26,9.19,3.12,1.77,0.62,0.23,1.19,23.52,0.4503,0.4357,1.0000,-1.96,0.6099,0.6171,0.1619,11.19,-4.29
1991,George Hill,201588,Milwaukee Bucks,MIL,1610612749,SG,2021-22,1,55,6.07,2.82,2.18,0.76,0.11,0.75,22.78,0.4291,0.3060,0.9194,5.69,0.5036,0.5525,0.1182,11.18,-2.23
3422,Victor Oladipo,203506,Miami Heat,MIA,1610612748,PG,2022-23,2,51,8.80,2.51,2.86,1.12,0.24,1.71,21.68,0.3970,0.3302,0.7468,-0.69,0.4839,0.5128,0.2128,11.18,-0.43
596,Carter Bryant,1642868,San Antonio Spurs,SAS,1610612759,SF,2025-26,5,81,3.68,2.20,0.58,0.20,0.28,0.41,10.09,0.4075,0.3355,0.7143,-0.05,0.5057,0.5256,0.1645,11.18,-3.08
1701,Javonte Green,1629750,New Orleans Pelicans,NOP,1610612740,SG,2024-25,4,55,5.24,3.24,0.82,1.00,0.55,0.51,19.86,0.4464,0.3519,0.7576,-4.73,0.5313,0.5691,0.1092,11.18,-3.93
2875,KJ Martin,1630231,Philadelphia 76ers,PHI,1610612755,SF,2024-25,4,28,5.50,2.57,0.68,0.39,0.57,0.43,17.13,0.6162,0.3810,0.8276,1.00,0.6566,0.6890,0.1140,11.17,-5.08
728,Jevon Carter,1628975,Milwaukee Bucks,MIL,1610612749,PG,2022-23,2,81,8.04,2.49,2.43,0.81,0.36,0.96,22.37,0.4230,0.4214,0.8158,0.78,0.5487,0.5595,0.1545,11.17,-1.00
935,Torrey Craig,1628470,Chicago Bulls,CHI,1610612741,SF,2023-24,3,77,3.94,2.82,0.75,0.39,0.27,0.42,13.62,0.4303,0.3922,0.7500,-2.35,0.5498,0.5678,0.1257,11.17,-3.36
1181,Goran Dragic,201609,Chicago Bulls,CHI,1610612741,PG,2022-23,2,51,6.39,1.35,2.73,0.22,0.08,1.10,15.44,0.4247,0.3516,0.6585,0.61,0.5000,0.5141,0.2086,11.16,0.71
4312,Jaden Springer,1630531,Boston Celtics,BOS,1610612738,SG,2024-25,4,48,0.94,0.50,0.21,0.25,0.02,0.08,2.94,0.3529,0.3158,0.7143,0.29,0.4412,0.5204,0.1460,11.16,-0.91
1293,Keon Ellis,1631165,Sacramento Kings,SAC,1610612758,SG,2022-23,2,33,0.73,0.24,0.18,0.15,0.03,0.03,2.15,0.4375,0.5000,0.5714,-0.64,0.6250,0.6289,0.1222,11.16,-0.15
2318,Tre Johnson,1642848,Washington Wizards,WAS,1610612764,SG,2025-26,5,70,10.47,2.43,1.74,0.47,0.26,1.33,20.61,0.4189,0.3583,0.8736,-4.83,0.5077,0.5348,0.2260,11.16,-3.47
589,Chaundee Brown Jr.,1630602,Atlanta Hawks,ATL,1610612737,SF,2021-22,1,5,5.80,2.80,0.80,0.40,0.00,0.00,16.60,0.3600,0.4000,0.8333,-3.80,0.4800,0.5246,0.1446,11.15,-2.32
4575,Gary Trent Jr.,1629018,Milwaukee Bucks,MIL,1610612749,SG,2024-25,4,73,11.27,2.29,1.19,0.99,0.05,0.58,25.64,0.4340,0.4196,0.8556,0.85,0.5721,0.5950,0.1726,11.14,-4.44
2742,Robin Lopez,201577,Cleveland Cavaliers,CLE,1610612739,C,2022-23,2,81,1.38,0.63,0.23,0.02,0.10,0.31,3.68,0.6400,0.5000,0.7778,-0.72,0.6533,0.6753,0.1632,11.14,-6.35
3890,Jeremiah Robinson-Earl,1630526,Indiana Pacers,IND,1610612754,PF,2025-26,5,19,4.16,4.63,0.63,0.37,0.05,0.53,15.78,0.3494,0.2424,0.9286,-3.95,0.3976,0.4430,0.1402,11.14,-3.84
4986,Ziaire Williams,1630533,Memphis Grizzlies,MEM,1610612763,PF,2023-24,3,75,5.60,2.40,1.00,0.48,0.12,0.88,13.83,0.3968,0.3069,0.8267,-3.29,0.4735,0.5109,0.1987,11.14,-3.54
3394,Royce O'Neale,1626220,Utah Jazz,UTA,1610612762,SF,2021-22,1,79,7.22,4.66,2.42,1.09,0.41,1.00,30.45,0.4572,0.3889,0.8036,2.94,0.5912,0.6081,0.0998,11.13,-2.78
2865,Cody Martin,1628998,Charlotte Hornets,CHA,1610612766,SF,2023-24,3,30,7.03,3.63,3.47,1.07,0.60,1.47,25.10,0.3814,0.3140,0.6061,-5.23,0.4442,0.4597,0.1621,11.13,0.22
1739,Quentin Grimes,1629656,New York Knicks,NYK,1610612752,SG,2022-23,2,74,10.80,3.09,2.03,0.64,0.35,0.93,28.66,0.4684,0.3857,0.7959,2.51,0.5988,0.6193,0.1461,11.12,-3.60
340,Patrick Beverley,201976,Chicago Bulls,CHI,1610612741,SG,2022-23,2,22,5.77,4.86,3.45,1.05,0.73,0.82,27.52,0.3950,0.3086,0.5333,0.45,0.5000,0.5056,0.1092,11.12,1.00
3305,Andrew Nembhard,1629614,Indiana Pacers,IND,1610612754,PG,2022-23,2,80,8.86,2.49,4.26,0.88,0.16,1.58,25.93,0.4410,0.3498,0.7903,-3.29,0.5124,0.5281,0.1623,11.12,0.68
1116,Mohamed Diawara,1642885,New York Knicks,NYK,1610612752,PF,2025-26,5,81,3.04,1.16,0.65,0.21,0.07,0.37,7.83,0.4225,0.3692,0.7500,0.72,0.5352,0.5502,0.1727,11.12,-3.17
2642,Jake Layman,1627774,Minnesota Timberwolves,MIN,1610612750,SF,2021-22,1,82,0.99,0.44,0.11,0.09,0.06,0.12,2.81,0.4110,0.2286,0.7222,-0.13,0.4658,0.5005,0.1655,11.11,-4.42
3649,Michael Porter Jr.,1629008,Denver Nuggets,DEN,1610612743,PF,2021-22,1,9,9.89,6.56,1.89,1.11,0.22,1.33,29.46,0.3592,0.2083,0.5556,6.44,0.4078,0.4160,0.1986,11.10,-1.75
615,Kobe Bufkin,1641723,Atlanta Hawks,ATL,1610612737,SG,2023-24,3,27,3.00,1.22,1.00,0.26,0.19,0.37,7.27,0.3696,0.2250,0.5000,-1.30,0.4185,0.4240,0.2285,11.10,2.25
716,Bub Carrington,1642267,Washington Wizards,WAS,1610612764,PG,2024-25,4,81,9.91,4.16,4.40,0.62,0.26,1.74,29.89,0.4032,0.3433,0.8118,-9.70,0.4966,0.5171,0.1601,11.09,-0.47
935,Torrey Craig,1628470,Boston Celtics,BOS,1610612738,SF,2024-25,4,28,1.64,1.71,0.43,0.21,0.39,0.29,7.18,0.3556,0.2903,0.6250,-0.75,0.4556,0.4740,0.1256,11.09,-2.17
274,Nicolas Batum,201587,Philadelphia 76ers,PHI,1610612755,SG,2023-24,3,64,4.88,3.77,1.92,0.70,0.53,0.61,23.05,0.4556,0.3989,0.7143,2.77,0.5988,0.6064,0.0876,11.08,-2.65
2133,Serge Ibaka,201586,Milwaukee Bucks,MIL,1610612749,PF,2022-23,2,32,2.06,1.38,0.13,0.06,0.22,0.34,5.78,0.4815,0.3333,0.6154,-0.78,0.5370,0.5526,0.1598,11.08,-5.64
2288,James Johnson,201949,Brooklyn Nets,BKN,1610612751,SF,2021-22,1,73,4.66,2.95,1.78,0.41,0.47,0.66,16.32,0.4691,0.2706,0.5273,-0.81,0.5065,0.5133,0.1381,11.08,-0.31
2713,Isaiah Livers,1630587,Detroit Pistons,DET,1610612765,SF,2021-22,1,21,5.76,2.71,1.00,0.62,0.33,0.71,18.25,0.4556,0.4219,0.8571,-0.48,0.6056,0.6292,0.1264,11.07,-4.04
3542,Gary Payton II,1627780,Portland Trail Blazers,POR,1610612757,SG,2022-23,2,22,2.77,1.77,1.00,0.73,0.05,0.55,11.61,0.5854,0.5294,1.0000,1.09,0.6951,0.7133,0.0942,11.06,-2.86
270,Jamison Battle,1642419,Toronto Raptors,TOR,1610612761,SF,2024-25,4,65,6.45,2.43,0.82,0.26,0.15,0.42,16.03,0.4294,0.4054,0.8889,-2.82,0.5807,0.5903,0.1528,11.05,-4.23
1600,Freddie Gillespie,1630273,Orlando Magic,ORL,1610612753,C,2021-22,1,10,2.10,3.60,0.50,0.30,0.90,0.50,11.87,0.4091,0.0000,0.4286,-2.90,0.4091,0.4187,0.1132,11.05,-1.70
3166,Moses Moody,1630541,Golden State Warriors,GSW,1610612744,SG,2021-22,1,71,3.21,1.13,0.32,0.10,0.14,0.18,8.56,0.4372,0.3636,0.7778,-0.59,0.5464,0.5733,0.1533,11.05,-4.65
877,Pat Connaughton,1626192,Milwaukee Bucks,MIL,1610612749,SG,2023-24,3,76,5.63,3.14,2.12,0.53,0.25,0.64,22.05,0.4352,0.3445,0.7586,-0.18,0.5533,0.5745,0.1093,11.04,-2.56
1701,Javonte Green,1629750,Cleveland Cavaliers,CLE,1610612739,SG,2024-25,4,26,2.27,1.54,0.42,0.38,0.04,0.15,6.36,0.3651,0.2424,0.5000,1.85,0.4286,0.4377,0.1833,11.04,-0.01
2141,Joe Ingles,204060,Utah Jazz,UTA,1610612762,PG,2021-22,1,46,7.07,2.85,3.43,0.50,0.11,1.00,24.39,0.4035,0.3467,0.7727,4.04,0.5404,0.5514,0.1331,11.03,-0.25
2241,Ty Jerome,1629660,Oklahoma City Thunder,OKC,1610612760,PG,2021-22,1,59,5.76,1.32,1.85,0.51,0.08,0.63,13.58,0.3780,0.2903,0.8085,-0.12,0.4604,0.4876,0.2094,11.03,0.98
4964,Patrick Williams,1630172,Chicago Bulls,CHI,1610612741,SF,2024-25,4,63,8.98,3.76,1.97,0.76,0.51,1.37,25.02,0.3973,0.3529,0.7229,-2.89,0.4903,0.5122,0.1698,11.02,-3.27
4815,Jaylen Wells,1642377,Memphis Grizzlies,MEM,1610612763,SF,2024-25,4,79,10.42,3.39,1.71,0.56,0.10,0.87,25.86,0.4246,0.3520,0.8222,2.35,0.5266,0.5596,0.1594,11.02,-3.99
2711,Nassir Little,1629642,Phoenix Suns,PHX,1610612756,SG,2023-24,3,67,2.27,1.12,0.31,0.15,0.15,0.21,6.84,0.4597,0.3000,0.8500,-1.31,0.5444,0.5723,0.1397,11.02,-4.56
4931,Grant Williams,1629684,Boston Celtics,BOS,1610612738,SF,2021-22,1,77,7.82,3.56,1.01,0.49,0.74,0.81,24.35,0.4745,0.4109,0.9053,1.90,0.5972,0.6353,0.1268,11.01,-4.71
2092,Kevin Huerter,1628989,Sacramento Kings,SAC,1610612758,SG,2024-25,4,44,7.68,2.73,1.68,0.82,0.36,0.84,20.43,0.4129,0.3024,0.7143,-1.48,0.5129,0.5243,0.1717,11.00,-2.26
2695,Maxwell Lewis,1641721,Brooklyn Nets,BKN,1610612751,SF,2024-25,4,30,3.73,1.77,0.57,0.27,0.23,0.40,9.95,0.4216,0.3800,0.7000,-1.43,0.5147,0.5263,0.1734,11.00,-3.42
1641,Eric Gordon,201569,Phoenix Suns,PHX,1610612756,PG,2023-24,3,68,11.01,1.79,2.04,0.97,0.44,1.07,27.84,0.4434,0.3778,0.7969,1.93,0.5647,0.5796,0.1664,11.00,-3.97
2561,Vít Krejčí,1630249,Portland Trail Blazers,POR,1610612757,SG,2025-26,5,31,4.39,1.65,1.03,0.32,0.16,0.35,11.74,0.4050,0.3034,0.7333,0.26,0.5165,0.5329,0.1568,10.99,-2.02
3196,Markieff Morris,202693,Miami Heat,MIA,1610612748,PF,2021-22,1,24,5.38,1.88,0.96,0.25,0.04,0.83,12.43,0.4737,0.3333,0.8889,0.79,0.5307,0.5468,0.2070,10.99,-4.05
2822,Sandro Mamukelashvili,1630572,Milwaukee Bucks,MIL,1610612749,PF,2022-23,2,42,1.36,1.33,0.38,0.10,0.12,0.21,5.17,0.3276,0.2188,0.6667,0.05,0.3879,0.4323,0.1463,10.99,-1.60
3182,Wendell Moore Jr.,1631111,Minnesota Timberwolves,MIN,1610612750,SG,2023-24,3,59,0.31,0.20,0.10,0.08,0.02,0.07,1.28,0.5000,0.0000,,-0.10,0.5000,0.5000,0.1300,10.98,-3.03
1985,Haywood Highsmith,1629312,Miami Heat,MIA,1610612748,SF,2023-24,3,69,5.87,3.04,1.01,0.77,0.43,0.49,19.79,0.4650,0.3958,0.6389,0.10,0.5805,0.5872,0.1253,10.98,-3.75
2829,Tre Mann,1630544,Oklahoma City Thunder,OKC,1610612760,SG,2022-23,2,77,6.71,2.01,1.56,0.52,0.14,0.81,15.37,0.3932,0.3152,0.7636,0.74,0.4741,0.4922,0.2080,10.98,-1.02
2988,Bryce McGowens,1631121,New Orleans Pelicans,NOP,1610612740,SG,2025-26,5,53,6.42,1.66,1.17,0.51,0.15,0.32,16.60,0.4810,0.4086,0.7789,-1.32,0.5612,0.6098,0.1407,10.97,-3.55
2895,Garrison Mathews,1629726,Atlanta Hawks,ATL,1610612737,SG,2024-25,4,81,4.36,1.07,0.74,0.32,0.19,0.38,10.24,0.3969,0.3899,0.8205,-0.74,0.5623,0.6059,0.1605,10.96,-3.32
4735,Ja'Kobe Walter,1642266,Toronto Raptors,TOR,1610612761,SG,2024-25,4,57,7.88,2.81,1.42,0.75,0.18,0.88,19.36,0.4046,0.3495,0.7952,-1.46,0.4873,0.5227,0.1849,10.96,-2.95
3539,Elfrid Payton,203901,Phoenix Suns,PHX,1610612756,PG,2021-22,1,82,1.83,1.07,1.21,0.30,0.07,0.57,6.70,0.3829,0.2222,0.3750,-0.52,0.3943,0.3967,0.1860,10.96,2.00
1160,Luguentz Dort,1629652,Oklahoma City Thunder,OKC,1610612760,SG,2022-23,2,75,13.51,4.59,2.05,1.00,0.31,1.23,30.29,0.3883,0.3301,0.7722,0.45,0.4656,0.5132,0.1993,10.96,-2.23
2183,Reggie Jackson,202704,Los Angeles Clippers,LAC,1610612746,PG,2022-23,2,55,10.29,2.11,3.33,0.69,0.09,1.75,24.32,0.4180,0.3500,0.9242,-0.49,0.4932,0.5231,0.2098,10.95,-1.29
4826,Blake Wesley,1631104,San Antonio Spurs,SAS,1610612759,PG,2024-25,4,80,2.71,0.76,1.39,0.45,0.08,0.66,8.45,0.4378,0.2931,0.6230,-0.04,0.4838,0.5122,0.1682,10.94,-0.24
1901,Jordan Hawkins,1641722,New Orleans Pelicans,NOP,1610612740,SG,2023-24,3,81,6.47,1.83,0.86,0.23,0.09,0.49,14.33,0.3816,0.3658,0.8375,0.15,0.5011,0.5334,0.2001,10.94,-3.86
3659,John Poulakidas,1642967,Dallas Mavericks,DAL,1610612742,SG,2025-26,5,13,8.85,2.31,0.85,0.54,0.31,0.31,19.48,0.4286,0.4026,0.8571,-1.15,0.5989,0.6112,0.1608,10.93,-3.88
1266,Justin Edwards,1642348,Philadelphia 76ers,PHI,1610612755,SF,2025-26,5,81,4.77,1.16,0.99,0.67,0.14,0.44,12.06,0.4469,0.3722,0.8462,-0.88,0.5516,0.5724,0.1623,10.93,-2.56
590,Troy Brown Jr.,1628972,Los Angeles Lakers,LAL,1610612747,SG,2022-23,2,77,7.03,4.00,1.23,0.77,0.21,0.64,24.15,0.4301,0.3808,0.8718,-0.19,0.5452,0.5610,0.1216,10.93,-3.85
4036,Baylor Scheierman,1631248,Boston Celtics,BOS,1610612738,SG,2024-25,4,59,1.92,1.10,0.56,0.29,0.03,0.20,6.51,0.3545,0.3171,0.7500,0.49,0.4727,0.4901,0.1459,10.93,-1.72
215,Dalano Banton,1630625,Boston Celtics,BOS,1610612738,SF,2023-24,3,49,1.14,0.71,0.39,0.10,0.06,0.20,3.49,0.3725,0.1250,0.8000,0.41,0.3922,0.4682,0.1767,10.93,-0.96
3599,Jalen Pickett,1629618,Denver Nuggets,DEN,1610612743,PG,2023-24,3,55,0.76,0.25,0.38,0.07,0.00,0.16,2.21,0.4286,0.3600,0.7500,-0.02,0.5571,0.5713,0.1646,10.91,-0.02
3898,David Roddy,1631223,Memphis Grizzlies,MEM,1610612763,SF,2023-24,3,51,7.90,3.92,1.49,0.49,0.22,1.06,21.85,0.4016,0.3013,0.6866,-4.16,0.4624,0.4850,0.1822,10.91,-3.61
4881,Aaron Wiggins,1630598,Oklahoma City Thunder,OKC,1610612760,SG,2021-22,1,62,6.71,2.87,1.10,0.48,0.16,0.87,19.50,0.4629,0.3043,0.7294,-3.79,0.5252,0.5556,0.1542,10.90,-4.60
2453,Luke Kennard,1628379,Los Angeles Clippers,LAC,1610612746,SG,2022-23,2,42,6.52,1.98,0.88,0.45,0.10,0.71,17.26,0.4645,0.4470,0.9500,2.24,0.6043,0.6233,0.1519,10.90,-5.26
1129,Ousmane Dieng,1631172,Oklahoma City Thunder,OKC,1610612760,PF,2025-26,5,41,2.44,1.02,0.68,0.05,0.17,0.20,7.20,0.4176,0.3673,1.0000,0.68,0.5165,0.5340,0.1505,10.90,-2.19
2076,Jett Howard,1641724,Orlando Magic,ORL,1610612753,SG,2025-26,5,73,4.01,1.16,0.60,0.12,0.15,0.21,9.32,0.4146,0.3688,0.9487,-0.84,0.5203,0.5567,0.1740,10.89,-3.39
3103,Jordan Miller,1641757,Los Angeles Clippers,LAC,1610612746,SG,2024-25,4,62,2.45,0.94,0.55,0.27,0.08,0.42,6.78,0.4328,0.2105,0.8000,-1.02,0.4627,0.5087,0.1838,10.89,-3.76
1599,Collin Gillespie,1631221,Denver Nuggets,DEN,1610612743,PG,2023-24,3,49,1.78,0.43,0.55,0.27,0.00,0.29,4.60,0.4638,0.3947,0.6667,0.31,0.5725,0.5856,0.1715,10.89,-1.83
3113,Patty Mills,201988,Brooklyn Nets,BKN,1610612751,PG,2022-23,2,80,3.08,0.55,0.70,0.19,0.04,0.38,7.08,0.4115,0.3657,0.8333,-0.83,0.5287,0.5536,0.1986,10.89,-2.76
3264,Svi Mykhailiuk,1629004,Utah Jazz,UTA,1610612762,SG,2024-25,4,78,4.28,1.15,0.97,0.24,0.09,0.67,9.74,0.3907,0.3448,0.8000,-1.36,0.5066,0.5261,0.2038,10.89,-3.10
670,Jamal Cain,1631288,Miami Heat,MIA,1610612748,SF,2023-24,3,50,1.94,0.74,0.20,0.20,0.10,0.16,5.18,0.4304,0.3548,0.7826,-0.54,0.5000,0.5442,0.1681,10.88,-4.40
584,Sterling Brown,1628425,Dallas Mavericks,DAL,1610612742,SG,2021-22,1,55,2.91,2.71,0.62,0.25,0.13,0.42,11.42,0.3806,0.3043,0.9333,0.58,0.4710,0.4950,0.1329,10.87,-3.36
1217,Kris Dunn,1627739,Los Angeles Clippers,LAC,1610612746,PG,2024-25,4,75,6.32,3.35,2.80,1.71,0.36,0.99,23.77,0.4394,0.3348,0.6818,3.49,0.5252,0.5306,0.1289,10.87,0.00
2365,Kai Jones,1630539,Charlotte Hornets,CHA,1610612766,C,2021-22,1,54,0.41,0.20,0.07,0.02,0.04,0.11,1.16,0.6429,0.5000,0.3750,-0.26,0.6786,0.6279,0.1595,10.86,-6.29
56,Nickeil Alexander-Walker,1629638,Minnesota Timberwolves,MIN,1610612750,SG,2023-24,3,82,7.99,2.04,2.49,0.78,0.51,0.93,23.42,0.4387,0.3910,0.8000,3.80,0.5604,0.5780,0.1489,10.86,-2.02
488,Malaki Branham,1631103,San Antonio Spurs,SAS,1610612759,SF,2022-23,2,72,9.35,2.51,1.76,0.46,0.10,1.06,21.53,0.4403,0.3020,0.8286,-5.06,0.5033,0.5243,0.1918,10.86,-3.19
290,Malik Beasley,1627736,Milwaukee Bucks,MIL,1610612749,SG,2023-24,3,79,11.25,3.67,1.37,0.75,0.11,0.68,29.60,0.4432,0.4133,0.7143,3.68,0.5983,0.6028,0.1468,10.86,-4.84
3326,Georges Niang,1627777,Cleveland Cavaliers,CLE,1610612739,SF,2023-24,3,82,9.37,3.39,1.20,0.37,0.22,0.88,22.33,0.4494,0.3763,0.8500,0.38,0.5672,0.5832,0.1770,10.84,-4.66
294,MarJon Beauchamp,1630699,Milwaukee Bucks,MIL,1610612749,SF,2023-24,3,68,3.10,1.46,0.46,0.19,0.10,0.40,8.94,0.4880,0.4000,0.6786,-0.18,0.5783,0.5916,0.1459,10.83,-5.34
685,Toumani Camara,1641739,Portland Trail Blazers,POR,1610612757,SF,2023-24,3,73,7.22,4.70,1.19,0.90,0.45,1.15,23.83,0.4498,0.3372,0.7576,-2.59,0.5160,0.5472,0.1398,10.83,-4.44
4100,Landry Shamet,1629013,Phoenix Suns,PHX,1610612756,SG,2022-23,2,46,7.52,1.46,2.02,0.57,0.11,0.78,17.54,0.3767,0.3769,0.8824,0.83,0.5017,0.5365,0.1910,10.82,-0.94
2829,Tre Mann,1630544,Oklahoma City Thunder,OKC,1610612760,SG,2021-22,1,68,9.19,2.51,1.34,0.69,0.18,1.04,20.10,0.3929,0.3603,0.7927,-4.09,0.4762,0.5007,0.2205,10.82,-2.99
4552,Nikola Topić,1642260,Oklahoma City Thunder,OKC,1610612760,PG,2025-26,5,16,3.25,1.19,2.75,0.31,0.00,1.56,10.01,0.4314,0.4000,0.4000,-2.63,0.4902,0.4887,0.2127,10.82,1.75
3658,Micah Potter,1630695,Utah Jazz,UTA,1610612762,C,2024-25,4,48,3.38,3.42,0.65,0.29,0.29,0.65,14.69,0.4222,0.3163,0.8500,-2.17,0.5370,0.5633,0.1039,10.81,-5.30
1991,George Hill,201588,Milwaukee Bucks,MIL,1610612749,SG,2022-23,2,50,3.50,1.34,1.78,0.38,0.06,0.54,13.34,0.4470,0.3108,0.7391,0.36,0.5341,0.5748,0.1140,10.81,-1.19
1995,Malcolm Hill,1630792,Chicago Bulls,CHI,1610612741,SF,2021-22,1,31,1.77,0.94,0.23,0.10,0.06,0.10,5.37,0.4318,0.3226,0.7000,-1.32,0.5455,0.5682,0.1371,10.81,-3.87
496,Christian Braun,1631128,Denver Nuggets,DEN,1610612743,SG,2022-23,2,82,4.39,2.21,0.72,0.50,0.21,0.43,14.40,0.4948,0.3542,0.6250,-1.39,0.5536,0.5675,0.1305,10.79,-4.06
1595,Anthony Gill,1630264,Washington Wizards,WAS,1610612764,SF,2022-23,2,78,2.50,1.27,0.44,0.09,0.15,0.19,8.01,0.5379,0.1379,0.7313,-0.15,0.5530,0.6038,0.1236,10.78,-4.27
3420,KZ Okpala,1629644,Miami Heat,MIA,1610612748,SG,2021-22,1,35,2.20,1.17,0.40,0.11,0.20,0.14,6.97,0.4348,0.3462,0.7273,0.17,0.5000,0.5214,0.1445,10.78,-2.69
3802,Jared Rhoden,1631197,Detroit Pistons,DET,1610612765,SG,2023-24,3,26,3.19,1.27,0.54,0.12,0.50,0.27,9.43,0.5000,0.3871,0.6250,-1.50,0.5909,0.5970,0.1346,10.77,-3.67
2923,Bez Mbeng,1643016,Utah Jazz,UTA,1610612762,PG,2025-26,5,16,7.63,3.56,3.88,2.13,0.31,1.38,30.75,0.5000,0.1935,0.6400,-9.31,0.5300,0.5495,0.1087,10.77,-0.78
1669,Jerami Grant,203924,Portland Trail Blazers,POR,1610612757,SF,2024-25,4,78,8.68,2.09,1.29,0.53,0.59,0.83,19.53,0.3728,0.3649,0.8494,-2.59,0.4669,0.5232,0.1957,10.76,-3.26
5103,Omer Yurtseven,1630209,Golden State Warriors,GSW,1610612744,C,2025-26,5,11,3.09,2.73,0.73,0.18,0.09,0.82,9.45,0.4231,0.0000,0.6667,-1.27,0.4231,0.5012,0.1772,10.76,-4.36
4778,Lindy Waters III,1630322,Detroit Pistons,DET,1610612765,SF,2024-25,4,30,1.57,0.47,0.33,0.17,0.03,0.10,4.10,0.3636,0.3947,,1.10,0.5341,0.5341,0.1613,10.75,-1.89
4382,Max Strus,1629622,Miami Heat,MIA,1610612748,SG,2022-23,2,80,11.54,3.23,2.14,0.53,0.15,0.86,28.40,0.4101,0.3499,0.8764,-1.81,0.5348,0.5566,0.1768,10.75,-3.02
3765,Cam Reddish,1629629,Portland Trail Blazers,POR,1610612757,SG,2022-23,2,27,8.11,2.11,1.37,0.89,0.22,1.19,20.43,0.4432,0.3182,0.8333,-6.74,0.5227,0.5630,0.1784,10.75,-4.27
2315,Stanley Johnson,1626169,Los Angeles Lakers,LAL,1610612747,SG,2021-22,1,48,6.67,3.23,1.67,0.90,0.29,0.73,22.81,0.4661,0.3143,0.7162,-1.02,0.5319,0.5643,0.1261,10.74,-2.81
5039,Isaiah Wong,1631209,Charlotte Hornets,CHA,1610612766,SG,2024-25,4,25,4.80,1.28,1.12,0.44,0.00,0.72,10.62,0.3905,0.3939,0.7353,-0.24,0.4524,0.5002,0.2243,10.74,-2.32
1704,Josh Green,1630182,Dallas Mavericks,DAL,1610612742,SG,2023-24,3,58,8.09,3.17,2.24,0.81,0.16,1.03,25.95,0.4786,0.3850,0.6842,-1.72,0.5749,0.5876,0.1317,10.74,-3.65
1426,Simone Fontecchio,1631323,Detroit Pistons,DET,1610612765,SF,2024-25,4,76,5.87,2.83,0.86,0.41,0.16,0.71,16.27,0.4021,0.3348,0.8333,0.21,0.5040,0.5440,0.1593,10.73,-4.69
447,James Bouknight,1630547,Charlotte Hornets,CHA,1610612766,SG,2021-22,1,59,2.41,0.88,0.44,0.12,0.02,0.25,5.16,0.3475,0.3469,0.8710,-0.85,0.4078,0.4591,0.2367,10.73,-1.26
3811,Jase Richardson,1642859,Orlando Magic,ORL,1610612753,SG,2025-26,5,78,2.81,0.74,0.68,0.24,0.03,0.31,7.16,0.4602,0.3425,0.7273,-0.28,0.5313,0.5605,0.1667,10.72,-3.10
2295,Keon Johnson,1630553,Brooklyn Nets,BKN,1610612751,SG,2024-25,4,81,10.36,3.67,2.16,1.01,0.37,1.43,23.76,0.3890,0.3142,0.7698,-5.22,0.4698,0.4993,0.2197,10.72,-1.84
4516,JT Thor,1630550,Charlotte Hornets,CHA,1610612766,PF,2021-22,1,59,1.14,0.73,0.32,0.14,0.19,0.17,4.44,0.4364,0.2593,0.6000,-0.12,0.5000,0.5251,0.1208,10.72,-2.34
4774,Duane Washington Jr.,1630613,Indiana Pacers,IND,1610612754,PG,2021-22,1,64,7.39,1.30,1.33,0.41,0.05,0.89,15.13,0.4052,0.3767,0.7541,-1.95,0.5000,0.5211,0.2260,10.71,-3.00
998,Dyson Daniels,1630700,New Orleans Pelicans,NOP,1610612740,SG,2022-23,2,68,3.34,2.76,1.97,0.63,0.16,0.84,15.33,0.4183,0.3140,0.6500,-0.10,0.4832,0.5031,0.1166,10.71,-0.54
2532,Kevin Knox II,1628995,Detroit Pistons,DET,1610612765,SF,2022-23,2,56,4.23,1.93,0.27,0.25,0.21,0.57,10.59,0.4693,0.3707,0.7879,-1.54,0.5894,0.6123,0.1618,10.70,-5.98
816,Jordan Clarkson,203903,New York Knicks,NYK,1610612752,PG,2025-26,5,81,7.65,1.57,1.17,0.37,0.11,0.77,15.64,0.4512,0.3286,0.8478,1.28,0.5182,0.5502,0.2133,10.69,-4.11
1266,Justin Edwards,1642348,Philadelphia 76ers,PHI,1610612755,SF,2024-25,4,60,7.42,2.47,1.15,0.75,0.27,0.82,19.25,0.4550,0.3632,0.6957,-4.67,0.5463,0.5587,0.1697,10.69,-4.17
4467,Adou Thiero,1642876,Los Angeles Lakers,LAL,1610612747,SG,2025-26,5,41,1.15,0.68,0.24,0.17,0.05,0.22,3.63,0.5161,0.3333,0.6364,-0.80,0.5323,0.5777,0.1465,10.69,-4.41
2536,Tyler Kolek,1642278,New York Knicks,NYK,1610612752,PG,2024-25,4,80,1.01,0.34,0.88,0.15,0.05,0.23,3.70,0.3293,0.2979,0.7647,-0.01,0.4146,0.4526,0.1593,10.68,4.68
3326,Georges Niang,1627777,Philadelphia 76ers,PHI,1610612755,SF,2022-23,2,80,7.96,2.31,0.96,0.39,0.18,0.68,18.90,0.4422,0.4010,0.8667,0.94,0.5956,0.6104,0.1715,10.67,-4.58
1901,Jordan Hawkins,1641722,New Orleans Pelicans,NOP,1610612740,SG,2024-25,4,64,9.44,2.47,1.03,0.47,0.36,0.91,20.63,0.3723,0.3313,0.8163,-4.95,0.4712,0.5041,0.2111,10.67,-4.42
2992,Rodney McGruder,203585,Detroit Pistons,DET,1610612765,SG,2022-23,2,81,2.26,0.91,0.35,0.20,0.01,0.14,6.47,0.4079,0.4227,0.8182,-0.54,0.5428,0.5659,0.1410,10.67,-3.62
2865,Cody Martin,1628998,Phoenix Suns,PHX,1610612756,SF,2024-25,4,16,3.25,3.00,1.00,0.81,0.38,0.56,12.87,0.3509,0.1111,0.7500,-3.19,0.3772,0.4175,0.1533,10.66,-0.72
4490,Matt Thomas,1629744,Chicago Bulls,CHI,1610612741,SG,2021-22,1,75,2.15,0.67,0.27,0.11,0.04,0.11,6.13,0.4104,0.3846,0.8000,0.43,0.5410,0.5637,0.1457,10.66,-4.73
4757,T.J. Warren,203933,Minnesota Timberwolves,MIN,1610612750,SF,2023-24,3,20,2.05,1.10,0.45,0.20,0.05,0.20,6.23,0.4390,0.1538,0.7500,2.55,0.4634,0.4794,0.1679,10.66,-2.70
4920,Cody Williams,1642262,Utah Jazz,UTA,1610612762,SF,2025-26,5,78,7.54,2.54,1.76,0.65,0.33,0.94,20.91,0.4676,0.2137,0.7059,-5.04,0.4951,0.5237,0.1607,10.66,-3.45
1939,Scoot Henderson,1630703,Portland Trail Blazers,POR,1610612757,PG,2023-24,3,66,13.15,2.94,5.09,0.73,0.20,3.21,26.75,0.3852,0.3246,0.8186,-7.50,0.4398,0.4894,0.2671,10.65,0.12
1587,Taj Gibson,201959,Washington Wizards,WAS,1610612764,PF,2022-23,2,77,2.18,1.21,0.44,0.19,0.16,0.34,6.24,0.5200,0.3333,0.7143,-0.05,0.5520,0.5854,0.1546,10.65,-3.10
4735,Ja'Kobe Walter,1642266,Toronto Raptors,TOR,1610612761,SG,2025-26,5,74,7.31,2.50,1.16,0.99,0.19,0.50,19.91,0.4455,0.4089,0.7889,0.01,0.5817,0.6098,0.1412,10.64,-3.60
4456,Dalen Terry,1631207,Chicago Bulls,CHI,1610612741,SF,2023-24,3,74,2.43,1.53,1.09,0.36,0.24,0.43,9.20,0.4395,0.2297,0.5814,0.49,0.4936,0.5116,0.1348,10.64,-0.60
4339,Lamar Stevens,1630205,Cleveland Cavaliers,CLE,1610612739,SF,2022-23,2,77,4.26,2.69,0.43,0.35,0.25,0.35,14.55,0.4479,0.3158,0.7018,0.08,0.5000,0.5238,0.1367,10.63,-4.78
728,Jevon Carter,1628975,Orlando Magic,ORL,1610612753,PG,2025-26,5,32,6.72,1.97,2.13,0.84,0.25,0.78,19.16,0.4020,0.3358,0.5556,-0.53,0.5147,0.5169,0.1614,10.62,-1.35
1160,Luguentz Dort,1629652,Oklahoma City Thunder,OKC,1610612760,SG,2023-24,3,79,10.89,3.59,1.43,0.90,0.59,0.94,28.43,0.4384,0.3939,0.8258,4.39,0.5571,0.5929,0.1558,10.62,-4.38
2544,Furkan Korkmaz,1627788,Philadelphia 76ers,PHI,1610612755,SG,2022-23,2,76,1.84,0.55,0.29,0.13,0.04,0.32,4.65,0.4324,0.3913,0.7222,0.03,0.5135,0.5519,0.1920,10.62,-5.44
3013,Ben McLemore,203463,Portland Trail Blazers,POR,1610612757,SG,2021-22,1,80,8.19,1.29,0.74,0.48,0.13,0.69,16.06,0.4007,0.3621,0.8182,-4.40,0.5408,0.5669,0.2148,10.62,-4.57
2406,Cory Joseph,202709,Orlando Magic,ORL,1610612753,PG,2024-25,4,82,2.16,0.90,0.88,0.32,0.05,0.22,7.46,0.4026,0.3645,0.7778,0.43,0.5292,0.5466,0.1299,10.61,-0.85
796,Cam Christie,1642353,Los Angeles Clippers,LAC,1610612746,SG,2025-26,5,82,1.90,0.95,0.38,0.20,0.04,0.27,5.85,0.3813,0.2449,0.7600,-0.15,0.4245,0.4845,0.1703,10.60,-4.33
1267,Kessler Edwards,1630556,Sacramento Kings,SAC,1610612758,SF,2023-24,3,80,1.16,0.53,0.19,0.13,0.05,0.05,3.43,0.4146,0.3846,0.5556,-0.56,0.5366,0.5409,0.1409,10.58,-2.87
1836,Jaden Hardy,1630702,Washington Wizards,WAS,1610612764,SG,2025-26,5,30,9.67,1.30,0.97,0.23,0.13,1.17,15.66,0.4426,0.4203,0.6857,-4.27,0.5660,0.5791,0.2556,10.57,-5.83
1630,Hugo González,1642864,Boston Celtics,BOS,1610612738,SG,2025-26,5,82,3.52,3.00,0.49,0.51,0.26,0.46,13.22,0.4756,0.3621,0.5000,3.00,0.5610,0.5613,0.1193,10.56,-4.66
2617,Romeo Langford,1629641,San Antonio Spurs,SAS,1610612759,SG,2022-23,2,50,5.94,2.28,1.00,0.48,0.26,0.60,16.89,0.4672,0.2623,0.6964,-3.60,0.4981,0.5236,0.1534,10.56,-3.81
4232,Ish Smith,202397,Denver Nuggets,DEN,1610612743,PG,2022-23,2,72,1.50,0.75,1.39,0.11,0.10,0.61,5.52,0.3969,0.1667,0.5000,-0.50,0.4046,0.4067,0.1944,10.54,3.61
1836,Jaden Hardy,1630702,Dallas Mavericks,DAL,1610612742,SG,2024-25,4,74,6.70,1.20,1.09,0.38,0.07,1.11,12.26,0.4348,0.3858,0.6977,-0.88,0.5266,0.5489,0.2548,10.53,-4.58
1811,R.J. Hampton,1630181,Orlando Magic,ORL,1610612753,SG,2021-22,1,64,7.64,3.03,2.47,0.66,0.20,1.36,21.90,0.3829,0.3497,0.6410,-6.48,0.4530,0.4808,0.1847,10.53,-1.60
798,Max Christie,1631108,Los Angeles Lakers,LAL,1610612747,SG,2023-24,3,80,3.55,1.78,0.75,0.25,0.21,0.44,11.81,0.4274,0.3559,0.7826,-0.21,0.5145,0.5436,0.1361,10.53,-4.40
4104,Terrence Shannon Jr.,1630545,Minnesota Timberwolves,MIN,1610612750,SG,2025-26,5,49,4.92,1.00,0.78,0.29,0.02,0.49,10.97,0.4503,0.4079,0.8000,-1.67,0.5409,0.5971,0.1799,10.53,-4.95
3394,Royce O'Neale,1626220,Brooklyn Nets,BKN,1610612751,SF,2022-23,2,78,8.60,4.92,3.63,0.83,0.63,1.46,30.88,0.3862,0.3890,0.7246,1.00,0.5236,0.5382,0.1375,10.52,-0.87
2410,Nikola Jović,1631107,Miami Heat,MIA,1610612748,PF,2022-23,2,33,2.48,0.94,0.30,0.21,0.06,0.30,6.19,0.4058,0.2286,0.9474,-0.48,0.4638,0.5300,0.1909,10.51,-4.42
5125,Tristan da Silva,1641783,Orlando Magic,ORL,1610612753,SF,2024-25,4,81,6.58,3.02,1.40,0.41,0.22,0.69,20.11,0.4120,0.3347,0.8730,-1.57,0.4948,0.5218,0.1538,10.51,-3.92
3345,Nerlens Noel,203457,Detroit Pistons,DET,1610612765,C,2022-23,2,55,0.58,0.67,0.13,0.24,0.16,0.15,2.76,0.4000,0.5000,0.7000,-1.13,0.4167,0.4651,0.1189,10.51,-1.32
3441,Eugene Omoruyi,1630647,Detroit Pistons,DET,1610612765,SF,2022-23,2,19,8.68,3.11,0.89,0.74,0.16,0.95,19.62,0.4254,0.2931,0.7234,-1.58,0.4888,0.5334,0.2008,10.51,-4.11
2863,Caleb Martin,1628997,Dallas Mavericks,DAL,1610612742,SF,2025-26,5,68,3.31,2.07,1.18,0.59,0.22,0.59,12.42,0.4545,0.3571,0.5932,-2.90,0.5080,0.5283,0.1264,10.50,-2.38
1119,Gradey Dick,1641711,Toronto Raptors,TOR,1610612761,SG,2025-26,5,82,5.55,1.79,0.62,0.55,0.09,0.51,13.02,0.4193,0.3011,0.8750,1.50,0.4922,0.5382,0.1882,10.50,-4.49
798,Max Christie,1631108,Los Angeles Lakers,LAL,1610612747,SG,2024-25,4,47,8.30,2.62,1.40,0.74,0.45,0.83,24.56,0.4444,0.3681,0.8506,-0.36,0.5486,0.5976,0.1406,10.50,-4.93
2561,Vít Krejčí,1630249,Atlanta Hawks,ATL,1610612737,SG,2025-26,5,51,8.12,1.90,1.33,0.73,0.25,0.59,20.16,0.4643,0.4226,0.7500,-0.90,0.6282,0.6392,0.1452,10.50,-4.04
837,Amir Coffey,1629599,Los Angeles Clippers,LAC,1610612746,SG,2024-25,4,74,9.41,2.18,1.04,0.54,0.09,0.61,23.61,0.4706,0.4089,0.8915,-0.89,0.5696,0.6140,0.1540,10.49,-5.90
1836,Jaden Hardy,1630702,Dallas Mavericks,DAL,1610612742,SG,2025-26,5,49,4.76,0.96,0.59,0.18,0.04,0.55,8.74,0.4021,0.3710,0.7750,0.90,0.5206,0.5506,0.2350,10.49,-4.75
4711,Jabari Walker,1631133,Portland Trail Blazers,POR,1610612757,SF,2022-23,2,82,2.63,1.60,0.41,0.12,0.16,0.35,7.55,0.4192,0.2857,0.7556,-1.40,0.4596,0.4959,0.1746,10.49,-3.63
1219,Ryan Dunn,1642346,Phoenix Suns,PHX,1610612756,SF,2024-25,4,77,6.64,3.47,0.74,0.57,0.52,0.52,18.32,0.4298,0.3106,0.4872,-2.19,0.5157,0.5170,0.1686,10.49,-3.52
2385,Tyus Jones,1626145,Dallas Mavericks,DAL,1610612742,PG,2025-26,5,8,3.88,1.13,3.75,0.38,0.00,0.63,16.61,0.3824,0.2105,0.5000,-2.25,0.4412,0.4444,0.1248,10.49,3.21
497,Ignas Brazdeikis,1629649,Orlando Magic,ORL,1610612753,SF,2021-22,1,75,2.80,0.96,0.49,0.13,0.04,0.23,7.14,0.4309,0.3103,0.6563,-2.31,0.5027,0.5196,0.1776,10.49,-3.14
796,Cam Christie,1642353,Los Angeles Clippers,LAC,1610612746,SG,2024-25,4,26,0.69,0.46,0.23,0.19,0.04,0.08,2.26,0.2917,0.1538,0.5000,-0.38,0.3333,0.3494,0.2090,10.48,2.41
274,Nicolas Batum,201587,Los Angeles Clippers,LAC,1610612746,SG,2024-25,4,78,4.01,2.79,1.08,0.67,0.46,0.44,17.54,0.4370,0.4335,0.8095,1.95,0.6218,0.6330,0.0903,10.48,-3.69
1400,Dorian Finney-Smith,1627827,Brooklyn Nets,BKN,1610612751,SF,2023-24,3,77,7.53,4.12,1.39,0.73,0.49,0.77,25.13,0.4207,0.3482,0.7174,-1.39,0.5352,0.5459,0.1336,10.46,-4.00
2968,Jaden McDaniels,1630183,Minnesota Timberwolves,MIN,1610612750,PF,2021-22,1,70,9.24,4.19,1.13,0.74,0.77,1.07,25.75,0.4603,0.3175,0.8028,0.03,0.5325,0.5528,0.1536,10.46,-4.08
2863,Caleb Martin,1628997,Philadelphia 76ers,PHI,1610612755,SF,2024-25,4,36,7.81,3.78,1.92,0.94,0.56,1.19,26.20,0.4353,0.3793,0.6216,-3.39,0.5065,0.5311,0.1452,10.46,-3.81
404,Bojan Bogdanovic,202711,New York Knicks,NYK,1610612752,SF,2023-24,3,30,10.10,1.93,0.87,0.23,0.03,1.27,18.57,0.4297,0.3701,0.8000,-3.17,0.5215,0.5493,0.2521,10.46,-6.64
3704,Trevelin Queen,1630243,Orlando Magic,ORL,1610612753,SG,2024-25,4,50,3.04,1.08,0.76,0.62,0.20,0.44,8.61,0.3810,0.2857,0.8571,-1.72,0.4558,0.4864,0.1832,10.46,-1.37
1704,Josh Green,1630182,Dallas Mavericks,DAL,1610612742,SG,2022-23,2,60,9.10,3.03,1.72,0.70,0.08,1.20,25.66,0.5366,0.4024,0.7234,1.28,0.6257,0.6448,0.1460,10.46,-5.05
4121,Ben Sheppard,1641767,Indiana Pacers,IND,1610612754,SG,2025-26,5,70,6.56,2.79,1.63,0.56,0.09,0.59,19.87,0.4341,0.3621,0.7647,-3.83,0.5426,0.5605,0.1380,10.46,-3.28
3310,Aaron Nesmith,1630174,Indiana Pacers,IND,1610612754,SG,2022-23,2,77,9.58,3.60,1.27,0.71,0.44,0.97,23.59,0.4271,0.3662,0.8380,-2.74,0.5246,0.5655,0.1691,10.45,-3.65
488,Malaki Branham,1631103,San Antonio Spurs,SAS,1610612759,SF,2023-24,3,81,8.52,1.83,1.93,0.33,0.10,1.12,19.68,0.4315,0.3470,0.8730,-4.60,0.5056,0.5261,0.1986,10.45,-3.67
4526,Matisse Thybulle,1629680,Portland Trail Blazers,POR,1610612757,SG,2022-23,2,22,7.41,3.50,1.36,1.73,0.82,0.73,27.70,0.4380,0.3882,0.6250,-4.05,0.5584,0.5658,0.1148,10.44,-3.09
1912,Killian Hayes,1630165,Sacramento Kings,SAC,1610612758,PG,2025-26,5,24,5.29,2.25,3.38,0.88,0.17,1.17,16.89,0.3043,0.2698,0.9286,-0.75,0.3659,0.4224,0.1872,10.43,3.30
4006,Dario Saric,203967,Denver Nuggets,DEN,1610612743,PF,2024-25,4,77,0.73,0.65,0.30,0.09,0.01,0.19,2.73,0.3621,0.2692,0.7000,-0.64,0.4224,0.4487,0.1573,10.43,-2.07
187,Amari Bailey,1641735,Charlotte Hornets,CHA,1610612766,SG,2023-24,3,30,0.77,0.30,0.23,0.10,0.00,0.13,2.16,0.3333,0.1250,0.8571,0.17,0.3542,0.4247,0.2117,10.42,-1.77
3684,Taurean Prince,1627752,Milwaukee Bucks,MIL,1610612749,SF,2024-25,4,79,8.23,3.59,1.96,0.95,0.19,1.01,27.17,0.4605,0.4421,0.8125,-0.35,0.6038,0.6166,0.1246,10.42,-4.30
264,Emoni Bates,1641734,Cleveland Cavaliers,CLE,1610612739,SF,2024-25,4,19,1.95,0.37,0.42,0.05,0.05,0.11,3.94,0.3421,0.3667,,-1.79,0.4868,0.4868,0.2241,10.42,-0.34
3898,David Roddy,1631223,Phoenix Suns,PHX,1610612756,SF,2023-24,3,30,0.73,0.37,0.13,0.07,0.00,0.10,2.10,0.4348,0.1250,1.0000,-0.43,0.4565,0.4693,0.1831,10.41,-4.15
1866,Joe Harris,203925,Brooklyn Nets,BKN,1610612751,SG,2021-22,1,14,11.29,4.00,1.00,0.50,0.14,1.14,30.19,0.4516,0.4659,0.8333,1.14,0.6169,0.6238,0.1514,10.41,-6.24
4116,Jamal Shead,1642347,Toronto Raptors,TOR,1610612761,PG,2024-25,4,79,6.75,1.46,4.00,0.73,0.13,1.48,18.57,0.4048,0.3229,0.7681,-2.96,0.4762,0.4987,0.1866,10.41,2.41
3066,Sam Merrill,1630241,Cleveland Cavaliers,CLE,1610612739,SG,2024-25,4,73,6.97,2.15,1.48,0.73,0.19,0.48,19.20,0.4057,0.3723,0.9655,4.40,0.5672,0.5827,0.1435,10.40,-2.81
1282,CJ Elleby,1629604,Portland Trail Blazers,POR,1610612757,SG,2021-22,1,78,4.35,2.91,1.12,0.45,0.24,0.72,15.06,0.3929,0.2937,0.7143,-4.46,0.4529,0.4914,0.1486,10.40,-2.81
920,Bilal Coulibaly,1641731,Washington Wizards,WAS,1610612764,SG,2023-24,3,64,8.31,4.00,1.72,0.89,0.75,1.36,26.80,0.4352,0.3459,0.7023,-6.55,0.5093,0.5433,0.1420,10.40,-4.32
4963,Nate Williams,1631466,Golden State Warriors,GSW,1610612744,SG,2025-26,5,16,7.00,1.88,0.88,0.31,0.00,0.94,14.95,0.4886,0.4333,0.8667,-4.94,0.5625,0.5920,0.2002,10.39,-6.27
2518,Dalton Knecht,1642261,Los Angeles Lakers,LAL,1610612747,SF,2025-26,5,81,2.81,0.93,0.26,0.14,0.14,0.28,6.83,0.4555,0.3423,0.7273,-1.01,0.5550,0.5681,0.1779,10.39,-5.86
677,Kentavious Caldwell-Pope,203484,Denver Nuggets,DEN,1610612743,SG,2023-24,3,76,10.08,2.41,2.41,1.29,0.55,0.99,31.61,0.4600,0.4058,0.8938,7.53,0.5664,0.6015,0.1305,10.38,-3.85
4440,Terry Taylor,1630678,Chicago Bulls,CHI,1610612741,SF,2023-24,3,75,0.61,0.49,0.13,0.07,0.03,0.09,2.50,0.5128,0.2222,0.8000,0.21,0.5385,0.5583,0.1136,10.38,-5.02
1161,Ayo Dosunmu,1630245,Chicago Bulls,CHI,1610612741,PG,2022-23,2,80,8.59,2.75,2.58,0.78,0.33,1.24,26.22,0.4930,0.3122,0.8049,-0.96,0.5447,0.5668,0.1494,10.38,-2.97
4688,Dean Wade,1629731,Cleveland Cavaliers,CLE,1610612739,PF,2021-22,1,60,4.48,2.50,0.87,0.48,0.12,0.27,16.33,0.4562,0.3592,0.6667,0.62,0.5737,0.5843,0.1120,10.37,-3.77
1160,Luguentz Dort,1629652,Oklahoma City Thunder,OKC,1610612760,SG,2024-25,4,72,9.72,3.94,1.58,1.06,0.54,0.71,28.37,0.4347,0.4084,0.7250,7.46,0.5765,0.5837,0.1357,10.36,-3.65
4100,Landry Shamet,1629013,Phoenix Suns,PHX,1610612756,SG,2021-22,1,70,8.19,1.80,1.54,0.40,0.13,0.59,20.53,0.3938,0.3683,0.8395,1.96,0.5206,0.5503,0.1690,10.36,-3.25
4265,Tyler Smith,1641890,Dallas Mavericks,DAL,1610612742,PF,2025-26,5,13,4.31,2.54,0.38,0.46,0.00,0.46,12.74,0.4200,0.2857,0.6667,-1.69,0.5200,0.5319,0.1462,10.35,-5.55
3369,Frank Ntilikina,1628373,Dallas Mavericks,DAL,1610612742,SG,2021-22,1,73,3.29,1.08,0.95,0.37,0.10,0.42,9.38,0.3991,0.3423,0.9600,0.86,0.4843,0.5128,0.1755,10.34,-1.61
3113,Patty Mills,201988,Brooklyn Nets,BKN,1610612751,PG,2021-22,1,81,11.40,1.93,2.26,0.63,0.21,0.90,28.96,0.4081,0.3996,0.8136,1.44,0.5510,0.5628,0.1651,10.34,-3.49
2828,Terance Mann,1629611,Los Angeles Clippers,LAC,1610612746,SG,2024-25,4,39,5.72,2.74,1.51,0.72,0.28,0.64,18.78,0.4462,0.3467,0.7188,-2.05,0.5128,0.5333,0.1394,10.34,-2.86
2532,Kevin Knox II,1628995,Detroit Pistons,DET,1610612765,SF,2023-24,3,40,5.58,1.88,0.58,0.33,0.18,0.55,14.01,0.4624,0.3298,0.9091,-2.13,0.5457,0.5698,0.1654,10.34,-5.65
1693,AJ Green,1631260,Milwaukee Bucks,MIL,1610612749,SG,2023-24,3,78,3.23,0.82,0.38,0.12,0.05,0.15,7.87,0.4235,0.4083,0.8947,0.64,0.5995,0.6166,0.1528,10.33,-5.00
4065,Jay Scrubb,1630206,Los Angeles Clippers,LAC,1610612746,SG,2021-22,1,29,1.69,0.55,0.28,0.14,0.10,0.24,4.19,0.3913,0.2857,0.7000,0.55,0.4565,0.4861,0.2071,10.33,-3.31
1181,Goran Dragic,201609,Brooklyn Nets,BKN,1610612751,PG,2021-22,1,17,6.88,3.00,4.53,0.82,0.18,1.94,23.99,0.3761,0.2449,0.7391,1.65,0.4274,0.4602,0.1701,10.33,1.38
3684,Taurean Prince,1627752,Minnesota Timberwolves,MIN,1610612750,SF,2022-23,2,54,9.13,2.44,1.56,0.52,0.28,1.28,22.09,0.4670,0.3814,0.8442,0.00,0.5646,0.5970,0.1738,10.32,-4.74
3808,Will Richard,1642954,Golden State Warriors,GSW,1610612744,SG,2025-26,5,82,5.38,2.10,1.13,0.98,0.11,0.65,16.79,0.4682,0.3349,0.8519,-1.18,0.5708,0.5963,0.1312,10.31,-3.98
1912,Killian Hayes,1630165,Detroit Pistons,DET,1610612765,PG,2021-22,1,69,6.57,3.04,4.01,1.13,0.51,1.61,23.88,0.3834,0.2635,0.7703,-5.32,0.4314,0.4608,0.1582,10.30,1.66
1163,Devon Dotson,1629653,Chicago Bulls,CHI,1610612741,PG,2021-22,1,21,1.38,0.43,0.71,0.05,0.00,0.24,4.06,0.4783,0.2222,0.5556,-0.10,0.5217,0.5378,0.1660,10.29,0.40
1197,Alex Ducas,1642505,Oklahoma City Thunder,OKC,1610612760,SG,2024-25,4,36,1.00,0.72,0.14,0.14,0.00,0.11,3.48,0.4000,0.4762,1.0000,-0.61,0.5667,0.5829,0.1173,10.29,-4.86
2183,Reggie Jackson,202704,Denver Nuggets,DEN,1610612743,PG,2022-23,2,23,5.52,1.22,2.17,0.39,0.04,0.83,13.87,0.3828,0.2794,0.8333,-2.26,0.4570,0.4764,0.2097,10.29,0.50
2532,Kevin Knox II,1628995,Atlanta Hawks,ATL,1610612737,SF,2021-22,1,41,1.12,0.54,0.17,0.05,0.02,0.05,2.72,0.3556,0.1923,0.7500,-0.59,0.4111,0.4574,0.2061,10.29,-1.22
3415,Chuma Okeke,1629643,Orlando Magic,ORL,1610612753,SF,2022-23,2,44,2.91,2.18,0.84,0.43,0.25,0.39,11.77,0.3525,0.3023,0.7619,-2.68,0.4590,0.4877,0.1228,10.29,-2.29
2114,De'Andre Hunter,1629631,Atlanta Hawks,ATL,1610612737,SG,2021-22,1,55,12.89,3.20,1.24,0.65,0.38,1.25,28.68,0.4417,0.3795,0.7651,0.51,0.5061,0.5470,0.1992,10.28,-5.06
1866,Joe Harris,203925,Brooklyn Nets,BKN,1610612751,SG,2022-23,2,76,7.39,2.16,1.33,0.45,0.17,0.54,20.10,0.4568,0.4264,0.6429,-0.32,0.6182,0.6212,0.1442,10.27,-3.92
4386,Jalen Suggs,1630591,Orlando Magic,ORL,1610612753,PG,2021-22,1,48,11.75,3.56,4.35,1.23,0.40,2.98,27.22,0.3613,0.2143,0.7730,-4.29,0.3996,0.4550,0.2537,10.27,0.21
1641,Eric Gordon,201569,Philadelphia 76ers,PHI,1610612755,PG,2024-25,4,49,5.43,0.94,1.33,0.53,0.24,0.57,15.69,0.4265,0.4088,0.7500,-1.47,0.5637,0.5908,0.1466,10.27,-3.96
2929,Jared McCain,1642272,Philadelphia 76ers,PHI,1610612755,SG,2025-26,5,42,5.83,1.79,1.48,0.52,0.05,0.71,14.76,0.3853,0.3782,0.8800,1.45,0.4827,0.5062,0.1873,10.26,-2.44
2828,Terance Mann,1629611,Brooklyn Nets,BKN,1610612751,SG,2025-26,5,71,6.41,2.82,2.68,0.58,0.21,1.00,21.53,0.4565,0.3636,0.7875,-3.76,0.5326,0.5642,0.1360,10.25,-2.01
5022,Justise Winslow,1626159,Portland Trail Blazers,POR,1610612757,SG,2022-23,2,32,6.13,4.53,3.06,0.94,0.34,1.34,24.25,0.4091,0.3111,0.7143,-1.19,0.4444,0.4660,0.1438,10.23,-0.29
4100,Landry Shamet,1629013,New York Knicks,NYK,1610612752,SG,2025-26,5,51,9.31,1.80,1.41,0.61,0.18,0.59,22.97,0.4368,0.3916,0.7105,3.75,0.5783,0.5976,0.1577,10.23,-4.77
337,Davis Bertans,202722,Dallas Mavericks,DAL,1610612742,PF,2022-23,2,57,3.61,0.93,0.37,0.19,0.14,0.18,8.63,0.4313,0.3901,0.8667,-0.65,0.6031,0.6182,0.1638,10.22,-4.32
3758,Duop Reath,1641871,Portland Trail Blazers,POR,1610612757,C,2025-26,5,48,1.96,0.79,0.21,0.10,0.17,0.15,5.38,0.4459,0.4182,0.8333,-0.81,0.6014,0.6133,0.1321,10.21,-5.05
2895,Garrison Mathews,1629726,Houston Rockets,HOU,1610612745,SG,2021-22,1,65,10.00,2.92,0.98,0.88,0.37,0.63,26.34,0.3991,0.3601,0.7944,-3.35,0.5499,0.6016,0.1454,10.21,-4.63
1176,Jeff Dowtin Jr.,1630288,Toronto Raptors,TOR,1610612761,PG,2022-23,2,50,1.22,0.46,0.62,0.18,0.06,0.10,5.18,0.4386,0.3125,0.6667,-0.18,0.4825,0.5003,0.1084,10.20,-0.78
3182,Wendell Moore Jr.,1631111,Minnesota Timberwolves,MIN,1610612750,SG,2022-23,2,64,0.66,0.28,0.28,0.13,0.08,0.13,2.38,0.4186,0.1176,0.8000,-0.83,0.4419,0.4646,0.1498,10.19,-0.40
274,Nicolas Batum,201587,Los Angeles Clippers,LAC,1610612746,SG,2023-24,3,3,2.67,2.33,1.67,1.00,1.33,0.33,18.07,0.3750,0.2857,,0.00,0.5000,0.5000,0.0717,10.17,-0.15
1179,PJ Dozier,1628408,Denver Nuggets,DEN,1610612743,SG,2021-22,1,18,5.39,3.50,1.61,0.61,0.33,0.72,18.93,0.3636,0.3125,0.7692,-5.00,0.4394,0.4631,0.1554,10.17,-1.53
2346,Dillon Jones,1641794,Oklahoma City Thunder,OKC,1610612760,SF,2024-25,4,64,2.11,1.89,0.91,0.25,0.06,0.44,8.62,0.3835,0.2540,0.6071,1.17,0.4436,0.4645,0.1342,10.16,-1.96
1864,Gary Harris,203914,Orlando Magic,ORL,1610612753,SG,2021-22,1,79,8.59,1.54,1.37,0.75,0.11,0.77,21.90,0.4340,0.3841,0.8737,-2.65,0.5389,0.5708,0.1650,10.16,-4.42
4516,JT Thor,1630550,Charlotte Hornets,CHA,1610612766,PF,2023-24,3,82,2.43,1.78,0.35,0.13,0.33,0.18,9.52,0.4372,0.3457,0.5500,-0.60,0.5137,0.5188,0.1180,10.16,-4.62
56,Nickeil Alexander-Walker,1629638,Minnesota Timberwolves,MIN,1610612750,SG,2022-23,2,24,5.63,1.75,1.33,0.33,0.29,0.42,14.83,0.3840,0.3611,0.6190,-1.38,0.4880,0.5028,0.1747,10.15,-1.43
2068,Danuel House Jr.,1627863,Houston Rockets,HOU,1610612745,SG,2021-22,1,18,4.28,2.39,1.06,0.28,0.28,1.00,12.92,0.3378,0.2941,0.8947,-1.11,0.4054,0.4675,0.1859,10.14,-3.65
2895,Garrison Mathews,1629726,Indiana Pacers,IND,1610612754,SG,2025-26,5,15,5.20,1.13,0.67,0.40,0.20,0.20,13.07,0.4038,0.3696,0.8261,-0.13,0.5673,0.6278,0.1457,10.13,-4.54
5079,Guerschon Yabusele,1627824,New York Knicks,NYK,1610612752,SF,2025-26,5,46,2.43,1.85,0.39,0.13,0.11,0.33,7.86,0.3925,0.2941,0.6667,0.28,0.4860,0.4988,0.1497,10.13,-4.51
2875,KJ Martin,1630231,Philadelphia 76ers,PHI,1610612755,SF,2023-24,3,76,2.82,1.68,0.66,0.26,0.14,0.39,9.41,0.5439,0.3043,0.5385,-0.04,0.5643,0.5687,0.1324,10.12,-4.05
3308,Ruben Nembhard Jr.,1630612,Cleveland Cavaliers,CLE,1610612739,PG,2021-22,1,44,0.34,0.16,0.27,0.02,0.00,0.07,1.43,0.3333,0.0000,0.7500,-0.16,0.3333,0.3796,0.1617,10.12,2.02
4866,Dariq Whitehead,1641727,Memphis Grizzlies,MEM,1610612763,SG,2025-26,5,6,16.33,4.00,1.50,0.67,0.00,1.67,30.47,0.3978,0.3167,0.7143,-16.50,0.5000,0.5100,0.2392,10.11,-5.09
828,Nique Clifford,1642363,Sacramento Kings,SAC,1610612758,SG,2025-26,5,78,8.27,3.62,2.29,0.87,0.31,1.49,24.12,0.4178,0.3333,0.7216,-2.81,0.4824,0.5049,0.1712,10.11,-3.24
2385,Tyus Jones,1626145,Denver Nuggets,DEN,1610612743,PG,2025-26,5,20,1.20,0.70,0.65,0.05,0.00,0.30,4.57,0.3462,0.3750,0.0000,0.20,0.4615,0.4539,0.1527,10.11,-2.17
2355,Herbert Jones,1630529,New Orleans Pelicans,NOP,1610612740,SF,2024-25,4,27,7.59,2.89,2.41,1.37,0.33,1.30,24.01,0.4360,0.3056,0.8250,-0.74,0.5000,0.5406,0.1453,10.10,-2.45
4282,Jeremy Sochan,1631110,San Antonio Spurs,SAS,1610612759,SF,2025-26,5,41,2.78,1.78,0.68,0.24,0.12,0.44,8.73,0.4747,0.2571,0.6875,-2.24,0.5202,0.5375,0.1465,10.10,-3.56
2025,Justin Holiday,203200,Indiana Pacers,IND,1610612754,SG,2021-22,1,49,11.04,2.76,1.84,0.73,0.37,1.00,28.89,0.4148,0.3780,0.8293,-1.96,0.5535,0.5682,0.1612,10.10,-4.00
1328,Tyson Etienne,1630623,Brooklyn Nets,BKN,1610612751,PG,2025-26,5,37,5.11,0.73,1.08,0.30,0.00,0.43,10.27,0.4000,0.3981,0.8333,-2.81,0.5483,0.5875,0.2053,10.09,-2.49
3258,Mike Muscala,203488,Washington Wizards,WAS,1610612764,PF,2023-24,3,38,2.50,1.97,0.61,0.13,0.18,0.42,8.88,0.3667,0.2745,0.7500,-3.53,0.4444,0.4808,0.1437,10.09,-3.71
3277,Larry Nance Jr.,1626204,Cleveland Cavaliers,CLE,1610612739,PF,2025-26,5,61,2.15,1.52,0.56,0.34,0.10,0.33,7.35,0.4194,0.3333,0.4615,-0.28,0.5040,0.5049,0.1421,10.08,-2.66
4100,Landry Shamet,1629013,Washington Wizards,WAS,1610612764,SG,2023-24,3,49,6.67,1.27,1.10,0.51,0.20,0.61,14.82,0.4307,0.3376,0.8261,-3.04,0.5274,0.5557,0.1873,10.08,-3.55
3916,Rajon Rondo,200765,Los Angeles Lakers,LAL,1610612747,PG,2021-22,1,33,1.67,1.48,2.03,0.36,0.15,1.03,8.77,0.3239,0.2667,0.5000,-2.03,0.3803,0.3826,0.1569,10.08,2.72
640,Tyler Burton,1631174,Memphis Grizzlies,MEM,1610612763,SF,2025-26,5,12,10.75,4.17,1.00,0.92,0.33,0.92,25.56,0.3750,0.3333,0.8519,-12.08,0.4732,0.5207,0.1877,10.08,-4.43
4669,Gabe Vincent,1629216,Miami Heat,MIA,1610612748,PG,2021-22,1,72,8.21,1.75,2.92,0.86,0.17,1.36,22.07,0.4172,0.3684,0.8148,1.38,0.5331,0.5505,0.1793,10.06,-1.24
4422,Jae'Sean Tate,1630256,Houston Rockets,HOU,1610612745,SF,2025-26,5,67,1.93,1.09,0.37,0.15,0.04,0.24,6.04,0.5138,0.3125,0.6364,-0.55,0.5596,0.5666,0.1356,10.05,-4.81
1831,Tim Hardaway Jr.,203501,Detroit Pistons,DET,1610612765,SG,2024-25,4,80,10.55,2.29,1.54,0.48,0.09,0.60,26.91,0.4059,0.3676,0.8552,0.31,0.5294,0.5674,0.1563,10.05,-5.09
1134,Rob Dillingham,1642265,Chicago Bulls,CHI,1610612741,PG,2025-26,5,30,9.60,3.00,2.83,0.93,0.10,2.13,21.46,0.4280,0.3000,0.7429,-3.03,0.4834,0.5028,0.2237,10.05,-2.26
2511,Maxi Kleber,1628467,Dallas Mavericks,DAL,1610612742,PF,2023-24,3,45,4.24,3.18,1.51,0.38,0.67,0.62,19.37,0.4315,0.3478,0.7021,2.76,0.5411,0.5730,0.0974,10.00,-3.45
3596,Julian Phillips,1641763,Chicago Bulls,CHI,1610612741,SF,2024-25,4,80,4.58,2.11,0.49,0.48,0.25,0.34,14.04,0.4460,0.3268,0.7895,0.38,0.5331,0.5711,0.1301,10.00,-5.15
1400,Dorian Finney-Smith,1627827,Dallas Mavericks,DAL,1610612742,SF,2022-23,2,40,9.13,4.70,1.48,0.95,0.50,0.90,32.19,0.4161,0.3548,0.7500,0.40,0.5403,0.5571,0.1287,9.99,-4.65
3326,Georges Niang,1627777,Philadelphia 76ers,PHI,1610612755,SF,2021-22,1,77,9.09,2.64,1.32,0.39,0.17,0.77,22.55,0.4369,0.4031,0.8814,0.87,0.5755,0.5943,0.1684,9.98,-4.42
3251,Kris Murray,1631200,Portland Trail Blazers,POR,1610612757,SF,2025-26,5,79,4.19,2.61,1.03,0.65,0.28,0.59,16.88,0.4674,0.2787,0.6842,0.57,0.5290,0.5497,0.1070,9.98,-4.70
3977,Tidjane Salaün,1642275,Charlotte Hornets,CHA,1610612766,PF,2024-25,4,62,5.69,4.52,1.19,0.47,0.23,0.94,20.07,0.3304,0.2829,0.7128,-5.18,0.4145,0.4568,0.1525,9.96,-4.08
1525,Andersson Garcia,1643158,Utah Jazz,UTA,1610612762,PF,2025-26,5,5,5.20,8.40,2.80,1.60,0.80,1.40,33.76,0.3103,0.0769,0.7778,-7.40,0.3276,0.3944,0.0979,9.96,-2.02
4064,Trevon Scott,1630286,Brooklyn Nets,BKN,1610612751,SF,2025-26,5,6,8.00,5.17,1.67,1.33,0.83,0.67,30.37,0.3800,0.3158,0.6667,-10.83,0.4400,0.4559,0.1407,9.96,-3.02
3131,Davion Mitchell,1630558,Sacramento Kings,SAC,1610612758,PG,2023-24,3,81,4.68,1.17,1.65,0.21,0.04,0.53,13.59,0.4520,0.3608,0.7143,-0.56,0.5402,0.5549,0.1502,9.95,-2.49
3337,Daishen Nix,1630227,Houston Rockets,HOU,1610612745,PG,2021-22,1,33,2.33,1.00,1.21,0.45,0.00,0.79,7.92,0.4030,0.2692,0.5333,-1.39,0.4552,0.4800,0.1737,9.95,-1.27
1498,Markelle Fultz,1628365,Sacramento Kings,SAC,1610612758,PG,2024-25,4,28,2.18,0.71,0.96,0.36,0.07,0.54,6.58,0.4179,0.5000,1.0000,0.18,0.4478,0.4523,0.1984,9.95,-0.93
4449,Garrett Temple,202066,Toronto Raptors,TOR,1610612761,SG,2023-24,3,80,1.10,0.56,0.35,0.15,0.04,0.18,3.61,0.3718,0.3000,0.8182,-0.99,0.4487,0.5018,0.1510,9.94,-2.32
3971,Matt Ryan,1630346,Minnesota Timberwolves,MIN,1610612750,SF,2022-23,2,36,2.08,0.33,0.33,0.08,0.03,0.11,5.03,0.4237,0.3878,0.8571,0.58,0.5847,0.6041,0.1587,9.94,-4.21
3251,Kris Murray,1631200,Portland Trail Blazers,POR,1610612757,SF,2024-25,4,82,3.50,2.22,0.83,0.43,0.21,0.52,12.69,0.4194,0.2250,0.4561,-0.61,0.4677,0.4719,0.1399,9.93,-3.92
537,Dillon Brooks,1628415,Houston Rockets,HOU,1610612745,SG,2024-25,4,78,13.32,3.46,1.62,0.77,0.21,0.97,30.19,0.4317,0.3991,0.8182,2.72,0.5353,0.5579,0.1773,9.93,-4.63
3073,Vasilije Micic,203995,Oklahoma City Thunder,OKC,1610612760,PG,2023-24,3,51,1.94,0.47,1.49,0.18,0.06,0.57,7.08,0.4066,0.2444,0.7368,2.16,0.4670,0.4982,0.1558,9.91,0.59
3419,Isaac Okoro,1630171,Cleveland Cavaliers,CLE,1610612739,SG,2024-25,4,56,6.02,2.32,1.21,0.57,0.29,0.41,18.81,0.4644,0.3709,0.7174,4.52,0.5693,0.5866,0.1257,9.90,-3.96
1811,R.J. Hampton,1630181,Detroit Pistons,DET,1610612765,SG,2022-23,2,22,6.95,2.18,0.91,0.50,0.23,0.95,17.67,0.4228,0.3651,0.6667,-4.73,0.5163,0.5458,0.1797,9.90,-5.29
1208,David Duke Jr.,1630561,Brooklyn Nets,BKN,1610612751,SG,2021-22,1,37,2.81,1.81,0.46,0.38,0.19,0.24,9.21,0.3611,0.2432,0.8095,-0.27,0.4028,0.4435,0.1584,9.90,-2.29
1059,JD Davison,1631120,Boston Celtics,BOS,1610612738,PG,2024-25,4,27,1.22,0.48,0.48,0.19,0.04,0.48,3.45,0.3529,0.2222,0.7143,-1.04,0.4118,0.4450,0.2382,9.89,-3.58
1196,Chris Duarte,1630537,Indiana Pacers,IND,1610612754,SG,2022-23,2,49,7.39,2.35,1.31,0.51,0.18,0.84,18.31,0.3694,0.3161,0.8472,-2.33,0.4520,0.4963,0.1911,9.88,-3.30
1285,Wayne Ellington,201961,Los Angeles Lakers,LAL,1610612747,SG,2021-22,1,76,3.78,1.01,0.39,0.30,0.07,0.25,10.66,0.4135,0.3886,0.8182,-0.78,0.5865,0.5934,0.1393,9.88,-5.45
2366,Kam Jones,1642880,Indiana Pacers,IND,1610612754,PG,2025-26,5,54,3.00,1.11,2.20,0.33,0.00,0.67,11.41,0.4024,0.2933,0.5000,-2.65,0.4675,0.4695,0.1458,9.86,0.84
2537,Christian Koloko,1631132,Toronto Raptors,TOR,1610612761,C,2022-23,2,74,2.46,2.31,0.42,0.28,0.77,0.27,10.84,0.4800,0.0833,0.6271,2.11,0.4833,0.5172,0.1042,9.84,-2.82
2412,Johnny Juzang,1630548,Utah Jazz,UTA,1610612762,SG,2023-24,3,26,5.54,1.38,0.88,0.15,0.08,0.50,14.30,0.4636,0.4156,0.7143,-0.31,0.6091,0.6198,0.1487,9.84,-5.70
837,Amir Coffey,1629599,Los Angeles Clippers,LAC,1610612746,SG,2023-24,3,82,5.65,1.80,0.93,0.50,0.17,0.40,17.81,0.4716,0.3804,0.8592,-1.12,0.5710,0.6041,0.1260,9.83,-5.38
5015,Dylan Windler,1629685,Cleveland Cavaliers,CLE,1610612739,SG,2021-22,1,65,1.69,1.37,0.52,0.22,0.05,0.25,7.07,0.3776,0.3000,0.8333,-0.14,0.4847,0.5193,0.1195,9.83,-3.02
238,Brooks Barnhizer,1642964,Oklahoma City Thunder,OKC,1610612760,SG,2025-26,5,47,1.45,1.66,0.47,0.23,0.11,0.21,7.39,0.3803,0.2917,0.7000,-2.19,0.4296,0.4509,0.1068,9.81,-3.60
3710,Lester Quinones,1631311,New Orleans Pelicans,NOP,1610612740,SG,2024-25,4,10,7.70,1.50,2.30,0.30,0.20,1.00,16.64,0.3857,0.3171,0.8333,-2.20,0.4786,0.5114,0.2188,9.81,-0.97
4312,Jaden Springer,1630531,Philadelphia 76ers,PHI,1610612755,SG,2023-24,3,41,3.12,1.41,0.85,0.61,0.27,0.63,9.20,0.3898,0.2162,0.8235,-1.61,0.4237,0.4813,0.1793,9.81,-1.89
2441,Kylor Kelley,1630283,New Orleans Pelicans,NOP,1610612740,C,2024-25,4,6,1.67,3.00,0.50,0.17,0.17,0.50,9.87,0.4444,,0.5000,-6.50,0.4444,0.4647,0.0976,9.81,-4.98
3370,Kendrick Nunn,1629134,Los Angeles Lakers,LAL,1610612747,SG,2022-23,2,47,5.57,1.17,0.72,0.23,0.06,0.66,11.23,0.4064,0.3254,0.8095,-0.45,0.4880,0.5034,0.2348,9.80,-4.42
2135,Andre Iguodala,2738,Golden State Warriors,GSW,1610612744,PG,2022-23,2,10,1.70,1.70,1.90,0.40,0.30,0.90,11.24,0.4667,0.1111,0.6667,3.50,0.5000,0.5208,0.0936,9.80,-0.40
961,Jae Crowder,203109,Milwaukee Bucks,MIL,1610612749,SF,2023-24,3,51,6.12,3.16,1.29,0.75,0.18,0.45,22.65,0.4222,0.3494,0.7222,-1.35,0.5296,0.5458,0.1177,9.80,-4.36
1502,Johnny Furphy,1642277,Indiana Pacers,IND,1610612754,SG,2024-25,4,77,1.31,0.90,0.25,0.23,0.14,0.16,4.82,0.3804,0.3000,0.8000,0.21,0.4620,0.5010,0.1329,9.80,-3.32
536,Armoni Brooks,1629717,Brooklyn Nets,BKN,1610612751,SG,2023-24,3,18,2.33,1.00,0.28,0.06,0.06,0.17,5.78,0.3261,0.3438,0.5000,1.56,0.4457,0.4480,0.2048,9.79,-3.76
3012,Jordan McLaughlin,1629162,Sacramento Kings,SAC,1610612758,PG,2024-25,4,47,1.13,0.45,0.51,0.23,0.00,0.23,4.04,0.3636,0.3846,0.6875,0.02,0.4773,0.5192,0.1399,9.79,-1.82
2972,Doug McDermott,203926,San Antonio Spurs,SAS,1610612759,SF,2023-24,3,48,5.75,1.00,1.19,0.23,0.04,0.50,14.58,0.4419,0.4393,0.5882,-3.25,0.6186,0.6203,0.1481,9.79,-4.69
1739,Quentin Grimes,1629656,New York Knicks,NYK,1610612752,SG,2021-22,1,62,4.44,1.52,0.71,0.50,0.18,0.45,12.68,0.4043,0.3810,0.6842,-0.87,0.5574,0.5650,0.1534,9.78,-3.89
1763,Kyle Guy,1629657,Miami Heat,MIA,1610612748,SG,2021-22,1,31,2.39,0.55,0.55,0.23,0.03,0.42,6.00,0.4000,0.3500,0.6667,-1.55,0.5077,0.5265,0.1999,9.78,-3.79
2163,Frank Jackson,1628402,Detroit Pistons,DET,1610612765,SG,2021-22,1,63,8.89,1.38,0.87,0.43,0.14,0.60,18.48,0.4017,0.3082,0.8269,-2.94,0.4907,0.5295,0.2099,9.77,-4.60
2537,Christian Koloko,1631132,Memphis Grizzlies,MEM,1610612763,C,2025-26,5,11,2.64,4.00,0.91,0.91,1.18,0.64,17.68,0.4000,0.0000,0.2500,2.09,0.4000,0.3945,0.0923,9.77,-2.59
3618,Daeqwon Plowden,1631342,Sacramento Kings,SAC,1610612758,SG,2025-26,5,40,8.60,2.43,1.03,0.58,0.18,0.65,21.11,0.4301,0.3333,0.8571,-5.13,0.5412,0.5723,0.1634,9.76,-5.27
2048,Rodney Hood,203918,Los Angeles Clippers,LAC,1610612746,SG,2021-22,1,25,1.36,0.40,0.32,0.12,0.08,0.16,5.13,0.4615,0.5455,0.8000,1.08,0.5769,0.6028,0.1118,9.76,-5.33
337,Davis Bertans,202722,Charlotte Hornets,CHA,1610612766,PF,2023-24,3,32,7.69,1.59,0.81,0.72,0.28,0.53,18.23,0.3942,0.3750,0.8889,-3.06,0.5529,0.5697,0.1836,9.76,-4.66
4067,Dereon Seabron,1631220,New Orleans Pelicans,NOP,1610612740,SG,2023-24,3,9,1.56,0.78,0.56,0.22,0.11,0.00,6.11,0.3077,0.5000,0.8333,3.11,0.3462,0.4476,0.1226,9.75,-0.80
3131,Davion Mitchell,1630558,Sacramento Kings,SAC,1610612758,PG,2022-23,2,81,5.56,1.30,2.28,0.54,0.19,0.77,17.87,0.4536,0.3198,0.8065,0.01,0.5326,0.5453,0.1411,9.75,-1.59
624,Trey Burke,203504,Dallas Mavericks,DAL,1610612742,PG,2021-22,1,65,3.29,0.51,0.88,0.18,0.00,0.40,6.79,0.3907,0.3171,0.8696,-0.15,0.4512,0.4753,0.2578,9.74,-0.73
3898,David Roddy,1631223,Memphis Grizzlies,MEM,1610612763,SF,2022-23,2,78,5.97,2.47,0.76,0.37,0.24,0.73,16.14,0.4286,0.3066,0.6308,-0.78,0.5060,0.5194,0.1677,9.74,-4.90
3871,Duncan Robinson,1629130,Miami Heat,MIA,1610612748,SF,2021-22,1,79,10.92,2.57,1.63,0.53,0.18,0.76,25.86,0.3994,0.3718,0.8361,1.34,0.5592,0.5732,0.1790,9.74,-3.79
4123,Reed Sheppard,1642263,Houston Rockets,HOU,1610612745,PG,2024-25,4,79,2.90,0.99,0.95,0.44,0.22,0.47,8.28,0.3515,0.3380,0.8125,-0.63,0.4519,0.4654,0.1797,9.74,-0.71
4312,Jaden Springer,1630531,Boston Celtics,BOS,1610612738,SG,2023-24,3,23,1.52,0.87,0.39,0.48,0.17,0.35,5.63,0.4333,0.1818,0.8750,1.65,0.4667,0.5221,0.1429,9.72,-3.02
3419,Isaac Okoro,1630171,Cleveland Cavaliers,CLE,1610612739,SG,2022-23,2,77,6.36,2.43,1.13,0.73,0.39,0.55,21.46,0.4944,0.3626,0.7573,1.64,0.5819,0.6135,0.1205,9.71,-4.62
4456,Dalen Terry,1631207,Chicago Bulls,CHI,1610612741,SF,2024-25,4,76,4.29,1.63,1.28,0.58,0.20,0.70,12.99,0.4478,0.3558,0.7101,-2.26,0.5168,0.5463,0.1496,9.70,-2.89
159,D.J. Augustin,201571,Los Angeles Lakers,LAL,1610612747,PG,2021-22,1,21,5.33,1.29,1.57,0.33,0.05,0.52,17.79,0.4535,0.4265,1.0000,-2.71,0.6221,0.6349,0.1143,9.69,-4.11
2544,Furkan Korkmaz,1627788,Philadelphia 76ers,PHI,1610612755,SG,2023-24,3,47,1.87,0.64,0.53,0.30,0.06,0.21,6.38,0.3947,0.3500,0.7000,0.96,0.4868,0.5189,0.1355,9.69,-3.24
3684,Taurean Prince,1627752,Los Angeles Lakers,LAL,1610612747,SF,2023-24,3,79,8.82,2.91,1.51,0.73,0.44,0.92,26.69,0.4423,0.3961,0.7353,-1.49,0.5656,0.5790,0.1389,9.69,-5.19
3168,Xavier Moon,1629875,Los Angeles Clippers,LAC,1610612746,PG,2023-24,3,34,0.97,0.53,0.62,0.09,0.09,0.15,3.51,0.3261,0.1176,0.5000,-1.09,0.3478,0.3520,0.1941,9.68,3.16
4165,KJ Simpson,1642354,Charlotte Hornets,CHA,1610612766,PG,2025-26,5,14,6.00,2.07,2.50,1.07,0.00,1.71,15.93,0.3483,0.3077,0.6250,-2.29,0.4157,0.4373,0.2289,9.68,-0.77
4270,Nick Smith Jr.,1641733,Los Angeles Lakers,LAL,1610612747,PG,2025-26,5,37,5.00,0.62,0.84,0.24,0.05,0.57,10.14,0.4348,0.3953,0.7333,-0.08,0.5404,0.5519,0.2193,9.68,-4.75
132,Trevor Ariza,2772,Los Angeles Lakers,LAL,1610612747,SF,2021-22,1,46,2.09,1.78,0.59,0.28,0.13,0.24,10.05,0.3333,0.2703,0.5556,-1.22,0.4343,0.4489,0.1110,9.67,-3.54
5003,Jalen Wilson,1630592,Brooklyn Nets,BKN,1610612751,SF,2024-25,4,81,9.25,3.33,1.79,0.49,0.06,0.98,25.07,0.3968,0.3370,0.8182,-3.23,0.4952,0.5407,0.1679,9.67,-4.53
2963,Kevin McCullar Jr.,1641755,New York Knicks,NYK,1610612752,SG,2025-26,5,33,1.52,0.85,0.61,0.27,0.00,0.36,4.69,0.4255,0.3333,0.4000,-1.45,0.5106,0.5081,0.1721,9.67,-1.43
2417,Georgios Kalaitzakis,1630686,Oklahoma City Thunder,OKC,1610612760,SF,2021-22,1,4,17.50,3.25,3.00,2.50,0.25,4.00,41.40,0.4643,0.3636,0.4762,-21.25,0.5357,0.5365,0.2167,9.66,-5.69
4312,Jaden Springer,1630531,Utah Jazz,UTA,1610612762,SG,2024-25,4,26,2.46,1.31,0.88,0.46,0.12,0.46,8.62,0.4107,0.2069,0.7059,-1.77,0.4643,0.5041,0.1392,9.66,-2.17
963,LJ Cryer,1643018,Golden State Warriors,GSW,1610612744,SG,2025-26,5,20,7.40,1.40,0.90,0.15,0.00,0.70,14.61,0.4017,0.3936,0.8947,0.80,0.5598,0.5903,0.2040,9.66,-5.75
618,Reggie Bullock Jr.,203493,Dallas Mavericks,DAL,1610612742,SG,2021-22,1,68,8.57,3.54,1.22,0.60,0.21,0.59,27.96,0.4012,0.3597,0.8333,3.97,0.5419,0.5583,0.1339,9.66,-5.00
2068,Danuel House Jr.,1627863,Philadelphia 76ers,PHI,1610612755,SG,2022-23,2,80,3.35,1.18,0.55,0.18,0.11,0.33,10.09,0.4721,0.3364,0.7500,-0.20,0.5660,0.5998,0.1393,9.66,-5.33
3251,Kris Murray,1631200,Portland Trail Blazers,POR,1610612757,SF,2023-24,3,81,4.64,2.77,0.99,0.65,0.26,0.68,16.64,0.3962,0.2678,0.6607,-2.02,0.4631,0.4813,0.1419,9.65,-4.17
3264,Svi Mykhailiuk,1629004,Toronto Raptors,TOR,1610612761,SG,2021-22,1,80,3.19,1.15,0.56,0.33,0.05,0.40,8.95,0.3889,0.3060,0.8649,-0.98,0.4765,0.5094,0.1701,9.65,-4.03
2617,Romeo Langford,1629641,Boston Celtics,BOS,1610612738,SG,2021-22,1,51,4.06,2.04,0.37,0.41,0.31,0.31,14.28,0.4293,0.3494,0.5882,-0.16,0.5082,0.5202,0.1305,9.64,-5.29
2183,Reggie Jackson,202704,Philadelphia 76ers,PHI,1610612755,PG,2024-25,4,49,2.78,0.86,0.92,0.33,0.06,0.35,7.84,0.3910,0.3378,0.7778,-0.39,0.4850,0.4965,0.1784,9.64,-1.30
2704,E.J. Liddell,1630604,Chicago Bulls,CHI,1610612741,SF,2024-25,4,23,0.91,0.39,0.13,0.04,0.04,0.09,2.30,0.5333,0.3000,1.0000,-0.35,0.6333,0.6612,0.1434,9.64,-4.70
1572,Kyshawn George,1642273,Washington Wizards,WAS,1610612764,SF,2024-25,4,74,7.89,3.74,2.27,0.91,0.64,1.28,24.00,0.3743,0.3276,0.7473,-4.64,0.4804,0.5060,0.1602,9.63,-2.25
522,Oshae Brissett,1629052,Philadelphia 76ers,PHI,1610612755,SG,2024-25,4,6,8.67,3.67,0.67,0.67,0.50,1.33,23.70,0.4872,0.3333,0.5714,-5.17,0.5641,0.5757,0.1608,9.63,-7.11
1413,Rasheer Fleming,1642853,Phoenix Suns,PHX,1610612756,PF,2025-26,5,80,2.98,1.55,0.20,0.28,0.26,0.36,8.42,0.4047,0.3462,0.5588,1.21,0.5093,0.5175,0.1647,9.63,-5.61
3419,Isaac Okoro,1630171,Cleveland Cavaliers,CLE,1610612739,SG,2021-22,1,67,8.78,3.00,1.81,0.84,0.33,0.87,29.56,0.4803,0.3503,0.7677,1.48,0.5441,0.5889,0.1265,9.62,-4.77
4964,Patrick Williams,1630172,Chicago Bulls,CHI,1610612741,SF,2025-26,5,74,6.82,2.91,1.42,0.66,0.35,1.01,19.92,0.3724,0.3467,0.7200,-4.66,0.4718,0.4941,0.1666,9.62,-4.09
4632,Denzel Valentine,1627756,Cleveland Cavaliers,CLE,1610612739,SG,2021-22,1,35,1.83,1.09,0.31,0.20,0.00,0.29,5.81,0.3710,0.4091,,-0.71,0.5161,0.5161,0.1560,9.61,-4.43
4526,Matisse Thybulle,1629680,Portland Trail Blazers,POR,1610612757,SG,2023-24,3,77,4.60,1.77,1.17,1.47,0.64,0.52,19.32,0.3975,0.3463,0.7586,-3.01,0.5237,0.5368,0.1063,9.61,-3.11
4449,Garrett Temple,202066,New Orleans Pelicans,NOP,1610612740,SG,2022-23,2,80,0.63,0.21,0.16,0.11,0.03,0.05,2.02,0.4000,0.4231,0.7500,-0.21,0.5222,0.5346,0.1353,9.60,-1.96
254,Will Barton,203115,Toronto Raptors,TOR,1610612761,SG,2022-23,2,17,4.24,1.53,1.00,0.65,0.18,0.18,12.41,0.3544,0.3333,1.0000,-2.00,0.4430,0.4507,0.1689,9.59,-0.46
2884,Tyrese Martin,1631213,Atlanta Hawks,ATL,1610612737,SF,2022-23,2,42,0.50,0.29,0.05,0.02,0.00,0.05,1.56,0.3913,0.1429,1.0000,0.02,0.4130,0.4397,0.1659,9.59,-5.53
3182,Wendell Moore Jr.,1631111,Detroit Pistons,DET,1610612765,SG,2025-26,5,14,0.71,0.43,0.29,0.14,0.14,0.07,4.25,0.5714,0.0000,1.0000,3.00,0.5714,0.6345,0.0621,9.58,-4.73
1109,Donte DiVincenzo,1628978,Milwaukee Bucks,MIL,1610612749,SG,2021-22,1,17,7.18,3.53,1.71,0.65,0.18,1.65,20.06,0.3305,0.2838,0.8519,-1.94,0.4195,0.4697,0.2003,9.58,-3.69
2865,Cody Martin,1628998,Charlotte Hornets,CHA,1610612766,SF,2022-23,2,19,1.84,1.26,0.58,0.21,0.05,0.11,7.04,0.3889,0.2143,0.5714,-1.37,0.4306,0.4478,0.1296,9.57,-1.45
4167,Zavier Simpson,1630285,Oklahoma City Thunder,OKC,1610612760,PG,2021-22,1,4,11.00,5.25,7.50,1.25,1.00,2.50,43.53,0.3654,0.1250,1.0000,-23.75,0.3750,0.4059,0.1629,9.57,1.57
2988,Bryce McGowens,1631121,Charlotte Hornets,CHA,1610612766,SG,2023-24,3,78,3.87,1.31,0.65,0.27,0.13,0.38,11.30,0.4391,0.3333,0.7765,-2.94,0.5130,0.5647,0.1504,9.56,-5.26
2876,Kelan Martin,1629103,Indiana Pacers,IND,1610612754,SF,2021-22,1,28,6.11,1.89,0.75,0.46,0.32,0.50,15.86,0.4167,0.2973,0.6923,-1.61,0.4821,0.4922,0.1866,9.56,-3.92
3600,Jamorko Pickett,1630691,Detroit Pistons,DET,1610612765,PF,2021-22,1,28,1.79,1.14,0.25,0.00,0.25,0.18,6.31,0.3600,0.3333,0.5000,0.00,0.4900,0.4914,0.1368,9.55,-4.46
3814,Josh Richardson,1626196,New Orleans Pelicans,NOP,1610612740,SG,2022-23,2,24,7.21,2.33,1.54,1.21,0.38,0.96,22.21,0.4189,0.3837,0.7619,-1.04,0.5304,0.5501,0.1491,9.54,-3.46
1985,Haywood Highsmith,1629312,Miami Heat,MIA,1610612748,SF,2024-25,4,81,5.90,3.10,1.38,0.84,0.46,0.67,22.42,0.4578,0.3820,0.7209,0.78,0.5716,0.5830,0.1146,9.54,-4.38
2295,Keon Johnson,1630553,Portland Trail Blazers,POR,1610612757,SG,2022-23,2,65,2.91,0.68,0.91,0.29,0.09,0.66,6.41,0.3764,0.3457,0.6585,-2.35,0.4551,0.4820,0.2518,9.54,-1.14
2445,Miles Kelly,1642939,Dallas Mavericks,DAL,1610612742,SG,2025-26,5,25,1.72,0.96,0.48,0.16,0.04,0.24,5.35,0.3636,0.3030,1.0000,-0.48,0.4773,0.4838,0.1569,9.52,-2.72
4121,Ben Sheppard,1641767,Indiana Pacers,IND,1610612754,SG,2024-25,4,69,4.78,2.51,1.22,0.52,0.20,0.30,17.29,0.4281,0.3523,0.8889,-0.84,0.5504,0.5692,0.1142,9.52,-3.49
3201,Marcus Morris Sr.,202694,Cleveland Cavaliers,CLE,1610612739,SF,2023-24,3,15,4.60,1.67,0.67,0.13,0.13,0.73,12.01,0.4407,0.4138,0.6250,-3.40,0.5424,0.5518,0.1852,9.51,-6.49
749,Willie Cauley-Stein,1626161,Dallas Mavericks,DAL,1610612742,C,2021-22,1,19,1.79,2.00,0.47,0.32,0.16,0.37,9.33,0.4571,0.5000,0.5000,1.11,0.4714,0.4738,0.1080,9.51,-4.37
1119,Gradey Dick,1641711,Toronto Raptors,TOR,1610612761,SG,2023-24,3,72,7.08,1.83,0.94,0.47,0.03,0.69,17.61,0.4247,0.3651,0.8627,-5.25,0.5236,0.5455,0.1750,9.51,-5.54
4615,Hunter Tyson,1641816,Denver Nuggets,DEN,1610612743,SF,2024-25,4,82,1.63,0.95,0.24,0.12,0.07,0.17,4.88,0.3750,0.3108,0.7500,-1.20,0.4708,0.5063,0.1560,9.50,-4.23
874,Mike Conley,201144,Minnesota Timberwolves,MIN,1610612750,PG,2025-26,5,70,3.50,1.33,2.24,0.50,0.20,0.49,14.16,0.3349,0.3373,0.9000,0.21,0.4651,0.5169,0.1165,9.50,0.29
537,Dillon Brooks,1628415,Memphis Grizzlies,MEM,1610612763,SG,2022-23,2,76,13.78,3.21,2.49,0.86,0.21,1.37,29.14,0.3956,0.3257,0.7792,2.70,0.4677,0.4944,0.2192,9.50,-2.33
1985,Haywood Highsmith,1629312,Miami Heat,MIA,1610612748,SF,2022-23,2,82,2.88,2.29,0.52,0.44,0.21,0.55,11.82,0.4306,0.3394,0.4643,-1.26,0.5162,0.5168,0.1259,9.48,-5.02
3196,Markieff Morris,202693,Dallas Mavericks,DAL,1610612742,PF,2023-24,3,80,0.83,0.49,0.20,0.06,0.04,0.15,2.71,0.3382,0.3571,0.8333,-0.71,0.4485,0.4672,0.1643,9.48,-4.09
3258,Mike Muscala,203488,Detroit Pistons,DET,1610612765,PF,2023-24,3,17,2.65,1.71,0.59,0.18,0.29,0.12,10.07,0.3409,0.3824,0.5000,2.71,0.4886,0.4917,0.1204,9.48,-3.07
833,Noah Clowney,1641730,Brooklyn Nets,BKN,1610612751,PF,2024-25,4,61,6.89,2.97,0.66,0.39,0.34,0.75,17.09,0.3575,0.3333,0.8375,-4.28,0.4745,0.5157,0.1930,9.45,-5.05
4526,Matisse Thybulle,1629680,Philadelphia 76ers,PHI,1610612755,SG,2021-22,1,67,5.66,2.25,1.12,1.72,1.06,0.58,25.15,0.5000,0.3125,0.7907,1.30,0.5750,0.5942,0.0964,9.45,-3.76
4422,Jae'Sean Tate,1630256,Houston Rockets,HOU,1610612745,SF,2023-24,3,73,3.63,2.70,0.88,0.58,0.21,0.51,14.13,0.4716,0.2987,0.6667,1.07,0.5218,0.5383,0.1169,9.43,-3.91
2756,Kyle Lowry,200768,Philadelphia 76ers,PHI,1610612755,PG,2024-25,4,38,3.63,1.76,2.53,0.87,0.29,0.55,17.36,0.3504,0.3295,0.8182,-1.87,0.4744,0.5246,0.1026,9.43,0.12
3765,Cam Reddish,1629629,New York Knicks,NYK,1610612752,SG,2022-23,2,53,3.17,0.58,0.38,0.28,0.15,0.28,8.26,0.4485,0.3036,0.8788,-0.21,0.5110,0.5581,0.1633,9.42,-5.35
1267,Kessler Edwards,1630556,Sacramento Kings,SAC,1610612758,SF,2022-23,2,29,2.93,1.62,0.72,0.38,0.17,0.31,10.56,0.4348,0.3488,0.7692,0.07,0.5435,0.5688,0.1180,9.42,-3.26
1864,Gary Harris,203914,Orlando Magic,ORL,1610612753,SG,2022-23,2,52,7.63,1.88,1.13,0.87,0.23,0.54,22.78,0.4495,0.4312,0.9000,-1.62,0.6026,0.6199,0.1271,9.41,-4.95
618,Reggie Bullock Jr.,203493,Houston Rockets,HOU,1610612745,SG,2023-24,3,74,1.30,0.99,0.20,0.16,0.07,0.14,5.64,0.4146,0.4030,1.0000,-0.72,0.5793,0.5822,0.0947,9.41,-5.79
4516,JT Thor,1630550,Washington Wizards,WAS,1610612764,PF,2024-25,4,13,3.31,3.23,0.38,0.46,0.46,0.23,15.91,0.3636,0.2000,0.5714,-5.15,0.3977,0.4286,0.1121,9.41,-4.91
2729,Kenneth Lofton Jr.,1631254,Memphis Grizzlies,MEM,1610612763,SF,2023-24,3,24,1.63,0.63,0.58,0.13,0.13,0.25,4.11,0.3784,0.3000,0.5333,0.21,0.4189,0.4472,0.2164,9.41,0.91
4986,Ziaire Williams,1630533,Memphis Grizzlies,MEM,1610612763,PF,2021-22,1,64,7.83,2.02,1.02,0.55,0.19,0.64,21.04,0.4505,0.3140,0.7818,1.91,0.5401,0.5589,0.1490,9.40,-5.13
3994,Kobe Sanders,1642920,Los Angeles Clippers,LAC,1610612746,SG,2025-26,5,76,6.51,2.01,1.43,0.64,0.13,1.07,17.78,0.4661,0.4082,0.8261,0.42,0.5703,0.5973,0.1639,9.40,-5.13
4270,Nick Smith Jr.,1641733,Charlotte Hornets,CHA,1610612766,PG,2024-25,4,71,8.32,1.80,2.04,0.24,0.08,1.15,19.28,0.3908,0.3399,0.9348,-5.61,0.4824,0.5023,0.2091,9.39,-3.62
2076,Jett Howard,1641724,Orlando Magic,ORL,1610612753,SG,2023-24,3,33,0.88,0.21,0.18,0.06,0.06,0.09,2.02,0.3333,0.2800,0.5000,0.12,0.4500,0.4565,0.2273,9.39,-1.55
3683,Joshua Primo,1630563,San Antonio Spurs,SAS,1610612759,SG,2022-23,2,4,7.00,3.25,4.50,0.25,0.50,2.75,23.35,0.3462,0.2500,0.7778,-0.50,0.4038,0.4673,0.1777,9.38,-0.73
1959,Juancho Hernangomez,1627823,Toronto Raptors,TOR,1610612761,PF,2022-23,2,58,2.10,2.12,0.43,0.28,0.10,0.26,10.58,0.4211,0.2537,0.5625,0.22,0.4956,0.5040,0.0946,9.38,-5.01
4205,Marcus Smart,203935,Los Angeles Lakers,LAL,1610612747,PG,2025-26,5,66,8.77,2.61,2.80,1.32,0.35,1.39,26.81,0.3950,0.3311,0.8217,3.88,0.4968,0.5434,0.1552,9.36,-2.91
3441,Eugene Omoruyi,1630647,Oklahoma City Thunder,OKC,1610612760,SF,2022-23,2,32,3.53,1.63,0.34,0.44,0.00,0.50,8.52,0.4681,0.2581,0.6071,-0.34,0.5106,0.5314,0.1893,9.36,-4.81
2102,Ariel Hukporti,1630574,New York Knicks,NYK,1610612752,C,2024-25,4,52,0.92,0.98,0.21,0.02,0.29,0.40,4.18,0.6774,,0.4615,-1.21,0.6774,0.6536,0.1165,9.36,-7.42
1772,Ashton Hagans,1630204,Portland Trail Blazers,POR,1610612757,PG,2023-24,3,19,4.21,2.37,2.84,0.58,0.47,1.58,16.60,0.4085,0.3200,0.8235,-0.21,0.4648,0.5097,0.1481,9.36,-0.78
5102,Chris Youngblood,1642959,Oklahoma City Thunder,OKC,1610612760,SG,2025-26,5,49,1.33,0.57,0.22,0.08,0.06,0.04,3.55,0.3333,0.3137,0.9000,0.12,0.4667,0.5047,0.1664,9.35,-2.45
4615,Hunter Tyson,1641816,Denver Nuggets,DEN,1610612743,SF,2025-26,5,52,0.88,0.69,0.33,0.04,0.02,0.10,3.11,0.2692,0.2121,0.8462,-0.46,0.3365,0.3985,0.1715,9.35,-1.02
1267,Kessler Edwards,1630556,Brooklyn Nets,BKN,1610612751,SF,2021-22,1,59,4.81,2.92,0.53,0.49,0.41,0.71,16.73,0.4120,0.3529,0.8421,-1.02,0.5019,0.5157,0.1384,9.34,-5.47
2385,Tyus Jones,1626145,Orlando Magic,ORL,1610612753,PG,2025-26,5,46,3.02,1.11,2.43,0.72,0.07,0.30,15.84,0.3467,0.3021,1.0000,-1.48,0.4433,0.4553,0.0971,9.34,0.13
405,Bogdan Bogdanović,203992,Los Angeles Clippers,LAC,1610612746,SG,2025-26,5,58,2.95,1.02,0.88,0.17,0.05,0.47,7.80,0.3882,0.3474,0.8000,-0.52,0.4967,0.5245,0.1876,9.33,-2.96
812,Jaylen Clark,1641740,Minnesota Timberwolves,MIN,1610612750,SG,2024-25,4,52,3.13,1.02,0.50,0.69,0.04,0.15,10.04,0.4667,0.4314,0.7838,0.85,0.5583,0.5980,0.1197,9.33,-4.08
2561,Vít Krejčí,1630249,Oklahoma City Thunder,OKC,1610612760,SG,2021-22,1,41,4.56,2.46,1.39,0.46,0.20,0.71,16.83,0.4072,0.3265,0.8636,-4.37,0.5030,0.5292,0.1285,9.33,-3.44
4733,Jordan Walsh,1641775,Boston Celtics,BOS,1610612738,SG,2023-24,3,25,0.60,0.80,0.20,0.20,0.04,0.12,3.34,0.4000,0.2222,0.5000,1.88,0.4667,0.4723,0.0985,9.32,-3.10
2340,Colby Jones,1641732,Sacramento Kings,SAC,1610612758,SG,2023-24,3,59,1.08,0.68,0.34,0.12,0.08,0.17,3.25,0.3944,0.0909,0.5455,0.15,0.4085,0.4219,0.1924,9.31,-0.50
1839,Elijah Harkless,1641989,Utah Jazz,UTA,1610612762,PG,2025-26,5,45,3.96,1.18,1.67,0.69,0.13,0.58,12.11,0.3354,0.2386,0.7656,-0.73,0.4006,0.4705,0.1615,9.31,-0.15
1428,Bryn Forbes,1627854,Denver Nuggets,DEN,1610612743,SG,2021-22,1,39,7.69,0.77,0.87,0.21,0.05,0.59,15.65,0.4239,0.4097,0.9211,1.67,0.5453,0.5775,0.2010,9.30,-5.51
1453,Evan Fournier,203095,Detroit Pistons,DET,1610612765,SG,2023-24,3,30,6.93,1.80,1.50,0.83,0.23,0.67,18.05,0.3731,0.2696,0.7941,-4.30,0.4502,0.4816,0.1898,9.29,-2.47
2537,Christian Koloko,1631132,Atlanta Hawks,ATL,1610612737,C,2025-26,5,25,1.76,1.44,0.32,0.16,0.40,0.36,6.23,0.4359,0.1250,0.8182,-0.96,0.4487,0.5018,0.1436,9.28,-4.01
2859,Alijah Martin,1642918,Toronto Raptors,TOR,1610612761,SG,2025-26,5,31,1.65,0.68,0.39,0.26,0.13,0.26,4.69,0.3200,0.1905,0.7895,-0.45,0.3600,0.4369,0.2002,9.28,-2.29
2588,Jake LaRavia,1631222,Sacramento Kings,SAC,1610612758,SF,2024-25,4,19,6.05,2.84,1.32,0.95,0.16,0.89,19.34,0.4375,0.3846,0.5789,-2.84,0.5417,0.5510,0.1447,9.28,-4.27
4165,KJ Simpson,1642354,Charlotte Hornets,CHA,1610612766,PG,2024-25,4,50,5.64,2.18,2.24,0.68,0.12,1.12,16.84,0.3455,0.2538,0.8200,-5.56,0.4003,0.4365,0.1932,9.27,-1.22
4866,Dariq Whitehead,1641727,Brooklyn Nets,BKN,1610612751,SG,2024-25,4,34,3.35,0.85,0.35,0.18,0.03,0.44,7.24,0.4063,0.4459,0.6000,-1.88,0.5781,0.5804,0.2026,9.26,-6.41
2208,Sion James,1642883,Charlotte Hornets,CHA,1610612766,SG,2025-26,5,82,5.38,3.50,1.99,0.63,0.24,0.79,22.48,0.3710,0.3517,0.8367,0.79,0.4825,0.5312,0.1111,9.26,-3.65
812,Jaylen Clark,1641740,Minnesota Timberwolves,MIN,1610612750,SG,2025-26,5,80,3.44,1.50,0.54,0.59,0.11,0.29,11.09,0.4342,0.3267,0.6567,0.91,0.5066,0.5340,0.1341,9.25,-4.53
2231,Trey Jemison III,1641998,New Orleans Pelicans,NOP,1610612740,C,2024-25,4,27,1.41,1.63,0.37,0.26,0.22,0.37,6.16,0.4688,,0.3810,-0.67,0.4688,0.4607,0.1301,9.24,-3.57
4372,Julian Strawther,1631124,Denver Nuggets,DEN,1610612743,SG,2024-25,4,66,8.91,2.15,1.26,0.59,0.24,0.86,20.97,0.4321,0.3494,0.8222,-1.08,0.5288,0.5594,0.1792,9.24,-4.97
928,Robert Covington,203496,Los Angeles Clippers,LAC,1610612746,SF,2023-24,3,3,3.00,2.67,2.33,2.00,0.67,0.00,23.10,0.3333,0.2500,0.5000,15.00,0.4444,0.4555,0.0615,9.23,0.51
4558,Juan Toscano-Anderson,1629308,Utah Jazz,UTA,1610612762,SF,2022-23,2,25,2.96,2.52,1.60,0.24,0.12,0.68,13.42,0.4026,0.1739,0.8889,-2.48,0.4286,0.4570,0.1207,9.21,-1.89
3417,Josh Okogie,1629006,Houston Rockets,HOU,1610612745,SG,2025-26,5,82,4.30,2.44,0.84,0.77,0.20,0.50,16.51,0.4252,0.3851,0.5942,0.84,0.5306,0.5441,0.1145,9.21,-4.99
3419,Isaac Okoro,1630171,Chicago Bulls,CHI,1610612741,SG,2025-26,5,71,8.23,2.44,1.41,0.65,0.41,0.65,23.88,0.4597,0.3303,0.7946,-4.72,0.5392,0.5745,0.1373,9.21,-5.07
30,Ochai Agbaji,1630534,Utah Jazz,UTA,1610612762,SG,2022-23,2,76,6.14,1.59,0.88,0.21,0.20,0.54,15.91,0.4275,0.3553,0.8116,-0.25,0.5324,0.5608,0.1588,9.21,-5.19
4449,Garrett Temple,202066,New Orleans Pelicans,NOP,1610612740,SG,2021-22,1,78,3.96,1.83,0.95,0.55,0.29,0.54,14.08,0.3763,0.3189,0.6829,-4.18,0.4763,0.4935,0.1396,9.21,-3.44
1042,Johnny Davis,1631098,Washington Wizards,WAS,1610612764,SG,2024-25,4,47,1.51,0.66,0.21,0.30,0.13,0.15,4.77,0.3836,0.2414,0.6154,-0.49,0.4315,0.4510,0.1605,9.21,-3.49
201,Patrick Baldwin Jr.,1631116,Sacramento Kings,SAC,1610612758,PF,2025-26,5,10,2.30,2.10,0.50,0.30,0.50,0.40,8.79,0.3478,0.3636,0.6000,-4.80,0.4348,0.4563,0.1423,9.20,-2.66
3415,Chuma Okeke,1629643,Orlando Magic,ORL,1610612753,SF,2023-24,3,82,1.30,0.98,0.24,0.11,0.09,0.20,5.26,0.3571,0.2805,0.5714,-0.85,0.4598,0.4649,0.1339,9.16,-5.36
4778,Lindy Waters III,1630322,Golden State Warriors,GSW,1610612744,SF,2024-25,4,50,4.18,1.92,0.84,0.44,0.20,0.34,13.11,0.3707,0.3311,0.7273,-0.40,0.4902,0.4980,0.1464,9.15,-3.44
3572,Taelon Peter,1643007,Indiana Pacers,IND,1610612754,SG,2025-26,5,50,3.42,1.18,0.80,0.52,0.08,0.54,9.85,0.3797,0.3280,0.6250,-2.00,0.5095,0.5181,0.1661,9.15,-3.83
3650,Otto Porter Jr.,203490,Toronto Raptors,TOR,1610612761,SF,2023-24,3,42,0.93,0.69,0.19,0.12,0.12,0.05,4.14,0.4242,0.3478,1.0000,0.52,0.5455,0.5682,0.0897,9.11,-4.27
2025,Justin Holiday,203200,Denver Nuggets,DEN,1610612743,SG,2023-24,3,82,2.85,0.87,0.82,0.44,0.11,0.17,10.51,0.4536,0.4044,0.7500,0.67,0.5954,0.5977,0.1070,9.10,-3.67
401,Buddy Boeheim,1631205,Detroit Pistons,DET,1610612765,SF,2023-24,3,14,2.43,0.71,0.21,0.00,0.07,0.00,6.00,0.3103,0.3200,0.8000,1.50,0.4483,0.5090,0.1759,9.07,-4.71
3526,Chris Paul,101108,Los Angeles Clippers,LAC,1610612746,PG,2025-26,5,21,2.24,1.33,2.52,0.52,0.00,0.76,10.84,0.3214,0.3333,0.5000,-4.00,0.4107,0.4132,0.1411,9.07,3.28
1694,Danny Green,201980,Philadelphia 76ers,PHI,1610612755,SG,2021-22,1,65,5.63,2.42,0.98,0.92,0.57,0.69,20.83,0.3938,0.3801,0.7857,1.23,0.5547,0.5611,0.1242,9.06,-4.53
2829,Tre Mann,1630544,Charlotte Hornets,CHA,1610612766,SG,2025-26,5,73,3.99,1.26,1.18,0.34,0.07,0.74,9.15,0.3597,0.3226,0.8519,-2.10,0.4422,0.4621,0.2354,9.05,-1.56
1400,Dorian Finney-Smith,1627827,Los Angeles Lakers,LAL,1610612747,SF,2024-25,4,45,7.58,3.47,1.31,0.89,0.24,0.84,27.55,0.4420,0.3981,0.7143,5.96,0.5906,0.5977,0.1156,9.04,-6.04
3117,Shake Milton,1629003,Minnesota Timberwolves,MIN,1610612750,PG,2023-24,3,51,3.49,1.00,0.98,0.31,0.10,0.55,9.62,0.4000,0.2642,0.8182,-0.55,0.4438,0.4962,0.1875,9.02,-3.35
2968,Jaden McDaniels,1630183,Minnesota Timberwolves,MIN,1610612750,PF,2023-24,3,72,10.51,3.11,1.40,0.88,0.58,1.21,29.24,0.4889,0.3373,0.7215,2.17,0.5573,0.5711,0.1590,9.01,-5.94
2511,Maxi Kleber,1628467,Dallas Mavericks,DAL,1610612742,PF,2022-23,2,37,5.95,3.65,1.41,0.32,0.81,0.73,25.13,0.4556,0.3482,0.7105,-1.16,0.5710,0.5923,0.1033,9.01,-4.93
3927,Terrence Ross,203082,Orlando Magic,ORL,1610612753,SG,2022-23,2,54,6.19,1.57,1.00,0.46,0.15,0.69,17.48,0.4314,0.3813,0.7500,-0.76,0.5334,0.5426,0.1590,9.01,-5.37
2231,Trey Jemison III,1641998,Los Angeles Lakers,LAL,1610612747,C,2024-25,4,25,2.28,2.44,0.24,0.08,0.36,0.56,9.03,0.6190,,0.4167,0.00,0.6190,0.6028,0.1215,9.01,-7.10
4049,Dennis Schröder,203471,Golden State Warriors,GSW,1610612744,PG,2024-25,4,25,10.16,2.24,4.20,1.00,0.12,1.92,25.13,0.3745,0.3217,0.7436,-5.20,0.4482,0.4736,0.2150,9.00,-0.02
4045,Admiral Schofield,1629678,Orlando Magic,ORL,1610612753,SF,2022-23,2,67,2.31,0.93,0.46,0.12,0.07,0.24,6.73,0.4508,0.3243,0.9130,-1.18,0.5492,0.5866,0.1418,8.98,-4.33
4005,Ben Saraf,1642879,Brooklyn Nets,BKN,1610612751,PG,2025-26,5,48,6.92,1.92,3.02,0.79,0.17,2.06,19.09,0.3960,0.2111,0.8295,-4.94,0.4274,0.4858,0.2092,8.98,-2.59
3704,Trevelin Queen,1630243,Indiana Pacers,IND,1610612754,SG,2022-23,2,14,1.50,1.21,0.43,0.14,0.36,0.50,5.00,0.2414,0.1333,1.0000,1.00,0.2759,0.3365,0.2252,8.97,-1.52
677,Kentavious Caldwell-Pope,203484,Orlando Magic,ORL,1610612753,SG,2024-25,4,80,8.41,2.11,1.70,1.24,0.43,0.78,28.48,0.4393,0.3424,0.8632,0.14,0.5432,0.5744,0.1257,8.97,-5.16
1693,AJ Green,1631260,Milwaukee Bucks,MIL,1610612749,SG,2025-26,5,78,10.37,2.73,1.95,0.50,0.10,0.96,29.10,0.4239,0.4188,0.8548,-1.90,0.6117,0.6269,0.1409,8.97,-5.78
3971,Matt Ryan,1630346,New Orleans Pelicans,NOP,1610612740,SF,2023-24,3,45,3.38,0.89,0.40,0.13,0.02,0.42,8.68,0.4336,0.4505,0.9286,0.29,0.6150,0.6378,0.1559,8.96,-7.41
4232,Ish Smith,202397,Charlotte Hornets,CHA,1610612766,PG,2023-24,3,46,3.02,1.65,3.15,0.37,0.09,1.02,16.11,0.4177,0.5000,0.7500,-6.09,0.4304,0.4350,0.1225,8.96,0.12
2189,Andre Jackson Jr.,1641748,Milwaukee Bucks,MIL,1610612749,SG,2024-25,4,80,2.81,2.19,0.99,0.40,0.18,0.71,11.93,0.4767,0.3867,0.5000,-0.43,0.5518,0.5527,0.1204,8.95,-4.65
3365,Jaylen Nowell,1629669,New Orleans Pelicans,NOP,1610612740,SG,2024-25,4,9,7.44,2.22,2.00,0.11,0.44,0.89,18.67,0.3562,0.2963,0.6364,-4.67,0.4110,0.4304,0.2232,8.94,-2.06
4688,Dean Wade,1629731,Cleveland Cavaliers,CLE,1610612739,PF,2022-23,2,50,4.12,3.00,0.74,0.56,0.42,0.34,17.83,0.4124,0.3543,0.6522,2.16,0.5395,0.5504,0.1033,8.94,-4.45
3704,Trevelin Queen,1630243,Orlando Magic,ORL,1610612753,SG,2023-24,3,21,1.90,0.95,0.86,0.33,0.24,0.33,7.83,0.3684,0.1765,0.7500,-0.43,0.4079,0.4621,0.1361,8.94,-1.76
2625,Pelle Larsson,1641796,Miami Heat,MIA,1610612748,SG,2024-25,4,81,3.01,1.12,0.78,0.38,0.09,0.27,9.48,0.4322,0.3333,0.6721,-0.10,0.5101,0.5402,0.1448,8.93,-3.27
1739,Quentin Grimes,1629656,New York Knicks,NYK,1610612752,SG,2023-24,3,45,7.27,1.96,1.16,0.67,0.07,0.47,20.21,0.3951,0.3632,0.7059,0.11,0.5297,0.5433,0.1521,8.93,-4.70
798,Max Christie,1631108,Los Angeles Lakers,LAL,1610612747,SG,2022-23,2,73,1.75,1.03,0.29,0.12,0.10,0.18,7.02,0.4151,0.4194,0.8750,-1.05,0.5377,0.5662,0.1046,8.92,-5.87
537,Dillon Brooks,1628415,Houston Rockets,HOU,1610612745,SG,2023-24,3,73,12.53,3.37,1.63,0.88,0.14,1.21,30.51,0.4284,0.3595,0.8435,-0.29,0.5150,0.5494,0.1765,8.91,-5.44
2863,Caleb Martin,1628997,Dallas Mavericks,DAL,1610612742,SF,2024-25,4,22,3.41,1.86,1.18,0.55,0.14,0.59,12.49,0.3889,0.2500,0.6250,-1.50,0.4167,0.4542,0.1531,8.90,-2.88
5003,Jalen Wilson,1630592,Brooklyn Nets,BKN,1610612751,SF,2025-26,5,81,4.23,1.41,0.62,0.27,0.02,0.47,10.61,0.3957,0.3553,0.7188,-2.38,0.4928,0.5355,0.1832,8.90,-5.47
3145,Isaiah Mobley,1630600,Cleveland Cavaliers,CLE,1610612739,SF,2023-24,3,24,0.96,0.42,0.25,0.08,0.00,0.08,3.00,0.4167,0.3000,0.0000,-1.25,0.4792,0.4705,0.1616,8.90,-3.13
3198,Monte Morris,1628420,Indiana Pacers,IND,1610612754,PG,2025-26,5,7,2.57,1.00,1.29,0.14,0.14,0.29,9.23,0.3500,0.2500,0.5000,-4.14,0.4000,0.4136,0.1508,8.89,-0.59
2340,Colby Jones,1641732,Sacramento Kings,SAC,1610612758,SG,2024-25,4,41,0.63,0.56,0.17,0.15,0.17,0.17,3.17,0.4231,0.4000,,0.10,0.5000,0.5000,0.1090,8.89,-4.57
1704,Josh Green,1630182,Charlotte Hornets,CHA,1610612766,SG,2025-26,5,60,4.15,1.70,0.78,0.58,0.10,0.58,15.13,0.4586,0.4203,0.8929,3.45,0.6188,0.6440,0.1074,8.89,-6.59
30,Ochai Agbaji,1630534,Utah Jazz,UTA,1610612762,SG,2023-24,3,51,5.37,2.47,0.92,0.53,0.57,0.67,19.67,0.4257,0.3310,0.7500,-2.37,0.5201,0.5314,0.1216,8.85,-5.62
4100,Landry Shamet,1629013,New York Knicks,NYK,1610612752,SG,2024-25,4,54,5.30,1.13,0.50,0.43,0.04,0.41,14.11,0.4609,0.3974,0.6667,1.63,0.5957,0.6010,0.1487,8.84,-6.97
3066,Sam Merrill,1630241,Memphis Grizzlies,MEM,1610612763,SG,2021-22,1,15,1.67,0.47,0.27,0.00,0.00,0.13,3.86,0.3333,0.3043,0.5000,-0.60,0.4792,0.4852,0.2022,8.83,-3.87
3073,Vasilije Micic,203995,Charlotte Hornets,CHA,1610612766,PG,2024-25,4,47,5.72,1.85,2.70,0.32,0.00,1.57,16.26,0.3480,0.3600,0.8293,-2.74,0.4304,0.4621,0.2030,8.83,-2.06
1901,Jordan Hawkins,1641722,New Orleans Pelicans,NOP,1610612740,SG,2025-26,5,82,3.15,1.07,0.51,0.16,0.12,0.41,8.44,0.3658,0.3481,0.8519,-1.62,0.4572,0.4798,0.1835,8.83,-5.38
199,Adama Bal,1642380,Memphis Grizzlies,MEM,1610612763,SG,2025-26,5,9,9.22,2.78,2.11,1.00,0.11,0.67,26.81,0.4118,0.4091,0.9000,-18.44,0.5441,0.5732,0.1356,8.83,-3.76
2023,Aaron Holiday,1628988,Atlanta Hawks,ATL,1610612737,PG,2022-23,2,81,3.05,0.91,1.10,0.46,0.15,0.44,10.43,0.4182,0.4091,0.8438,0.21,0.5000,0.5276,0.1352,8.83,-2.39
2295,Keon Johnson,1630553,Portland Trail Blazers,POR,1610612757,SG,2021-22,1,25,8.56,2.40,2.52,0.84,0.40,1.56,22.46,0.3575,0.3483,0.8333,-11.16,0.4276,0.4569,0.2093,8.82,-1.86
1693,AJ Green,1631260,Milwaukee Bucks,MIL,1610612749,SG,2024-25,4,73,7.29,2.37,1.47,0.51,0.10,0.52,22.46,0.4282,0.4258,0.8148,3.03,0.6100,0.6188,0.1257,8.81,-5.09
4405,Cole Swider,1631306,Toronto Raptors,TOR,1610612761,SF,2024-25,4,8,7.38,3.13,0.25,0.50,0.25,0.50,19.55,0.3793,0.3571,0.0000,5.50,0.5086,0.5048,0.1641,8.80,-6.26
965,Jarrett Culver,1629633,Memphis Grizzlies,MEM,1610612763,SG,2021-22,1,74,1.76,0.65,0.45,0.27,0.07,0.27,4.57,0.3778,0.2553,0.4706,-0.24,0.4222,0.4334,0.2068,8.79,-0.87
294,MarJon Beauchamp,1630699,Milwaukee Bucks,MIL,1610612749,SF,2022-23,2,77,3.45,1.49,0.45,0.27,0.09,0.58,9.11,0.3951,0.3310,0.7297,-1.29,0.4918,0.5130,0.1837,8.79,-5.51
4045,Admiral Schofield,1629678,Orlando Magic,ORL,1610612753,SF,2021-22,1,48,3.04,1.85,0.52,0.08,0.10,0.44,9.77,0.4186,0.3291,0.8000,-2.67,0.5194,0.5383,0.1462,8.78,-5.25
4569,Nolan Traore,1642849,Brooklyn Nets,BKN,1610612751,PG,2025-26,5,62,8.05,1.60,3.44,0.73,0.37,2.08,20.05,0.3800,0.3177,0.7872,-4.52,0.4436,0.4795,0.2296,8.77,-1.33
985,Seth Curry,203552,Dallas Mavericks,DAL,1610612742,SG,2023-24,3,47,3.28,1.11,0.64,0.36,0.06,0.34,9.71,0.3724,0.3625,0.8947,1.81,0.4724,0.5021,0.1585,8.76,-4.36
4440,Terry Taylor,1630678,Indiana Pacers,IND,1610612754,SF,2022-23,2,54,1.28,0.72,0.19,0.06,0.09,0.17,4.22,0.4615,0.2222,0.7143,-0.28,0.4923,0.5068,0.1423,8.75,-5.49
1111,Mamadi Diakite,1629603,Cleveland Cavaliers,CLE,1610612739,PF,2022-23,2,46,1.24,0.65,0.17,0.09,0.20,0.26,3.82,0.4800,0.3333,1.0000,-0.20,0.5500,0.5601,0.1610,8.73,-5.63
4372,Julian Strawther,1631124,Denver Nuggets,DEN,1610612743,SG,2023-24,3,67,3.39,0.91,0.70,0.25,0.10,0.34,8.14,0.3694,0.2971,0.7097,-1.54,0.4617,0.4817,0.2079,8.72,-2.73
2199,Bronny James,1642355,Los Angeles Lakers,LAL,1610612747,PG,2025-26,5,70,1.74,0.33,0.73,0.27,0.06,0.36,5.36,0.4087,0.3860,0.8571,-0.57,0.5043,0.5166,0.1677,8.71,-2.40
4173,Jaylen Sims,1631301,Charlotte Hornets,CHA,1610612766,PG,2024-25,4,6,7.00,1.00,2.00,0.50,0.17,1.33,18.65,0.4286,0.4000,0.8000,-7.83,0.5357,0.6069,0.1660,8.70,-5.30
2023,Aaron Holiday,1628988,Houston Rockets,HOU,1610612745,PG,2025-26,5,81,3.85,0.72,0.74,0.33,0.06,0.47,9.64,0.4167,0.3941,0.8537,1.59,0.5496,0.5777,0.1673,8.69,-5.19
2288,James Johnson,201949,Indiana Pacers,IND,1610612754,SF,2022-23,2,79,0.65,0.38,0.19,0.09,0.08,0.10,2.05,0.4490,0.2000,0.5000,-0.09,0.4796,0.4855,0.1573,8.65,-1.13
443,Brandon Boston,1630527,Los Angeles Clippers,LAC,1610612746,SG,2023-24,3,60,2.78,0.87,0.22,0.18,0.13,0.40,5.75,0.4037,0.2692,0.6970,-1.85,0.4472,0.4757,0.2575,8.65,-5.67
117,Thanasis Antetokounmpo,203648,Milwaukee Bucks,MIL,1610612749,SF,2022-23,2,80,0.64,0.55,0.19,0.04,0.04,0.15,2.58,0.4348,0.0000,0.5000,-1.43,0.4348,0.4580,0.1388,8.65,-4.60
1702,Jeff Green,201145,Houston Rockets,HOU,1610612745,SF,2025-26,5,82,0.82,0.30,0.10,0.02,0.02,0.05,2.13,0.3676,0.2727,1.0000,-0.32,0.4559,0.4772,0.1802,8.64,-4.98
536,Armoni Brooks,1629717,Houston Rockets,HOU,1610612745,SG,2021-22,1,49,5.18,1.65,1.00,0.43,0.16,0.47,14.08,0.3466,0.3005,0.8421,-1.41,0.4741,0.4897,0.1752,8.64,-3.00
368,Leaky Black,1641778,Washington Wizards,WAS,1610612764,SF,2025-26,5,15,7.07,5.00,1.47,1.20,0.53,0.93,28.87,0.3883,0.3455,0.8750,-6.80,0.4806,0.4976,0.1157,8.64,-4.79
1443,Trent Forrest,1630235,Atlanta Hawks,ATL,1610612737,PG,2022-23,2,46,1.13,0.80,0.83,0.15,0.04,0.33,6.02,0.4167,0.0000,0.6667,-1.26,0.4167,0.4240,0.1162,8.63,-1.93
4334,Lance Stephenson,202362,Atlanta Hawks,ATL,1610612737,SF,2021-22,1,6,1.83,2.50,1.83,0.00,0.00,0.67,11.58,0.3846,0.0000,0.5000,1.33,0.3846,0.3963,0.1148,8.63,-0.80
3116,Paul Millsap,200794,Philadelphia 76ers,PHI,1610612755,SF,2021-22,1,24,1.38,1.04,0.21,0.21,0.08,0.33,4.40,0.4333,0.2500,0.7143,-1.13,0.4667,0.4988,0.1746,8.61,-4.84
366,Anthony Black,1641710,Orlando Magic,ORL,1610612753,SG,2023-24,3,82,3.85,1.70,1.11,0.43,0.26,0.68,14.19,0.4656,0.3936,0.6125,-0.40,0.5405,0.5599,0.1281,8.60,-5.03
274,Nicolas Batum,201587,Los Angeles Clippers,LAC,1610612746,SG,2025-26,5,78,3.76,2.36,0.82,0.60,0.29,0.47,16.60,0.4034,0.4035,0.8182,-0.18,0.5966,0.6033,0.0965,8.58,-5.74
2772,Timothe Luwawu-Cabarrot,1627789,Atlanta Hawks,ATL,1610612737,SG,2021-22,1,76,2.99,1.08,0.53,0.24,0.08,0.26,9.01,0.3978,0.3607,0.8537,-0.67,0.5161,0.5563,0.1436,8.58,-4.53
2714,Chris Livingston,1641753,Milwaukee Bucks,MIL,1610612749,SF,2023-24,3,50,0.52,0.42,0.10,0.04,0.00,0.10,1.81,0.5000,0.2000,0.7500,-0.54,0.5227,0.5471,0.1366,8.58,-5.93
2355,Herbert Jones,1630529,New Orleans Pelicans,NOP,1610612740,SF,2025-26,5,58,8.55,3.28,2.67,1.52,0.47,1.26,27.38,0.3828,0.3089,0.8065,-0.84,0.4665,0.4908,0.1532,8.57,-2.42
2561,Vít Krejčí,1630249,Atlanta Hawks,ATL,1610612737,SG,2023-24,3,23,5.87,2.26,2.17,0.57,0.26,0.87,23.54,0.4904,0.4118,0.8333,0.04,0.6250,0.6330,0.1020,8.56,-4.70
3958,Rayan Rupert,1641712,Portland Trail Blazers,POR,1610612757,SG,2024-25,4,77,2.01,0.91,0.32,0.21,0.05,0.39,5.97,0.4085,0.2712,0.7667,-1.12,0.4648,0.4994,0.1686,8.56,-6.30
2561,Vít Krejčí,1630249,Atlanta Hawks,ATL,1610612737,SG,2022-23,2,81,0.44,0.32,0.21,0.06,0.01,0.06,2.04,0.4054,0.2381,0.5000,-0.04,0.4730,0.4752,0.1097,8.56,-2.11
2875,KJ Martin,1630231,Utah Jazz,UTA,1610612762,SF,2024-25,4,26,4.62,2.04,1.12,0.23,0.23,0.46,16.62,0.4902,0.1892,0.7222,-6.54,0.5245,0.5459,0.1166,8.55,-5.38
4669,Gabe Vincent,1629216,Miami Heat,MIA,1610612748,PG,2022-23,2,74,8.66,1.96,2.26,0.84,0.07,1.24,23.77,0.4021,0.3343,0.8718,-0.38,0.5053,0.5330,0.1756,8.54,-3.71
2295,Keon Johnson,1630553,Los Angeles Clippers,LAC,1610612746,SG,2021-22,1,21,2.52,1.00,0.62,0.33,0.10,0.33,6.42,0.3333,0.2727,0.7619,-0.38,0.3627,0.4399,0.2221,8.54,-0.67
340,Patrick Beverley,201976,Los Angeles Lakers,LAL,1610612747,SG,2022-23,2,51,5.65,2.75,2.31,0.78,0.49,0.82,23.75,0.4025,0.3481,0.7800,-1.76,0.5166,0.5475,0.1063,8.53,-2.76
355,Khem Birch,203920,Toronto Raptors,TOR,1610612761,C,2022-23,2,50,0.86,0.50,0.14,0.10,0.10,0.16,3.24,0.5938,0.5000,0.8000,0.12,0.6094,0.6287,0.1117,8.52,-6.21
2988,Bryce McGowens,1631121,Charlotte Hornets,CHA,1610612766,SG,2022-23,2,70,3.51,1.33,0.77,0.21,0.09,0.61,11.24,0.3960,0.3250,0.7500,-2.14,0.4604,0.5185,0.1511,8.52,-5.77
1420,Malachi Flynn,1630201,Toronto Raptors,TOR,1610612761,PG,2022-23,2,82,3.00,0.93,0.85,0.26,0.05,0.30,8.43,0.3595,0.3534,0.7576,-0.49,0.4566,0.4795,0.1744,8.51,-1.91
3196,Markieff Morris,202693,Dallas Mavericks,DAL,1610612742,PF,2022-23,2,24,1.50,0.50,0.25,0.04,0.00,0.17,2.90,0.4242,0.3636,,-0.83,0.5455,0.5455,0.2387,8.51,-2.81
4775,TyTy Washington Jr.,1631102,Houston Rockets,HOU,1610612745,PG,2022-23,2,47,3.09,0.96,1.00,0.32,0.04,0.30,9.20,0.3625,0.2375,0.5556,-1.00,0.4219,0.4318,0.1761,8.51,-1.20
3417,Josh Okogie,1629006,Minnesota Timberwolves,MIN,1610612750,SG,2021-22,1,71,1.87,0.99,0.35,0.37,0.17,0.32,7.26,0.4038,0.2979,0.6863,0.55,0.4712,0.5259,0.1213,8.50,-4.93
1864,Gary Harris,203914,Orlando Magic,ORL,1610612753,SG,2023-24,3,54,6.89,1.69,1.61,0.91,0.26,0.57,24.03,0.4411,0.3707,0.7556,1.69,0.5690,0.5871,0.1179,8.50,-5.05
4516,JT Thor,1630550,Charlotte Hornets,CHA,1610612766,PF,2022-23,2,79,3.32,1.92,0.46,0.28,0.29,0.56,12.26,0.3992,0.3171,0.7021,-2.06,0.4811,0.5064,0.1320,8.49,-6.23
837,Amir Coffey,1629599,Milwaukee Bucks,MIL,1610612749,SG,2025-26,5,49,1.47,0.53,0.22,0.06,0.06,0.08,5.41,0.4727,0.2800,0.8667,-1.18,0.5364,0.5844,0.1102,8.49,-7.11
4449,Garrett Temple,202066,Toronto Raptors,TOR,1610612761,SG,2024-25,4,78,0.68,0.37,0.40,0.22,0.03,0.13,2.91,0.3000,0.2143,0.9167,-0.36,0.3500,0.4059,0.1394,8.47,0.42
1196,Chris Duarte,1630537,Sacramento Kings,SAC,1610612758,SG,2023-24,3,79,2.91,1.34,0.56,0.35,0.10,0.33,9.11,0.3810,0.3465,0.7879,-0.85,0.4857,0.5122,0.1496,8.47,-4.27
4270,Nick Smith Jr.,1641733,Charlotte Hornets,CHA,1610612766,PG,2023-24,3,72,4.19,1.00,0.82,0.14,0.10,0.54,10.12,0.3910,0.4315,0.8667,-2.69,0.5000,0.5108,0.2036,8.47,-4.80
3131,Davion Mitchell,1630558,Toronto Raptors,TOR,1610612761,PG,2024-25,4,48,5.81,1.77,4.23,0.65,0.17,1.63,22.50,0.4344,0.3590,0.6757,-1.40,0.5205,0.5360,0.1327,8.45,-0.77
1867,Kevon Harris,1630284,Orlando Magic,ORL,1610612753,SG,2022-23,2,47,3.00,1.49,0.34,0.36,0.11,0.45,9.73,0.4393,0.3721,0.7561,0.00,0.5140,0.5638,0.1378,8.44,-6.32
590,Troy Brown Jr.,1628972,Detroit Pistons,DET,1610612765,SG,2023-24,3,31,3.00,2.32,0.81,0.52,0.03,0.39,13.45,0.2963,0.2807,0.8667,-4.13,0.3704,0.4058,0.1319,8.44,-4.25
4986,Ziaire Williams,1630533,Memphis Grizzlies,MEM,1610612763,PF,2022-23,2,41,5.12,1.93,0.85,0.34,0.15,0.90,13.67,0.4286,0.2577,0.7727,-1.85,0.4923,0.5105,0.1799,8.39,-5.56
1546,Marcus Garrett,1630585,Charlotte Hornets,CHA,1610612766,SG,2024-25,4,4,7.00,1.50,3.25,0.75,0.50,1.50,19.83,0.4074,0.3750,0.7500,-9.75,0.4630,0.4868,0.1880,8.37,-0.57
2884,Tyrese Martin,1631213,Philadelphia 76ers,PHI,1610612755,SF,2025-26,5,15,1.33,0.67,0.60,0.20,0.13,0.47,5.38,0.4091,0.1538,0.0000,-0.07,0.4545,0.4371,0.1556,8.36,-4.47
2189,Andre Jackson Jr.,1641748,Milwaukee Bucks,MIL,1610612749,SG,2023-24,3,79,1.58,1.43,0.63,0.20,0.08,0.35,7.24,0.5000,0.3696,0.7273,-1.13,0.5850,0.5961,0.1006,8.35,-4.25
4931,Grant Williams,1629684,Dallas Mavericks,DAL,1610612742,SF,2023-24,3,47,8.13,3.60,1.72,0.51,0.57,1.13,26.42,0.4132,0.3762,0.7455,-2.47,0.5379,0.5598,0.1363,8.35,-5.23
4698,Ish Wainright,1630688,Phoenix Suns,PHX,1610612756,SF,2022-23,2,72,3.49,1.93,0.74,0.53,0.31,0.31,12.71,0.3700,0.3295,0.8387,1.28,0.4956,0.5215,0.1227,8.34,-3.25
2068,Danuel House Jr.,1627863,Philadelphia 76ers,PHI,1610612755,SG,2023-24,3,45,3.20,1.29,0.62,0.33,0.11,0.42,11.32,0.4476,0.3000,0.7609,0.44,0.5190,0.5749,0.1217,8.34,-6.28
1400,Dorian Finney-Smith,1627827,Brooklyn Nets,BKN,1610612751,SF,2022-23,2,26,7.15,4.92,1.58,0.65,0.62,1.00,27.75,0.3508,0.3058,0.7895,-0.92,0.4476,0.4665,0.1386,8.33,-4.19
4405,Cole Swider,1631306,Miami Heat,MIA,1610612748,SF,2023-24,3,43,0.98,0.16,0.12,0.02,0.02,0.19,2.02,0.3947,0.3333,1.0000,-0.47,0.5263,0.5401,0.2445,8.33,-8.10
2049,Jalen Hood-Schifino,1641720,Philadelphia 76ers,PHI,1610612755,PG,2024-25,4,13,7.85,2.00,2.77,0.38,0.46,1.31,23.12,0.3711,0.3043,0.8421,-8.00,0.4433,0.4841,0.1773,8.32,-3.07
1139,Spencer Dinwiddie,203915,Los Angeles Lakers,LAL,1610612747,PG,2023-24,3,28,6.82,1.68,2.43,0.46,0.46,1.04,24.23,0.3972,0.3889,0.8800,3.36,0.5213,0.5859,0.1233,8.30,-4.53
2412,Johnny Juzang,1630548,Utah Jazz,UTA,1610612762,SG,2022-23,2,28,3.11,1.39,0.29,0.14,0.11,0.11,8.30,0.3365,0.2381,0.5000,-3.11,0.4087,0.4113,0.1931,8.28,-3.50
275,Damion Baugh,1641878,Charlotte Hornets,CHA,1610612766,PG,2024-25,4,15,7.27,3.33,3.73,1.00,0.13,2.07,24.69,0.3231,0.2143,0.8667,-11.27,0.3692,0.3990,0.1926,8.26,-1.38
5126,Vlatko Čančar,1628427,Denver Nuggets,DEN,1610612743,SF,2024-25,4,28,0.86,1.14,0.32,0.11,0.07,0.39,4.85,0.3846,0.2667,,-0.64,0.4615,0.4615,0.1177,8.25,-6.72
4558,Juan Toscano-Anderson,1629308,Los Angeles Lakers,LAL,1610612747,SF,2022-23,2,42,1.93,1.45,0.60,0.24,0.17,0.40,8.68,0.5000,0.2000,0.7333,-2.02,0.5303,0.5579,0.1037,8.25,-4.97
4012,Tomas Satoransky,203107,New Orleans Pelicans,NOP,1610612740,PG,2021-22,1,49,1.80,1.31,1.55,0.29,0.02,0.47,9.81,0.2991,0.1613,0.7600,-3.06,0.3224,0.3729,0.1277,8.24,-0.08
2381,Spencer Jones,1642461,Denver Nuggets,DEN,1610612743,SF,2025-26,5,70,5.03,2.99,0.73,0.74,0.41,0.44,20.24,0.5038,0.3958,0.6078,0.01,0.6126,0.6188,0.0973,8.24,-6.13
4167,Zavier Simpson,1630285,Memphis Grizzlies,MEM,1610612763,PG,2023-24,3,9,4.67,2.22,2.78,0.78,0.33,1.11,17.92,0.3148,0.2941,0.7500,-3.22,0.3611,0.3766,0.1722,8.24,0.23
4993,Lucas Williamson,1631351,Memphis Grizzlies,MEM,1610612763,SG,2025-26,5,7,10.43,5.43,2.57,1.57,0.14,1.43,31.96,0.3333,0.2830,1.0000,-17.86,0.4333,0.4648,0.1660,8.24,-3.00
2069,Caleb Houstan,1631216,Orlando Magic,ORL,1610612753,SG,2024-25,4,81,2.95,0.93,0.43,0.27,0.07,0.16,9.72,0.4211,0.4000,0.8824,-0.81,0.5895,0.6051,0.1180,8.23,-6.13
4045,Admiral Schofield,1629678,Orlando Magic,ORL,1610612753,SF,2023-24,3,47,0.55,0.36,0.15,0.02,0.00,0.11,1.79,0.3846,0.3750,0.0000,-0.28,0.5000,0.4836,0.1671,8.22,-4.65
2713,Isaiah Livers,1630587,Detroit Pistons,DET,1610612765,SF,2022-23,2,60,5.77,2.38,0.68,0.47,0.47,0.50,19.98,0.4167,0.3645,0.8205,-3.37,0.5451,0.5669,0.1202,8.21,-6.00
1840,Maurice Harkless,203090,Sacramento Kings,SAC,1610612758,SG,2021-22,1,76,2.86,1.47,0.30,0.38,0.32,0.41,11.36,0.4586,0.3069,0.7143,-1.18,0.5442,0.5612,0.1121,8.20,-6.58
2713,Isaiah Livers,1630587,Phoenix Suns,PHX,1610612756,SF,2025-26,5,43,1.51,1.42,0.49,0.30,0.19,0.28,8.07,0.3438,0.3000,0.7500,0.26,0.4375,0.4691,0.0999,8.18,-4.80
2950,Mac McClung,1630644,Chicago Bulls,CHI,1610612741,SG,2025-26,5,13,3.69,0.46,0.69,0.46,0.15,0.54,7.79,0.3902,0.2500,0.7857,-1.00,0.4512,0.5089,0.2205,8.17,-3.71
3596,Julian Phillips,1641763,Chicago Bulls,CHI,1610612741,SF,2025-26,5,51,1.94,0.86,0.14,0.33,0.12,0.14,6.54,0.4205,0.3265,0.8182,-0.25,0.5114,0.5332,0.1270,8.15,-6.14
2972,Doug McDermott,203926,Sacramento Kings,SAC,1610612758,SF,2025-26,5,82,2.00,0.45,0.27,0.07,0.05,0.16,5.36,0.3885,0.3902,0.8889,-1.24,0.5612,0.5736,0.1517,8.13,-6.55
5065,Delon Wright,1626153,Milwaukee Bucks,MIL,1610612749,PG,2024-25,4,48,1.35,0.96,1.00,0.48,0.19,0.29,8.43,0.2683,0.2449,0.5625,0.17,0.3415,0.3650,0.1118,8.13,-1.24
4275,Tony Snell,203503,New Orleans Pelicans,NOP,1610612740,SG,2021-22,1,28,3.14,1.11,0.29,0.29,0.07,0.29,9.88,0.4459,0.3962,1.0000,1.00,0.5878,0.5911,0.1271,8.12,-6.68
2895,Garrison Mathews,1629726,Houston Rockets,HOU,1610612745,SG,2022-23,2,50,4.28,1.24,0.46,0.46,0.08,0.36,12.04,0.3529,0.3419,0.9111,-1.66,0.5088,0.5638,0.1437,8.12,-5.66
1042,Johnny Davis,1631098,Washington Wizards,WAS,1610612764,SG,2022-23,2,46,3.54,1.41,0.61,0.22,0.17,0.37,9.19,0.3860,0.2429,0.5185,-1.17,0.4357,0.4456,0.2083,8.11,-3.12
405,Bogdan Bogdanović,203992,Atlanta Hawks,ATL,1610612737,SG,2024-25,4,30,7.67,2.17,1.60,0.67,0.20,1.23,19.14,0.3641,0.2937,0.8824,-1.43,0.4608,0.4958,0.1913,8.11,-4.44
3196,Markieff Morris,202693,Los Angeles Lakers,LAL,1610612747,PF,2024-25,4,33,1.33,0.45,0.52,0.03,0.06,0.09,3.75,0.3333,0.3043,0.8333,-0.55,0.4063,0.4344,0.1910,8.11,0.23
626,Alec Burks,202692,New York Knicks,NYK,1610612752,SG,2023-24,3,29,5.14,1.38,0.69,0.24,0.03,0.55,10.72,0.3067,0.3012,0.7273,-2.41,0.3834,0.4197,0.2789,8.09,-3.86
4503,Ethan Thompson,1630679,Indiana Pacers,IND,1610612754,SG,2025-26,5,39,5.72,1.77,1.46,0.51,0.23,0.64,16.74,0.3776,0.3276,0.7872,0.03,0.4745,0.5146,0.1593,8.09,-3.81
1208,David Duke Jr.,1630561,Brooklyn Nets,BKN,1610612751,SG,2022-23,2,40,2.13,0.73,0.53,0.25,0.03,0.45,5.70,0.4615,0.0833,0.7059,-0.88,0.4679,0.4972,0.2008,8.09,-4.33
4669,Gabe Vincent,1629216,Atlanta Hawks,ATL,1610612737,PG,2025-26,5,28,3.32,0.96,1.39,0.46,0.07,0.54,11.44,0.3605,0.3000,0.8333,1.29,0.4826,0.5094,0.1384,8.08,-2.74
3731,Jahmi'us Ramsey,1630186,Sacramento Kings,SAC,1610612758,SG,2021-22,1,45,1.33,0.29,0.16,0.02,0.02,0.11,2.98,0.4138,0.2778,0.5000,-0.47,0.4569,0.4676,0.2224,8.07,-5.14
5091,Jahmir Young,1642443,Miami Heat,MIA,1610612748,PG,2025-26,5,32,0.78,0.13,0.28,0.03,0.00,0.09,1.82,0.4000,0.3333,1.0000,0.03,0.4600,0.4830,0.2049,8.07,-1.04
1426,Simone Fontecchio,1631323,Utah Jazz,UTA,1610612762,SF,2022-23,2,72,4.56,1.19,0.58,0.21,0.11,0.54,10.64,0.3686,0.3298,0.7955,-2.85,0.4696,0.4949,0.2022,8.06,-5.24
1788,Jordan Hall,1631160,San Antonio Spurs,SAS,1610612759,SG,2022-23,2,15,1.87,0.80,0.73,0.07,0.00,0.47,5.52,0.3214,0.2000,0.7778,-1.60,0.3750,0.4380,0.1975,8.06,-2.93
2901,Wesley Matthews,202083,Atlanta Hawks,ATL,1610612737,SG,2023-24,3,59,1.86,0.90,0.39,0.27,0.19,0.14,7.00,0.3505,0.3478,0.7500,-1.17,0.4742,0.5113,0.1180,8.04,-4.05
3683,Joshua Primo,1630563,San Antonio Spurs,SAS,1610612759,SG,2021-22,1,56,5.14,2.02,1.45,0.36,0.41,1.02,17.23,0.3741,0.3066,0.7458,-1.45,0.4519,0.4866,0.1547,8.01,-4.42
536,Armoni Brooks,1629717,Toronto Raptors,TOR,1610612761,SG,2021-22,1,19,1.79,1.16,0.68,0.37,0.16,0.21,8.08,0.2895,0.2778,1.0000,-0.58,0.4211,0.4372,0.1201,8.01,-1.86
4786,Paul Watson,1628778,Oklahoma City Thunder,OKC,1610612760,SG,2021-22,1,30,1.03,0.90,0.27,0.10,0.10,0.13,5.21,0.3429,0.2308,0.5000,-1.87,0.4286,0.4320,0.1125,8.01,-4.68
3971,Matt Ryan,1630346,New York Knicks,NYK,1610612752,SF,2024-25,4,52,0.54,0.15,0.06,0.04,0.00,0.06,1.31,0.3226,0.3158,1.0000,-0.77,0.4194,0.4391,0.2238,8.00,-5.64
1160,Luguentz Dort,1629652,Oklahoma City Thunder,OKC,1610612760,SG,2025-26,5,73,7.85,3.32,1.14,0.85,0.36,0.74,25.02,0.3888,0.3470,0.7586,4.16,0.5116,0.5281,0.1419,7.96,-5.64
2171,Justin Jackson,1628382,Boston Celtics,BOS,1610612738,SF,2022-23,2,55,0.36,0.31,0.16,0.07,0.07,0.04,1.96,0.2593,0.2500,0.5000,-1.29,0.3519,0.3587,0.1220,7.96,-1.21
4526,Matisse Thybulle,1629680,Philadelphia 76ers,PHI,1610612755,SG,2022-23,2,51,2.55,1.24,0.45,0.88,0.27,0.16,11.59,0.4310,0.3333,0.7500,1.47,0.5216,0.5359,0.0975,7.95,-3.97
4775,TyTy Washington Jr.,1631102,Phoenix Suns,PHX,1610612756,PG,2024-25,4,29,1.21,0.45,0.55,0.10,0.00,0.10,4.08,0.3111,0.1905,0.5000,0.07,0.3556,0.3673,0.1899,7.94,-0.19
2124,Matt Hurt,1630562,Memphis Grizzlies,MEM,1610612763,PF,2023-24,3,11,2.91,1.45,0.36,0.27,0.27,0.18,10.30,0.3529,0.2500,1.0000,-1.09,0.4265,0.4530,0.1439,7.91,-5.11
1179,PJ Dozier,1628408,Sacramento Kings,SAC,1610612758,SG,2022-23,2,33,0.67,0.42,0.30,0.18,0.03,0.15,2.41,0.3030,0.1250,,-0.70,0.3333,0.3333,0.2069,7.90,1.06
618,Reggie Bullock Jr.,203493,Dallas Mavericks,DAL,1610612742,SG,2022-23,2,78,7.19,3.63,1.38,0.69,0.17,0.46,30.32,0.4085,0.3804,0.7027,-1.12,0.5691,0.5768,0.1006,7.88,-5.85
728,Jevon Carter,1628975,Chicago Bulls,CHI,1610612741,PG,2023-24,3,82,4.35,0.73,1.15,0.45,0.20,0.44,12.23,0.3781,0.3291,0.5714,0.33,0.4836,0.4849,0.1778,7.86,-3.16
4121,Ben Sheppard,1641767,Indiana Pacers,IND,1610612754,SG,2023-24,3,77,3.27,1.16,0.69,0.43,0.03,0.19,10.57,0.3930,0.3141,0.8846,0.90,0.5000,0.5240,0.1322,7.86,-4.20
3765,Cam Reddish,1629629,Los Angeles Lakers,LAL,1610612747,SG,2023-24,3,59,4.41,1.68,0.81,0.80,0.24,0.53,16.68,0.3889,0.3364,0.7593,-0.85,0.4679,0.5043,0.1274,7.86,-5.70
1516,Danilo Gallinari,201568,Milwaukee Bucks,MIL,1610612749,PF,2023-24,3,26,1.81,0.69,0.46,0.23,0.04,0.38,5.95,0.3784,0.1765,0.8889,-1.85,0.4189,0.5232,0.1589,7.82,-5.86
2972,Doug McDermott,203926,Sacramento Kings,SAC,1610612758,SF,2024-25,4,80,1.84,0.28,0.09,0.05,0.03,0.08,4.27,0.4274,0.4356,0.6000,0.34,0.6154,0.6166,0.1585,7.76,-7.87
2229,DaQuan Jeffries,1629610,Charlotte Hornets,CHA,1610612766,SG,2024-25,4,58,5.43,2.33,0.91,0.45,0.43,0.60,18.47,0.4055,0.3354,0.8000,-4.76,0.5000,0.5178,0.1362,7.74,-5.79
337,Davis Bertans,202722,Washington Wizards,WAS,1610612764,PF,2021-22,1,39,4.97,1.56,0.41,0.28,0.15,0.36,12.84,0.3509,0.3194,0.9333,-0.85,0.4854,0.5266,0.1763,7.74,-5.59
30,Ochai Agbaji,1630534,Toronto Raptors,TOR,1610612761,SG,2023-24,3,28,6.46,3.21,1.29,0.71,0.54,1.07,22.80,0.3913,0.2174,0.6111,-4.61,0.4321,0.4529,0.1530,7.71,-5.41
2895,Garrison Mathews,1629726,Atlanta Hawks,ATL,1610612737,SG,2023-24,3,81,4.01,1.14,0.46,0.25,0.10,0.23,12.25,0.4558,0.4404,0.8095,-1.20,0.6438,0.6647,0.1115,7.69,-7.07
447,James Bouknight,1630547,Charlotte Hornets,CHA,1610612766,SG,2022-23,2,55,3.47,1.31,0.75,0.25,0.09,0.58,9.37,0.3575,0.3028,0.6667,-1.76,0.4430,0.4631,0.1943,7.69,-4.10
2247,AJ Johnson,1642358,Dallas Mavericks,DAL,1610612742,PG,2025-26,5,31,2.90,0.77,0.81,0.13,0.10,0.39,7.72,0.3226,0.1563,0.8929,-1.32,0.3495,0.4273,0.2049,7.66,-3.35
989,Pacôme Dadiet,1642359,New York Knicks,NYK,1610612752,PF,2024-25,4,48,0.63,0.38,0.10,0.06,0.04,0.08,2.32,0.3226,0.3158,0.6667,-0.33,0.4194,0.4459,0.1498,7.66,-5.61
4733,Jordan Walsh,1641775,Boston Celtics,BOS,1610612738,SG,2024-25,4,82,1.00,0.84,0.23,0.15,0.13,0.21,4.91,0.3614,0.2727,0.5833,0.30,0.4518,0.4644,0.1151,7.65,-6.02
4698,Ish Wainright,1630688,Phoenix Suns,PHX,1610612756,SF,2021-22,1,73,1.48,0.74,0.21,0.27,0.08,0.18,4.92,0.3942,0.3220,0.5833,0.53,0.4856,0.4941,0.1474,7.65,-4.34
2048,Rodney Hood,203918,Milwaukee Bucks,MIL,1610612749,SG,2021-22,1,52,2.48,1.29,0.58,0.23,0.08,0.13,11.17,0.3511,0.3000,0.9286,-0.35,0.4427,0.4703,0.1075,7.64,-5.17
2199,Bronny James,1642355,Los Angeles Lakers,LAL,1610612747,PG,2024-25,4,55,1.13,0.33,0.40,0.16,0.05,0.24,3.30,0.3134,0.2813,0.7857,-1.29,0.3806,0.4237,0.2094,7.61,-2.21
2069,Caleb Houstan,1631216,Orlando Magic,ORL,1610612753,SG,2023-24,3,78,3.24,1.08,0.37,0.19,0.05,0.21,10.45,0.3883,0.3731,0.8077,-0.38,0.5631,0.5818,0.1262,7.60,-7.04
1134,Rob Dillingham,1642265,Minnesota Timberwolves,MIN,1610612750,PG,2025-26,5,51,2.37,0.80,1.14,0.37,0.06,0.71,6.39,0.3333,0.3636,0.7500,-1.08,0.3759,0.4039,0.2410,7.59,-0.10
2495,Louis King,1629663,Sacramento Kings,SAC,1610612758,SF,2021-22,1,23,1.96,0.52,0.39,0.09,0.04,0.00,4.50,0.3191,0.2963,0.7000,-1.26,0.4043,0.4377,0.2122,7.58,-0.10
4963,Nate Williams,1631466,Houston Rockets,HOU,1610612745,SG,2024-25,4,50,1.30,0.26,0.18,0.16,0.08,0.28,2.93,0.4355,0.2308,0.6250,-0.48,0.4839,0.4960,0.2230,7.57,-6.44
2885,Jahmai Mashack,1642942,Memphis Grizzlies,MEM,1610612763,SG,2025-26,5,40,4.80,2.03,1.73,0.93,0.35,1.23,16.83,0.3949,0.2533,0.5429,-5.25,0.4436,0.4563,0.1610,7.57,-3.78
1480,Enrique Freeman,1642402,Indiana Pacers,IND,1610612754,PF,2024-25,4,46,1.00,0.65,0.20,0.07,0.07,0.13,3.93,0.4324,0.1000,0.6842,-0.41,0.4459,0.5071,0.1229,7.57,-6.18
692,Devin Cannady,1629962,Orlando Magic,ORL,1610612753,PG,2021-22,1,5,10.00,1.20,2.00,1.00,0.60,1.00,28.90,0.3409,0.4054,0.7143,-2.20,0.5114,0.5310,0.1601,7.55,-4.48
3843,Austin Rivers,203085,Minnesota Timberwolves,MIN,1610612750,SG,2022-23,2,71,3.59,1.17,1.06,0.39,0.06,0.32,14.31,0.4354,0.3496,0.7692,-2.00,0.5383,0.5638,0.1053,7.55,-5.01
2247,AJ Johnson,1642358,Washington Wizards,WAS,1610612764,PG,2024-25,4,28,7.14,1.86,2.46,0.39,0.11,1.11,21.24,0.3814,0.2471,0.8857,-5.89,0.4356,0.4776,0.1727,7.55,-3.70
2189,Andre Jackson Jr.,1641748,Milwaukee Bucks,MIL,1610612749,SG,2025-26,5,81,1.40,0.89,0.53,0.23,0.05,0.38,5.04,0.3277,0.2500,0.6250,-0.88,0.3908,0.4246,0.1787,7.54,-3.44
180,Ibou Badji,1630641,Portland Trail Blazers,POR,1610612757,C,2023-24,3,41,0.83,1.24,0.32,0.07,0.49,0.37,5.50,0.6364,,0.5000,-2.20,0.6364,0.6232,0.0802,7.54,-5.36
2511,Maxi Kleber,1628467,Los Angeles Lakers,LAL,1610612747,PF,2025-26,5,67,1.28,1.25,0.40,0.27,0.16,0.25,6.88,0.4521,0.2308,0.5385,0.82,0.4932,0.5092,0.0969,7.54,-5.25
4778,Lindy Waters III,1630322,San Antonio Spurs,SAS,1610612759,SF,2025-26,5,67,1.42,0.43,0.28,0.09,0.01,0.10,4.24,0.3750,0.3418,0.6667,-0.07,0.5284,0.5318,0.1443,7.50,-5.23
3310,Aaron Nesmith,1630174,Boston Celtics,BOS,1610612738,SG,2021-22,1,68,2.88,1.31,0.32,0.29,0.07,0.46,8.44,0.3956,0.2696,0.8077,0.32,0.4808,0.5066,0.1730,7.50,-6.17
3545,Micah Peavy,1642877,New Orleans Pelicans,NOP,1610612740,SG,2025-26,5,78,3.36,1.50,0.78,0.55,0.12,0.26,11.71,0.3855,0.2593,0.7586,-1.33,0.4364,0.4552,0.1414,7.49,-3.80
1101,RayJ Dennis,1642484,Indiana Pacers,IND,1610612754,PG,2025-26,5,20,3.20,1.05,1.30,0.15,0.20,0.70,8.41,0.3056,0.3158,0.8889,-2.35,0.3889,0.4213,0.2220,7.49,-1.04
4321,Cassius Stanley,1630199,Detroit Pistons,DET,1610612765,SG,2021-22,1,11,4.73,1.73,0.36,0.45,0.18,0.55,14.09,0.4130,0.2353,1.0000,-1.36,0.4565,0.5159,0.1569,7.48,-6.78
587,Greg Brown III,1630535,Portland Trail Blazers,POR,1610612757,SF,2022-23,2,41,0.68,0.46,0.07,0.10,0.12,0.15,2.27,0.3929,0.1429,0.4167,-0.12,0.4107,0.4207,0.1848,7.47,-4.73
3661,Drake Powell,1642962,Brooklyn Nets,BKN,1610612751,SG,2025-26,5,69,5.91,1.61,1.32,0.52,0.20,0.87,19.13,0.4022,0.2802,0.8961,-6.48,0.4735,0.5206,0.1514,7.46,-6.36
961,Jae Crowder,203109,Sacramento Kings,SAC,1610612758,SF,2024-25,4,60,0.38,0.33,0.10,0.05,0.00,0.07,1.71,0.3182,0.2667,0.8333,-0.30,0.4091,0.4667,0.1200,7.45,-5.58
2025,Justin Holiday,203200,Sacramento Kings,SAC,1610612758,SG,2021-22,1,25,8.32,2.20,1.52,0.84,0.60,0.84,25.64,0.3480,0.3425,0.7619,-4.40,0.4706,0.4877,0.1596,7.45,-4.38
728,Jevon Carter,1628975,Brooklyn Nets,BKN,1610612751,PG,2021-22,1,58,2.84,1.16,0.79,0.24,0.17,0.45,9.52,0.3333,0.3307,0.7000,-0.52,0.4540,0.4624,0.1609,7.45,-3.66
3113,Patty Mills,201988,Miami Heat,MIA,1610612748,PG,2023-24,3,21,3.62,0.71,0.95,0.52,0.00,0.38,10.18,0.3375,0.2075,1.0000,2.14,0.4063,0.4479,0.2000,7.42,-3.02
3596,Julian Phillips,1641763,Minnesota Timberwolves,MIN,1610612750,SF,2025-26,5,26,1.58,0.19,0.12,0.19,0.04,0.15,3.59,0.4242,0.2500,0.7500,-0.35,0.4848,0.5355,0.1937,7.42,-7.03
1864,Gary Harris,203914,Milwaukee Bucks,MIL,1610612749,SG,2025-26,5,68,1.88,0.90,0.75,0.40,0.13,0.28,9.71,0.4423,0.4118,0.8889,-1.94,0.5769,0.5928,0.0856,7.39,-5.40
2245,Isaiah Joe,1630198,Philadelphia 76ers,PHI,1610612755,SG,2021-22,1,77,2.57,0.73,0.45,0.18,0.04,0.25,7.91,0.3503,0.3333,0.9355,0.30,0.4774,0.5193,0.1559,7.38,-5.45
1293,Keon Ellis,1631165,Sacramento Kings,SAC,1610612758,SG,2025-26,5,48,4.98,1.15,0.54,0.96,0.46,0.44,15.80,0.3971,0.3681,0.6250,-4.42,0.5239,0.5357,0.1387,7.37,-5.84
4742,Derrick Walton Jr.,1628476,Detroit Pistons,DET,1610612765,PG,2021-22,1,3,6.33,3.33,7.00,2.33,1.33,3.67,36.07,0.2308,0.2308,1.0000,-1.00,0.2885,0.3422,0.1451,7.36,1.06
2928,Miles McBride,1630540,New York Knicks,NYK,1610612752,PG,2022-23,2,82,2.71,0.61,0.88,0.45,0.10,0.30,9.27,0.3581,0.2985,0.6667,0.65,0.4512,0.4754,0.1470,7.34,-2.85
3489,Kevin Pangos,1630698,Cleveland Cavaliers,CLE,1610612739,PG,2021-22,1,55,0.71,0.20,0.55,0.05,0.00,0.13,3.01,0.3261,0.2308,0.7500,-0.64,0.3913,0.4083,0.1478,7.33,0.36
2406,Cory Joseph,202709,Golden State Warriors,GSW,1610612744,PG,2023-24,3,48,1.31,0.63,0.88,0.08,0.06,0.25,6.16,0.3594,0.3095,0.5714,-0.25,0.4609,0.4696,0.1132,7.31,-2.29
3365,Jaylen Nowell,1629669,Memphis Grizzlies,MEM,1610612763,SG,2023-24,3,9,5.67,1.56,1.78,0.33,0.00,0.56,17.34,0.4000,0.1739,1.0000,-0.22,0.4364,0.4528,0.1746,7.29,-3.52
2155,Wes Iwundu,1628411,Atlanta Hawks,ATL,1610612737,SF,2021-22,1,3,7.33,4.33,0.00,0.33,0.00,0.33,27.40,0.4444,0.6000,0.7500,0.00,0.5278,0.5567,0.1126,7.29,-8.27
449,Jamaree Bouyea,1631123,Miami Heat,MIA,1610612748,SG,2022-23,2,5,3.00,1.00,0.80,0.80,0.40,0.80,13.00,0.4615,0.4000,0.5000,-4.20,0.5385,0.5403,0.1263,7.28,-5.95
1985,Haywood Highsmith,1629312,Miami Heat,MIA,1610612748,SF,2021-22,1,30,1.43,0.87,0.20,0.07,0.10,0.10,5.44,0.3478,0.3214,0.4000,-1.23,0.4457,0.4461,0.1409,7.25,-5.23
30,Ochai Agbaji,1630534,Toronto Raptors,TOR,1610612761,SG,2025-26,5,46,3.93,2.07,0.65,0.37,0.24,0.41,14.13,0.4235,0.1846,0.8621,0.17,0.4588,0.4952,0.1333,7.24,-6.08
567,Kobe Brown,1641738,Los Angeles Clippers,LAC,1610612746,SF,2023-24,3,64,1.39,0.97,0.39,0.19,0.09,0.14,6.16,0.4111,0.2917,0.5000,-1.44,0.4889,0.4897,0.1112,7.22,-4.55
473,Avery Bradley,202340,Los Angeles Lakers,LAL,1610612747,SG,2021-22,1,74,5.32,1.84,0.64,0.72,0.12,0.51,19.00,0.4229,0.3905,0.8889,-2.45,0.5400,0.5504,0.1220,7.21,-6.64
4449,Garrett Temple,202066,Toronto Raptors,TOR,1610612761,SG,2025-26,5,82,0.21,0.11,0.11,0.05,0.02,0.09,0.89,0.2667,0.2500,0.6667,-0.01,0.3667,0.4483,0.1535,7.19,-3.93
4743,Brad Wanamaker,202954,Indiana Pacers,IND,1610612754,PG,2021-22,1,34,2.24,1.03,1.41,0.15,0.18,0.68,8.60,0.3611,0.2353,0.9091,-1.65,0.3889,0.4652,0.1574,7.19,-1.33
2972,Doug McDermott,203926,Indiana Pacers,IND,1610612754,SF,2023-24,3,19,3.95,0.58,0.68,0.26,0.00,0.21,10.75,0.4058,0.3214,0.5000,0.68,0.5362,0.5366,0.1546,7.18,-5.51
3337,Daishen Nix,1630227,Houston Rockets,HOU,1610612745,PG,2022-23,2,81,2.79,1.21,1.63,0.38,0.09,1.06,11.29,0.3418,0.2857,0.6667,-1.86,0.4262,0.4469,0.1547,7.16,-3.37
4952,Malik Williams,1642013,Toronto Raptors,TOR,1610612761,C,2023-24,3,7,2.71,5.43,0.29,0.43,0.57,0.43,15.21,0.2647,0.2000,0.0000,-8.00,0.2794,0.2724,0.1485,7.16,-3.20
1092,Matthew Dellavedova,203521,Sacramento Kings,SAC,1610612758,PG,2022-23,2,75,0.63,0.17,0.55,0.09,0.00,0.13,2.84,0.3400,0.3333,0.5714,-0.68,0.4300,0.4427,0.1279,7.16,0.81
3871,Duncan Robinson,1629130,Miami Heat,MIA,1610612748,SF,2022-23,2,57,4.70,1.21,0.81,0.25,0.00,0.49,12.11,0.3713,0.3281,0.9063,-0.98,0.5042,0.5337,0.1814,7.16,-5.24
129,Ryan Arcidiacono,1627853,New York Knicks,NYK,1610612752,SG,2021-22,1,25,0.64,0.32,0.16,0.04,0.00,0.12,3.04,0.5000,0.4444,,-0.48,0.6667,0.6667,0.0864,7.14,-7.93
2701,Kira Lewis Jr.,1630184,New Orleans Pelicans,NOP,1610612740,PG,2023-24,3,32,1.38,0.44,0.56,0.16,0.03,0.25,4.48,0.3077,0.1000,0.9091,-0.59,0.3269,0.3871,0.1945,7.10,-2.23
1941,Taylor Hendricks,1641707,Utah Jazz,UTA,1610612762,PF,2024-25,4,4,3.50,3.75,0.50,1.25,1.00,0.50,18.63,0.2222,0.2500,0.7500,-5.50,0.3056,0.3543,0.1177,7.09,-3.53
4575,Gary Trent Jr.,1629018,Milwaukee Bucks,MIL,1610612749,SG,2025-26,5,74,7.15,0.91,1.07,0.46,0.04,0.55,18.61,0.3869,0.3596,0.7692,-4.70,0.5169,0.5334,0.1735,7.08,-6.53
2901,Wesley Matthews,202083,Milwaukee Bucks,MIL,1610612749,SG,2022-23,2,67,2.67,1.69,0.51,0.30,0.19,0.27,12.25,0.3625,0.3145,0.8571,0.79,0.4844,0.5194,0.0982,7.07,-6.02
688,Facundo Campazzo,1630267,Dallas Mavericks,DAL,1610612742,PG,2022-23,2,17,0.59,0.12,0.53,0.35,0.00,0.18,3.07,0.2308,0.2727,0.5000,0.65,0.3462,0.3602,0.1493,7.06,1.84
1176,Jeff Dowtin Jr.,1630288,Orlando Magic,ORL,1610612753,PG,2021-22,1,5,2.60,2.20,1.40,1.00,0.00,0.80,15.46,0.2632,0.1429,1.0000,-7.80,0.2895,0.3270,0.1355,7.03,-3.18
1704,Josh Green,1630182,Charlotte Hornets,CHA,1610612766,SG,2024-25,4,68,7.44,2.53,1.59,1.09,0.22,1.03,27.75,0.4276,0.3911,0.6806,-5.35,0.5428,0.5589,0.1182,6.99,-6.58
3765,Cam Reddish,1629629,Los Angeles Lakers,LAL,1610612747,SG,2024-25,4,63,1.67,1.05,0.35,0.52,0.16,0.19,9.36,0.4043,0.2766,0.6154,-1.44,0.4734,0.4979,0.0885,6.94,-6.32
3958,Rayan Rupert,1641712,Portland Trail Blazers,POR,1610612757,SG,2023-24,3,63,2.46,1.46,0.98,0.19,0.05,0.49,10.05,0.3354,0.3590,0.7600,-1.97,0.4224,0.4506,0.1380,6.93,-4.43
300,Reece Beekman,1641736,Brooklyn Nets,BKN,1610612751,PG,2024-25,4,45,2.02,0.84,1.38,0.71,0.04,0.47,10.34,0.3208,0.1750,0.7619,-2.60,0.3538,0.3948,0.1279,6.92,-1.67
837,Amir Coffey,1629599,Los Angeles Clippers,LAC,1610612746,SG,2022-23,2,82,2.10,0.65,0.65,0.09,0.06,0.26,7.63,0.3862,0.2750,0.7778,-1.39,0.4241,0.4979,0.1360,6.91,-5.13
3113,Patty Mills,201988,Utah Jazz,UTA,1610612762,PG,2024-25,4,46,1.61,0.46,0.46,0.26,0.07,0.35,5.66,0.3421,0.2982,1.0000,-0.04,0.4539,0.4731,0.1533,6.91,-5.67
2170,Josh Jackson,1628367,Sacramento Kings,SAC,1610612758,SG,2021-22,1,24,2.17,0.75,0.21,0.21,0.17,0.38,5.12,0.3469,0.1765,0.7143,-0.67,0.3776,0.4464,0.2393,6.89,-5.28
615,Kobe Bufkin,1641723,Los Angeles Lakers,LAL,1610612747,SG,2025-26,5,33,1.39,0.39,0.30,0.06,0.09,0.15,3.63,0.3000,0.1923,0.9167,-2.06,0.3500,0.4161,0.2239,6.88,-3.59
1258,Carsen Edwards,1629035,Detroit Pistons,DET,1610612765,PG,2021-22,1,4,5.75,1.50,3.50,0.50,0.00,1.25,19.80,0.3000,0.2500,1.0000,-3.00,0.3667,0.3778,0.1904,6.86,0.16
3843,Austin Rivers,203085,Denver Nuggets,DEN,1610612743,SG,2021-22,1,72,5.60,1.58,1.25,0.71,0.08,0.75,20.56,0.4171,0.3420,0.7273,0.74,0.5300,0.5455,0.1260,6.84,-6.10
1453,Evan Fournier,203095,New York Knicks,NYK,1610612752,SG,2022-23,2,79,2.09,0.62,0.46,0.20,0.04,0.28,5.81,0.3373,0.3070,0.8571,-0.68,0.4428,0.4708,0.1855,6.82,-4.05
2025,Justin Holiday,203200,Dallas Mavericks,DAL,1610612742,SG,2022-23,2,23,3.43,1.39,0.70,0.61,0.39,0.43,12.83,0.3671,0.2857,0.6250,-2.74,0.4684,0.4787,0.1408,6.82,-4.47
3802,Jared Rhoden,1631197,Detroit Pistons,DET,1610612765,SG,2022-23,2,21,2.14,1.76,0.19,0.19,0.05,0.14,9.43,0.3864,0.2500,1.0000,1.00,0.4432,0.4824,0.1093,6.70,-6.69
2588,Jake LaRavia,1631222,Memphis Grizzlies,MEM,1610612763,SF,2022-23,2,52,2.02,1.21,0.40,0.23,0.08,0.35,7.97,0.3895,0.3380,0.7778,-1.50,0.5158,0.5305,0.1177,6.66,-6.23
3258,Mike Muscala,203488,Oklahoma City Thunder,OKC,1610612760,PF,2023-24,3,23,0.74,0.91,0.17,0.04,0.04,0.17,3.97,0.3636,0.0909,0.0000,-0.09,0.3864,0.3788,0.1260,6.63,-6.68
446,Chris Boucher,1628449,Boston Celtics,BOS,1610612738,SF,2025-26,5,49,0.43,0.37,0.06,0.10,0.14,0.02,1.92,0.3200,0.1333,0.7500,0.10,0.3600,0.3924,0.1285,6.61,-2.59
1042,Johnny Davis,1631098,Washington Wizards,WAS,1610612764,SG,2023-24,3,65,2.34,1.11,0.49,0.28,0.15,0.20,9.44,0.4026,0.3500,0.5833,-2.31,0.4481,0.4618,0.1228,6.60,-5.63
1340,Tosan Evbuomwan,1641787,Memphis Grizzlies,MEM,1610612763,SF,2023-24,3,5,2.00,2.80,1.20,0.00,0.20,0.20,14.80,0.2667,0.2500,,-5.60,0.3333,0.3333,0.0947,6.52,-4.08
2747,Didi Louzada,1629712,Portland Trail Blazers,POR,1610612757,SG,2021-22,1,12,2.92,1.25,0.33,0.17,0.17,0.42,10.20,0.4000,0.4500,1.0000,-6.42,0.5500,0.5667,0.1273,6.51,-7.59
3769,Davon Reed,1628432,Denver Nuggets,DEN,1610612743,SG,2022-23,2,54,1.50,1.02,0.35,0.24,0.07,0.37,5.83,0.3125,0.3636,0.7500,-1.72,0.4125,0.4561,0.1508,6.51,-5.50
3878,Jerome Robinson,1629010,Golden State Warriors,GSW,1610612744,SG,2023-24,3,43,0.72,0.14,0.12,0.02,0.07,0.05,1.88,0.3333,0.1176,0.6364,0.63,0.3636,0.4096,0.2113,6.50,-4.15
2865,Cody Martin,1628998,Indiana Pacers,IND,1610612754,SF,2025-26,5,4,1.75,3.50,0.50,1.00,0.50,1.00,13.80,0.2000,0.0000,0.5000,-7.00,0.2000,0.2769,0.1210,6.49,-5.67
3113,Patty Mills,201988,Atlanta Hawks,ATL,1610612737,PG,2023-24,3,57,0.89,0.35,0.25,0.16,0.02,0.14,3.54,0.3725,0.3824,,-0.68,0.5000,0.5000,0.1203,6.49,-5.63
2620,Chaz Lanier,1642404,Detroit Pistons,DET,1610612765,SG,2025-26,5,62,1.29,0.37,0.27,0.11,0.00,0.05,4.22,0.3146,0.2836,0.8333,0.06,0.4213,0.4365,0.1522,6.48,-4.80
2076,Jett Howard,1641724,Orlando Magic,ORL,1610612753,SG,2024-25,4,81,3.30,0.86,0.54,0.16,0.14,0.44,8.66,0.3740,0.2957,0.6957,-1.06,0.4790,0.4906,0.1940,6.48,-6.16
414,Leandro Bolmaro,1630195,Minnesota Timberwolves,MIN,1610612750,SF,2021-22,1,61,0.82,0.70,0.34,0.10,0.00,0.21,3.95,0.3148,0.2778,0.8462,0.05,0.3611,0.4186,0.1265,6.47,-4.59
4537,Isaiah Todd,1630225,Washington Wizards,WAS,1610612764,PF,2021-22,1,39,0.51,0.31,0.10,0.10,0.05,0.10,1.90,0.2692,0.2500,0.3333,-0.62,0.3462,0.3492,0.1959,6.46,-3.65
566,Kendall Brown,1631112,Indiana Pacers,IND,1610612754,SG,2023-24,3,41,0.51,0.12,0.12,0.00,0.00,0.05,1.52,0.5333,0.0000,0.6250,-0.59,0.5333,0.5670,0.1391,6.44,-6.56
2515,Bobi Klintman,1641752,Detroit Pistons,DET,1610612765,PF,2025-26,5,29,0.76,0.66,0.21,0.10,0.00,0.21,2.46,0.3333,0.3077,0.0000,-0.17,0.4074,0.3884,0.2013,6.42,-3.93
4880,Joe Wieskamp,1630580,San Antonio Spurs,SAS,1610612759,SG,2021-22,1,50,1.22,0.28,0.18,0.08,0.06,0.04,4.10,0.3571,0.3256,0.5385,0.00,0.4821,0.4942,0.1313,6.42,-5.67
4529,Killian Tillie,1629681,Memphis Grizzlies,MEM,1610612763,PF,2021-22,1,58,2.03,1.03,0.38,0.40,0.26,0.22,7.94,0.3386,0.3140,0.6250,0.50,0.4449,0.4520,0.1291,6.42,-3.99
2969,Jalen McDaniels,1629667,Toronto Raptors,TOR,1610612761,PF,2023-24,3,82,2.06,0.96,0.45,0.23,0.07,0.37,6.56,0.3439,0.1690,0.7297,-1.98,0.3757,0.4116,0.1876,6.38,-5.04
588,Charlie Brown Jr.,1629718,Philadelphia 76ers,PHI,1610612755,SG,2021-22,1,36,0.78,0.86,0.14,0.22,0.08,0.14,4.50,0.2647,0.1111,0.9000,0.25,0.2794,0.3646,0.1211,6.38,-5.27
1839,Elijah Harkless,1641989,Utah Jazz,UTA,1610612762,PG,2024-25,4,23,1.39,0.91,0.35,0.43,0.04,0.13,6.00,0.3143,0.2800,0.5000,1.35,0.4143,0.4251,0.1243,6.32,-3.53
4678,Noah Vonleh,203943,Boston Celtics,BOS,1610612738,PF,2022-23,2,38,0.66,1.26,0.18,0.05,0.21,0.29,4.52,0.4583,0.2500,1.0000,-0.34,0.4792,0.5024,0.0912,6.30,-6.51
1959,Juancho Hernangomez,1627823,Boston Celtics,BOS,1610612738,PF,2021-22,1,41,0.46,0.61,0.07,0.10,0.05,0.15,2.34,0.1852,0.1667,0.6667,-0.93,0.2407,0.3068,0.1711,6.30,-5.24
1504,Wenyen Gabriel,1629117,Memphis Grizzlies,MEM,1610612763,PF,2023-24,3,5,3.40,5.00,0.60,0.40,0.40,1.60,16.22,0.3636,0.1667,0.0000,-3.20,0.3864,0.3512,0.1753,6.29,-7.49
806,Sidy Cissoko,1631321,Portland Trail Blazers,POR,1610612757,SG,2025-26,5,76,5.04,2.18,1.45,0.68,0.33,0.92,18.89,0.3982,0.2980,0.6591,-0.79,0.4865,0.5138,0.1267,6.28,-5.66
4226,Dru Smith,1630696,Miami Heat,MIA,1610612748,SG,2022-23,2,19,0.58,0.47,0.26,0.21,0.16,0.05,3.52,0.3571,0.1667,,-0.89,0.3929,0.3929,0.1002,6.26,-1.82
1864,Gary Harris,203914,Orlando Magic,ORL,1610612753,SG,2024-25,4,56,2.59,1.14,0.54,0.46,0.21,0.30,12.69,0.3835,0.3564,0.5833,1.54,0.5188,0.5243,0.0966,6.25,-7.17
2511,Maxi Kleber,1628467,Dallas Mavericks,DAL,1610612742,PF,2024-25,4,36,2.86,2.64,1.19,0.25,0.47,0.64,17.69,0.3854,0.2653,0.7619,-0.47,0.4531,0.4894,0.0860,6.22,-6.25
4412,Keifer Sykes,1626208,Indiana Pacers,IND,1610612754,PG,2021-22,1,46,3.91,0.98,1.35,0.26,0.09,0.72,12.32,0.3632,0.3000,0.8824,-1.50,0.4342,0.4557,0.1730,6.21,-3.99
2247,AJ Johnson,1642358,Washington Wizards,WAS,1610612764,PG,2025-26,5,41,1.71,0.76,0.54,0.17,0.00,0.44,5.22,0.3253,0.2800,0.7500,-0.29,0.3675,0.3965,0.2081,6.21,-4.95
3636,Yves Pons,1630582,Memphis Grizzlies,MEM,1610612763,SF,2021-22,1,31,0.42,0.39,0.03,0.03,0.13,0.03,2.29,0.3125,0.3333,0.0000,-0.97,0.4063,0.3851,0.1039,6.17,-5.73
4775,TyTy Washington Jr.,1631102,Milwaukee Bucks,MIL,1610612749,PG,2023-24,3,29,0.48,0.17,0.17,0.10,0.00,0.07,1.93,0.3000,0.3333,,-0.45,0.3500,0.3500,0.1720,6.14,-3.54
2069,Caleb Houstan,1631216,Orlando Magic,ORL,1610612753,SG,2022-23,2,74,2.61,1.34,0.41,0.16,0.09,0.24,10.97,0.3626,0.3382,0.8333,-1.14,0.4890,0.5081,0.1104,6.13,-7.11
2320,Tyler Johnson,204020,San Antonio Spurs,SAS,1610612759,SG,2021-22,1,6,1.00,1.00,0.83,0.33,0.33,0.17,8.87,0.2000,0.3333,,-2.50,0.3000,0.3000,0.0871,6.13,-2.15
2901,Wesley Matthews,202083,Milwaukee Bucks,MIL,1610612749,SG,2021-22,1,52,4.79,1.77,0.69,0.44,0.15,0.35,19.27,0.3955,0.3376,0.7857,2.67,0.5159,0.5359,0.1064,6.05,-7.04
3270,Abdel Nader,1627846,Phoenix Suns,PHX,1610612756,SF,2021-22,1,24,1.42,1.13,0.29,0.33,0.17,0.46,6.05,0.3429,0.2857,0.6000,-0.08,0.4000,0.4315,0.1510,6.04,-5.88
3958,Rayan Rupert,1641712,Portland Trail Blazers,POR,1610612757,SG,2025-26,5,56,2.45,1.54,0.61,0.52,0.04,0.50,10.31,0.3605,0.3099,0.6429,-2.27,0.4354,0.4472,0.1274,6.03,-6.20
2673,Alex Len,203458,Los Angeles Lakers,LAL,1610612747,C,2024-25,4,31,0.71,1.00,0.26,0.03,0.10,0.29,3.94,0.4545,0.3333,0.2500,-1.87,0.4773,0.4630,0.1179,6.02,-6.93
4568,Armel Traore,1642422,Los Angeles Lakers,LAL,1610612747,PF,2024-25,4,24,0.58,0.63,0.04,0.17,0.08,0.13,2.78,0.3158,0.0000,0.2857,-2.04,0.3158,0.3170,0.1674,5.99,-5.77
4275,Tony Snell,203503,Portland Trail Blazers,POR,1610612757,SG,2021-22,1,47,2.11,1.53,0.43,0.17,0.15,0.23,11.62,0.3711,0.3200,1.0000,-3.09,0.4948,0.5035,0.0885,5.97,-7.13
806,Sidy Cissoko,1631321,Portland Trail Blazers,POR,1610612757,SG,2024-25,4,10,1.00,1.10,0.90,0.10,0.10,0.90,6.01,0.3333,0.0000,0.6667,0.40,0.3333,0.3754,0.1520,5.96,-6.59
4669,Gabe Vincent,1629216,Los Angeles Lakers,LAL,1610612747,PG,2024-25,4,78,5.90,1.18,1.26,0.65,0.17,0.53,19.58,0.4000,0.3528,0.7143,0.62,0.5298,0.5358,0.1364,5.92,-6.14
4591,P.J. Tucker,200782,Los Angeles Clippers,LAC,1610612746,SF,2023-24,3,76,0.61,0.93,0.21,0.17,0.07,0.08,5.52,0.3556,0.3667,1.0000,-0.68,0.4778,0.4965,0.0552,5.83,-6.90
4591,P.J. Tucker,200782,Philadelphia 76ers,PHI,1610612755,SF,2022-23,2,76,3.50,3.88,0.79,0.51,0.20,0.58,25.27,0.4267,0.3929,0.8261,1.78,0.5489,0.5657,0.0658,5.82,-7.95
3596,Julian Phillips,1641763,Chicago Bulls,CHI,1610612741,SF,2023-24,3,60,1.48,0.60,0.22,0.12,0.12,0.17,5.38,0.4156,0.3158,0.6842,-0.07,0.4935,0.5213,0.1301,5.81,-7.21
788,Chris Chiozza,1629185,Golden State Warriors,GSW,1610612744,PG,2021-22,1,50,1.34,0.72,1.30,0.26,0.00,0.64,7.44,0.2963,0.3208,0.6667,-0.98,0.4012,0.4069,0.1352,5.80,-2.10
2928,Miles McBride,1630540,New York Knicks,NYK,1610612752,PG,2021-22,1,75,1.19,0.56,0.55,0.19,0.01,0.07,4.97,0.2963,0.2500,0.6667,1.35,0.3750,0.3928,0.1402,5.76,-1.14
2231,Trey Jemison III,1641998,New York Knicks,NYK,1610612752,C,2025-26,5,31,0.42,0.58,0.16,0.03,0.06,0.32,2.63,0.6000,,1.0000,-0.94,0.6000,0.6226,0.1081,5.75,-10.89
4591,P.J. Tucker,200782,Philadelphia 76ers,PHI,1610612755,SF,2023-24,3,3,2.00,4.67,0.00,1.00,0.67,0.67,22.13,0.4000,0.4000,,9.33,0.6000,0.6000,0.0466,5.71,-8.61
4826,Blake Wesley,1631104,San Antonio Spurs,SAS,1610612759,PG,2022-23,2,43,4.28,1.91,2.28,0.58,0.12,1.51,15.55,0.3209,0.3846,0.5909,-4.60,0.3674,0.3926,0.1844,5.64,-2.86
362,Onuralp Bitim,1641931,Chicago Bulls,CHI,1610612741,SF,2023-24,3,36,2.22,0.89,0.36,0.08,0.06,0.28,7.44,0.3810,0.2727,0.8000,-1.25,0.4524,0.4640,0.1578,5.60,-7.32
1428,Bryn Forbes,1627854,Minnesota Timberwolves,MIN,1610612750,SG,2022-23,2,55,1.62,0.27,0.31,0.13,0.04,0.22,4.87,0.3614,0.3043,1.0000,-0.87,0.4458,0.4967,0.1625,5.60,-6.61
1400,Dorian Finney-Smith,1627827,Houston Rockets,HOU,1610612745,SF,2025-26,5,50,2.46,1.86,0.72,0.32,0.12,0.44,12.40,0.3333,0.2700,0.8889,0.30,0.4356,0.4523,0.1086,5.54,-6.70
5080,Yang Hansen,1642905,Portland Trail Blazers,POR,1610612757,C,2025-26,5,66,1.44,1.00,0.33,0.05,0.15,0.48,4.54,0.3100,0.1190,0.8235,-1.52,0.3350,0.4132,0.2004,5.52,-6.98
4776,Yuta Watanabe,1629139,Phoenix Suns,PHX,1610612756,SG,2023-24,3,47,2.21,0.96,0.21,0.19,0.15,0.34,8.13,0.3608,0.3200,0.6667,-0.77,0.4845,0.5019,0.1364,5.48,-8.50
283,Kent Bazemore,203145,Los Angeles Lakers,LAL,1610612747,SG,2021-22,1,76,1.74,0.91,0.45,0.33,0.12,0.28,7.17,0.3237,0.3625,0.7647,-1.55,0.4281,0.4506,0.1332,5.47,-4.71
1645,Jazian Gortman,1641789,Dallas Mavericks,DAL,1610612742,PG,2024-25,4,27,0.89,0.19,0.22,0.07,0.04,0.19,2.10,0.3913,0.3636,0.5000,0.41,0.4783,0.4847,0.2256,5.47,-4.86
3369,Frank Ntilikina,1628373,Dallas Mavericks,DAL,1610612742,SG,2022-23,2,72,1.88,0.86,0.81,0.22,0.10,0.40,8.44,0.3636,0.2537,0.6667,0.49,0.4280,0.4607,0.1312,5.46,-4.90
2815,Theo Maledon,1630177,Charlotte Hornets,CHA,1610612766,PG,2023-24,3,22,2.45,1.05,1.27,0.32,0.00,0.68,9.10,0.2879,0.1667,0.9167,-2.59,0.3258,0.3788,0.1855,5.44,-3.01
3420,KZ Okpala,1629644,Sacramento Kings,SAC,1610612758,SG,2022-23,2,50,0.92,0.68,0.26,0.14,0.14,0.14,4.96,0.4211,0.3333,0.8750,-0.22,0.5132,0.5539,0.0840,5.42,-5.99
1752,Mouhamadou Gueye,1631338,Toronto Raptors,TOR,1610612761,PF,2023-24,3,12,2.17,1.92,0.42,0.25,1.50,1.00,10.00,0.2895,0.0000,0.4444,-6.67,0.2895,0.3098,0.1913,5.40,-4.79
3411,Semi Ojeleye,1628400,Milwaukee Bucks,MIL,1610612749,SF,2021-22,1,33,1.73,1.76,0.15,0.15,0.15,0.15,9.32,0.2571,0.2683,0.7692,-3.88,0.3357,0.3764,0.1142,5.38,-6.74
3118,Justin Minaya,1631303,Portland Trail Blazers,POR,1610612757,SF,2023-24,3,45,1.36,1.24,0.47,0.20,0.22,0.20,8.47,0.2973,0.2449,0.5556,-1.80,0.3784,0.3912,0.0980,5.36,-5.80
2025,Justin Holiday,203200,Atlanta Hawks,ATL,1610612737,SG,2022-23,2,53,2.38,0.43,0.47,0.09,0.19,0.23,7.75,0.3840,0.3448,,-1.25,0.5040,0.5040,0.1423,5.35,-6.17
3118,Justin Minaya,1631303,Portland Trail Blazers,POR,1610612757,SF,2022-23,2,4,4.25,3.75,1.00,0.50,1.25,1.00,22.20,0.3043,0.2500,0.0000,-5.00,0.3696,0.3626,0.1289,5.33,-5.33
2742,Robin Lopez,201577,Milwaukee Bucks,MIL,1610612749,C,2023-24,3,51,0.35,0.10,0.08,0.02,0.06,0.04,1.27,0.3684,0.2500,1.0000,-0.45,0.4211,0.4527,0.1438,5.33,-5.64
1739,Quentin Grimes,1629656,Detroit Pistons,DET,1610612765,SG,2023-24,3,9,3.56,1.33,1.56,0.56,0.44,0.78,12.81,0.2143,0.1429,0.9091,-4.89,0.2619,0.3416,0.2020,5.25,-1.69
215,Dalano Banton,1630625,Boston Celtics,BOS,1610612738,SF,2025-26,5,6,1.00,0.67,1.50,0.17,0.83,1.17,8.65,0.1250,0.0000,1.0000,-1.83,0.1250,0.3074,0.1447,5.17,-3.91
3010,Alfonzo McKinnie,1628035,Chicago Bulls,CHI,1610612741,SF,2021-22,1,28,2.11,1.18,0.18,0.07,0.11,0.25,7.37,0.3934,0.3333,0.2500,-1.96,0.4672,0.4572,0.1531,5.15,-7.42
264,Emoni Bates,1641734,Cleveland Cavaliers,CLE,1610612739,SF,2023-24,3,32,1.28,0.44,0.31,0.03,0.06,0.25,4.15,0.3061,0.3030,0.2500,-2.63,0.4082,0.4039,0.1978,5.10,-6.48
423,Isaac Bonga,1629067,Toronto Raptors,TOR,1610612761,SG,2021-22,1,34,0.35,0.21,0.12,0.24,0.06,0.06,2.02,0.2308,0.2500,0.6250,-0.94,0.2692,0.3632,0.1166,5.09,-2.35
4572,Luke Travers,1631247,Cleveland Cavaliers,CLE,1610612739,SF,2024-25,4,24,0.50,0.83,0.33,0.04,0.04,0.33,3.66,0.2500,0.0000,1.0000,-0.04,0.2500,0.2874,0.1418,5.02,-6.87
388,Keljin Blevins,1629833,Portland Trail Blazers,POR,1610612757,SG,2021-22,1,46,2.07,0.98,0.41,0.28,0.02,0.37,7.59,0.3063,0.2917,0.5455,-4.52,0.4009,0.4100,0.1650,4.96,-6.01
2713,Isaiah Livers,1630587,Detroit Pistons,DET,1610612765,SF,2023-24,3,28,4.07,1.71,0.89,0.46,0.18,0.57,16.77,0.3448,0.2857,0.6667,-7.11,0.4397,0.4600,0.1263,4.94,-7.04
3879,Justin Robinson,1629620,Detroit Pistons,DET,1610612765,PG,2021-22,1,5,5.60,1.40,1.80,0.20,0.20,1.00,18.20,0.3214,0.3810,0.3333,-10.40,0.4643,0.4569,0.1653,4.87,-4.98
1914,Nigel Hayes-Davis,1628502,Phoenix Suns,PHX,1610612756,SF,2025-26,5,51,0.67,0.65,0.14,0.16,0.04,0.16,3.83,0.3261,0.1250,0.5000,-1.41,0.3478,0.3559,0.1212,4.83,-7.57
4623,Stanley Umude,1630649,Milwaukee Bucks,MIL,1610612749,SG,2024-25,4,50,0.30,0.34,0.08,0.06,0.12,0.06,1.72,0.1923,0.2000,0.5000,-0.30,0.2500,0.2702,0.1572,4.79,-3.55
312,DeAndre' Bembry,1627761,Milwaukee Bucks,MIL,1610612749,SG,2021-22,1,9,0.67,1.22,0.67,0.22,0.00,0.11,8.56,0.3750,,,-1.11,0.3750,0.3750,0.0491,4.70,-5.20
655,John Butler Jr.,1631219,Portland Trail Blazers,POR,1610612757,PF,2022-23,2,40,1.13,0.43,0.28,0.18,0.23,0.03,5.53,0.3208,0.2286,0.7500,-1.75,0.3962,0.4109,0.1105,4.66,-4.77
3627,Aleksej Pokusevski,1630197,Oklahoma City Thunder,OKC,1610612760,PF,2023-24,3,38,0.32,0.26,0.13,0.03,0.03,0.08,1.59,0.2500,0.1818,0.5000,-0.89,0.3125,0.3378,0.1504,4.63,-5.21
1888,Udonis Haslem,2617,Miami Heat,MIA,1610612748,SF,2022-23,2,77,0.35,0.14,0.00,0.01,0.03,0.01,0.94,0.3448,0.3333,0.8000,-0.32,0.3966,0.4327,0.1988,4.61,-6.69
3814,Josh Richardson,1626196,Miami Heat,MIA,1610612748,SG,2024-25,4,37,0.86,0.30,0.30,0.22,0.03,0.22,3.61,0.3235,0.3000,1.0000,-0.70,0.4118,0.4474,0.1458,4.58,-6.02
117,Thanasis Antetokounmpo,203648,Milwaukee Bucks,MIL,1610612749,SF,2023-24,3,82,0.39,0.16,0.21,0.09,0.05,0.17,1.90,0.5333,0.0000,0.0000,-0.49,0.5333,0.5181,0.1251,4.46,-6.61
1546,Marcus Garrett,1630585,Miami Heat,MIA,1610612748,SG,2021-22,1,14,0.93,1.64,0.50,0.36,0.21,0.14,9.15,0.2381,0.2500,0.4000,1.21,0.2619,0.2802,0.0886,4.43,-4.35
1469,Tim Frazier,204025,Orlando Magic,ORL,1610612753,PG,2021-22,1,10,3.70,1.90,3.30,0.30,0.10,1.30,19.95,0.3023,0.3529,0.5556,-7.00,0.3721,0.3940,0.1342,4.40,-2.43
1518,Langston Galloway,204038,Brooklyn Nets,BKN,1610612751,SG,2021-22,1,5,2.40,1.60,1.00,0.00,0.00,1.00,11.62,0.3846,0.2500,,1.80,0.4615,0.4615,0.1330,4.36,-8.49
1328,Tyson Etienne,1630623,Brooklyn Nets,BKN,1610612751,PG,2024-25,4,10,5.50,0.90,1.20,0.30,0.10,0.80,15.10,0.3269,0.2955,0.8000,-7.00,0.4519,0.4876,0.1879,4.30,-6.69
363,Bismack Biyombo,202687,San Antonio Spurs,SAS,1610612759,C,2025-26,5,81,0.28,0.32,0.06,0.05,0.02,0.10,1.74,0.6000,,0.7143,-1.23,0.6000,0.6361,0.0785,4.30,-9.68
2098,Elijah Hughes,1630190,Portland Trail Blazers,POR,1610612757,SG,2021-22,1,25,3.32,1.64,0.64,0.40,0.28,0.40,12.89,0.2963,0.2239,0.6667,-6.40,0.3657,0.3751,0.1611,4.28,-5.13
3276,Pete Nance,1631250,Philadelphia 76ers,PHI,1610612755,PF,2024-25,4,18,0.83,0.56,0.17,0.06,0.00,0.00,3.81,0.3333,0.3333,0.5000,-0.67,0.4667,0.4723,0.1034,4.24,-6.50
53,Trey Alexander,1641725,Denver Nuggets,DEN,1610612743,SG,2024-25,4,49,0.65,0.24,0.22,0.04,0.02,0.10,2.39,0.3171,0.1765,0.7500,-0.51,0.3537,0.3742,0.1756,4.22,-4.99
3879,Justin Robinson,1629620,Milwaukee Bucks,MIL,1610612749,PG,2021-22,1,20,2.40,0.65,1.05,0.40,0.00,0.55,9.89,0.3158,0.2703,1.0000,-2.55,0.4035,0.4147,0.1519,4.21,-4.69
1267,Kessler Edwards,1630556,Brooklyn Nets,BKN,1610612751,SF,2022-23,2,32,0.47,0.44,0.06,0.09,0.03,0.13,2.48,0.2500,0.1667,0.5000,0.09,0.2917,0.3014,0.1622,4.20,-7.43
3971,Matt Ryan,1630346,Los Angeles Lakers,LAL,1610612747,SF,2022-23,2,20,2.35,0.70,0.20,0.10,0.00,0.15,6.46,0.3061,0.3714,0.8000,0.00,0.4388,0.4590,0.1767,4.20,-6.93
1409,Adam Flagler,1641745,Oklahoma City Thunder,OKC,1610612760,SG,2024-25,4,50,1.30,0.54,0.24,0.16,0.06,0.08,4.06,0.2604,0.1944,0.5000,0.14,0.3333,0.3355,0.2113,4.10,-3.38
4531,Xavier Tillman,1630214,Boston Celtics,BOS,1610612738,SF,2024-25,4,76,0.45,0.57,0.09,0.14,0.07,0.18,3.04,0.2453,0.1563,0.7500,-0.16,0.2925,0.3104,0.1311,4.05,-8.10
4989,Vince Williams Jr.,1631246,Memphis Grizzlies,MEM,1610612763,SG,2022-23,2,41,0.73,0.37,0.10,0.15,0.05,0.12,2.55,0.3000,0.1429,1.0000,-0.83,0.3500,0.3669,0.1838,4.01,-5.46
4669,Gabe Vincent,1629216,Los Angeles Lakers,LAL,1610612747,PG,2025-26,5,33,4.18,0.82,1.12,0.42,0.03,0.36,16.93,0.3462,0.3689,0.9091,0.09,0.4923,0.5117,0.1149,4.00,-7.40
4203,Javonte Smart,1630606,Milwaukee Bucks,MIL,1610612749,SG,2021-22,1,19,1.63,1.00,0.74,0.21,0.11,0.47,8.43,0.2558,0.2222,0.8333,-1.53,0.3023,0.3396,0.1460,3.97,-5.42
4920,Cody Williams,1642262,Utah Jazz,UTA,1610612762,SF,2024-25,4,55,4.18,2.05,1.07,0.42,0.29,0.80,19.27,0.3230,0.2593,0.7250,-6.16,0.3911,0.4188,0.1265,3.94,-7.73
1996,Solomon Hill,203524,Atlanta Hawks,ATL,1610612737,SF,2021-22,1,24,0.33,0.96,0.50,0.17,0.08,0.04,5.81,0.1500,0.1538,,1.71,0.2000,0.2000,0.0662,3.90,-3.30
2141,Joe Ingles,204060,Minnesota Timberwolves,MIN,1610612750,PG,2024-25,4,68,0.22,0.16,0.34,0.03,0.00,0.13,1.68,0.2609,0.2000,,0.03,0.3261,0.3261,0.1217,3.86,-2.17
3118,Justin Minaya,1631303,Portland Trail Blazers,POR,1610612757,SF,2024-25,4,33,0.55,0.30,0.21,0.18,0.03,0.15,3.05,0.3810,0.2000,0.0000,-0.36,0.4286,0.4113,0.1114,3.76,-6.67
1866,Joe Harris,203925,Detroit Pistons,DET,1610612765,SG,2023-24,3,38,1.03,0.34,0.26,0.08,0.05,0.11,4.48,0.3590,0.3333,0.5000,-1.26,0.4872,0.4890,0.1099,3.76,-7.37
286,Bradley Beal,203078,Los Angeles Clippers,LAC,1610612746,PG,2025-26,5,6,8.17,0.83,1.67,0.50,0.00,1.50,20.13,0.3750,0.3684,0.7500,-3.83,0.4479,0.4755,0.2232,3.64,-7.94
3061,Nathan Mensah,1641877,Charlotte Hornets,CHA,1610612766,C,2023-24,3,30,1.10,2.17,0.30,0.20,0.47,0.47,10.22,0.4286,,0.7500,-4.43,0.4286,0.4958,0.0683,3.56,-8.43
3414,Toby Okani,1643253,Memphis Grizzlies,MEM,1610612763,SF,2025-26,5,6,10.00,3.50,1.00,0.67,0.50,0.50,36.20,0.3571,0.2903,0.1250,-22.83,0.4214,0.4081,0.1452,3.54,-7.88
2381,Spencer Jones,1642461,Denver Nuggets,DEN,1610612743,SF,2024-25,4,44,0.59,0.39,0.11,0.11,0.11,0.11,2.83,0.3235,0.0588,1.0000,-1.02,0.3382,0.3681,0.1380,3.54,-6.68
4591,P.J. Tucker,200782,New York Knicks,NYK,1610612752,SF,2024-25,4,18,0.50,0.44,0.00,0.06,0.06,0.06,3.22,0.4286,0.5000,,-1.22,0.6429,0.6429,0.0613,3.52,-10.64
1430,Aleem Ford,1630758,Orlando Magic,ORL,1610612753,SF,2021-22,1,5,2.80,3.00,0.40,0.20,0.00,0.80,14.72,0.3000,0.1333,,-7.00,0.3500,0.3500,0.1482,3.44,-8.75
4776,Yuta Watanabe,1629139,Memphis Grizzlies,MEM,1610612763,SG,2023-24,3,11,1.18,0.82,0.45,0.27,0.00,0.27,7.48,0.3158,0.1000,0.0000,-2.73,0.3421,0.3270,0.1229,3.40,-7.32
129,Ryan Arcidiacono,1627853,Portland Trail Blazers,POR,1610612757,SG,2022-23,2,13,1.77,0.85,1.62,0.23,0.00,0.46,11.24,0.2500,0.3500,,-3.38,0.3594,0.3594,0.1128,3.34,-3.23
4558,Juan Toscano-Anderson,1629308,Sacramento Kings,SAC,1610612758,SF,2023-24,3,17,0.41,0.82,0.24,0.06,0.06,0.12,3.09,0.2500,0.2500,,-0.53,0.2917,0.2917,0.1140,3.28,-4.28
1163,Devon Dotson,1629653,Washington Wizards,WAS,1610612764,PG,2022-23,2,14,0.21,0.71,0.57,0.36,0.00,0.21,3.79,0.1000,0.2500,,-0.21,0.1500,0.1500,0.1076,3.28,0.36
1730,AJ Griffin,1631100,Atlanta Hawks,ATL,1610612737,SF,2023-24,3,46,1.04,0.39,0.11,0.02,0.04,0.17,3.71,0.2903,0.2564,1.0000,-1.11,0.3710,0.3817,0.1708,3.23,-9.35
5029,James Wiseman,1630164,Indiana Pacers,IND,1610612754,C,2025-26,5,6,2.17,1.33,0.50,0.00,0.17,0.83,9.75,0.6000,,0.5000,-1.50,0.6000,0.5974,0.1154,3.19,-11.68
3222,Mychal Mulder,1628539,Orlando Magic,ORL,1610612753,SG,2021-22,1,29,1.90,0.72,0.10,0.14,0.03,0.28,6.73,0.2985,0.2826,1.0000,-1.86,0.3955,0.4051,0.1678,3.15,-9.08
2298,Keyontae Johnson,1641749,Oklahoma City Thunder,OKC,1610612760,SF,2023-24,3,13,0.85,0.77,0.31,0.08,0.00,0.31,5.09,0.3125,0.3333,,-0.54,0.3438,0.3438,0.1315,3.12,-8.80
3539,Elfrid Payton,203901,Charlotte Hornets,CHA,1610612766,PG,2024-25,4,10,0.60,1.30,2.00,0.60,0.30,0.70,12.33,0.1429,,,-5.40,0.1429,0.1429,0.0963,3.03,-1.90
4729,Tyrone Wallace,1627820,New Orleans Pelicans,NOP,1610612740,SG,2021-22,1,9,1.89,0.89,0.11,0.33,0.11,0.22,8.32,0.3500,0.2500,0.2000,-2.00,0.4000,0.3829,0.1373,3.02,-8.12
894,Javonte Cooke,1631451,Portland Trail Blazers,POR,1610612757,SG,2025-26,5,29,0.79,0.66,0.24,0.21,0.00,0.31,3.23,0.2195,0.1304,1.0000,-2.03,0.2561,0.2746,0.2207,2.87,-5.79
4478,Isaiah Thomas,202738,Los Angeles Lakers,LAL,1610612747,PG,2021-22,1,5,7.40,1.60,1.20,0.00,0.40,1.00,20.20,0.3077,0.2273,0.7273,-4.60,0.3718,0.4220,0.2025,2.75,-6.99
4852,Jack White,1631298,Memphis Grizzlies,MEM,1610612763,SF,2023-24,3,4,1.50,3.00,0.25,1.00,0.25,0.50,15.93,0.1250,0.2000,,-7.00,0.1875,0.1875,0.1181,2.70,-7.13
1587,Taj Gibson,201959,New York Knicks,NYK,1610612752,PF,2023-24,3,21,0.76,1.33,0.43,0.10,0.29,0.24,7.88,0.3043,0.0000,1.0000,-1.14,0.3043,0.3350,0.0747,2.50,-7.28
4669,Gabe Vincent,1629216,Los Angeles Lakers,LAL,1610612747,PG,2023-24,3,13,2.62,0.69,1.62,0.69,0.00,0.38,16.73,0.3061,0.1071,0.5000,2.38,0.3367,0.3408,0.1092,2.31,-5.66
4537,Isaiah Todd,1630225,Washington Wizards,WAS,1610612764,PF,2022-23,2,19,0.47,0.63,0.21,0.05,0.00,0.11,3.23,0.1579,0.1000,1.0000,-0.37,0.1842,0.2264,0.1537,2.27,-5.38
3847,Liam Robbins,1641857,Milwaukee Bucks,MIL,1610612749,C,2024-25,4,27,0.33,0.44,0.07,0.07,0.07,0.22,2.11,0.2500,0.0000,0.5000,-0.19,0.2500,0.3629,0.1413,2.27,-10.47
3913,Ryan Rollins,1631157,Golden State Warriors,GSW,1610612744,PG,2022-23,2,40,0.58,0.30,0.15,0.03,0.03,0.40,1.56,0.3500,0.3333,1.0000,-1.18,0.4250,0.5080,0.2615,2.24,-14.30
2756,Kyle Lowry,200768,Philadelphia 76ers,PHI,1610612755,PG,2025-26,5,82,0.21,0.11,0.13,0.02,0.02,0.05,1.44,0.1600,0.1600,0.8333,-0.48,0.2400,0.3075,0.1139,2.15,-6.41
543,Johni Broome,1641780,Philadelphia 76ers,PHI,1610612755,PF,2025-26,5,30,0.33,0.53,0.13,0.10,0.07,0.10,1.83,0.1667,0.0000,0.3333,-0.60,0.1667,0.1877,0.2279,1.98,-1.59
3577,Drew Peterson,1641809,Charlotte Hornets,CHA,1610612766,SF,2025-26,5,7,0.71,1.29,0.29,0.43,0.14,0.00,9.19,0.1250,0.0000,0.5000,-1.43,0.1250,0.1481,0.1117,1.33,-6.52
1811,R.J. Hampton,1630181,Miami Heat,MIA,1610612748,SG,2023-24,3,17,0.59,0.35,0.47,0.00,0.00,0.18,4.47,0.2857,0.1250,0.5000,1.24,0.3214,0.3360,0.1033,1.16,-7.48
449,Jamaree Bouyea,1631123,Portland Trail Blazers,POR,1610612757,SG,2023-24,3,6,1.67,1.67,1.33,0.00,0.00,1.33,9.53,0.2381,0.0000,,-3.67,0.2381,0.2381,0.2187,0.60,-7.94
69,Timmy Allen,1641851,Memphis Grizzlies,MEM,1610612763,SF,2023-24,3,5,2.60,3.40,1.00,0.80,0.00,0.40,25.08,0.2609,0.0000,0.5000,-13.00,0.2609,0.2722,0.0864,0.43,-8.49
2771,Seth Lundy,1641754,Atlanta Hawks,ATL,1610612737,SG,2023-24,3,24,0.58,0.29,0.00,0.00,0.00,0.04,2.16,0.2353,0.2308,0.7500,-0.54,0.3235,0.3731,0.1601,0.37,-10.59
1473,Melvin Frazier Jr.,1628982,Oklahoma City Thunder,OKC,1610612760,SG,2021-22,1,3,10.67,4.33,0.33,0.33,0.00,1.00,39.87,0.2708,0.0476,0.7143,-30.67,0.2813,0.3132,0.1986,0.04,-9.54
3665,Myles Powell,1629619,Philadelphia 76ers,PHI,1610612755,SG,2021-22,1,23,0.57,0.26,0.13,0.04,0.00,0.13,2.26,0.2941,0.1667,1.0000,-0.78,0.3235,0.3635,0.1818,0.00,-8.44
401,Buddy Boeheim,1631205,Detroit Pistons,DET,1610612765,SF,2022-23,2,22,0.73,0.27,0.18,0.09,0.00,0.00,4.10,0.1852,0.1600,1.0000,0.14,0.2593,0.2869,0.1337,0.00,-7.22
2049,Jalen Hood-Schifino,1641720,Los Angeles Lakers,LAL,1610612747,PG,2023-24,3,45,0.76,0.29,0.18,0.07,0.04,0.20,2.42,0.2222,0.1333,0.6000,-1.20,0.2444,0.3160,0.2498,-0.16,-7.26
2695,Maxwell Lewis,1641721,Los Angeles Lakers,LAL,1610612747,SF,2023-24,3,62,0.18,0.06,0.10,0.03,0.02,0.16,1.66,0.1905,0.1111,0.6667,-1.18,0.2143,0.2464,0.1362,-2.83,-13.70
2114,De'Andre Hunter,1629631,Sacramento Kings,SAC,1610612758,SG,2025-26,5,6,2.50,0.50,0.17,0.00,0.00,0.67,8.50,0.2105,0.2222,0.8333,-0.17,0.2632,0.3466,0.2075,-3.58,-14.45
414,Leandro Bolmaro,1630195,Utah Jazz,UTA,1610612762,SF,2022-23,2,43,0.14,0.16,0.16,0.07,0.02,0.16,1.59,0.1500,0.0000,,0.05,0.1500,0.1500,0.1656,-5.10,-8.81
