full_name,team_name,position,season,avg_pts,avg_reb,avg_ast,per
Nikola Jokić,Denver Nuggets,C,2021-22,26.72,13.59,7.79,39.80
Joel Embiid,Philadelphia 76ers,C,2023-24,31.47,10.00,5.09,37.58
Nikola Jokić,Denver Nuggets,C,2025-26,27.68,12.86,10.72,37.57
Nikola Jokić,Denver Nuggets,C,2024-25,29.59,12.74,10.23,37.54
Nikola Jokić,Denver Nuggets,C,2022-23,24.49,11.84,9.83,37.38
Giannis Antetokounmpo,Milwaukee Bucks,PF,2021-22,29.44,11.44,5.71,36.96
Nikola Jokić,Denver Nuggets,C,2023-24,26.39,12.35,8.96,36.39
Giannis Antetokounmpo,Milwaukee Bucks,PF,2025-26,27.58,9.78,5.44,36.07
Giannis Antetokounmpo,Milwaukee Bucks,PF,2024-25,29.47,11.53,6.24,35.38
Giannis Antetokounmpo,Milwaukee Bucks,PF,2022-23,31.10,11.78,5.70,34.96
Giannis Antetokounmpo,Milwaukee Bucks,PF,2023-24,30.44,11.52,6.52,34.84
Joel Embiid,Philadelphia 76ers,C,2021-22,29.70,11.37,4.06,34.79
Victor Wembanyama,San Antonio Spurs,PF,2025-26,25.05,11.54,3.13,34.58
Joel Embiid,Philadelphia 76ers,C,2022-23,31.64,9.71,3.97,33.99
Luka Dončić,Dallas Mavericks,SG,2023-24,33.86,9.24,9.80,32.89
Anthony Davis,Los Angeles Lakers,PF,2022-23,25.46,12.32,2.60,31.94
Luka Dončić,Dallas Mavericks,SG,2022-23,32.39,8.62,8.02,31.36
Shai Gilgeous-Alexander,Oklahoma City Thunder,PG,2025-26,31.16,4.30,6.61,31.27
Shai Gilgeous-Alexander,Oklahoma City Thunder,PG,2024-25,32.26,4.88,6.32,31.15
Anthony Davis,Los Angeles Lakers,PF,2023-24,23.75,12.16,3.37,30.94
Shai Gilgeous-Alexander,Oklahoma City Thunder,PG,2023-24,30.05,5.53,6.20,30.75
Leonard Miller,Minnesota Timberwolves,PF,2023-24,0.91,0.63,0.25,30.74
Anthony Davis,Los Angeles Lakers,PF,2024-25,24.57,11.34,3.20,30.70
Luka Dončić,Los Angeles Lakers,SG,2025-26,32.97,7.62,8.15,30.37
Bruno Fernando,Houston Rockets,PF,2021-22,2.56,1.48,0.11,30.13
Rudy Gobert,Utah Jazz,C,2021-22,15.10,14.24,1.06,29.85
Kristaps Porziņģis,Washington Wizards,PF,2021-22,20.89,8.33,2.78,29.74
Victor Wembanyama,San Antonio Spurs,PF,2023-24,21.14,10.49,3.81,29.64
D.J. Wilson,Toronto Raptors,PF,2021-22,6.00,3.20,1.00,29.58
Zion Williamson,New Orleans Pelicans,SF,2024-25,21.06,6.17,4.54,29.58
LeBron James,Los Angeles Lakers,PF,2021-22,28.25,7.65,5.82,29.54
Domantas Sabonis,Sacramento Kings,PF,2023-24,19.43,13.66,8.21,29.40
Luka Dončić,Dallas Mavericks,SG,2021-22,28.42,9.12,8.74,29.35
Moses Brown,Dallas Mavericks,C,2024-25,9.40,6.20,0.40,29.12
Kevin Durant,Brooklyn Nets,PF,2021-22,29.87,7.40,6.38,29.07
LeBron James,Los Angeles Lakers,PF,2023-24,24.96,7.10,8.07,28.97
Victor Wembanyama,San Antonio Spurs,PF,2024-25,24.23,10.98,3.64,28.79
Kevin Durant,Brooklyn Nets,PF,2022-23,29.69,6.72,5.31,28.74
Jalen Duren,Detroit Pistons,C,2025-26,18.25,9.96,1.86,28.65
Domantas Sabonis,Sacramento Kings,PF,2022-23,19.11,12.32,7.25,28.57
LeBron James,Los Angeles Lakers,PF,2022-23,27.89,8.02,6.58,28.47
Kawhi Leonard,Los Angeles Clippers,SF,2025-26,27.89,6.35,3.60,28.24
Boban Marjanovic,Houston Rockets,C,2023-24,0.56,0.40,0.07,28.05
Shai Gilgeous-Alexander,Oklahoma City Thunder,PG,2022-23,30.50,4.70,5.30,27.73
Kevin Durant,Phoenix Suns,PF,2022-23,23.11,5.67,3.11,27.67
Zion Williamson,New Orleans Pelicans,SF,2022-23,26.00,6.97,4.59,27.65
Damian Lillard,Portland Trail Blazers,PG,2022-23,27.44,4.07,6.25,27.64
Domantas Sabonis,Sacramento Kings,PF,2024-25,19.10,13.89,6.04,27.63
Andre Drummond,Brooklyn Nets,C,2021-22,10.85,9.50,1.31,27.63
Jimmy Butler III,Miami Heat,SF,2022-23,22.55,5.77,5.23,27.62
Ja Morant,Memphis Grizzlies,PG,2021-22,27.44,5.70,6.74,27.57
Stephen Curry,Golden State Warriors,PG,2022-23,29.43,6.09,6.29,27.54
Mark Williams,Charlotte Hornets,C,2024-25,14.91,9.93,2.42,27.42
Karl-Anthony Towns,Minnesota Timberwolves,C,2021-22,24.24,9.69,3.59,27.31
Dejounte Murray,San Antonio Spurs,PG,2021-22,20.84,8.16,9.09,27.24
Ja Morant,Memphis Grizzlies,PG,2022-23,26.16,5.85,8.08,27.21
Luka Dončić,Dallas Mavericks,SG,2024-25,28.14,8.32,7.82,27.21
Daniel Gafford,Dallas Mavericks,PF,2023-24,11.17,6.93,1.59,27.08
Tyrese Haliburton,Indiana Pacers,PG,2023-24,20.13,3.93,10.90,27.07
Anthony Davis,Los Angeles Lakers,PF,2021-22,21.07,8.95,2.77,27.00
Anthony Davis,Dallas Mavericks,PF,2024-25,18.00,9.10,4.00,26.97
Boban Marjanovic,Houston Rockets,C,2022-23,1.26,0.74,0.11,26.93
Andre Drummond,Chicago Bulls,C,2023-24,8.39,8.96,0.47,26.92
Joel Embiid,Philadelphia 76ers,C,2025-26,26.18,7.51,3.85,26.88
Trae Young,Atlanta Hawks,PG,2021-22,28.36,3.74,9.70,26.87
Jayson Tatum,Boston Celtics,SG,2022-23,30.07,8.77,4.62,26.81
LeBron James,Los Angeles Lakers,PF,2024-25,24.43,7.80,8.21,26.80
Luka Dončić,Los Angeles Lakers,SG,2024-25,28.18,8.07,7.54,26.70
Domantas Sabonis,Indiana Pacers,PF,2021-22,18.89,12.06,5.02,26.64
Karl-Anthony Towns,New York Knicks,C,2024-25,22.55,11.79,2.85,26.62
Ty Jerome,Memphis Grizzlies,PG,2025-26,11.80,1.68,3.40,26.52
Deandre Ayton,Phoenix Suns,C,2021-22,13.47,8.01,1.14,26.44
Jarrett Allen,Cleveland Cavaliers,C,2021-22,15.86,10.56,1.61,26.41
JaVale McGee,Phoenix Suns,C,2021-22,9.19,6.70,0.57,26.34
Jalen Johnson,Atlanta Hawks,SF,2025-26,21.61,9.87,7.55,26.33
Kenneth Lofton Jr.,Utah Jazz,SF,2023-24,7.86,2.86,2.71,26.26
Domantas Sabonis,Sacramento Kings,PF,2021-22,17.69,11.56,5.44,26.26
Tyrese Haliburton,Indiana Pacers,PG,2022-23,20.71,3.66,10.45,26.23
Ivica Zubac,Los Angeles Clippers,C,2024-25,16.75,12.63,2.68,26.23
Robert Williams III,Portland Trail Blazers,C,2025-26,4.96,5.19,0.75,26.20
Kai Jones,Dallas Mavericks,C,2024-25,11.42,6.58,1.25,26.12
Jonas Valančiūnas,Washington Wizards,C,2024-25,11.67,8.27,2.23,26.11
Jarrett Allen,Cleveland Cavaliers,C,2024-25,13.45,9.73,1.93,26.05
Montrezl Harrell,Washington Wizards,PF,2021-22,14.07,6.72,2.09,26.02
Tony Bradley,Indiana Pacers,C,2024-25,2.65,1.83,0.26,25.97
Trae Young,Washington Wizards,PG,2025-26,9.50,1.88,3.88,25.87
Evan Mobley,Cleveland Cavaliers,C,2024-25,18.54,9.28,3.18,25.86
N'Faly Dante,Houston Rockets,C,2024-25,2.18,1.91,0.18,25.86
Anthony Davis,Dallas Mavericks,PF,2025-26,20.35,11.05,2.80,25.79
Charles Bassey,Golden State Warriors,C,2025-26,10.60,7.20,1.00,25.78
Clint Capela,Atlanta Hawks,C,2021-22,11.08,11.85,1.24,25.78
Joel Embiid,Philadelphia 76ers,C,2024-25,18.08,6.20,3.40,25.77
Clint Capela,Atlanta Hawks,C,2022-23,11.63,10.70,0.87,25.74
Daniel Gafford,Dallas Mavericks,PF,2024-25,10.46,5.79,1.19,25.73
Jarrett Allen,Cleveland Cavaliers,C,2023-24,16.51,10.53,2.73,25.72
Andre Drummond,Chicago Bulls,C,2022-23,5.25,5.84,0.43,25.57
Moses Brown,Los Angeles Clippers,C,2022-23,3.10,2.78,0.08,25.54
Jonas Valančiūnas,New Orleans Pelicans,C,2021-22,17.52,11.24,2.53,25.39
Jayson Tatum,Boston Celtics,SG,2023-24,26.49,8.01,4.85,25.36
Kawhi Leonard,Los Angeles Clippers,SF,2022-23,23.83,6.50,3.92,25.32
Adama Sanogo,Chicago Bulls,PF,2023-24,1.64,1.64,0.00,25.30
Jarrett Allen,Cleveland Cavaliers,C,2025-26,15.09,8.35,1.75,25.24
Brandon Clarke,Memphis Grizzlies,SF,2021-22,9.79,5.03,1.26,25.16
Bam Adebayo,Miami Heat,C,2021-22,19.07,10.07,3.39,25.13
Norman Powell,Los Angeles Clippers,SG,2021-22,17.83,2.33,2.33,25.06
Hassan Whiteside,Utah Jazz,C,2021-22,7.97,7.37,0.39,25.05
Karl-Anthony Towns,New York Knicks,C,2025-26,19.41,11.59,2.95,25.03
James Harden,Brooklyn Nets,PG,2021-22,20.20,7.16,9.12,25.01
Paul Reed,Detroit Pistons,PF,2025-26,6.30,3.68,1.00,24.97
Zion Williamson,New Orleans Pelicans,SF,2023-24,20.79,5.27,4.57,24.91
Alperen Sengun,Houston Rockets,C,2023-24,21.13,9.35,4.95,24.90
Nikola Vučević,Chicago Bulls,C,2024-25,18.23,9.93,3.46,24.88
Kristaps Porziņģis,Washington Wizards,PF,2022-23,22.13,8.03,2.56,24.88
T.J. McConnell,Indiana Pacers,PG,2023-24,8.98,2.36,4.81,24.88
Jalen Duren,Detroit Pistons,C,2024-25,11.77,10.35,2.68,24.81
Willy Hernangomez,New Orleans Pelicans,C,2021-22,5.81,4.33,0.81,24.81
Zach Edey,Memphis Grizzlies,C,2025-26,11.54,9.38,0.92,24.80
Jimmy Butler III,Miami Heat,SF,2021-22,21.39,5.89,5.47,24.79
Oscar Tshiebwe,Utah Jazz,PF,2024-25,3.45,3.94,0.29,24.79
Jimmy Butler III,Golden State Warriors,SF,2025-26,19.49,5.41,4.74,24.79
James Harden,Philadelphia 76ers,PG,2021-22,21.05,7.10,10.48,24.77
Jonas Valančiūnas,Denver Nuggets,C,2025-26,8.10,4.70,1.11,24.73
Jaren Jackson Jr.,Utah Jazz,PF,2025-26,22.33,4.33,2.67,24.67
Thomas Bryant,Los Angeles Lakers,C,2022-23,11.81,6.64,0.69,24.66
Lauri Markkanen,Utah Jazz,PF,2022-23,25.62,8.64,1.86,24.63
Moussa Diabaté,Los Angeles Clippers,PF,2023-24,1.21,1.00,0.17,24.62
Jakob Poeltl,Toronto Raptors,C,2022-23,13.12,9.12,2.15,24.61
Kawhi Leonard,Los Angeles Clippers,SF,2023-24,23.72,6.12,3.59,24.56
Alperen Sengun,Houston Rockets,C,2024-25,18.20,9.81,4.68,24.54
Kel'el Ware,Miami Heat,C,2025-26,10.77,8.78,0.71,24.54
Jayson Tatum,Boston Celtics,SG,2024-25,24.77,7.99,5.53,24.51
Donovan Clingan,Portland Trail Blazers,C,2025-26,11.53,11.01,2.00,24.48
Jusuf Nurkić,Portland Trail Blazers,C,2021-22,14.77,10.86,2.75,24.46
Chet Holmgren,Oklahoma City Thunder,C,2025-26,16.87,8.80,1.67,24.43
Kevin Durant,Phoenix Suns,PF,2023-24,26.74,6.51,4.97,24.41
Walker Kessler,Utah Jazz,C,2022-23,9.18,8.38,0.93,24.37
James Harden,Philadelphia 76ers,PG,2022-23,19.61,5.71,9.97,24.36
Kristaps Porziņģis,Boston Celtics,PF,2023-24,19.74,7.05,1.98,24.35
Jayson Tatum,Boston Celtics,SG,2021-22,26.92,8.01,4.39,24.33
Jayson Tatum,Boston Celtics,SG,2025-26,21.75,10.00,5.31,24.28
Moses Brown,Cleveland Cavaliers,C,2021-22,5.29,4.35,0.00,24.20
Ryan Rollins,Washington Wizards,PG,2023-24,2.41,0.65,0.65,24.18
Mark Williams,Charlotte Hornets,C,2023-24,12.74,9.68,1.16,24.13
Andre Drummond,Philadelphia 76ers,C,2021-22,5.96,8.66,1.94,24.13
Clint Capela,Atlanta Hawks,C,2023-24,11.00,10.21,1.20,24.08
DeMar DeRozan,Chicago Bulls,PG,2021-22,27.87,5.16,4.92,24.08
Pascal Siakam,Indiana Pacers,PF,2023-24,21.27,7.78,3.71,24.06
Robert Williams III,Boston Celtics,C,2021-22,9.79,9.48,1.95,24.04
Donovan Mitchell,Cleveland Cavaliers,PG,2025-26,27.49,4.45,5.61,24.03
Christian Wood,Houston Rockets,PF,2021-22,17.65,9.94,2.25,24.01
Cade Cunningham,Detroit Pistons,PG,2025-26,23.59,5.45,9.63,24.00
Walker Kessler,Utah Jazz,C,2024-25,9.71,10.71,1.47,23.98
Trayce Jackson-Davis,Golden State Warriors,PF,2023-24,6.84,4.32,1.04,23.97
Marvin Bagley III,Washington Wizards,PF,2023-24,13.25,8.08,1.17,23.96
Josh Giddey,Chicago Bulls,SG,2025-26,15.32,7.47,8.23,23.96
Oscar Tshiebwe,Utah Jazz,PF,2025-26,4.59,3.89,0.70,23.96
Bam Adebayo,Miami Heat,C,2023-24,18.47,9.96,3.76,23.95
Kevin Love,Cleveland Cavaliers,PF,2021-22,13.61,7.24,2.16,23.92
LeBron James,Los Angeles Lakers,PF,2025-26,20.93,6.07,7.20,23.88
Lauri Markkanen,Utah Jazz,PF,2023-24,23.24,8.16,2.00,23.87
Chris Paul,Phoenix Suns,PG,2021-22,14.30,4.22,10.48,23.86
Jonas Valančiūnas,New Orleans Pelicans,C,2023-24,12.22,8.79,2.11,23.84
Ja Morant,Memphis Grizzlies,PG,2023-24,15.07,3.33,4.87,23.83
Jonas Valančiūnas,Sacramento Kings,C,2024-25,8.72,6.97,1.75,23.82
Trae Young,Atlanta Hawks,PG,2022-23,25.52,2.89,9.88,23.78
Willy Hernangomez,New Orleans Pelicans,C,2022-23,3.20,2.20,0.40,23.76
Jonas Valančiūnas,New Orleans Pelicans,C,2022-23,14.11,10.18,1.77,23.75
Jalen Duren,Detroit Pistons,C,2023-24,11.68,9.85,2.04,23.74
Cade Cunningham,Detroit Pistons,PG,2024-25,24.40,5.67,8.51,23.73
Jakob Poeltl,San Antonio Spurs,C,2022-23,12.09,9.04,3.07,23.72
Evan Mobley,Cleveland Cavaliers,C,2023-24,15.70,9.36,3.20,23.68
Zion Williamson,New Orleans Pelicans,SF,2025-26,20.34,5.52,3.11,23.67
Stephen Curry,Golden State Warriors,PG,2025-26,26.56,3.58,4.72,23.64
Jalen Brunson,New York Knicks,PG,2023-24,26.98,3.39,6.33,23.64
Deandre Ayton,Phoenix Suns,C,2022-23,16.71,9.26,1.60,23.63
Jakob Poeltl,San Antonio Spurs,C,2021-22,13.26,9.19,2.74,23.62
Stephen Curry,Golden State Warriors,PG,2021-22,25.47,5.23,6.31,23.61
Donovan Mitchell,Cleveland Cavaliers,PG,2023-24,26.13,5.00,5.95,23.60
Mason Plumlee,Charlotte Hornets,PF,2022-23,12.23,9.66,3.66,23.55
Jimmy Butler III,Miami Heat,SF,2024-25,9.71,2.93,2.76,23.54
Devontae Cacok,San Antonio Spurs,SF,2021-22,2.19,2.00,0.29,23.52
Chet Holmgren,Oklahoma City Thunder,C,2023-24,16.55,7.90,2.44,23.52
Stephen Curry,Golden State Warriors,PG,2024-25,23.86,4.31,5.85,23.52
Nikola Vučević,Chicago Bulls,C,2022-23,17.65,11.01,3.23,23.52
Nic Claxton,Brooklyn Nets,C,2022-23,12.48,9.12,1.87,23.51
Isaiah Hartenstein,Oklahoma City Thunder,C,2025-26,8.79,9.04,3.44,23.50
De'Aaron Fox,Sacramento Kings,PG,2022-23,25.01,4.19,6.12,23.50
Deni Avdija,Portland Trail Blazers,SF,2025-26,19.49,5.54,5.39,23.48
Jalen Smith,Indiana Pacers,PF,2023-24,8.84,4.96,0.93,23.48
Kyrie Irving,Dallas Mavericks,PG,2023-24,25.64,5.00,5.16,23.47
Jimmy Butler III,Golden State Warriors,SF,2024-25,17.35,5.32,5.74,23.46
Kyrie Irving,Dallas Mavericks,PG,2022-23,26.95,5.00,6.00,23.45
Obi Toppin,Indiana Pacers,PF,2025-26,9.62,3.66,1.90,23.43
Neemias Queta,Boston Celtics,C,2023-24,3.14,2.49,0.41,23.42
Kevin Durant,Phoenix Suns,PF,2024-25,26.56,6.03,4.24,23.37
Danilo Gallinari,Detroit Pistons,PF,2023-24,5.20,1.40,1.20,23.36
Isaiah Hartenstein,Oklahoma City Thunder,C,2024-25,11.00,10.77,3.88,23.35
Bam Adebayo,Miami Heat,C,2025-26,19.32,9.63,3.05,23.32
CJ McCollum,New Orleans Pelicans,PG,2021-22,24.27,4.46,5.85,23.29
Tyrese Haliburton,Indiana Pacers,PG,2024-25,17.81,3.42,8.95,23.28
Jamal Murray,Denver Nuggets,PG,2025-26,24.74,4.29,6.95,23.27
Wendell Carter Jr.,Orlando Magic,C,2021-22,14.11,9.82,2.59,23.27
Evan Mobley,Cleveland Cavaliers,C,2025-26,17.88,8.88,3.55,23.26
Greg Monroe,Minnesota Timberwolves,PF,2021-22,4.14,3.43,2.29,23.24
Josh Giddey,Chicago Bulls,SG,2024-25,14.39,7.97,7.08,23.21
T.J. McConnell,Indiana Pacers,PG,2025-26,8.20,1.94,4.48,23.21
Domantas Sabonis,Sacramento Kings,PF,2025-26,13.68,9.82,3.55,23.19
Moritz Wagner,Orlando Magic,PF,2024-25,12.87,4.93,1.40,23.18
Scottie Barnes,Toronto Raptors,SG,2023-24,19.85,8.23,6.05,23.18
Alperen Sengun,Houston Rockets,C,2025-26,20.08,8.77,6.10,23.17
Jaylen Brown,Boston Celtics,SG,2025-26,26.82,6.47,4.79,23.17
Montrezl Harrell,Charlotte Hornets,PF,2021-22,10.96,4.69,1.88,23.15
Isaiah Hartenstein,Los Angeles Clippers,C,2021-22,8.04,4.74,2.29,23.11
Devin Booker,Phoenix Suns,PG,2023-24,27.07,4.53,6.94,23.10
Mark Williams,Phoenix Suns,C,2025-26,11.29,7.69,0.94,23.07
Kristaps Porziņģis,Dallas Mavericks,PF,2021-22,18.69,7.46,1.97,23.06
Julius Randle,New York Knicks,PF,2022-23,25.14,9.96,4.10,23.06
Rudy Gobert,Minnesota Timberwolves,C,2022-23,12.86,11.15,1.19,23.05
Rudy Gobert,Minnesota Timberwolves,C,2023-24,13.43,12.43,1.29,23.03
Lauri Markkanen,Utah Jazz,PF,2025-26,25.52,6.57,2.02,23.02
Jakob Poeltl,Toronto Raptors,C,2024-25,12.48,8.29,2.39,23.00
Jimmy Butler III,Miami Heat,SF,2023-24,19.17,4.89,4.58,22.99
Stephen Curry,Golden State Warriors,PG,2023-24,26.43,4.46,5.12,22.97
Walker Kessler,Utah Jazz,C,2025-26,9.00,6.75,1.88,22.94
Jalen Smith,Indiana Pacers,PF,2021-22,11.35,6.46,0.69,22.94
Nikola Vučević,Chicago Bulls,C,2021-22,17.64,11.01,3.23,22.93
Bobby Portis,Milwaukee Bucks,PF,2022-23,13.90,9.46,1.48,22.93
Richaun Holmes,Washington Wizards,PF,2024-25,2.95,2.27,0.54,22.92
Devin Booker,Phoenix Suns,PG,2022-23,26.27,4.29,5.23,22.92
Mark Williams,Charlotte Hornets,C,2022-23,6.14,4.83,0.29,22.92
Jalen Smith,Chicago Bulls,PF,2024-25,6.99,4.76,0.87,22.90
Jonathan Isaac,Orlando Magic,PF,2022-23,4.58,3.67,0.50,22.86
Anthony Edwards,Minnesota Timberwolves,SG,2025-26,28.80,4.95,3.70,22.86
Frank Kaminsky,Phoenix Suns,PF,2021-22,7.31,3.15,1.00,22.85
Jalen Johnson,Atlanta Hawks,SF,2024-25,13.30,6.98,3.54,22.83
Robert Williams III,Boston Celtics,C,2022-23,7.97,8.34,1.43,22.82
Deandre Ayton,Portland Trail Blazers,C,2023-24,16.43,10.88,1.61,22.82
Christian Wood,Dallas Mavericks,PF,2022-23,15.91,7.01,1.73,22.81
Day'Ron Sharpe,Brooklyn Nets,C,2023-24,5.85,5.48,1.20,22.78
Devin Booker,Phoenix Suns,PG,2021-22,23.36,4.38,4.22,22.76
Kevin Love,Miami Heat,PF,2023-24,7.82,5.45,1.85,22.74
LaMelo Ball,Charlotte Hornets,PG,2021-22,19.84,6.59,7.51,22.68
Marvin Bagley III,Washington Wizards,PF,2024-25,3.58,2.12,0.27,22.67
James Harden,Los Angeles Clippers,PG,2025-26,25.41,4.82,8.14,22.62
Jusuf Nurkić,Charlotte Hornets,C,2024-25,7.93,5.63,2.27,22.57
Jamal Murray,Denver Nuggets,PG,2023-24,21.19,4.10,6.51,22.57
Daniel Gafford,Washington Wizards,PF,2021-22,9.15,5.50,0.92,22.56
Damian Lillard,Milwaukee Bucks,PG,2024-25,24.95,4.67,7.07,22.55
David Jones Garcia,San Antonio Spurs,PG,2025-26,1.52,0.62,0.86,22.52
Alondes Williams,Washington Wizards,SG,2025-26,11.00,6.25,3.00,22.47
Kristaps Porziņģis,Boston Celtics,PF,2024-25,15.43,5.36,1.64,22.45
Mitchell Robinson,New York Knicks,C,2025-26,5.68,8.75,0.88,22.42
JaVale McGee,Sacramento Kings,C,2023-24,2.28,1.56,0.21,22.40
Jusuf Nurkić,Phoenix Suns,C,2023-24,10.77,10.87,3.91,22.40
Day'Ron Sharpe,Brooklyn Nets,C,2025-26,8.57,6.56,2.30,22.38
Bam Adebayo,Miami Heat,C,2022-23,19.35,8.71,3.04,22.35
Nikola Vučević,Chicago Bulls,C,2025-26,16.88,8.98,3.77,22.35
Myles Turner,Indiana Pacers,C,2022-23,16.61,6.96,1.33,22.34
Trae Young,Atlanta Hawks,PG,2023-24,22.40,2.40,9.40,22.34
Paolo Banchero,Orlando Magic,PF,2024-25,25.89,7.50,4.76,22.33
Jaren Jackson Jr.,Memphis Grizzlies,PF,2022-23,18.62,6.76,0.95,22.33
Isaiah Jackson,Los Angeles Clippers,SF,2025-26,5.77,3.59,0.95,22.32
Chet Holmgren,Oklahoma City Thunder,C,2024-25,14.09,7.56,1.85,22.31
Isaiah Jackson,Indiana Pacers,SF,2023-24,4.85,3.01,0.63,22.31
Onyeka Okongwu,Atlanta Hawks,PF,2024-25,13.24,8.88,2.27,22.30
Tyrese Haliburton,Indiana Pacers,PG,2021-22,17.46,4.31,9.58,22.30
Tyrese Maxey,Philadelphia 76ers,PG,2025-26,28.29,4.14,6.59,22.27
Clint Capela,Atlanta Hawks,C,2024-25,8.61,8.23,1.11,22.26
Kyrie Irving,Brooklyn Nets,PG,2022-23,26.44,4.98,5.15,22.25
Shai Gilgeous-Alexander,Oklahoma City Thunder,PG,2021-22,24.48,4.96,5.91,22.23
Kevin Durant,Houston Rockets,PF,2025-26,25.97,5.46,4.77,22.23
Kevin Porter Jr.,Milwaukee Bucks,PG,2024-25,11.35,3.81,3.61,22.22
Ivica Zubac,Los Angeles Clippers,C,2023-24,11.18,8.82,1.31,22.22
Day'Ron Sharpe,Brooklyn Nets,C,2021-22,3.47,2.81,0.30,22.20
Nic Claxton,Brooklyn Nets,C,2023-24,11.21,9.41,1.96,22.20
Ja Morant,Memphis Grizzlies,PG,2024-25,22.73,4.02,7.14,22.19
Donovan Mitchell,Cleveland Cavaliers,PG,2022-23,27.46,4.13,4.30,22.16
Ivica Zubac,Los Angeles Clippers,C,2021-22,10.33,8.47,1.58,22.15
James Harden,Los Angeles Clippers,PG,2024-25,22.81,5.77,8.70,22.13
Alperen Sengun,Houston Rockets,C,2022-23,14.59,8.92,3.83,22.08
Jakob Poeltl,Toronto Raptors,C,2023-24,11.10,8.58,2.54,22.07
Charles Bassey,San Antonio Spurs,C,2024-25,2.91,2.80,0.31,22.05
Brandon Clarke,Memphis Grizzlies,SF,2022-23,9.98,5.54,1.29,22.04
Marvin Bagley III,Dallas Mavericks,PF,2025-26,9.68,6.00,1.16,22.02
Daniel Gafford,Washington Wizards,PF,2023-24,10.89,8.02,1.53,22.02
Anthony Edwards,Minnesota Timberwolves,SG,2023-24,25.94,5.44,5.13,22.00
Ivica Zubac,Los Angeles Clippers,C,2025-26,14.40,11.00,2.23,21.98
Alex Sarr,Washington Wizards,C,2025-26,13.74,6.23,2.28,21.98
Kyrie Irving,Brooklyn Nets,PG,2021-22,27.45,4.38,5.76,21.97
Micah Potter,Utah Jazz,C,2022-23,1.00,0.67,0.17,21.97
Charles Bassey,San Antonio Spurs,C,2022-23,5.38,5.22,1.30,21.96
Myles Turner,Indiana Pacers,C,2023-24,16.83,6.83,1.28,21.96
Jrue Holiday,Milwaukee Bucks,PG,2022-23,19.25,5.09,7.39,21.95
Charles Bassey,Philadelphia 76ers,C,2021-22,1.08,0.97,0.11,21.94
Scottie Barnes,Toronto Raptors,SG,2025-26,18.10,7.50,5.93,21.93
Julius Randle,New York Knicks,PF,2023-24,22.04,8.46,4.58,21.92
Marvin Bagley III,Washington Wizards,PF,2025-26,8.95,5.02,1.30,21.92
Omer Yurtseven,Miami Heat,C,2021-22,3.83,3.77,0.63,21.91
Pascal Siakam,Toronto Raptors,PF,2021-22,22.81,8.53,5.29,21.90
Pascal Siakam,Toronto Raptors,PF,2022-23,24.23,7.83,5.85,21.90
Jusuf Nurkić,Utah Jazz,C,2025-26,9.12,8.67,4.00,21.88
Jalen Williams,Oklahoma City Thunder,SG,2024-25,20.70,5.13,4.92,21.88
DeAndre Jordan,Los Angeles Lakers,C,2021-22,2.20,2.87,0.22,21.88
LaMarcus Aldridge,Brooklyn Nets,C,2021-22,11.45,4.87,0.79,21.87
Jarrett Allen,Cleveland Cavaliers,C,2022-23,13.65,9.38,1.59,21.85
Donovan Mitchell,Cleveland Cavaliers,PG,2024-25,23.96,4.54,4.99,21.85
Luka Garza,Minnesota Timberwolves,C,2022-23,3.62,1.26,0.36,21.84
LaMelo Ball,Charlotte Hornets,PG,2023-24,22.87,4.91,7.65,21.84
Brandon Ingram,New Orleans Pelicans,SF,2022-23,24.71,5.47,5.82,21.82
Dereck Lively II,Dallas Mavericks,C,2024-25,6.83,5.87,1.85,21.80
Drew Eubanks,Portland Trail Blazers,PF,2021-22,13.83,8.09,1.52,21.80
Scottie Barnes,Toronto Raptors,SG,2024-25,18.69,7.49,5.64,21.78
Mikal Bridges,Brooklyn Nets,SG,2022-23,26.15,4.48,2.67,21.76
Kawhi Leonard,Los Angeles Clippers,SF,2024-25,21.51,5.92,3.14,21.74
Steven Adams,Memphis Grizzlies,C,2022-23,8.60,11.55,2.31,21.73
Paolo Banchero,Orlando Magic,PF,2025-26,22.20,8.33,5.17,21.72
Jaylen Hoard,Oklahoma City Thunder,PF,2021-22,12.88,10.50,2.13,21.70
Trayce Jackson-Davis,Golden State Warriors,PF,2024-25,4.96,3.79,1.27,21.70
Paul George,Los Angeles Clippers,SF,2021-22,23.56,6.66,5.50,21.70
Karl-Anthony Towns,Minnesota Timberwolves,C,2022-23,20.76,8.14,4.83,21.68
Pascal Siakam,Toronto Raptors,PF,2023-24,21.63,6.15,4.75,21.66
Jalen Brunson,New York Knicks,PG,2024-25,25.22,2.79,7.09,21.65
Robert Williams III,Portland Trail Blazers,C,2024-25,2.15,2.19,0.39,21.64
Kenneth Lofton Jr.,Memphis Grizzlies,SF,2022-23,2.55,1.09,0.43,21.64
Bam Adebayo,Miami Heat,C,2024-25,17.01,9.07,4.14,21.62
Josh Giddey,Oklahoma City Thunder,SG,2022-23,16.58,7.88,6.17,21.60
Karl-Anthony Towns,Minnesota Timberwolves,C,2023-24,21.76,8.31,3.05,21.57
Michael Porter Jr.,Brooklyn Nets,PF,2025-26,23.31,6.80,2.93,21.56
Kris Dunn,Utah Jazz,PG,2022-23,13.18,4.55,5.64,21.55
Kevon Looney,Golden State Warriors,PF,2022-23,7.05,9.27,2.52,21.54
Damian Lillard,Milwaukee Bucks,PG,2023-24,23.99,4.32,6.86,21.54
Jay Huff,Washington Wizards,C,2022-23,4.64,1.91,0.91,21.53
Kristaps Porziņģis,Atlanta Hawks,PF,2025-26,9.39,2.81,1.48,21.52
Steven Adams,Memphis Grizzlies,C,2021-22,6.95,10.00,3.37,21.51
Tyler Herro,Miami Heat,SG,2024-25,22.53,4.85,5.22,21.48
Jrue Holiday,Milwaukee Bucks,PG,2021-22,17.50,4.30,6.53,21.47
Brandon Ingram,New Orleans Pelicans,SF,2021-22,20.77,5.33,5.12,21.47
Donovan Mitchell,Utah Jazz,PG,2021-22,25.87,4.21,5.34,21.43
Thomas Bryant,Miami Heat,C,2023-24,2.65,1.72,0.28,21.42
Goga Bitadze,Orlando Magic,C,2022-23,4.26,3.83,0.91,21.42
Charles Bassey,San Antonio Spurs,C,2023-24,3.00,3.62,1.00,21.41
Bol Bol,Phoenix Suns,C,2023-24,3.14,1.93,0.24,21.40
Trae Young,Atlanta Hawks,PG,2025-26,10.72,0.83,4.94,21.39
Josh Giddey,Oklahoma City Thunder,SG,2023-24,12.33,6.43,4.83,21.37
Moritz Wagner,Orlando Magic,PF,2023-24,10.59,4.23,1.17,21.37
Zach LaVine,Chicago Bulls,SG,2021-22,24.40,4.60,4.52,21.36
DeMar DeRozan,Chicago Bulls,PG,2022-23,24.54,4.64,5.09,21.34
Javonte Green,Chicago Bulls,SG,2023-24,10.00,6.09,0.45,21.33
Anthony Edwards,Minnesota Timberwolves,SG,2024-25,27.21,5.63,4.49,21.31
Dejounte Murray,New Orleans Pelicans,PG,2025-26,14.63,4.69,5.56,21.31
Bobby Portis,Milwaukee Bucks,PF,2024-25,12.18,7.31,1.85,21.31
Zach LaVine,Chicago Bulls,SG,2024-25,23.98,4.81,4.50,21.30
Jaylen Brown,Boston Celtics,SG,2022-23,26.24,6.75,3.41,21.29
Markelle Fultz,Orlando Magic,PG,2021-22,10.83,2.72,5.50,21.28
De'Aaron Fox,Sacramento Kings,PG,2023-24,26.57,4.59,5.65,21.26
Mason Plumlee,Los Angeles Clippers,PF,2022-23,7.48,6.91,1.74,21.25
Zach Collins,Chicago Bulls,PF,2025-26,6.06,3.50,0.94,21.24
Aaron Gordon,Denver Nuggets,SF,2022-23,16.31,6.56,2.99,21.22
Jeremy Sochan,New York Knicks,SF,2025-26,1.69,1.31,0.46,21.22
John Collins,Utah Jazz,PF,2024-25,18.49,7.98,1.95,21.21
Trae Young,Atlanta Hawks,PG,2024-25,23.76,3.01,11.45,21.19
James Harden,Cleveland Cavaliers,PG,2025-26,20.54,4.77,7.65,21.18
Austin Reaves,Los Angeles Lakers,PG,2025-26,22.83,4.62,5.38,21.17
Ty Jerome,Cleveland Cavaliers,PG,2024-25,12.54,2.47,3.39,21.15
Day'Ron Sharpe,Brooklyn Nets,C,2024-25,7.63,6.35,1.75,21.13
Goga Bitadze,Orlando Magic,C,2025-26,4.75,4.05,1.07,21.12
Ben Simmons,Brooklyn Nets,PG,2023-24,5.75,7.44,5.38,21.12
Mitchell Robinson,New York Knicks,C,2021-22,8.03,8.12,0.50,21.12
Jalen Brunson,New York Knicks,PG,2022-23,23.00,3.39,5.93,21.11
Pascal Siakam,Indiana Pacers,PF,2025-26,21.21,5.87,3.37,21.10
LaMelo Ball,Charlotte Hornets,PG,2025-26,20.07,4.82,7.14,21.08
Neemias Queta,Boston Celtics,C,2025-26,9.82,8.05,1.59,21.08
Kadary Richmond,Washington Wizards,SG,2025-26,8.33,3.33,2.67,21.08
James Harden,Los Angeles Clippers,PG,2023-24,16.56,5.13,8.53,21.04
Joan Beringer,Minnesota Timberwolves,PF,2025-26,2.23,1.31,0.17,21.04
Deandre Ayton,Portland Trail Blazers,C,2024-25,9.00,6.34,1.00,21.03
Dwight Howard,Los Angeles Lakers,C,2021-22,4.83,4.62,0.45,21.03
DeAndre Jordan,Philadelphia 76ers,C,2021-22,3.70,4.60,0.40,21.03
Trayce Jackson-Davis,Toronto Raptors,PF,2025-26,1.29,1.38,0.29,21.02
Sandro Mamukelashvili,San Antonio Spurs,PF,2024-25,4.70,2.24,0.54,21.02
Paul George,Los Angeles Clippers,SF,2022-23,23.79,6.11,5.14,21.01
Pascal Siakam,Indiana Pacers,PF,2024-25,19.96,6.82,3.30,21.00
Zach Edey,Memphis Grizzlies,C,2024-25,8.97,8.06,0.96,20.99
Nikola Vučević,Chicago Bulls,C,2023-24,17.79,10.40,3.30,20.99
Miles Bridges,Charlotte Hornets,PF,2024-25,20.31,7.52,3.88,20.99
DeMarcus Cousins,Milwaukee Bucks,C,2021-22,8.56,5.44,1.00,20.96
RJ Barrett,Toronto Raptors,SG,2023-24,19.33,5.67,3.61,20.96
Josh Hart,Portland Trail Blazers,SG,2021-22,16.19,4.38,3.50,20.95
Rudy Gobert,Minnesota Timberwolves,C,2025-26,10.49,11.04,1.62,20.95
Walker Kessler,Utah Jazz,C,2023-24,7.97,7.40,0.92,20.95
DeMarcus Cousins,Denver Nuggets,C,2021-22,7.89,4.91,1.51,20.94
Bradley Beal,Washington Wizards,PG,2022-23,21.48,3.63,5.02,20.92
Jonathan Isaac,Orlando Magic,PF,2023-24,6.24,4.13,0.48,20.90
Franz Wagner,Orlando Magic,PF,2025-26,20.84,5.13,3.38,20.90
Franz Wagner,Orlando Magic,PF,2024-25,24.15,5.70,4.73,20.87
Bobby Portis,Milwaukee Bucks,PF,2021-22,14.41,9.00,1.18,20.86
Desmond Bane,Memphis Grizzlies,SG,2024-25,19.23,6.06,5.35,20.85
T.J. McConnell,Indiana Pacers,PG,2024-25,9.14,2.43,4.44,20.85
Jalen Williams,Oklahoma City Thunder,SG,2025-26,17.06,4.56,5.53,20.83
Skylar Mays,Portland Trail Blazers,PG,2022-23,15.33,3.17,8.33,20.80
Collin Sexton,Utah Jazz,PG,2023-24,18.69,2.63,4.91,20.79
Thaddeus Young,San Antonio Spurs,SF,2021-22,3.04,1.79,1.13,20.79
Udoka Azubuike,Utah Jazz,C,2021-22,2.22,1.97,0.00,20.79
Coby White,Charlotte Hornets,PG,2025-26,14.26,2.70,2.78,20.78
Frank Kaminsky,Houston Rockets,PF,2022-23,0.69,0.62,0.42,20.77
Bol Bol,Phoenix Suns,C,2024-25,3.17,1.35,0.29,20.77
Mitchell Robinson,New York Knicks,C,2024-25,4.58,5.32,0.68,20.75
Goga Bitadze,Orlando Magic,C,2024-25,6.78,6.26,1.85,20.75
Desmond Bane,Memphis Grizzlies,SG,2022-23,21.14,4.93,4.31,20.73
Rudy Gobert,Minnesota Timberwolves,C,2024-25,12.03,10.90,1.76,20.73
Miles Bridges,Charlotte Hornets,PF,2021-22,20.16,6.99,3.75,20.71
Cooper Flagg,Dallas Mavericks,PF,2025-26,21.12,6.64,4.52,20.70
Tre Jones,Chicago Bulls,PG,2024-25,11.50,3.22,4.89,20.69
Jusuf Nurkić,Portland Trail Blazers,C,2022-23,12.62,8.56,2.71,20.69
David Roddy,Denver Nuggets,SF,2025-26,3.64,1.82,0.36,20.67
Zach Collins,Chicago Bulls,PF,2024-25,8.00,6.23,1.97,20.65
Darius Garland,Cleveland Cavaliers,PG,2024-25,20.05,2.78,6.57,20.65
Daniel Gafford,Washington Wizards,PF,2022-23,8.92,5.48,1.06,20.65
Jaylen Brown,Boston Celtics,SG,2021-22,23.62,6.12,3.50,20.64
Devin Booker,Phoenix Suns,PG,2025-26,26.06,3.88,6.03,20.63
Jaren Jackson Jr.,Memphis Grizzlies,PF,2024-25,22.18,5.64,2.00,20.63
LaMelo Ball,Charlotte Hornets,PG,2022-23,22.65,6.24,8.22,20.62
Tre Jones,Chicago Bulls,PG,2025-26,12.52,2.79,4.79,20.61
Daniel Gafford,Dallas Mavericks,PF,2025-26,9.23,6.68,0.98,20.60
Brandon Ingram,New Orleans Pelicans,SF,2023-24,20.49,4.98,5.58,20.60
Nick Richards,Charlotte Hornets,C,2022-23,6.65,5.20,0.48,20.59
Paolo Banchero,Orlando Magic,PF,2023-24,22.55,6.93,5.39,20.59
Brandon Clarke,Memphis Grizzlies,SF,2023-24,6.80,3.20,0.90,20.59
Bobby Portis,Milwaukee Bucks,PF,2023-24,13.78,7.40,1.27,20.58
Keyonte George,Utah Jazz,PG,2025-26,22.37,3.49,5.82,20.56
Luke Kornet,Boston Celtics,C,2023-24,4.45,3.48,0.89,20.49
Jeff Dowtin Jr.,Philadelphia 76ers,PG,2023-24,3.47,1.33,1.80,20.49
John Collins,Atlanta Hawks,PF,2021-22,16.22,7.81,1.81,20.48
Santi Aldama,Memphis Grizzlies,PF,2024-25,12.10,6.21,2.81,20.48
Dejounte Murray,Atlanta Hawks,PG,2023-24,21.38,5.07,6.12,20.46
Terry Rozier,Charlotte Hornets,PG,2023-24,22.45,3.77,6.39,20.45
Julius Randle,Minnesota Timberwolves,PF,2025-26,21.10,6.73,5.04,20.44
Naz Reid,Minnesota Timberwolves,C,2022-23,10.41,4.44,1.03,20.44
Damian Lillard,Portland Trail Blazers,PG,2021-22,23.97,4.14,7.31,20.42
Darius Garland,Cleveland Cavaliers,PG,2021-22,21.66,3.29,8.57,20.42
Amen Thompson,Houston Rockets,SG,2024-25,12.04,7.05,3.34,20.41
John Collins,Utah Jazz,PF,2023-24,14.67,8.21,1.10,20.39
Boban Marjanovic,Dallas Mavericks,C,2021-22,1.29,0.51,0.04,20.38
Onyeka Okongwu,Atlanta Hawks,PF,2022-23,9.89,7.20,1.01,20.38
Amen Thompson,Houston Rockets,SG,2023-24,9.55,6.60,2.63,20.37
Kel'el Ware,Miami Heat,C,2024-25,7.80,6.20,0.79,20.36
Jalen Brunson,New York Knicks,PG,2025-26,25.85,3.33,6.78,20.34
PJ Hall,Denver Nuggets,C,2024-25,0.73,0.49,0.09,20.34
Jaylin Williams,Oklahoma City Thunder,PF,2024-25,5.25,4.94,2.26,20.34
Russell Westbrook,Los Angeles Clippers,PG,2022-23,15.81,4.86,7.62,20.32
Keshad Johnson,Miami Heat,SF,2024-25,0.88,0.57,0.08,20.32
Jalen Williams,Oklahoma City Thunder,SG,2023-24,19.08,3.97,4.54,20.32
Nathan Knight,Minnesota Timberwolves,PF,2021-22,1.79,1.10,0.29,20.30
Khris Middleton,Milwaukee Bucks,SF,2021-22,18.93,5.09,5.11,20.29
Wendell Carter Jr.,Orlando Magic,C,2022-23,14.47,8.28,2.20,20.27
Chris Boucher,Toronto Raptors,SF,2024-25,6.44,2.87,0.42,20.26
Kyrie Irving,Dallas Mavericks,PG,2024-25,24.20,4.71,4.53,20.25
Isaiah Hartenstein,New York Knicks,C,2023-24,7.46,8.03,2.41,20.25
Marvin Bagley III,Detroit Pistons,PF,2023-24,6.79,3.03,0.69,20.25
Sandro Mamukelashvili,San Antonio Spurs,PF,2023-24,2.32,1.79,0.60,20.25
Nick Richards,Charlotte Hornets,C,2024-25,8.50,7.18,1.27,20.25
Deandre Ayton,Los Angeles Lakers,C,2025-26,12.12,7.77,0.80,20.24
Tristan Vukcevic,Washington Wizards,PF,2024-25,7.17,2.83,0.85,20.21
DeMar DeRozan,Chicago Bulls,PG,2023-24,23.71,4.25,5.26,20.21
Kevin Porter Jr.,Milwaukee Bucks,PG,2025-26,16.53,4.95,7.00,20.20
Tyrese Maxey,Philadelphia 76ers,PG,2023-24,24.88,3.53,5.93,20.20
Jalen Johnson,Atlanta Hawks,SF,2023-24,14.45,7.87,3.27,20.18
Braxton Key,Denver Nuggets,SF,2023-24,0.44,0.36,0.18,20.17
Luke Kornet,Boston Celtics,C,2021-22,1.13,1.09,0.35,20.16
T.J. McConnell,Indiana Pacers,PG,2022-23,8.55,3.08,5.22,20.15
Deni Avdija,Portland Trail Blazers,SF,2024-25,15.05,6.44,3.47,20.15
Kelly Olynyk,Utah Jazz,PF,2023-24,7.96,4.98,4.29,20.14
DeAndre Jordan,Denver Nuggets,C,2024-25,2.55,3.46,0.65,20.13
LaMelo Ball,Charlotte Hornets,PG,2024-25,25.19,4.94,7.36,20.13
Nic Claxton,Brooklyn Nets,C,2021-22,7.19,4.63,0.75,20.10
Richaun Holmes,Sacramento Kings,PF,2021-22,9.18,6.22,0.94,20.10
Malcolm Brogdon,Indiana Pacers,PG,2021-22,14.93,4.02,4.61,20.09
Evan Mobley,Cleveland Cavaliers,C,2022-23,15.96,8.89,2.80,20.06
Aaron Gordon,Denver Nuggets,SF,2025-26,14.55,5.23,2.40,20.06
Khris Middleton,Milwaukee Bucks,SF,2024-25,12.91,3.73,4.45,20.05
Kristaps Porziņģis,Golden State Warriors,PF,2025-26,9.31,3.08,1.35,20.05
Mike Muscala,Oklahoma City Thunder,PF,2021-22,7.32,2.74,0.47,20.04
Josh Minott,Minnesota Timberwolves,SF,2023-24,0.78,0.27,0.13,20.03
Kyle Kuzma,Washington Wizards,SF,2023-24,21.87,6.54,4.17,20.02
Isaiah Jackson,Indiana Pacers,SF,2021-22,5.60,2.81,0.19,19.99
Paul George,Los Angeles Clippers,SF,2023-24,22.58,5.24,3.54,19.97
Chris Paul,Phoenix Suns,PG,2022-23,12.22,3.75,7.82,19.97
Udoka Azubuike,Utah Jazz,C,2022-23,1.67,1.59,0.15,19.97
Josh Minott,Minnesota Timberwolves,SF,2022-23,0.81,0.44,0.09,19.97
Amen Thompson,Houston Rockets,SG,2025-26,17.81,7.58,5.19,19.92
Malcolm Brogdon,Boston Celtics,PG,2022-23,14.49,4.06,3.59,19.91
Dereck Lively II,Dallas Mavericks,C,2023-24,8.78,6.87,1.09,19.90
Moritz Wagner,Orlando Magic,PF,2021-22,8.55,3.52,1.32,19.89
Julius Randle,New York Knicks,PF,2021-22,19.82,9.81,5.07,19.89
Drew Eubanks,San Antonio Spurs,PF,2021-22,4.22,3.63,0.93,19.86
Russell Westbrook,Los Angeles Lakers,PG,2022-23,15.60,6.06,7.38,19.86
Zach LaVine,Chicago Bulls,SG,2022-23,24.84,4.48,4.25,19.86
Shaquille Harrison,Portland Trail Blazers,PG,2022-23,8.80,4.40,6.00,19.86
Luke Kornet,Boston Celtics,C,2024-25,5.58,4.91,1.48,19.86
De'Aaron Fox,Sacramento Kings,PG,2024-25,24.98,5.00,6.13,19.85
Al Horford,Boston Celtics,C,2021-22,10.01,7.57,3.31,19.85
Robert Covington,Los Angeles Clippers,SF,2021-22,10.39,5.09,1.04,19.84
Khris Middleton,Milwaukee Bucks,SF,2022-23,15.06,4.24,4.94,19.84
Devin Booker,Phoenix Suns,PG,2024-25,25.64,4.07,7.05,19.83
Onyeka Okongwu,Atlanta Hawks,PF,2021-22,8.17,5.90,1.10,19.81
Jaylen Brown,Boston Celtics,SG,2023-24,22.68,5.45,3.51,19.81
RJ Barrett,Toronto Raptors,SG,2024-25,19.11,5.72,4.91,19.80
Anthony Edwards,Minnesota Timberwolves,SG,2022-23,24.33,5.73,4.38,19.80
Cade Cunningham,Detroit Pistons,PG,2023-24,18.99,3.62,6.27,19.79
Chimezie Metu,Sacramento Kings,PF,2022-23,3.96,2.44,0.49,19.79
James Wiseman,Golden State Warriors,C,2022-23,4.03,2.03,0.39,19.79
Tyler Herro,Miami Heat,SG,2025-26,13.02,3.04,2.62,19.75
Andre Drummond,Philadelphia 76ers,C,2025-26,4.98,6.57,0.99,19.73
Jalen Duren,Detroit Pistons,C,2022-23,8.27,8.04,1.01,19.72
Jamal Murray,Denver Nuggets,PG,2022-23,19.97,3.95,6.15,19.71
Jalen Smith,Chicago Bulls,PF,2025-26,9.66,6.34,1.16,19.70
Brook Lopez,Milwaukee Bucks,C,2022-23,15.88,6.67,1.27,19.67
Ivica Zubac,Los Angeles Clippers,C,2022-23,10.62,9.82,1.00,19.66
Buddy Hield,Atlanta Hawks,SG,2025-26,1.24,0.28,0.17,19.65
Kevon Looney,Golden State Warriors,PF,2024-25,4.25,5.70,1.46,19.61
Branden Carlson,Oklahoma City Thunder,C,2025-26,4.94,2.53,0.59,19.59
Desmond Bane,Memphis Grizzlies,SG,2023-24,23.19,4.30,5.35,19.58
Kevin Love,Miami Heat,PF,2024-25,1.77,1.36,0.32,19.57
Zach Collins,San Antonio Spurs,PF,2021-22,7.52,5.28,2.10,19.56
Nic Claxton,Brooklyn Nets,C,2025-26,11.10,6.55,3.47,19.56
Santi Aldama,Memphis Grizzlies,PF,2025-26,12.78,6.16,2.71,19.55
Marvin Bagley III,Detroit Pistons,PF,2021-22,14.56,6.83,1.06,19.54
Jonathan Kuminga,Atlanta Hawks,SF,2025-26,12.25,5.31,2.06,19.54
Drew Eubanks,Utah Jazz,PF,2024-25,4.78,3.73,1.00,19.52
Luke Kornet,San Antonio Spurs,C,2025-26,6.60,6.06,1.87,19.52
Jakob Poeltl,Toronto Raptors,C,2025-26,10.27,6.73,1.94,19.51
Mo Bamba,Orlando Magic,C,2021-22,10.50,7.94,1.18,19.50
Stephon Castle,San Antonio Spurs,PG,2025-26,16.58,5.31,7.46,19.49
Julius Randle,Minnesota Timberwolves,PF,2024-25,18.67,7.06,4.68,19.48
Nick Richards,Phoenix Suns,C,2024-25,9.24,8.32,0.57,19.48
Mason Plumlee,Los Angeles Clippers,PF,2023-24,4.28,4.11,0.96,19.48
Mitchell Robinson,New York Knicks,C,2022-23,7.13,9.10,0.87,19.48
Clint Capela,Houston Rockets,C,2025-26,3.44,4.21,0.61,19.47
Kyle Kuzma,Washington Wizards,SF,2021-22,16.87,8.37,3.48,19.47
DeAndre Jordan,New Orleans Pelicans,C,2025-26,0.65,0.94,0.14,19.46
Khris Middleton,Milwaukee Bucks,SF,2023-24,15.05,4.67,5.31,19.46
Quentin Grimes,Philadelphia 76ers,SG,2024-25,19.13,4.53,3.97,19.44
Damian Jones,Sacramento Kings,C,2021-22,5.82,3.15,0.88,19.43
Gorgui Dieng,Atlanta Hawks,C,2021-22,2.05,1.61,0.45,19.42
Omer Yurtseven,Utah Jazz,C,2023-24,2.81,2.63,0.37,19.41
Isaiah Jackson,Indiana Pacers,SF,2024-25,7.00,5.60,1.00,19.38
Dejounte Murray,Atlanta Hawks,PG,2022-23,20.47,5.26,6.05,19.38
Jarred Vanderbilt,Utah Jazz,SF,2022-23,8.31,7.87,2.73,19.38
Obi Toppin,New York Knicks,PF,2021-22,8.76,3.62,1.04,19.37
Sandro Mamukelashvili,Toronto Raptors,PF,2025-26,11.16,4.94,1.89,19.37
Tyus Jones,Washington Wizards,PG,2023-24,11.13,2.52,6.83,19.35
Steven Adams,Houston Rockets,C,2024-25,3.16,4.59,0.94,19.34
Darius Garland,Los Angeles Clippers,PG,2025-26,19.89,2.32,6.37,19.33
Obi Toppin,Indiana Pacers,PF,2024-25,10.42,3.97,1.59,19.32
Ivica Zubac,Indiana Pacers,C,2025-26,11.60,7.20,1.80,19.32
Bobby Portis,Milwaukee Bucks,PF,2025-26,12.89,6.03,1.48,19.30
Bismack Biyombo,Phoenix Suns,C,2021-22,4.47,3.55,0.49,19.28
DeAndre Jordan,Denver Nuggets,C,2023-24,1.73,1.91,0.32,19.27
Immanuel Quickley,Toronto Raptors,PG,2023-24,18.58,4.79,6.76,19.27
Trey Murphy III,New Orleans Pelicans,SF,2025-26,21.19,5.63,3.73,19.25
Bradley Beal,Washington Wizards,PG,2021-22,22.63,4.61,6.46,19.25
Donovan Clingan,Portland Trail Blazers,C,2024-25,5.32,6.43,0.94,19.24
Josh Hart,New York Knicks,SG,2024-25,13.65,9.57,5.88,19.23
Tari Eason,Houston Rockets,SF,2023-24,9.35,6.65,1.17,19.22
Kelly Olynyk,Toronto Raptors,PF,2023-24,11.87,5.23,4.27,19.22
Chris Duarte,Chicago Bulls,SG,2024-25,0.84,0.47,0.21,19.21
Goga Bitadze,Orlando Magic,C,2023-24,3.79,3.49,0.96,19.19
Russell Westbrook,Los Angeles Clippers,PG,2023-24,11.09,5.04,4.50,19.18
Zach Collins,San Antonio Spurs,PF,2022-23,10.91,6.00,2.69,19.18
Immanuel Quickley,Toronto Raptors,PG,2024-25,12.53,2.60,4.24,19.17
Micah Potter,Indiana Pacers,C,2025-26,8.81,4.48,1.33,19.16
Terry Taylor,Indiana Pacers,SF,2021-22,7.07,3.82,0.91,19.15
Draymond Green,Golden State Warriors,SF,2021-22,7.52,7.30,6.96,19.14
CJ McCollum,New Orleans Pelicans,PG,2023-24,20.03,4.33,4.62,19.13
De'Aaron Fox,San Antonio Spurs,PG,2025-26,18.51,3.77,6.21,19.11
Paul Reed,Philadelphia 76ers,PF,2022-23,3.50,3.20,0.33,19.11
Kyle Filipowski,Utah Jazz,C,2025-26,11.13,6.99,2.51,19.11
Derik Queen,New Orleans Pelicans,C,2025-26,11.70,7.06,3.68,19.10
Deni Avdija,Washington Wizards,SF,2023-24,13.95,6.84,3.62,19.09
Tyrese Maxey,Philadelphia 76ers,PG,2024-25,20.13,2.56,4.66,19.09
Gary Payton II,Golden State Warriors,SG,2025-26,6.75,3.27,1.52,19.08
Dejounte Murray,New Orleans Pelicans,PG,2024-25,17.48,6.45,7.35,19.06
Myles Turner,Indiana Pacers,C,2021-22,12.86,7.07,1.05,19.05
Terry Rozier,Charlotte Hornets,PG,2021-22,18.77,4.20,4.35,19.03
Jamal Murray,Denver Nuggets,PG,2024-25,21.43,3.90,6.01,19.03
Darius Garland,Cleveland Cavaliers,PG,2022-23,21.59,2.68,7.80,19.01
Tyus Jones,Memphis Grizzlies,PG,2021-22,8.54,2.38,4.38,19.01
Evan Mobley,Cleveland Cavaliers,C,2021-22,14.99,8.26,2.52,19.00
Marvin Bagley III,Detroit Pistons,PF,2022-23,10.29,5.49,0.73,18.99
Xavier Tillman,Memphis Grizzlies,SF,2022-23,5.36,3.84,1.20,18.99
Paul Reed,Philadelphia 76ers,PF,2021-22,1.87,1.48,0.26,18.96
Tristan Vukcevic,Washington Wizards,PF,2025-26,6.68,2.23,0.83,18.96
Kevin Love,Utah Jazz,PF,2025-26,3.54,3.07,0.96,18.93
D'Angelo Russell,Los Angeles Lakers,PG,2022-23,15.58,2.63,5.42,18.92
Trey Lyles,Sacramento Kings,PF,2021-22,10.16,5.40,1.20,18.92
Brandon Clarke,Memphis Grizzlies,SF,2024-25,8.09,4.94,1.00,18.91
Austin Reaves,Los Angeles Lakers,PG,2024-25,20.21,4.51,5.77,18.90
Luka Garza,Minnesota Timberwolves,C,2023-24,1.98,0.62,0.08,18.90
Brandon Williams,Dallas Mavericks,PG,2024-25,5.29,1.12,1.46,18.89
Sandro Mamukelashvili,San Antonio Spurs,PF,2022-23,10.84,6.79,2.42,18.89
Dario Saric,Oklahoma City Thunder,PF,2022-23,5.15,2.33,0.56,18.88
Franz Wagner,Orlando Magic,PF,2023-24,19.74,5.29,3.74,18.88
Moussa Diabaté,Charlotte Hornets,PF,2025-26,7.47,8.25,1.83,18.88
Spencer Dinwiddie,Dallas Mavericks,PG,2021-22,15.78,3.13,3.91,18.87
Jonathan Kuminga,Golden State Warriors,SF,2023-24,15.84,4.73,2.17,18.85
JaVale McGee,Dallas Mavericks,C,2022-23,2.42,1.39,0.14,18.85
Thomas Bryant,Cleveland Cavaliers,C,2025-26,4.74,2.63,0.42,18.84
Russell Westbrook,Los Angeles Lakers,PG,2021-22,18.24,7.34,6.96,18.83
Tyrese Haliburton,Sacramento Kings,PG,2021-22,14.25,3.90,7.43,18.83
Ryan Kalkbrenner,Charlotte Hornets,C,2025-26,7.44,5.39,0.77,18.81
David Duke Jr.,San Antonio Spurs,SG,2023-24,2.89,1.11,0.56,18.81
Nick Richards,Charlotte Hornets,C,2023-24,9.31,7.70,0.77,18.80
Jaylen Brown,Boston Celtics,SG,2024-25,19.69,5.18,4.03,18.79
Leonard Miller,Chicago Bulls,PF,2025-26,10.57,5.20,1.17,18.79
Jaime Jaquez Jr.,Miami Heat,SG,2025-26,14.05,4.57,4.29,18.79
Ja Morant,Memphis Grizzlies,PG,2025-26,18.25,3.00,7.40,18.78
Harry Giles III,Brooklyn Nets,PF,2023-24,1.08,0.52,0.12,18.78
Nic Claxton,Brooklyn Nets,C,2024-25,10.34,7.36,2.24,18.76
Nate Hinton,Houston Rockets,SG,2023-24,1.06,0.71,0.32,18.74
Tari Eason,Houston Rockets,SF,2024-25,8.99,4.80,1.11,18.73
Jrue Holiday,Portland Trail Blazers,PG,2025-26,12.18,3.45,4.54,18.73
Draymond Green,Golden State Warriors,SF,2023-24,6.33,5.31,4.43,18.73
Jay Huff,Memphis Grizzlies,C,2024-25,5.63,1.65,0.49,18.72
Trey Lyles,Detroit Pistons,PF,2021-22,10.43,4.78,1.14,18.71
Justin Champagnie,Washington Wizards,SG,2025-26,7.28,4.68,1.02,18.70
Kevon Looney,Golden State Warriors,PF,2021-22,5.99,7.27,2.01,18.69
Andre Drummond,Philadelphia 76ers,C,2024-25,4.80,5.08,0.56,18.67
Otto Porter Jr.,Golden State Warriors,SF,2021-22,7.46,5.25,1.36,18.67
Tobias Harris,Philadelphia 76ers,SF,2023-24,15.84,5.96,2.86,18.66
Tyler Herro,Miami Heat,SG,2021-22,19.25,4.63,3.70,18.65
Brandon Williams,Dallas Mavericks,PG,2025-26,12.28,2.77,3.71,18.64
Ricky Council IV,Philadelphia 76ers,SG,2023-24,3.93,1.05,0.36,18.63
Cody Zeller,Portland Trail Blazers,PF,2021-22,4.83,4.31,0.76,18.61
DeAndre Jordan,Denver Nuggets,C,2022-23,2.43,2.46,0.41,18.61
Brandon Ingram,Toronto Raptors,SF,2025-26,20.95,5.44,3.59,18.61
Jaxson Hayes,New Orleans Pelicans,C,2021-22,7.98,3.84,0.52,18.61
Robert Williams III,Portland Trail Blazers,C,2023-24,6.83,6.33,0.83,18.60
Aaron Gordon,Denver Nuggets,SF,2024-25,14.67,4.84,3.22,18.60
Keldon Johnson,San Antonio Spurs,SG,2025-26,13.31,5.36,1.37,18.60
Paul Reed,Detroit Pistons,PF,2024-25,2.24,1.50,0.54,18.59
Malcolm Brogdon,Portland Trail Blazers,PG,2023-24,13.93,3.36,4.86,18.59
Moussa Diabaté,Charlotte Hornets,PF,2024-25,5.52,6.00,0.77,18.58
Aaron Gordon,Denver Nuggets,SF,2023-24,13.88,6.45,3.55,18.58
Maxime Raynaud,Sacramento Kings,C,2025-26,11.24,6.78,1.22,18.56
Isaiah Roby,Oklahoma City Thunder,SF,2021-22,6.78,3.24,1.06,18.56
Thomas Bryant,Indiana Pacers,C,2024-25,6.83,3.94,0.89,18.55
Cameron Johnson,Brooklyn Nets,SF,2024-25,16.46,3.80,2.98,18.54
De'Aaron Fox,Sacramento Kings,PG,2021-22,21.36,3.61,5.16,18.54
Cam Spencer,Memphis Grizzlies,PG,2025-26,9.89,2.23,4.89,18.53
Trevelin Queen,Houston Rockets,SG,2021-22,2.69,1.00,0.25,18.52
Norman Powell,Miami Heat,SG,2025-26,16.38,2.62,1.86,18.51
Brandon Ingram,New Orleans Pelicans,SF,2024-25,21.05,5.26,4.89,18.51
Day'Ron Sharpe,Brooklyn Nets,C,2022-23,3.24,2.86,0.53,18.51
Josh Hart,New York Knicks,SG,2022-23,10.24,7.04,3.60,18.51
RJ Barrett,Toronto Raptors,SG,2025-26,18.93,5.17,3.26,18.50
Tre Mann,Oklahoma City Thunder,SG,2023-24,1.07,0.52,0.43,18.49
Jalen Smith,Indiana Pacers,PF,2022-23,8.13,4.99,0.84,18.47
Chris Boucher,Toronto Raptors,SF,2023-24,4.67,3.00,0.33,18.47
Thomas Bryant,Washington Wizards,C,2021-22,5.15,2.77,0.59,18.46
Paul Reed,Philadelphia 76ers,PF,2023-24,7.32,5.95,1.33,18.46
Jaxson Hayes,Los Angeles Lakers,C,2025-26,7.00,3.82,0.83,18.43
Cam Thomas,Brooklyn Nets,SG,2024-25,14.26,1.98,2.24,18.42
Devin Vassell,San Antonio Spurs,SG,2023-24,19.17,3.78,4.01,18.39
Chris Boucher,Toronto Raptors,SF,2022-23,9.13,5.40,0.37,18.39
Tre Jones,San Antonio Spurs,PG,2022-23,12.50,3.50,6.40,18.38
Kylor Kelley,Dallas Mavericks,C,2024-25,1.85,1.62,0.15,18.38
Dewayne Dedmon,Miami Heat,C,2021-22,6.12,5.59,0.68,18.36
Josh Hart,New York Knicks,SG,2025-26,12.00,7.38,4.78,18.36
Jarred Vanderbilt,Minnesota Timberwolves,SF,2021-22,6.83,8.32,1.25,18.33
Bol Bol,Orlando Magic,C,2022-23,8.13,5.19,0.88,18.32
Precious Achiuwa,Toronto Raptors,SF,2023-24,7.72,5.44,1.76,18.31
Marvin Bagley III,Memphis Grizzlies,PF,2024-25,1.65,1.08,0.15,18.31
Kevin Knox II,Golden State Warriors,SF,2024-25,2.19,0.81,0.24,18.29
D'Angelo Russell,Minnesota Timberwolves,PG,2021-22,18.09,3.32,7.08,18.29
Chris Boucher,Toronto Raptors,SF,2021-22,9.31,6.10,0.31,18.28
Nikola Vučević,Boston Celtics,C,2025-26,9.12,6.24,1.88,18.27
Isaiah Jackson,Indiana Pacers,SF,2022-23,5.62,3.48,0.63,18.27
Craig Porter Jr.,Cleveland Cavaliers,SG,2023-24,4.01,1.54,1.66,18.27
Tyus Jones,Memphis Grizzlies,PG,2022-23,10.15,2.47,5.15,18.25
Malcolm Brogdon,Washington Wizards,PG,2024-25,9.84,2.94,3.16,18.24
Moussa Cisse,Dallas Mavericks,C,2025-26,3.47,4.41,0.18,18.24
Kevon Looney,Golden State Warriors,PF,2023-24,4.07,5.11,1.62,18.24
Myles Turner,Indiana Pacers,C,2024-25,14.56,6.21,1.45,18.23
GG Jackson,Memphis Grizzlies,PF,2025-26,9.22,3.19,1.10,18.22
Desmond Bane,Memphis Grizzlies,SG,2021-22,17.74,4.28,2.67,18.22
Marques Bolden,Charlotte Hornets,C,2023-24,2.18,1.88,0.24,18.22
Tyler Herro,Miami Heat,SG,2023-24,19.02,4.83,4.09,18.22
Derrick Rose,New York Knicks,PG,2021-22,11.52,2.89,3.81,18.20
Gary Payton II,Golden State Warriors,SG,2022-23,5.71,4.29,1.14,18.19
Michael Porter Jr.,Denver Nuggets,PF,2024-25,18.16,7.01,2.14,18.19
Moritz Wagner,Orlando Magic,PF,2022-23,9.68,4.18,1.35,18.18
Precious Achiuwa,Sacramento Kings,SF,2025-26,9.81,6.56,1.35,18.18
Kevin Love,Cleveland Cavaliers,PF,2022-23,6.94,5.60,1.52,18.18
Victor Oladipo,Miami Heat,PG,2021-22,7.62,1.77,2.15,18.17
Obi Toppin,Indiana Pacers,PF,2023-24,10.28,3.90,1.56,18.16
Klay Thompson,Golden State Warriors,SG,2021-22,19.18,3.68,2.59,18.16
Josh Giddey,Oklahoma City Thunder,SG,2021-22,12.48,7.80,6.39,18.16
Jared Butler,Washington Wizards,PG,2024-25,5.24,1.00,1.95,18.16
Michael Porter Jr.,Denver Nuggets,PF,2022-23,17.14,5.41,1.03,18.15
Miles Bridges,Charlotte Hornets,PF,2023-24,19.58,6.82,3.12,18.15
Trey Murphy III,New Orleans Pelicans,SF,2024-25,20.07,4.79,3.36,18.13
Saddiq Bey,New Orleans Pelicans,SG,2025-26,17.41,5.48,2.49,18.12
Ayo Dosunmu,Chicago Bulls,PG,2025-26,14.40,2.89,3.49,18.12
Larry Nance Jr.,Atlanta Hawks,PF,2024-25,4.61,2.34,0.86,18.11
DeMar DeRozan,Sacramento Kings,PG,2024-25,22.21,3.87,4.44,18.11
Tobias Harris,Philadelphia 76ers,SF,2021-22,16.54,6.53,3.32,18.11
Naz Reid,Minnesota Timberwolves,C,2021-22,8.06,3.81,0.90,18.10
Mason Plumlee,Charlotte Hornets,PF,2021-22,6.53,7.74,3.10,18.10
Jalen Smith,Phoenix Suns,PF,2021-22,3.37,2.67,0.12,18.10
Jaren Jackson Jr.,Memphis Grizzlies,PF,2023-24,21.85,5.37,2.26,18.10
Onyeka Okongwu,Atlanta Hawks,PF,2023-24,8.77,5.88,1.16,18.09
Cedric Coward,Memphis Grizzlies,SG,2025-26,10.99,4.82,2.24,18.09
Onyeka Okongwu,Atlanta Hawks,PF,2025-26,14.40,7.21,2.96,18.08
Branden Carlson,Oklahoma City Thunder,C,2024-25,2.54,1.13,0.29,18.07
Malik Monk,Sacramento Kings,PG,2022-23,13.18,2.57,3.77,18.07
Mason Plumlee,Phoenix Suns,PF,2024-25,4.16,5.69,1.68,18.07
Enes Freedom,Boston Celtics,C,2021-22,2.51,3.14,0.16,18.06
Maozinha Pereira,Memphis Grizzlies,SF,2023-24,5.33,4.11,0.22,18.06
Jaylen Nowell,Detroit Pistons,SG,2023-24,4.29,1.43,0.43,18.02
Kyle Anderson,Memphis Grizzlies,SG,2021-22,7.55,5.33,2.65,18.02
Dyson Daniels,Atlanta Hawks,SG,2025-26,11.41,6.58,5.68,18.01
Josh Hart,New Orleans Pelicans,SG,2021-22,13.05,7.57,4.00,18.00
Anthony Edwards,Minnesota Timberwolves,SG,2021-22,21.00,4.70,3.77,17.99
De'Aaron Fox,San Antonio Spurs,PG,2024-25,19.71,4.29,6.82,17.98
Kon Knueppel,Charlotte Hornets,SG,2025-26,18.49,5.33,3.38,17.97
Wendell Carter Jr.,Orlando Magic,C,2023-24,9.89,6.25,1.56,17.96
Tolu Smith,Detroit Pistons,PF,2025-26,1.33,1.17,0.31,17.96
Bojan Bogdanovic,Detroit Pistons,SF,2022-23,21.58,3.78,2.58,17.96
DeMar DeRozan,Sacramento Kings,PG,2025-26,18.43,2.94,4.10,17.95
Cam Whitmore,Houston Rockets,SF,2023-24,10.16,3.16,0.58,17.94
Gary Payton II,Golden State Warriors,SG,2021-22,6.88,3.38,0.88,17.93
Colin Castleton,Philadelphia 76ers,C,2024-25,6.00,7.40,2.00,17.93
Tre Jones,San Antonio Spurs,PG,2023-24,9.88,3.71,6.13,17.93
Kelly Olynyk,Detroit Pistons,PF,2021-22,7.45,3.61,2.27,17.92
Dewayne Dedmon,Philadelphia 76ers,C,2022-23,1.33,1.19,0.48,17.92
Jaylen Nowell,Minnesota Timberwolves,SG,2021-22,6.59,1.54,1.63,17.91
Michael Porter Jr.,Denver Nuggets,PF,2023-24,16.54,6.89,1.49,17.91
James Wiseman,Detroit Pistons,C,2022-23,12.71,8.08,0.67,17.91
Austin Reaves,Los Angeles Lakers,PG,2023-24,15.85,4.29,5.49,17.90
Daniel Theis,Boston Celtics,PF,2021-22,6.92,4.08,0.88,17.90
Jalen Brunson,Dallas Mavericks,PG,2021-22,16.27,3.91,4.77,17.90
Markelle Fultz,Orlando Magic,PG,2022-23,13.95,3.90,5.68,17.89
Dylan Harper,San Antonio Spurs,PG,2025-26,11.84,3.38,3.90,17.89
Jeremy Sochan,San Antonio Spurs,SF,2024-25,11.58,6.52,2.40,17.87
Jock Landale,Memphis Grizzlies,C,2025-26,10.71,6.20,1.58,17.86
Derrick White,Boston Celtics,PG,2023-24,14.57,4.08,4.96,17.84
Miles Bridges,Charlotte Hornets,PF,2025-26,16.22,5.56,3.04,17.83
Moses Brown,Dallas Mavericks,C,2021-22,1.47,1.11,0.02,17.83
Paul George,Philadelphia 76ers,SF,2025-26,14.57,4.45,3.02,17.82
Bradley Beal,Phoenix Suns,PG,2023-24,18.19,4.38,5.00,17.81
Alperen Sengun,Houston Rockets,C,2021-22,9.61,5.46,2.57,17.81
Bol Bol,Denver Nuggets,C,2021-22,1.10,0.67,0.17,17.80
Jordan Nwora,Toronto Raptors,SF,2023-24,6.59,2.83,1.07,17.79
Shake Milton,Detroit Pistons,PG,2023-24,3.38,2.25,0.75,17.78
Spencer Dinwiddie,Brooklyn Nets,PG,2022-23,15.89,3.96,8.74,17.77
Paolo Banchero,Orlando Magic,PF,2022-23,19.68,6.81,3.68,17.76
Drew Eubanks,Portland Trail Blazers,PF,2022-23,6.40,5.16,1.27,17.76
Olivier-Maxence Prosper,Memphis Grizzlies,SF,2025-26,8.03,2.83,0.77,17.75
Marvin Bagley III,Sacramento Kings,PF,2021-22,6.32,4.89,0.39,17.75
Montrezl Harrell,Philadelphia 76ers,PF,2022-23,3.90,1.94,0.40,17.74
Immanuel Quickley,Toronto Raptors,PG,2025-26,15.97,3.92,5.76,17.74
Larry Nance Jr.,New Orleans Pelicans,PF,2022-23,6.68,5.36,1.80,17.74
Al Horford,Boston Celtics,C,2023-24,8.39,6.16,2.51,17.73
Dario Saric,Golden State Warriors,PF,2023-24,5.77,3.41,1.74,17.73
Naz Reid,Minnesota Timberwolves,C,2023-24,13.46,5.22,1.31,17.72
D'Angelo Russell,Los Angeles Lakers,PG,2023-24,17.11,2.95,6.03,17.72
Goga Bitadze,Indiana Pacers,C,2021-22,4.99,2.53,0.79,17.72
Bennedict Mathurin,Los Angeles Clippers,SG,2025-26,17.38,5.46,2.54,17.71
CJ McCollum,Atlanta Hawks,PG,2025-26,18.68,3.12,4.07,17.71
Russell Westbrook,Sacramento Kings,PG,2025-26,15.17,5.44,6.66,17.71
Fred VanVleet,Houston Rockets,PG,2023-24,17.40,3.81,8.07,17.70
Harrison Barnes,Sacramento Kings,SF,2021-22,16.43,5.61,2.42,17.68
Luka Garza,Boston Celtics,C,2025-26,6.96,3.51,0.83,17.67
Mason Jones,Los Angeles Lakers,SG,2021-22,3.38,1.25,0.50,17.66
Tony Bradley,Chicago Bulls,C,2021-22,2.14,2.45,0.36,17.66
Javon Small,Memphis Grizzlies,PG,2025-26,8.80,2.84,3.36,17.65
Jock Landale,Phoenix Suns,C,2022-23,5.70,3.50,0.85,17.63
Malik Monk,Sacramento Kings,PG,2023-24,15.42,2.94,5.14,17.63
Yves Missi,New Orleans Pelicans,C,2024-25,8.31,7.51,1.24,17.63
Trayce Jackson-Davis,Golden State Warriors,PF,2025-26,2.94,2.20,0.63,17.62
Kyle Kuzma,Washington Wizards,SF,2022-23,21.20,7.23,3.73,17.62
Jonathan Kuminga,Golden State Warriors,SF,2024-25,14.38,4.34,2.08,17.61
Ausar Thompson,Detroit Pistons,SG,2024-25,9.90,5.05,2.23,17.60
Cole Anthony,Orlando Magic,SG,2022-23,12.20,4.50,3.67,17.59
Trey Murphy III,New Orleans Pelicans,SF,2023-24,14.27,4.75,2.10,17.59
Collin Sexton,Charlotte Hornets,PG,2025-26,13.86,1.86,3.65,17.58
Mo Bamba,Orlando Magic,C,2022-23,5.58,3.54,0.81,17.58
Kevin Porter Jr.,Houston Rockets,PG,2022-23,19.15,5.32,5.73,17.57
Keldon Johnson,San Antonio Spurs,SG,2021-22,17.04,6.09,2.11,17.56
Kyle Filipowski,Utah Jazz,C,2024-25,9.20,5.87,1.87,17.55
Keldon Johnson,San Antonio Spurs,SG,2022-23,19.79,4.54,2.61,17.55
Chuma Okeke,Philadelphia 76ers,SF,2024-25,4.80,4.30,1.30,17.55
Al Horford,Golden State Warriors,C,2025-26,7.75,4.56,2.42,17.54
Kyle Anderson,Minnesota Timberwolves,SG,2022-23,8.99,5.11,4.65,17.53
Chris Paul,Golden State Warriors,PG,2023-24,9.03,3.81,6.66,17.51
Cameron Johnson,Phoenix Suns,SF,2022-23,12.42,3.42,1.37,17.50
Collin Gillespie,Phoenix Suns,PG,2024-25,4.51,1.81,1.81,17.49
Jaren Jackson Jr.,Memphis Grizzlies,PF,2021-22,16.31,5.82,1.10,17.49
Luka Garza,Minnesota Timberwolves,C,2024-25,1.86,0.73,0.15,17.49
Serge Ibaka,Los Angeles Clippers,PF,2021-22,5.80,3.75,0.90,17.49
Fred VanVleet,Toronto Raptors,PG,2021-22,19.70,4.31,6.48,17.49
Jordan McLaughlin,San Antonio Spurs,PG,2024-25,1.29,0.26,0.77,17.47
Caris LeVert,Atlanta Hawks,PG,2024-25,13.86,3.43,2.68,17.47
Devin Vassell,San Antonio Spurs,SG,2022-23,16.35,3.44,3.16,17.45
Luke Kornet,Boston Celtics,C,2022-23,3.26,2.46,0.66,17.44
Tyler Herro,Miami Heat,SG,2022-23,18.97,5.07,3.94,17.44
Tristan Thompson,Sacramento Kings,C,2021-22,3.56,3.10,0.35,17.43
Dyson Daniels,Atlanta Hawks,SG,2024-25,13.97,5.80,4.32,17.43
Steven Adams,Houston Rockets,C,2025-26,5.05,7.46,1.30,17.41
Karlo Matković,New Orleans Pelicans,PF,2025-26,5.33,3.47,0.76,17.40
Keldon Johnson,San Antonio Spurs,SG,2024-25,12.71,4.79,1.63,17.39
Bruno Fernando,Toronto Raptors,PF,2024-25,1.71,1.50,0.53,17.39
Jalen Green,Houston Rockets,SG,2023-24,19.63,5.16,3.55,17.39
PJ Hall,Charlotte Hornets,C,2025-26,6.08,5.50,0.67,17.38
Scottie Barnes,Toronto Raptors,SG,2021-22,14.92,7.33,3.37,17.37
Jock Landale,San Antonio Spurs,C,2021-22,3.84,2.00,0.65,17.34
Drew Eubanks,Los Angeles Clippers,PF,2024-25,2.10,1.87,0.29,17.34
David Nwaba,Houston Rockets,SG,2021-22,2.84,1.84,0.43,17.34
Jared Rhoden,Toronto Raptors,SG,2024-25,8.14,2.71,1.00,17.34
James Wiseman,Detroit Pistons,C,2023-24,5.44,4.10,0.66,17.33
CJ McCollum,New Orleans Pelicans,PG,2022-23,20.91,4.37,5.72,17.33
Naz Reid,Minnesota Timberwolves,C,2025-26,13.41,6.12,2.18,17.33
D'Angelo Russell,Minnesota Timberwolves,PG,2022-23,17.91,3.06,6.19,17.33
Mason Plumlee,Charlotte Hornets,PF,2025-26,0.90,1.38,0.55,17.32
Cameron Johnson,Brooklyn Nets,SF,2022-23,16.56,4.80,2.08,17.32
Nemanja Bjelica,Golden State Warriors,PF,2021-22,5.62,3.82,2.06,17.31
Justin Champagnie,Washington Wizards,SG,2024-25,8.50,5.48,0.94,17.31
Andrew Nembhard,Indiana Pacers,PG,2025-26,14.86,2.46,6.72,17.29
Naz Reid,Minnesota Timberwolves,C,2024-25,14.05,5.93,2.23,17.29
Aaron Gordon,Denver Nuggets,SF,2021-22,15.01,5.85,2.51,17.28
Richaun Holmes,Washington Wizards,PF,2023-24,4.32,3.71,0.36,17.28
Moses Brown,Portland Trail Blazers,C,2023-24,1.29,1.48,0.12,17.27
Dwight Powell,Dallas Mavericks,PF,2021-22,8.74,4.93,1.18,17.27
Caris LeVert,Indiana Pacers,PG,2021-22,18.67,3.85,4.44,17.27
Brandon Miller,Charlotte Hornets,SF,2025-26,20.17,4.91,3.34,17.26
Desmond Bane,Orlando Magic,SG,2025-26,20.32,4.10,4.09,17.26
Darius Bazley,Utah Jazz,PF,2023-24,8.00,4.50,0.83,17.25
Ryan Rollins,Milwaukee Bucks,PG,2025-26,17.08,4.51,5.52,17.25
Payton Pritchard,Boston Celtics,PG,2025-26,16.81,3.90,5.10,17.25
De'Anthony Melton,Memphis Grizzlies,SG,2021-22,10.84,4.49,2.66,17.24
Brandin Podziemski,Golden State Warriors,SG,2025-26,13.82,5.11,3.71,17.23
Thaddeus Young,Toronto Raptors,SF,2023-24,2.43,1.60,1.06,17.22
Mike Conley,Utah Jazz,PG,2021-22,13.69,3.01,5.35,17.21
Fred VanVleet,Toronto Raptors,PG,2022-23,18.80,3.94,6.97,17.21
Bones Hyland,Los Angeles Clippers,PG,2022-23,6.57,2.13,2.04,17.20
Matas Buzelis,Chicago Bulls,SF,2025-26,16.05,5.74,2.03,17.20
Precious Achiuwa,Toronto Raptors,SF,2022-23,7.94,5.13,0.78,17.19
Payton Pritchard,Boston Celtics,PG,2024-25,14.12,3.79,3.44,17.19
Derrick White,San Antonio Spurs,PG,2021-22,14.41,3.53,5.59,17.18
Andrew Wiggins,Golden State Warriors,SF,2024-25,16.41,4.28,2.22,17.18
Aleksej Pokusevski,Charlotte Hornets,PF,2023-24,6.70,3.95,1.50,17.18
Coby White,Chicago Bulls,PG,2024-25,20.12,3.64,4.40,17.17
Tre Jones,San Antonio Spurs,PG,2021-22,5.66,2.12,3.19,17.16
Ish Smith,Washington Wizards,PG,2021-22,8.64,2.96,5.21,17.14
Isaiah Collier,Utah Jazz,PG,2025-26,9.30,2.03,5.72,17.14
Buddy Hield,Indiana Pacers,SG,2022-23,16.80,5.00,2.81,17.13
Naji Marshall,Dallas Mavericks,SF,2025-26,14.37,4.44,3.09,17.13
Tacko Fall,Cleveland Cavaliers,C,2021-22,0.50,0.96,0.08,17.12
Matisse Thybulle,Portland Trail Blazers,SG,2024-25,1.62,0.75,0.41,17.11
JaMychal Green,Golden State Warriors,PF,2022-23,5.38,3.01,0.75,17.10
Aaron Wiggins,Oklahoma City Thunder,SG,2024-25,12.03,3.88,1.76,17.09
Jaylin Williams,Oklahoma City Thunder,PF,2025-26,6.81,5.22,2.32,17.09
Nickeil Alexander-Walker,Atlanta Hawks,SG,2025-26,20.30,3.35,3.58,17.09
Gordon Hayward,Charlotte Hornets,SF,2021-22,15.56,4.48,3.54,17.09
Chimezie Metu,Sacramento Kings,PF,2021-22,6.94,4.35,0.78,17.08
Damian Jones,Cleveland Cavaliers,C,2023-24,1.30,0.76,0.18,17.07
Immanuel Quickley,New York Knicks,PG,2023-24,14.52,2.48,2.39,17.07
Scotty Pippen Jr.,Memphis Grizzlies,PG,2024-25,9.62,3.20,4.28,17.07
Trendon Watford,Brooklyn Nets,SG,2023-24,5.27,2.37,0.99,17.06
Ausar Thompson,Detroit Pistons,SG,2025-26,9.81,5.71,3.15,17.05
Julian Reese,Washington Wizards,PF,2025-26,11.85,10.54,1.85,17.03
Mo Bamba,Philadelphia 76ers,C,2023-24,3.51,3.31,0.57,17.03
Jonathan Isaac,Orlando Magic,PF,2024-25,4.81,3.97,0.51,17.03
Christian Braun,Denver Nuggets,SG,2024-25,15.42,5.19,2.59,17.03
Anfernee Simons,Portland Trail Blazers,PG,2023-24,20.37,3.27,5.00,17.02
Jusuf Nurkić,Phoenix Suns,C,2024-25,5.81,6.19,1.27,17.02
Torrey Craig,Chicago Bulls,SF,2024-25,2.07,0.83,0.17,17.02
Zach Collins,San Antonio Spurs,PF,2023-24,11.25,5.36,2.81,17.00
Cade Cunningham,Detroit Pistons,PG,2022-23,19.92,6.17,6.00,17.00
Scottie Barnes,Toronto Raptors,SG,2022-23,15.12,6.56,4.76,16.99
Monte Morris,Washington Wizards,PG,2022-23,9.67,3.22,4.97,16.99
Darius Garland,Cleveland Cavaliers,PG,2025-26,17.96,2.42,6.92,16.99
Jock Landale,Houston Rockets,C,2024-25,2.56,1.76,0.47,16.99
Tobias Harris,Detroit Pistons,SF,2025-26,13.10,5.03,2.48,16.98
Derrick White,Boston Celtics,PG,2024-25,16.00,4.37,4.63,16.97
Darius Bazley,Phoenix Suns,PF,2022-23,1.22,0.70,0.26,16.95
Collin Sexton,Utah Jazz,PG,2024-25,16.56,2.44,3.77,16.93
Cody Zeller,Miami Heat,PF,2022-23,5.76,3.76,0.59,16.93
Ben Simmons,Brooklyn Nets,PG,2022-23,6.61,5.98,5.82,16.92
Delon Wright,Washington Wizards,PG,2022-23,7.24,3.53,3.80,16.92
Xavier Moon,Los Angeles Clippers,PG,2021-22,3.05,0.74,1.26,16.91
Jordan Nwora,Indiana Pacers,SF,2022-23,13.04,4.67,2.08,16.91
Jordan Poole,Washington Wizards,PG,2024-25,20.45,3.03,4.48,16.91
Jordan Poole,Golden State Warriors,PG,2021-22,18.49,3.42,4.00,16.91
Russell Westbrook,Denver Nuggets,PG,2024-25,13.25,4.93,6.09,16.89
Kyle Anderson,Golden State Warriors,SG,2024-25,4.20,2.44,1.80,16.88
Bruno Fernando,Houston Rockets,PF,2022-23,3.32,3.21,0.79,16.86
Ajay Mitchell,Oklahoma City Thunder,PG,2025-26,12.75,3.07,3.37,16.85
Keita Bates-Diop,San Antonio Spurs,SF,2022-23,8.63,3.29,1.37,16.84
KJ Martin,Houston Rockets,SF,2022-23,12.67,5.51,1.50,16.83
Mitchell Robinson,New York Knicks,C,2023-24,5.24,7.97,0.55,16.83
Olivier Sarr,Oklahoma City Thunder,C,2023-24,0.85,0.90,0.05,16.83
Jamal Cain,Miami Heat,SF,2022-23,2.39,1.27,0.29,16.83
Collin Sexton,Chicago Bulls,PG,2025-26,16.21,2.68,2.36,16.83
Jontay Porter,Toronto Raptors,C,2023-24,3.97,2.83,2.07,16.83
Larry Nance Jr.,New Orleans Pelicans,PF,2023-24,5.65,4.95,1.82,16.82
Lauri Markkanen,Utah Jazz,PF,2024-25,18.20,5.67,1.43,16.81
Norman Powell,Los Angeles Clippers,SG,2024-25,21.41,3.11,2.05,16.81
Ayo Dosunmu,Minnesota Timberwolves,PG,2025-26,13.80,4.04,3.40,16.81
Scotty Pippen Jr.,Memphis Grizzlies,PG,2023-24,12.90,3.19,4.67,16.80
Draymond Green,Golden State Warriors,SF,2022-23,8.23,7.00,6.67,16.80
Neemias Queta,Boston Celtics,C,2024-25,3.78,2.88,0.55,16.80
Mo Bamba,Los Angeles Clippers,C,2024-25,3.88,3.64,0.48,16.80
Jackson Rowe,Golden State Warriors,SF,2024-25,2.20,1.10,0.40,16.79
Caris LeVert,Cleveland Cavaliers,PG,2023-24,12.69,3.73,4.61,16.79
Jalen Johnson,Atlanta Hawks,SF,2022-23,5.41,3.86,1.14,16.79
Gui Santos,Golden State Warriors,SF,2023-24,1.95,1.17,0.33,16.78
Khris Middleton,Washington Wizards,SF,2024-25,10.00,3.47,3.20,16.78
John Konchar,Memphis Grizzlies,SG,2021-22,4.65,4.39,1.45,16.78
Alec Burks,Detroit Pistons,SG,2022-23,12.78,3.10,2.24,16.78
Rui Hachimura,Los Angeles Lakers,SF,2023-24,13.19,4.20,1.16,16.77
Gary Payton II,Golden State Warriors,SG,2024-25,5.97,2.76,1.24,16.77
Greg Monroe,Milwaukee Bucks,PF,2021-22,5.40,4.20,0.40,16.77
Adem Bona,Philadelphia 76ers,PF,2024-25,4.49,3.27,0.36,16.76
Christian Wood,Los Angeles Lakers,PF,2023-24,6.20,4.54,0.88,16.75
Isaiah Stewart,Detroit Pistons,PF,2021-22,8.07,8.45,1.12,16.74
Trendon Watford,Portland Trail Blazers,SG,2021-22,6.74,3.69,1.50,16.74
Naji Marshall,Dallas Mavericks,SF,2024-25,12.52,4.49,2.85,16.74
Chris Paul,San Antonio Spurs,PG,2024-25,8.86,3.60,7.38,16.74
Norman Powell,Los Angeles Clippers,SG,2022-23,16.98,2.92,1.82,16.74
Hamidou Diallo,Detroit Pistons,SG,2021-22,9.22,4.01,1.06,16.73
Karlo Matković,New Orleans Pelicans,PF,2024-25,5.80,3.73,0.82,16.72
Bruno Fernando,Atlanta Hawks,PF,2023-24,3.66,2.51,0.60,16.72
Luke Kennard,Memphis Grizzlies,SG,2022-23,10.88,3.00,2.16,16.71
Brandin Podziemski,Golden State Warriors,SG,2024-25,11.32,4.92,3.33,16.71
Andrew Wiggins,Miami Heat,SF,2024-25,11.14,2.48,1.93,16.71
Yves Missi,New Orleans Pelicans,C,2025-26,5.46,5.58,1.22,16.71
Frank Kaminsky,Atlanta Hawks,PF,2022-23,1.29,0.65,0.38,16.68
De'Andre Hunter,Atlanta Hawks,SG,2024-25,18.08,3.63,1.42,16.68
Drew Eubanks,Phoenix Suns,PF,2023-24,4.74,4.03,0.79,16.68
Keldon Johnson,San Antonio Spurs,SG,2023-24,15.71,5.46,2.83,16.68
Mike Conley,Minnesota Timberwolves,PG,2022-23,14.04,3.13,5.00,16.67
Jalen Suggs,Orlando Magic,PG,2025-26,13.57,3.89,5.45,16.67
Tyrese Maxey,Philadelphia 76ers,PG,2022-23,20.30,2.93,3.53,16.66
Daniel Theis,Indiana Pacers,PF,2022-23,1.75,0.79,0.32,16.66
Zach LaVine,Chicago Bulls,SG,2023-24,18.73,4.96,3.77,16.66
Jock Landale,Atlanta Hawks,C,2025-26,9.09,4.13,1.74,16.66
Terry Rozier,Miami Heat,PG,2023-24,16.42,4.19,4.65,16.65
Lamar Stevens,Memphis Grizzlies,SF,2023-24,7.82,3.43,0.71,16.64
Cam Thomas,Brooklyn Nets,SG,2023-24,19.76,2.85,2.56,16.64
Franz Wagner,Orlando Magic,PF,2022-23,18.33,4.06,3.49,16.62
Thaddeus Young,Toronto Raptors,SF,2021-22,6.07,4.26,1.67,16.61
CJ McCollum,Portland Trail Blazers,PG,2021-22,20.53,4.25,4.53,16.61
Dewayne Dedmon,Miami Heat,C,2022-23,3.98,2.53,0.37,16.61
Trey Lyles,Sacramento Kings,PF,2022-23,7.11,3.80,0.84,16.61
Immanuel Quickley,New York Knicks,PG,2022-23,14.74,4.11,3.40,16.61
Jaxson Hayes,Los Angeles Lakers,C,2024-25,6.49,4.56,0.98,16.60
Jerami Grant,Detroit Pistons,SF,2021-22,18.08,3.82,2.22,16.60
Tristan Enaruna,Cleveland Cavaliers,SF,2025-26,1.68,0.64,0.32,16.60
Mike Conley,Minnesota Timberwolves,PG,2023-24,11.43,2.87,5.91,16.60
Kyle Anderson,Miami Heat,SG,2024-25,5.25,3.00,2.00,16.60
Nick Richards,Charlotte Hornets,C,2021-22,1.85,1.06,0.16,16.59
Shaedon Sharpe,Portland Trail Blazers,SG,2025-26,13.89,2.89,1.76,16.58
Kyle Lowry,Miami Heat,PG,2021-22,13.19,4.41,7.41,16.57
Dennis Schröder,Brooklyn Nets,PG,2024-25,17.67,2.83,6.33,16.57
Zach LaVine,Sacramento Kings,SG,2024-25,22.41,3.53,3.78,16.57
Jermaine Samuels Jr.,Houston Rockets,SF,2023-24,0.59,0.38,0.09,16.57
Jaren Jackson Jr.,Memphis Grizzlies,PF,2025-26,19.00,5.84,1.98,16.57
Kelly Olynyk,Utah Jazz,PF,2022-23,12.46,6.18,3.71,16.57
Moritz Wagner,Orlando Magic,PF,2025-26,5.85,2.71,0.66,16.56
Damian Jones,Los Angeles Lakers,C,2022-23,1.00,1.00,0.07,16.56
P.J. Washington,Dallas Mavericks,SF,2024-25,11.77,6.23,1.85,16.55
Jrue Holiday,Boston Celtics,PG,2023-24,12.46,5.41,4.83,16.52
Collin Murray-Boyles,Toronto Raptors,SF,2025-26,8.20,4.83,1.80,16.52
Usman Garuba,Houston Rockets,SF,2021-22,1.09,1.89,0.39,16.52
T.J. McConnell,Indiana Pacers,PG,2021-22,8.18,3.21,4.68,16.51
Tristan Thompson,Chicago Bulls,C,2021-22,5.65,4.74,0.61,16.50
Yanic Konan Niederhäuser,Los Angeles Clippers,C,2025-26,3.20,2.13,0.22,16.50
Bismack Biyombo,Phoenix Suns,C,2022-23,3.21,3.17,0.68,16.49
Aaron Holiday,Phoenix Suns,PG,2021-22,5.73,2.12,2.88,16.48
Larry Nance Jr.,Portland Trail Blazers,PF,2021-22,6.71,5.50,1.92,16.47
Thomas Bryant,Miami Heat,C,2024-25,1.68,1.05,0.18,16.46
Dominick Barlow,San Antonio Spurs,PF,2023-24,3.06,2.40,0.77,16.45
Alex Len,Sacramento Kings,C,2023-24,1.90,2.03,0.79,16.43
Jalen Green,Houston Rockets,SG,2024-25,21.12,4.62,3.46,16.43
Kevon Looney,New Orleans Pelicans,PF,2025-26,0.77,1.53,0.44,16.43
Dylan Cardwell,Sacramento Kings,C,2025-26,4.18,5.82,1.09,16.42
Tristan Thompson,Cleveland Cavaliers,C,2023-24,2.60,2.81,0.82,16.42
Coby White,Chicago Bulls,PG,2025-26,17.42,3.48,4.39,16.41
Jabari Parker,Boston Celtics,SF,2021-22,1.61,0.85,0.18,16.41
James Bouknight,Charlotte Hornets,SG,2023-24,1.35,0.24,0.16,16.41
Payton Pritchard,Boston Celtics,PG,2023-24,9.60,3.23,3.43,16.40
Jordan Clarkson,Utah Jazz,PG,2022-23,20.50,3.97,4.35,16.39
Jalen Williams,Oklahoma City Thunder,SG,2022-23,13.89,4.43,3.26,16.39
Reggie Perry,Portland Trail Blazers,PF,2021-22,8.18,4.18,1.09,16.39
Klay Thompson,Golden State Warriors,SG,2022-23,20.67,3.92,2.23,16.38
Jaime Jaquez Jr.,Miami Heat,SG,2024-25,7.03,3.50,2.06,16.38
Tomas Satoransky,Washington Wizards,PG,2021-22,4.86,2.77,4.91,16.38
Cam Whitmore,Houston Rockets,SF,2024-25,7.01,2.22,0.72,16.38
CJ McCollum,New Orleans Pelicans,PG,2024-25,18.78,3.37,3.60,16.38
Rui Hachimura,Washington Wizards,SF,2021-22,10.56,3.56,1.07,16.36
De'Andre Hunter,Cleveland Cavaliers,SG,2024-25,14.30,4.19,1.30,16.35
Cole Anthony,Orlando Magic,SG,2021-22,14.75,4.83,5.13,16.35
Talen Horton-Tucker,Utah Jazz,PG,2022-23,8.95,2.69,3.15,16.35
Ben Simmons,Brooklyn Nets,PG,2024-25,5.67,4.78,6.36,16.35
Jerami Grant,Portland Trail Blazers,SF,2022-23,20.48,4.49,2.38,16.35
Jose Alvarado,New Orleans Pelicans,PG,2021-22,4.34,1.32,2.00,16.34
Justise Winslow,Portland Trail Blazers,SG,2021-22,4.72,2.76,1.28,16.34
Lance Stephenson,Indiana Pacers,SF,2021-22,8.29,2.49,3.42,16.34
Rajon Rondo,Cleveland Cavaliers,PG,2021-22,5.95,2.68,4.68,16.34
Josh Minott,Brooklyn Nets,SF,2025-26,7.17,1.67,0.54,16.32
Dereck Lively II,Dallas Mavericks,C,2025-26,4.29,5.29,1.86,16.32
Mikal Bridges,Brooklyn Nets,SG,2023-24,19.59,4.54,3.65,16.32
Sam Hauser,Boston Celtics,SF,2021-22,1.51,0.67,0.23,16.31
Isaiah Jackson,Indiana Pacers,SF,2025-26,6.39,5.55,0.82,16.29
Jonathan Kuminga,Golden State Warriors,SF,2021-22,9.06,3.25,0.89,16.28
Jordan Miller,Los Angeles Clippers,SG,2025-26,9.65,2.94,2.19,16.27
Tobias Harris,Philadelphia 76ers,SF,2022-23,13.91,5.44,2.38,16.27
Derrick White,Boston Celtics,PG,2025-26,16.04,4.29,5.24,16.26
Isaiah Stewart,Detroit Pistons,PF,2024-25,5.72,5.25,1.62,16.25
Monte Morris,Denver Nuggets,PG,2021-22,11.69,2.84,4.24,16.25
Tyrese Maxey,Philadelphia 76ers,PG,2021-22,17.03,3.12,4.17,16.24
Jonathan Kuminga,Golden State Warriors,SF,2025-26,5.63,2.72,1.16,16.24
Jabari Walker,Portland Trail Blazers,SF,2024-25,4.01,2.71,0.47,16.23
Kelly Olynyk,New Orleans Pelicans,PF,2024-25,9.26,5.09,3.13,16.22
Kelly Olynyk,Toronto Raptors,PF,2024-25,6.33,3.30,2.07,16.22
Danilo Gallinari,Washington Wizards,PF,2023-24,5.66,2.38,0.97,16.20
Terry Rozier,Charlotte Hornets,PG,2022-23,20.14,3.92,4.83,16.19
Andrew Wiggins,Miami Heat,SF,2025-26,13.75,4.33,2.39,16.18
Xavier Tillman,Memphis Grizzlies,SF,2021-22,3.45,2.21,0.85,16.17
Ricky Rubio,Cleveland Cavaliers,PG,2021-22,13.09,4.15,6.62,16.17
Chimezie Metu,Phoenix Suns,PF,2023-24,3.63,2.16,0.37,16.15
Cameron Johnson,Phoenix Suns,SF,2021-22,11.91,3.96,1.43,16.15
Dalano Banton,Portland Trail Blazers,SF,2023-24,16.70,4.77,3.60,16.15
Jabari Smith Jr.,Houston Rockets,PF,2023-24,13.22,7.80,1.53,16.13
Tari Eason,Houston Rockets,SF,2022-23,9.27,6.05,1.07,16.13
Danilo Gallinari,Atlanta Hawks,PF,2021-22,11.51,4.60,1.51,16.12
Jordan Poole,Golden State Warriors,PG,2022-23,20.43,2.74,4.50,16.11
Kevin Love,Miami Heat,PF,2022-23,7.71,5.67,1.90,16.10
Derrick White,Boston Celtics,PG,2022-23,12.40,3.57,3.91,16.10
Jordan Goodwin,Washington Wizards,SG,2022-23,5.50,2.77,2.27,16.10
Malachi Flynn,Detroit Pistons,PG,2023-24,6.40,1.43,1.70,16.09
Jalen Green,Phoenix Suns,SG,2025-26,16.71,3.41,2.68,16.08
Sam Merrill,Cleveland Cavaliers,SG,2022-23,2.08,0.75,0.42,16.07
Nick Richards,Chicago Bulls,C,2025-26,7.79,6.33,0.33,16.05
Jordan McLaughlin,Minnesota Timberwolves,PG,2023-24,2.91,1.07,1.64,16.05
Jay Huff,Indiana Pacers,C,2025-26,9.55,3.95,1.48,16.05
Gordon Hayward,Charlotte Hornets,SF,2023-24,14.48,4.68,4.64,16.05
Hamidou Diallo,Detroit Pistons,SG,2022-23,7.46,2.77,0.79,16.04
Precious Achiuwa,New York Knicks,SF,2023-24,7.44,7.02,1.06,16.03
Monte Morris,Detroit Pistons,PG,2023-24,4.33,1.83,1.33,16.03
Darius Garland,Cleveland Cavaliers,PG,2023-24,18.04,2.67,6.54,16.03
Bojan Bogdanovic,Utah Jazz,SF,2021-22,18.09,4.29,1.74,16.02
Cameron Payne,Phoenix Suns,PG,2021-22,9.07,2.54,4.09,16.01
Aaron Wiggins,Oklahoma City Thunder,SG,2023-24,6.61,2.27,1.05,16.01
Justise Winslow,Los Angeles Clippers,SG,2021-22,3.32,2.83,1.11,16.00
Blake Hinson,Utah Jazz,SF,2025-26,9.28,1.83,0.89,16.00
Saddiq Bey,Atlanta Hawks,SG,2022-23,11.64,4.80,1.36,16.00
Malik Monk,Sacramento Kings,PG,2024-25,17.18,3.77,5.57,16.00
Darius Bazley,Oklahoma City Thunder,PF,2021-22,10.80,6.32,1.41,15.99
Spencer Dinwiddie,Dallas Mavericks,PG,2022-23,17.74,3.08,5.26,15.99
Serge Ibaka,Milwaukee Bucks,PF,2021-22,5.78,4.35,0.57,15.98
Jordan Clarkson,Utah Jazz,PG,2024-25,15.00,2.95,3.45,15.98
Eugene Omoruyi,Washington Wizards,SF,2023-24,3.39,1.39,0.57,15.98
KJ Martin,Houston Rockets,SF,2021-22,8.70,3.71,1.26,15.98
Mouhamed Gueye,Atlanta Hawks,PF,2024-25,4.10,2.90,0.56,15.97
Jeff Dowtin Jr.,Philadelphia 76ers,PG,2024-25,5.70,1.20,1.56,15.96
Franz Wagner,Orlando Magic,PF,2021-22,15.15,4.51,2.92,15.96
Justin Champagnie,Washington Wizards,SG,2023-24,4.94,2.94,1.06,15.95
John Collins,Los Angeles Clippers,PF,2025-26,13.17,5.17,0.99,15.95
Gordon Hayward,Charlotte Hornets,SF,2022-23,14.66,4.30,4.12,15.95
Jock Landale,Houston Rockets,C,2023-24,3.51,2.21,0.83,15.94
Bogdan Bogdanović,Atlanta Hawks,SG,2021-22,14.62,3.85,2.98,15.94
Stanley Johnson,San Antonio Spurs,SG,2022-23,5.80,3.17,2.23,15.93
Tyler Smith,Milwaukee Bucks,PF,2024-25,1.29,0.48,0.08,15.93
Orlando Robinson,Miami Heat,C,2023-24,1.46,1.24,0.50,15.93
Xavier Cooks,Washington Wizards,SF,2022-23,3.17,3.17,0.50,15.93
Santi Aldama,Memphis Grizzlies,PF,2023-24,8.84,4.76,1.86,15.92
Josh Okogie,Charlotte Hornets,SG,2024-25,7.82,2.41,1.12,15.92
Alex Caruso,Oklahoma City Thunder,SG,2024-25,6.26,2.57,2.21,15.92
Myron Gardner,Miami Heat,SF,2025-26,2.59,1.94,0.70,15.92
Khaman Maluach,Phoenix Suns,C,2025-26,1.70,1.62,0.07,15.91
Brandin Podziemski,Golden State Warriors,SG,2023-24,8.63,5.41,3.46,15.90
Jordan Goodwin,Memphis Grizzlies,SG,2023-24,9.44,7.56,4.28,15.89
Austin Reaves,Los Angeles Lakers,PG,2022-23,12.82,2.97,3.31,15.88
Al Horford,Boston Celtics,C,2022-23,9.33,5.91,2.86,15.88
CJ McCollum,Washington Wizards,PG,2025-26,18.80,3.54,3.60,15.87
Cole Anthony,Orlando Magic,SG,2023-24,11.57,3.84,2.91,15.86
Jaden Ivey,Chicago Bulls,PG,2025-26,9.20,3.80,3.20,15.84
Jae Crowder,Milwaukee Bucks,SF,2022-23,6.89,3.83,1.50,15.83
Andrew Wiggins,Golden State Warriors,SF,2021-22,16.97,4.39,2.18,15.82
Buddy Hield,Indiana Pacers,SG,2021-22,18.19,5.08,4.77,15.82
D'Angelo Russell,Brooklyn Nets,PG,2024-25,9.82,2.16,4.24,15.81
Collin Gillespie,Phoenix Suns,PG,2025-26,12.49,4.04,4.58,15.80
Kevin Porter Jr.,Houston Rockets,PG,2021-22,15.31,4.31,6.06,15.79
Tobias Harris,Detroit Pistons,SF,2024-25,13.18,5.68,2.13,15.79
Delon Wright,Washington Wizards,PG,2023-24,4.06,1.79,2.48,15.79
Bruce Brown,Brooklyn Nets,SG,2021-22,8.19,4.37,1.87,15.78
Blake Griffin,Brooklyn Nets,PF,2021-22,4.43,2.81,1.30,15.78
Isaiah Thomas,Charlotte Hornets,PG,2021-22,7.42,1.11,1.26,15.78
Santi Aldama,Memphis Grizzlies,PF,2022-23,9.04,4.82,1.26,15.77
Keshad Johnson,Miami Heat,SF,2025-26,1.84,0.84,0.11,15.77
Lauri Markkanen,Cleveland Cavaliers,PF,2021-22,14.75,5.66,1.33,15.77
Jaden Ivey,Detroit Pistons,PG,2024-25,16.50,3.88,3.72,15.77
Isaiah Stewart,Detroit Pistons,PF,2025-26,8.92,4.47,1.02,15.77
Rui Hachimura,Washington Wizards,SF,2022-23,13.00,4.27,1.17,15.76
Jared Butler,Washington Wizards,PG,2023-24,4.56,1.05,2.29,15.76
Jarred Vanderbilt,Los Angeles Lakers,SF,2022-23,7.19,6.65,1.62,15.76
Collin Sexton,Utah Jazz,PG,2022-23,13.43,2.06,2.71,15.75
Noah Clowney,Brooklyn Nets,PF,2023-24,4.16,2.53,0.56,15.74
Richaun Holmes,Dallas Mavericks,PF,2023-24,1.63,1.63,0.31,15.74
Lindy Waters III,Oklahoma City Thunder,SF,2023-24,2.49,0.73,0.44,15.74
Lonzo Ball,Chicago Bulls,SG,2021-22,12.64,5.28,4.94,15.73
Omer Yurtseven,Miami Heat,C,2022-23,2.35,1.35,0.12,15.73
Will Barton,Denver Nuggets,SG,2021-22,14.29,4.66,3.78,15.73
Goran Dragic,Toronto Raptors,PG,2021-22,1.82,0.64,0.41,15.72
Tre Mann,Charlotte Hornets,SG,2023-24,10.74,4.03,4.68,15.72
Paul George,Philadelphia 76ers,SF,2024-25,14.46,4.76,3.87,15.70
Davis Bertans,Oklahoma City Thunder,PF,2023-24,0.94,0.21,0.19,15.70
P.J. Washington,Dallas Mavericks,SF,2025-26,12.49,6.17,1.48,15.68
John Wall,Los Angeles Clippers,PG,2022-23,11.03,2.63,5.09,15.67
OG Anunoby,New York Knicks,SG,2025-26,16.33,5.15,2.10,15.67
Derrick Rose,Memphis Grizzlies,PG,2023-24,4.78,1.13,1.95,15.67
Daeqwon Plowden,Atlanta Hawks,SG,2024-25,3.31,0.85,0.15,15.66
Josh Okogie,Phoenix Suns,SG,2024-25,4.41,2.12,0.41,15.65
Jeremy Lamb,Sacramento Kings,SG,2021-22,6.70,3.00,1.50,15.65
Patrick Beverley,Minnesota Timberwolves,SG,2021-22,8.88,4.00,4.47,15.64
Precious Achiuwa,New York Knicks,SF,2024-25,6.21,5.20,0.90,15.63
Kyle Kuzma,Milwaukee Bucks,SF,2025-26,12.62,4.41,2.59,15.63
Shaedon Sharpe,Portland Trail Blazers,SG,2024-25,16.28,3.95,2.41,15.63
Kenrich Williams,Oklahoma City Thunder,SG,2025-26,5.76,2.97,1.25,15.63
Aleksej Pokusevski,Oklahoma City Thunder,PF,2022-23,7.26,4.18,1.68,15.63
Jaylin Williams,Oklahoma City Thunder,PF,2023-24,3.73,3.16,1.49,15.62
Jerami Grant,Portland Trail Blazers,SF,2023-24,19.52,3.29,2.62,15.61
Aleksej Pokusevski,Oklahoma City Thunder,PF,2021-22,6.63,4.54,1.87,15.61
Coby White,Chicago Bulls,PG,2023-24,19.10,4.53,5.13,15.60
Joe Ingles,Minnesota Timberwolves,PG,2025-26,0.52,0.24,0.43,15.59
Payton Pritchard,Boston Celtics,PG,2021-22,5.67,1.72,1.78,15.59
Derrick Favors,Oklahoma City Thunder,PF,2021-22,3.17,2.83,0.38,15.59
Josh Hart,Portland Trail Blazers,SG,2022-23,9.19,7.87,3.77,15.58
Trendon Watford,Portland Trail Blazers,SG,2022-23,6.20,3.22,1.76,15.58
Tyus Jones,Phoenix Suns,PG,2024-25,10.23,2.42,5.30,15.57
Cade Cunningham,Detroit Pistons,PG,2021-22,15.47,4.92,4.94,15.56
Juancho Hernangomez,Utah Jazz,PF,2021-22,3.89,2.22,0.52,15.56
Brook Lopez,Milwaukee Bucks,C,2023-24,12.53,5.18,1.61,15.56
Andrew Wiggins,Golden State Warriors,SF,2022-23,15.83,4.65,2.13,15.55
Donte DiVincenzo,New York Knicks,SG,2023-24,15.35,3.62,2.63,15.55
Isaiah Stewart,Detroit Pistons,PF,2022-23,10.50,7.46,1.30,15.54
Caris LeVert,Cleveland Cavaliers,PG,2024-25,10.21,2.82,3.68,15.54
Jaylon Tyson,Cleveland Cavaliers,SG,2025-26,13.21,5.12,2.23,15.54
Nate Williams,Houston Rockets,SG,2023-24,1.26,0.46,0.14,15.54
Mikal Bridges,Phoenix Suns,SG,2022-23,17.23,4.34,3.59,15.53
Anfernee Simons,Portland Trail Blazers,PG,2021-22,17.03,2.60,3.81,15.53
Chaney Johnson,Brooklyn Nets,SG,2025-26,6.95,3.95,1.80,15.53
Jalen Green,Houston Rockets,SG,2022-23,22.14,3.74,3.70,15.52
Craig Porter Jr.,Cleveland Cavaliers,SG,2025-26,4.01,3.06,2.85,15.51
Seth Curry,Golden State Warriors,SG,2025-26,4.18,0.71,0.59,15.50
Cam Thomas,Brooklyn Nets,SG,2022-23,7.37,1.16,0.95,15.49
Jake LaRavia,Memphis Grizzlies,SF,2024-25,6.86,4.10,2.66,15.49
Gui Santos,Golden State Warriors,SF,2025-26,7.72,3.28,1.96,15.48
Simone Fontecchio,Detroit Pistons,SF,2023-24,14.53,4.12,1.65,15.47
Lamar Stevens,Boston Celtics,SF,2023-24,1.08,0.63,0.16,15.46
Kevin Huerter,Sacramento Kings,SG,2022-23,15.00,3.30,2.91,15.46
Saddiq Bey,Detroit Pistons,SG,2021-22,16.11,5.38,2.84,15.46
Luke Kennard,Memphis Grizzlies,SG,2024-25,8.47,2.69,3.16,15.46
Keita Bates-Diop,San Antonio Spurs,SF,2021-22,5.00,3.45,0.61,15.46
RJ Barrett,New York Knicks,SG,2023-24,16.34,3.83,2.17,15.45
Dante Exum,Dallas Mavericks,PG,2023-24,7.09,2.46,2.67,15.45
Mo Bamba,Los Angeles Lakers,C,2022-23,2.75,3.42,0.33,15.42
Isaiah Hartenstein,New York Knicks,C,2022-23,4.95,6.54,1.24,15.42
Brice Sensabaugh,Utah Jazz,SF,2025-26,14.31,2.96,1.83,15.42
Sandro Mamukelashvili,Milwaukee Bucks,PF,2021-22,2.61,1.39,0.37,15.41
Bismack Biyombo,San Antonio Spurs,C,2024-25,4.50,4.94,0.97,15.40
Elfrid Payton,New Orleans Pelicans,PG,2024-25,4.16,3.47,7.68,15.39
Quenton Jackson,Indiana Pacers,PG,2025-26,8.00,2.04,2.50,15.39
Rui Hachimura,Los Angeles Lakers,SF,2022-23,9.32,4.56,0.68,15.39
Cameron Johnson,Brooklyn Nets,SF,2023-24,11.94,3.86,2.12,15.39
Alec Burks,Detroit Pistons,SG,2023-24,12.00,2.44,1.51,15.39
Devin Carter,Sacramento Kings,SG,2025-26,4.71,1.74,1.40,15.39
Cormac Ryan,Milwaukee Bucks,SG,2025-26,12.08,2.15,1.46,15.38
Dennis Schröder,Toronto Raptors,PG,2023-24,13.69,2.75,6.14,15.38
Jevon Carter,Milwaukee Bucks,PG,2021-22,5.09,1.95,2.27,15.38
Jeremiah Robinson-Earl,Dallas Mavericks,PF,2025-26,4.40,3.00,0.60,15.37
Bones Hyland,Denver Nuggets,PG,2022-23,10.37,1.76,2.55,15.37
John Konchar,Utah Jazz,SG,2025-26,5.28,5.10,2.69,15.37
RJ Barrett,New York Knicks,SG,2021-22,19.75,5.75,2.93,15.37
Stephon Castle,San Antonio Spurs,PG,2024-25,14.73,3.68,4.09,15.37
Wendell Carter Jr.,Orlando Magic,C,2025-26,11.59,7.34,1.91,15.36
Haywood Highsmith,Phoenix Suns,SF,2025-26,3.80,1.30,0.70,15.36
Isaac Jones,Sacramento Kings,SF,2024-25,2.13,0.90,0.19,15.35
Malik Monk,Los Angeles Lakers,PG,2021-22,13.61,3.32,2.83,15.35
Mikal Bridges,New York Knicks,SG,2025-26,14.38,3.81,3.72,15.33
Nae'Qwan Tomlin,Cleveland Cavaliers,SF,2024-25,3.27,1.91,0.18,15.33
Saben Lee,Detroit Pistons,PG,2021-22,4.00,1.67,2.06,15.32
Julian Champagnie,San Antonio Spurs,SF,2022-23,10.31,3.75,0.63,15.32
Kenrich Williams,Oklahoma City Thunder,SG,2022-23,7.73,4.75,1.91,15.31
Talen Horton-Tucker,Chicago Bulls,PG,2024-25,4.80,1.27,1.05,15.28
Harrison Barnes,San Antonio Spurs,SF,2024-25,12.08,3.70,1.65,15.28
Jerami Grant,Portland Trail Blazers,SF,2025-26,13.59,2.54,1.56,15.27
Peyton Watson,Denver Nuggets,SG,2025-26,13.84,4.63,1.95,15.27
Quinten Post,Golden State Warriors,C,2024-25,7.56,3.29,1.24,15.26
John Collins,Atlanta Hawks,PF,2022-23,13.11,6.51,1.20,15.24
Nassir Little,Portland Trail Blazers,SG,2021-22,9.76,5.62,1.29,15.24
Bradley Beal,Phoenix Suns,PG,2024-25,17.02,3.34,3.68,15.24
Brook Lopez,Milwaukee Bucks,C,2021-22,11.50,3.79,0.43,15.24
Braxton Key,Detroit Pistons,SF,2021-22,8.56,5.33,1.11,15.24
Tristan Vukcevic,Washington Wizards,PF,2023-24,7.08,3.00,1.08,15.24
P.J. Washington,Charlotte Hornets,SF,2021-22,9.82,4.96,2.16,15.23
John Konchar,Memphis Grizzlies,SG,2024-25,1.45,1.96,0.55,15.23
Alex Sarr,Washington Wizards,C,2024-25,11.83,5.96,2.19,15.22
Devin Vassell,San Antonio Spurs,SG,2024-25,16.03,3.94,2.81,15.22
Saben Lee,Phoenix Suns,PG,2023-24,1.42,0.62,0.60,15.21
Sharife Cooper,Washington Wizards,PG,2025-26,6.66,1.72,2.48,15.21
Josh Minott,Boston Celtics,SF,2025-26,4.27,2.62,0.73,15.21
Kyshawn George,Washington Wizards,SF,2025-26,13.15,4.54,3.96,15.20
Bones Hyland,Denver Nuggets,PG,2021-22,9.31,2.51,2.55,15.20
Jonathan Mogbo,Toronto Raptors,PF,2025-26,0.94,1.05,0.38,15.20
Delon Wright,Atlanta Hawks,PG,2021-22,4.33,2.78,2.38,15.20
Grayson Allen,Phoenix Suns,SG,2025-26,16.49,3.04,3.82,15.19
Daniel Theis,Los Angeles Clippers,PF,2023-24,5.34,3.49,0.87,15.19
Wenyen Gabriel,Los Angeles Lakers,PF,2022-23,4.89,3.76,0.47,15.19
Mikal Bridges,Phoenix Suns,SG,2021-22,14.17,4.23,2.26,15.18
Anfernee Simons,Portland Trail Blazers,PG,2024-25,17.06,2.39,4.27,15.17
Harrison Barnes,Sacramento Kings,SF,2022-23,15.00,4.46,1.56,15.17
Jabari Walker,Portland Trail Blazers,SF,2023-24,8.74,6.96,0.97,15.17
Mike Conley,Utah Jazz,PG,2022-23,10.72,2.49,7.67,15.16
Kyle Anderson,Utah Jazz,SG,2025-26,3.16,1.47,1.36,15.15
Larry Nance Jr.,New Orleans Pelicans,PF,2021-22,7.33,4.33,0.89,15.15
Jeremiah Fears,New Orleans Pelicans,SG,2025-26,14.26,3.66,3.40,15.15
Darius Bazley,Oklahoma City Thunder,PF,2022-23,4.17,2.60,0.68,15.15
Brook Lopez,Milwaukee Bucks,C,2024-25,12.97,5.04,1.80,15.15
Kennedy Chandler,Utah Jazz,PG,2025-26,15.00,3.36,6.73,15.14
Malachi Smith,Brooklyn Nets,SG,2025-26,7.75,3.19,3.06,15.14
Nicolas Batum,Los Angeles Clippers,SG,2021-22,7.79,4.03,1.59,15.13
Jae'Sean Tate,Houston Rockets,SF,2021-22,11.78,5.38,2.85,15.13
Guerschon Yabusele,Philadelphia 76ers,SF,2024-25,9.85,5.06,1.90,15.12
Alex Len,Sacramento Kings,C,2022-23,0.56,0.78,0.16,15.11
JaMychal Green,Denver Nuggets,PF,2021-22,6.08,3.96,0.83,15.10
Dennis Schröder,Sacramento Kings,PG,2025-26,11.86,2.84,4.91,15.10
Kemba Walker,New York Knicks,PG,2021-22,9.17,2.36,2.79,15.09
Dominick Barlow,Atlanta Hawks,PF,2024-25,2.55,1.47,0.33,15.09
Reed Sheppard,Houston Rockets,PG,2025-26,13.54,2.90,3.38,15.08
Thaddeus Young,Phoenix Suns,SF,2023-24,0.85,1.04,0.26,15.08
Spencer Dinwiddie,Washington Wizards,PG,2021-22,12.64,4.70,5.82,15.08
Klay Thompson,Golden State Warriors,SG,2023-24,17.41,3.22,2.23,15.07
Kendrick Nunn,Washington Wizards,SG,2022-23,6.50,1.50,1.56,15.07
Kyle Anderson,Memphis Grizzlies,SG,2025-26,5.29,2.00,0.43,15.06
Julian Champagnie,San Antonio Spurs,SF,2025-26,11.21,5.74,1.54,15.06
Kelly Oubre Jr.,Charlotte Hornets,SG,2022-23,17.05,4.37,0.95,15.06
GG Jackson,Memphis Grizzlies,PF,2023-24,12.71,3.56,1.07,15.05
Josh Hart,New York Knicks,SG,2023-24,9.40,8.33,4.09,15.04
Bogdan Bogdanović,Atlanta Hawks,SG,2023-24,16.26,3.32,3.01,15.04
Kevin Huerter,Chicago Bulls,SG,2025-26,10.64,3.76,2.58,15.02
Keyonte George,Utah Jazz,PG,2024-25,15.63,3.51,5.24,15.02
Peyton Watson,Denver Nuggets,SG,2022-23,1.70,0.84,0.25,15.02
OG Anunoby,New York Knicks,SG,2024-25,17.30,4.65,2.13,15.02
Patrick Baldwin Jr.,Washington Wizards,PF,2024-25,1.21,0.65,0.06,15.01
Saddiq Bey,Detroit Pistons,SG,2022-23,14.83,4.65,1.62,15.01
David Roddy,Atlanta Hawks,SF,2024-25,2.44,1.40,0.60,15.01
Mo Bamba,New Orleans Pelicans,C,2024-25,2.00,5.00,0.40,15.00
Bojan Bogdanovic,Detroit Pistons,SF,2023-24,18.83,3.13,2.37,15.00
Kai Jones,Los Angeles Clippers,C,2024-25,1.42,1.07,0.23,14.99
Bones Hyland,Minnesota Timberwolves,PG,2025-26,7.46,1.57,2.32,14.99
Jordan Clarkson,Utah Jazz,PG,2023-24,16.82,3.36,4.95,14.98
Bennedict Mathurin,Indiana Pacers,SG,2024-25,15.12,5.09,1.82,14.98
Jaxson Hayes,Los Angeles Lakers,C,2023-24,3.84,2.67,0.42,14.98
Wendell Carter Jr.,Orlando Magic,C,2024-25,8.83,7.03,1.91,14.97
Immanuel Quickley,New York Knicks,PG,2021-22,11.31,3.17,3.53,14.96
Nikola Jović,Miami Heat,PF,2023-24,4.89,2.67,1.25,14.95
Kelly Oubre Jr.,Charlotte Hornets,SG,2021-22,14.58,3.87,1.08,14.95
Mike Muscala,Oklahoma City Thunder,PF,2022-23,5.41,2.76,0.78,14.95
Norman Powell,Portland Trail Blazers,SG,2021-22,18.65,3.28,2.05,14.94
Draymond Green,Golden State Warriors,SF,2024-25,8.63,5.83,5.39,14.93
Aaron Nesmith,Indiana Pacers,SG,2024-25,8.67,2.79,0.84,14.93
Xavier Tillman,Boston Celtics,SF,2023-24,3.20,2.16,0.80,14.92
Marcus Morris Sr.,Los Angeles Clippers,SF,2021-22,14.31,4.12,1.95,14.92
Tidjane Salaün,Charlotte Hornets,PF,2025-26,4.93,3.31,0.60,14.91
Dwight Powell,Dallas Mavericks,PF,2023-24,2.63,2.71,1.06,14.91
Caleb Martin,Miami Heat,SF,2021-22,8.61,3.59,1.00,14.91
Dalano Banton,Toronto Raptors,SF,2022-23,3.02,0.96,0.77,14.90
Robert Covington,Los Angeles Clippers,SF,2022-23,3.79,2.18,0.75,14.90
Jeremiah Robinson-Earl,New Orleans Pelicans,PF,2024-25,5.23,3.94,1.10,14.90
Dru Smith,Miami Heat,SG,2025-26,5.00,2.19,2.28,14.90
Guerschon Yabusele,Chicago Bulls,SF,2025-26,9.00,5.07,1.55,14.89
Terence Davis,Sacramento Kings,SG,2021-22,7.78,2.35,1.00,14.89
Cameron Payne,Phoenix Suns,PG,2022-23,9.48,2.04,4.12,14.89
Drew Eubanks,Sacramento Kings,PF,2025-26,3.04,1.76,0.26,14.88
Al Horford,Boston Celtics,C,2024-25,7.58,5.20,1.80,14.88
Andre Iguodala,Golden State Warriors,PG,2021-22,3.10,2.50,2.85,14.88
Dru Smith,Brooklyn Nets,SG,2022-23,2.36,1.07,1.21,14.87
Donte DiVincenzo,Minnesota Timberwolves,SG,2024-25,11.48,3.62,3.57,14.87
Nikola Jović,Miami Heat,PF,2024-25,7.67,2.72,2.03,14.87
Isaiah Mobley,Cleveland Cavaliers,SF,2022-23,1.24,0.80,0.12,14.86
Donte DiVincenzo,Golden State Warriors,SG,2022-23,9.42,4.51,3.50,14.85
Luke Kennard,Memphis Grizzlies,SG,2023-24,8.58,2.26,2.72,14.85
Dillon Brooks,Memphis Grizzlies,SG,2021-22,18.44,3.19,2.75,14.85
Pat Spencer,Golden State Warriors,PG,2024-25,1.56,0.73,0.76,14.85
Kemba Walker,Dallas Mavericks,PG,2022-23,4.80,1.07,1.27,14.85
Vince Williams Jr.,Memphis Grizzlies,SG,2023-24,7.24,4.03,2.43,14.84
Jaylen Nowell,Minnesota Timberwolves,SG,2022-23,10.35,2.50,1.94,14.84
Jordan Clarkson,Utah Jazz,PG,2021-22,15.63,3.37,2.40,14.83
Terance Mann,Los Angeles Clippers,SG,2021-22,10.77,5.25,2.58,14.82
Kelly Olynyk,San Antonio Spurs,PF,2025-26,1.80,1.03,0.66,14.82
Corey Kispert,Washington Wizards,SF,2025-26,8.70,2.20,1.60,14.82
Cody Zeller,New Orleans Pelicans,PF,2023-24,0.96,1.42,0.49,14.82
Terrence Ross,Phoenix Suns,SG,2022-23,8.95,3.29,1.95,14.82
Kobi Simmons,Toronto Raptors,PG,2023-24,5.00,1.75,3.00,14.81
Jaxson Hayes,New Orleans Pelicans,C,2022-23,2.84,1.61,0.41,14.81
Trendon Watford,Philadelphia 76ers,SG,2025-26,5.58,2.81,2.13,14.81
Pat Connaughton,Charlotte Hornets,SG,2025-26,1.64,0.91,0.27,14.81
Keita Bates-Diop,Brooklyn Nets,SF,2023-24,1.15,0.45,0.20,14.81
Simone Fontecchio,Miami Heat,SF,2025-26,7.37,2.60,1.25,14.81
Carmelo Anthony,Los Angeles Lakers,SF,2021-22,13.13,4.11,0.97,14.80
Josh Richardson,San Antonio Spurs,SG,2022-23,11.19,2.77,3.19,14.80
Bones Hyland,Los Angeles Clippers,PG,2024-25,2.88,0.48,0.56,14.79
Marquese Chriss,Dallas Mavericks,PF,2021-22,3.85,2.58,0.43,14.79
Jared McCain,Philadelphia 76ers,SG,2024-25,14.67,2.33,2.50,14.79
Anfernee Simons,Portland Trail Blazers,PG,2022-23,21.06,2.60,4.08,14.78
Myles Turner,Milwaukee Bucks,C,2025-26,11.28,5.04,1.37,14.77
Bennedict Mathurin,Indiana Pacers,SG,2023-24,14.27,3.90,1.98,14.77
Malaki Branham,Washington Wizards,SF,2025-26,3.20,1.10,0.58,14.77
Tristan Thompson,Indiana Pacers,C,2021-22,7.25,4.50,0.50,14.77
Dennis Smith Jr.,Portland Trail Blazers,PG,2021-22,3.89,1.66,2.49,14.76
Jared Butler,Philadelphia 76ers,PG,2024-25,10.35,2.23,4.45,14.76
Lamar Stevens,Memphis Grizzlies,SF,2024-25,2.96,1.52,0.32,14.76
T.J. Warren,Brooklyn Nets,SF,2022-23,9.15,2.67,1.07,14.76
Trey Murphy III,New Orleans Pelicans,SF,2022-23,14.53,3.56,1.42,14.76
Craig Porter Jr.,Cleveland Cavaliers,SG,2024-25,2.65,0.94,1.00,14.75
Kenrich Williams,Oklahoma City Thunder,SG,2024-25,6.04,3.38,1.37,14.75
Bogdan Bogdanović,Atlanta Hawks,SG,2022-23,13.75,3.00,2.73,14.74
Ausar Thompson,Detroit Pistons,SG,2023-24,8.55,6.18,1.85,14.74
Kenrich Williams,Oklahoma City Thunder,SG,2021-22,5.76,3.49,1.71,14.72
Spencer Dinwiddie,Brooklyn Nets,PG,2023-24,12.58,3.29,6.00,14.72
Blake Griffin,Boston Celtics,PF,2022-23,2.10,1.91,0.75,14.72
Grant Williams,Charlotte Hornets,SF,2023-24,13.40,4.97,3.10,14.72
Precious Achiuwa,Toronto Raptors,SF,2021-22,8.97,6.39,1.11,14.71
Juancho Hernangomez,San Antonio Spurs,PF,2021-22,0.78,1.67,0.33,14.71
Obi Toppin,New York Knicks,PF,2022-23,7.20,2.71,0.96,14.71
Tre Jones,San Antonio Spurs,PG,2024-25,4.08,2.04,3.65,14.70
Scotty Pippen Jr.,Memphis Grizzlies,PG,2025-26,6.00,1.16,2.47,14.69
Orlando Robinson,Sacramento Kings,C,2024-25,0.79,0.58,0.38,14.69
Marcus Smart,Boston Celtics,PG,2021-22,12.13,3.80,5.87,14.69
Royce O'Neale,Phoenix Suns,SF,2023-24,8.13,5.20,2.73,14.68
Jordan McLaughlin,Minnesota Timberwolves,PG,2021-22,2.99,1.21,2.31,14.68
Devin Vassell,San Antonio Spurs,SG,2021-22,12.11,4.25,1.89,14.67
Zach LaVine,Sacramento Kings,SG,2025-26,18.70,2.70,2.23,14.67
Caleb Houstan,Atlanta Hawks,SG,2025-26,1.05,0.28,0.10,14.66
Kira Lewis Jr.,New Orleans Pelicans,PG,2022-23,2.04,0.59,0.41,14.66
Donte DiVincenzo,Sacramento Kings,SG,2021-22,10.32,4.40,3.56,14.66
Talen Horton-Tucker,Utah Jazz,PG,2023-24,6.45,1.51,2.21,14.65
Jordan Goodwin,Phoenix Suns,SG,2025-26,8.23,4.61,2.04,14.65
Kyle Anderson,Minnesota Timberwolves,SG,2023-24,6.33,3.41,4.14,14.65
Naji Marshall,New Orleans Pelicans,SF,2023-24,6.75,3.48,1.86,14.64
Oso Ighodaro,Phoenix Suns,PF,2025-26,6.48,5.10,2.26,14.64
Orlando Robinson,Toronto Raptors,C,2024-25,7.47,5.42,1.79,14.64
Jonathan Kuminga,Golden State Warriors,SF,2022-23,9.38,3.25,1.76,14.64
Brandon Miller,Charlotte Hornets,SF,2024-25,21.04,4.85,3.63,14.63
Quinten Post,Golden State Warriors,C,2025-26,6.75,3.54,1.24,14.63
Devonte' Graham,San Antonio Spurs,PG,2022-23,11.77,2.27,3.64,14.62
Josh Minott,Minnesota Timberwolves,SF,2024-25,1.47,0.58,0.22,14.62
Chimezie Metu,Detroit Pistons,PF,2023-24,10.50,6.00,1.93,14.62
Dylan Windler,Atlanta Hawks,SG,2023-24,2.33,1.00,0.25,14.61
Luka Garza,Detroit Pistons,C,2021-22,3.38,1.82,0.36,14.61
George Hill,Indiana Pacers,SG,2022-23,2.38,0.75,0.88,14.60
Jeremy Sochan,San Antonio Spurs,SF,2023-24,11.64,6.43,3.36,14.60
Jalen Suggs,Orlando Magic,PG,2024-25,13.83,3.44,3.15,14.60
Jarred Vanderbilt,Los Angeles Lakers,SF,2024-25,3.68,4.55,1.03,14.60
Jericho Sims,New York Knicks,C,2022-23,2.17,2.95,0.30,14.57
OG Anunoby,Toronto Raptors,SG,2021-22,17.13,5.50,2.60,14.57
RayJ Dennis,Indiana Pacers,PG,2024-25,1.50,0.45,0.65,14.57
Pat Connaughton,Milwaukee Bucks,SG,2021-22,9.77,4.14,1.24,14.56
VJ Edgecombe,Philadelphia 76ers,SG,2025-26,15.99,5.64,4.20,14.55
Quentin Grimes,Dallas Mavericks,SG,2024-25,10.00,3.73,2.10,14.55
Duop Reath,Portland Trail Blazers,C,2023-24,8.69,3.52,0.94,14.54
Jason Preston,Utah Jazz,PG,2023-24,0.80,1.13,1.07,14.54
Isaiah Joe,Oklahoma City Thunder,SG,2025-26,10.61,2.45,1.27,14.53
Rudy Gay,Utah Jazz,SG,2021-22,7.56,4.10,0.95,14.53
Jarace Walker,Indiana Pacers,SF,2025-26,11.05,4.89,2.40,14.53
Jericho Sims,Milwaukee Bucks,C,2025-26,4.12,4.57,1.28,14.53
Jaden Springer,Philadelphia 76ers,SG,2022-23,0.89,0.30,0.17,14.53
Jaden Hardy,Dallas Mavericks,SG,2022-23,6.00,1.27,0.93,14.52
Svi Mykhailiuk,Charlotte Hornets,SG,2022-23,8.38,1.92,2.17,14.52
Cam Thomas,Milwaukee Bucks,SG,2025-26,9.60,1.40,1.70,14.51
Kevin Huerter,Detroit Pistons,SG,2025-26,6.69,2.22,1.94,14.50
Josh Richardson,San Antonio Spurs,SG,2021-22,10.39,2.61,2.13,14.49
Oshae Brissett,Indiana Pacers,SG,2021-22,7.48,4.37,0.88,14.49
Dario Saric,Phoenix Suns,PF,2022-23,3.84,2.54,1.02,14.49
Eric Bledsoe,Los Angeles Clippers,PG,2021-22,9.89,3.37,4.17,14.49
Cole Anthony,Orlando Magic,SG,2024-25,8.29,2.68,2.51,14.47
Bruce Brown,Denver Nuggets,SG,2022-23,11.54,4.10,3.35,14.46
Tristan Thompson,Cleveland Cavaliers,C,2024-25,0.84,1.63,0.29,14.46
Jalen Johnson,Atlanta Hawks,SF,2021-22,1.08,0.54,0.06,14.46
Ben Simmons,Los Angeles Clippers,PG,2024-25,2.74,3.63,2.95,14.45
Taylor Hendricks,Memphis Grizzlies,PF,2025-26,9.48,4.21,1.07,14.45
Robin Lopez,Orlando Magic,C,2021-22,3.34,1.66,0.71,14.45
Saddiq Bey,Atlanta Hawks,SG,2023-24,13.70,6.52,1.46,14.45
Bilal Coulibaly,Washington Wizards,SG,2025-26,10.60,3.92,2.34,14.44
Kevin Porter Jr.,Los Angeles Clippers,PG,2024-25,9.11,3.48,3.13,14.44
Orlando Robinson,Miami Heat,C,2022-23,3.14,3.41,0.68,14.44
Marcus Smart,Washington Wizards,PG,2024-25,6.36,1.32,1.73,14.43
Zach Collins,San Antonio Spurs,PF,2024-25,3.93,2.36,1.21,14.42
Johnny Juzang,Minnesota Timberwolves,SG,2025-26,0.86,0.34,0.12,14.42
Jason Preston,Los Angeles Clippers,PG,2022-23,1.24,0.67,0.82,14.41
Moses Moody,Golden State Warriors,SG,2023-24,7.30,2.68,0.78,14.40
Trendon Watford,Brooklyn Nets,SG,2024-25,8.04,2.86,2.05,14.40
Kevin Knox II,Portland Trail Blazers,SF,2022-23,6.85,2.65,0.69,14.39
Alec Burks,New York Knicks,SG,2021-22,11.65,4.90,2.95,14.39
Cameron Payne,Philadelphia 76ers,PG,2025-26,6.79,1.83,2.42,14.39
Pelle Larsson,Miami Heat,SG,2025-26,10.39,3.17,3.06,14.39
Jordan Goodwin,Phoenix Suns,SG,2023-24,3.88,2.29,1.53,14.39
DeJon Jarreau,Memphis Grizzlies,SG,2023-24,4.78,4.89,2.89,14.38
Daniss Jenkins,Detroit Pistons,PG,2025-26,8.39,2.08,3.48,14.37
Jabari Smith Jr.,Houston Rockets,PF,2025-26,15.19,6.61,1.79,14.37
Grayson Allen,Phoenix Suns,SG,2023-24,13.52,3.93,3.03,14.37
Anthony Black,Orlando Magic,SG,2025-26,14.87,3.74,3.59,14.36
Bennedict Mathurin,Indiana Pacers,SG,2025-26,17.14,5.21,2.17,14.36
Olivier Sarr,Oklahoma City Thunder,C,2021-22,5.46,3.32,0.68,14.36
Malik Monk,Sacramento Kings,PG,2025-26,10.87,1.65,2.61,14.36
Chuma Okeke,Orlando Magic,SF,2021-22,8.64,4.96,1.69,14.36
Isaiah Joe,Oklahoma City Thunder,SG,2022-23,8.53,2.16,1.09,14.35
Jalen Slawson,Indiana Pacers,SF,2025-26,7.31,4.38,2.77,14.35
Max Strus,Cleveland Cavaliers,SG,2025-26,11.17,5.42,2.00,14.32
Goran Dragic,Milwaukee Bucks,PG,2022-23,3.90,1.20,1.20,14.31
Nathan Knight,Minnesota Timberwolves,PF,2022-23,1.70,0.68,0.16,14.30
Danny Wolf,Brooklyn Nets,PF,2025-26,8.19,4.53,2.05,14.29
Bennedict Mathurin,Indiana Pacers,SG,2022-23,16.69,4.08,1.49,14.29
Ayo Dosunmu,Chicago Bulls,PG,2024-25,11.79,3.35,4.33,14.28
Dennis Schröder,Boston Celtics,PG,2021-22,14.37,3.35,4.24,14.28
John Konchar,Memphis Grizzlies,SG,2025-26,2.21,2.08,0.87,14.26
Matas Buzelis,Chicago Bulls,SF,2024-25,8.49,3.43,0.98,14.26
Alex Len,Sacramento Kings,C,2021-22,3.22,2.21,0.62,14.26
Alex Caruso,Chicago Bulls,SG,2023-24,9.17,3.50,3.17,14.25
Cam Whitmore,Washington Wizards,SF,2025-26,7.42,2.23,0.58,14.25
De'Anthony Melton,Golden State Warriors,SG,2025-26,11.15,2.93,2.31,14.24
Jeremy Lamb,Indiana Pacers,SG,2021-22,6.13,2.09,1.13,14.24
MarJon Beauchamp,Philadelphia 76ers,SF,2025-26,3.80,1.28,0.60,14.24
Brice Sensabaugh,Utah Jazz,SF,2024-25,9.90,2.69,1.41,14.23
Wendell Moore Jr.,Detroit Pistons,SG,2024-25,1.24,0.86,0.45,14.23
Jose Alvarado,New York Knicks,PG,2025-26,6.20,1.90,3.53,14.22
Lachlan Olbrich,Chicago Bulls,C,2025-26,1.78,2.24,0.84,14.21
Leonard Miller,Minnesota Timberwolves,PF,2025-26,0.85,0.48,0.10,14.20
Luke Kennard,Atlanta Hawks,SG,2025-26,7.28,1.98,1.92,14.20
Javonte Green,Chicago Bulls,SG,2022-23,4.23,2.26,0.59,14.19
DaRon Holmes II,Denver Nuggets,PF,2025-26,1.79,0.67,0.31,14.19
Kyle Kuzma,Washington Wizards,SF,2024-25,15.19,5.78,2.47,14.19
Jordan Nwora,Indiana Pacers,SF,2023-24,2.35,0.83,0.45,14.18
Dwight Powell,Dallas Mavericks,PF,2022-23,6.17,3.83,0.84,14.17
Mikal Bridges,New York Knicks,SG,2024-25,17.61,3.16,3.73,14.17
Kris Dunn,Portland Trail Blazers,PG,2021-22,7.07,3.27,5.27,14.16
Ty Jerome,Golden State Warriors,PG,2022-23,6.44,1.63,2.81,14.15
Jules Bernard,Washington Wizards,SG,2023-24,2.06,0.72,0.44,14.14
Dennis Schröder,Brooklyn Nets,PG,2023-24,13.68,3.29,5.65,14.13
Terance Mann,Atlanta Hawks,SG,2024-25,9.80,3.07,2.07,14.13
Buddy Hield,Indiana Pacers,SG,2023-24,11.98,3.21,2.67,14.13
Kyle Anderson,Minnesota Timberwolves,SG,2025-26,4.58,3.68,3.26,14.13
P.J. Washington,Charlotte Hornets,SF,2023-24,13.33,5.16,2.16,14.13
Oshae Brissett,Boston Celtics,SG,2023-24,2.51,2.00,0.55,14.13
Jamaree Bouyea,Phoenix Suns,SG,2025-26,4.46,1.39,1.39,14.12
Bruno Fernando,Boston Celtics,PF,2021-22,0.44,0.35,0.09,14.11
Kris Dunn,Utah Jazz,PG,2023-24,4.89,2.59,3.48,14.11
Seth Curry,Brooklyn Nets,SG,2021-22,10.92,1.88,1.88,14.11
Daniel Theis,New Orleans Pelicans,PF,2024-25,3.38,3.42,1.25,14.11
Bruce Brown,Toronto Raptors,SG,2024-25,7.95,3.58,1.47,14.11
Jabari Smith Jr.,Houston Rockets,PF,2024-25,9.00,5.17,0.75,14.11
Monte Morris,Phoenix Suns,PG,2024-25,3.24,0.93,1.01,14.11
Anthony Gill,Washington Wizards,SF,2021-22,2.57,1.21,0.39,14.10
Bruce Brown,Indiana Pacers,SG,2023-24,11.71,4.53,2.94,14.10
Trey Lyles,Sacramento Kings,PF,2024-25,6.35,4.45,1.15,14.09
Jeremiah Robinson-Earl,Oklahoma City Thunder,PF,2021-22,6.78,5.07,0.91,14.08
Patrick Baldwin Jr.,Golden State Warriors,PF,2022-23,2.03,0.67,0.18,14.08
Rui Hachimura,Los Angeles Lakers,SF,2024-25,12.50,4.76,1.34,14.08
Quenton Jackson,Indiana Pacers,PG,2024-25,3.24,0.88,1.06,14.08
Corey Kispert,Washington Wizards,SF,2023-24,13.21,2.78,1.94,14.07
Trey Lyles,Sacramento Kings,PF,2023-24,7.10,4.36,1.22,14.07
Jalen McDaniels,Charlotte Hornets,PF,2021-22,5.40,2.70,0.92,14.06
Tyler Kolek,New York Knicks,PG,2025-26,3.46,1.22,2.13,14.06
Lonnie Walker IV,Philadelphia 76ers,SG,2024-25,11.23,2.86,2.27,14.05
Taj Gibson,Memphis Grizzlies,PF,2025-26,2.43,1.93,0.43,14.05
Dalano Banton,Portland Trail Blazers,SF,2024-25,6.90,1.67,1.98,14.04
Seth Curry,Charlotte Hornets,SG,2023-24,8.00,1.78,1.56,14.04
Jarace Walker,Indiana Pacers,SF,2024-25,5.77,2.89,1.34,14.04
Deni Avdija,Washington Wizards,SF,2022-23,9.17,6.41,2.78,14.02
Anfernee Simons,Boston Celtics,PG,2025-26,13.88,2.36,2.32,14.02
Olivier-Maxence Prosper,Dallas Mavericks,SF,2024-25,3.05,1.91,0.61,14.01
Brandon Knight,Dallas Mavericks,SG,2021-22,5.33,1.33,1.33,14.01
Jrue Holiday,Boston Celtics,PG,2024-25,9.53,3.68,3.32,14.01
Pat Connaughton,Milwaukee Bucks,SG,2024-25,3.13,1.58,1.01,14.01
Andrew Wiggins,Golden State Warriors,SF,2023-24,13.04,4.46,1.65,14.01
Jaden McDaniels,Minnesota Timberwolves,PF,2025-26,14.85,4.25,2.73,14.00
OG Anunoby,Toronto Raptors,SG,2022-23,16.53,4.88,1.93,14.00
Bogdan Bogdanović,Los Angeles Clippers,SG,2024-25,11.43,3.10,3.23,14.00
P.J. Washington,Charlotte Hornets,SF,2022-23,15.25,4.77,2.33,13.99
Theo Maledon,Charlotte Hornets,PG,2022-23,6.41,2.67,3.30,13.99
Mouhamed Gueye,Atlanta Hawks,PF,2023-24,2.00,1.83,0.33,13.99
McKinley Wright IV,Dallas Mavericks,PG,2022-23,2.59,1.07,1.32,13.99
RJ Barrett,New York Knicks,SG,2022-23,19.08,4.91,2.68,13.98
Moussa Diabaté,Los Angeles Clippers,PF,2022-23,1.59,1.35,0.11,13.98
Dennis Smith Jr.,Brooklyn Nets,PG,2023-24,5.27,2.34,2.90,13.98
Asa Newell,Atlanta Hawks,PF,2025-26,3.39,1.43,0.39,13.96
Grayson Allen,Phoenix Suns,SG,2024-25,10.63,3.03,2.14,13.96
Usman Garuba,Houston Rockets,SF,2022-23,2.74,3.74,0.78,13.96
Keegan Murray,Sacramento Kings,SF,2023-24,15.22,5.45,1.68,13.96
Jose Alvarado,New Orleans Pelicans,PG,2024-25,8.91,2.09,3.98,13.96
Luke Kennard,Los Angeles Clippers,SG,2021-22,11.73,3.23,2.06,13.95
Vít Krejčí,Atlanta Hawks,SG,2024-25,6.34,2.40,2.26,13.94
D'Angelo Russell,Los Angeles Lakers,PG,2024-25,11.97,2.67,4.53,13.94
Javonte Green,Chicago Bulls,SG,2021-22,7.20,4.25,0.92,13.94
Nate Williams,Portland Trail Blazers,SG,2022-23,10.60,3.00,2.00,13.94
Cody Martin,Charlotte Hornets,SF,2021-22,7.45,3.90,2.45,13.93
Danny Green,Cleveland Cavaliers,SG,2022-23,2.60,0.50,0.20,13.93
Thomas Bryant,Denver Nuggets,C,2022-23,3.19,2.31,0.08,13.93
Jarace Walker,Indiana Pacers,SF,2023-24,1.67,0.88,0.56,13.93
Vlatko Čančar,Denver Nuggets,SF,2021-22,3.26,1.63,0.89,13.92
Ryan Rollins,Milwaukee Bucks,PG,2024-25,4.92,1.52,1.46,13.92
Kira Lewis Jr.,Utah Jazz,PG,2023-24,1.55,0.41,0.66,13.91
Colby Jones,Washington Wizards,SG,2024-25,5.95,2.91,1.68,13.91
Lindell Wigginton,Milwaukee Bucks,PG,2022-23,5.00,0.70,1.40,13.91
Isaiah Joe,Oklahoma City Thunder,SG,2023-24,8.15,2.31,1.27,13.90
Spencer Dinwiddie,Dallas Mavericks,PG,2024-25,10.77,2.58,4.31,13.90
Gary Trent Jr.,Toronto Raptors,SG,2022-23,15.94,2.40,1.47,13.89
Alex Reese,Philadelphia 76ers,PF,2024-25,4.93,3.07,0.27,13.89
Garrison Mathews,Atlanta Hawks,SG,2022-23,1.65,0.42,0.12,13.89
Thaddeus Young,Toronto Raptors,SF,2022-23,2.93,2.02,0.91,13.88
Eric Paschall,Utah Jazz,SF,2021-22,4.28,1.36,0.46,13.88
Dennis Schröder,Detroit Pistons,PG,2024-25,10.07,2.47,4.90,13.87
Cam Spencer,Memphis Grizzlies,PG,2024-25,2.72,0.77,0.87,13.87
Corey Kispert,Atlanta Hawks,SF,2025-26,8.52,2.10,1.43,13.87
Olivier-Maxence Prosper,Dallas Mavericks,SF,2023-24,1.89,1.23,0.34,13.87
Terance Mann,Los Angeles Clippers,SG,2022-23,8.80,3.41,2.27,13.87
Saben Lee,Phoenix Suns,PG,2022-23,5.00,1.55,2.24,13.87
Jarred Vanderbilt,Los Angeles Lakers,SF,2023-24,4.55,4.18,1.09,13.86
Semi Ojeleye,Los Angeles Clippers,SF,2021-22,2.41,0.94,0.24,13.86
Deni Avdija,Washington Wizards,SF,2021-22,8.35,5.18,2.04,13.86
Malaki Branham,San Antonio Spurs,SF,2024-25,3.09,0.68,0.51,13.85
Jeremiah Robinson-Earl,New Orleans Pelicans,PF,2023-24,1.69,1.12,0.31,13.84
Tre Mann,Charlotte Hornets,SG,2024-25,13.07,2.71,2.79,13.84
D'Angelo Russell,Dallas Mavericks,PG,2025-26,5.68,1.32,2.46,13.84
Tyler Cook,Chicago Bulls,SF,2021-22,1.52,1.20,0.07,13.84
Dalen Terry,Chicago Bulls,SF,2022-23,1.08,0.47,0.28,13.84
Amir Coffey,Los Angeles Clippers,SG,2021-22,8.25,2.63,1.65,13.84
Lonnie Walker IV,Brooklyn Nets,SG,2023-24,8.31,1.87,1.09,13.83
Yuki Kawamura,Chicago Bulls,PG,2025-26,2.58,1.38,1.96,13.82
Drew Timme,Brooklyn Nets,PF,2024-25,12.11,7.22,2.22,13.82
Malik Beasley,Detroit Pistons,SG,2024-25,16.29,2.61,1.70,13.81
Kobe Brown,Indiana Pacers,SF,2025-26,8.72,4.55,1.83,13.80
Sasha Vezenkov,Sacramento Kings,SF,2023-24,4.25,1.81,0.36,13.80
Marcus Sasser,Detroit Pistons,PG,2024-25,4.57,0.84,1.62,13.79
Shake Milton,Philadelphia 76ers,PG,2022-23,7.77,2.33,2.93,13.79
Jalen Green,Houston Rockets,SG,2021-22,17.01,3.32,2.59,13.78
Jericho Sims,Milwaukee Bucks,C,2024-25,1.79,3.58,0.58,13.78
Anthony Gill,Washington Wizards,SF,2025-26,3.91,1.93,0.84,13.78
Jevon Carter,Chicago Bulls,PG,2024-25,1.94,0.49,0.51,13.77
Devin Vassell,San Antonio Spurs,SG,2025-26,13.57,3.94,2.43,13.76
Royce O'Neale,Phoenix Suns,SF,2024-25,9.07,4.65,2.17,13.75
Sam Hauser,Boston Celtics,SF,2023-24,9.01,3.49,1.04,13.74
Alex Len,Sacramento Kings,C,2024-25,1.04,1.28,0.60,13.74
Lindy Waters III,Oklahoma City Thunder,SF,2021-22,7.11,2.61,0.86,13.74
Seth Curry,Philadelphia 76ers,SG,2021-22,13.52,3.02,3.62,13.74
Christian Koloko,Los Angeles Lakers,C,2024-25,1.84,1.88,0.33,13.74
Max Strus,Cleveland Cavaliers,SG,2024-25,9.42,4.34,3.16,13.74
Pat Spencer,Golden State Warriors,PG,2025-26,5.95,1.98,2.90,13.73
Buddy Hield,Philadelphia 76ers,SG,2023-24,12.19,3.19,3.03,13.72
Isaiah Stewart,Detroit Pistons,PF,2023-24,8.98,5.45,1.30,13.71
Jonathan Mogbo,Toronto Raptors,PF,2024-25,5.89,4.71,2.21,13.71
Kelly Oubre Jr.,Philadelphia 76ers,SG,2023-24,14.77,4.80,1.42,13.70
Gary Payton II,Golden State Warriors,SG,2023-24,4.71,2.22,0.94,13.70
Marcus Bagley,Philadelphia 76ers,PF,2024-25,6.70,7.00,1.00,13.69
Markus Howard,Denver Nuggets,SG,2021-22,1.85,0.18,0.10,13.69
Luke Kennard,Los Angeles Lakers,SG,2025-26,9.00,2.59,2.44,13.68
Jeremiah Robinson-Earl,Oklahoma City Thunder,PF,2022-23,5.41,3.33,0.80,13.67
Lonnie Walker IV,San Antonio Spurs,SG,2021-22,11.79,2.51,2.11,13.67
Jaylin Williams,Oklahoma City Thunder,PF,2022-23,4.36,3.65,1.15,13.66
Gary Clark,New Orleans Pelicans,SF,2021-22,1.74,1.55,0.31,13.66
Chris Silva,Miami Heat,SF,2021-22,2.17,2.92,0.58,13.66
Ariel Hukporti,New York Knicks,C,2025-26,1.48,2.01,0.37,13.65
Jaden McDaniels,Minnesota Timberwolves,PF,2024-25,12.20,5.73,1.99,13.64
Isaiah Joe,Oklahoma City Thunder,SG,2024-25,10.15,2.62,1.61,13.64
Thanasis Antetokounmpo,Milwaukee Bucks,SF,2025-26,0.61,0.39,0.19,13.64
Udoka Azubuike,Phoenix Suns,C,2023-24,0.74,0.68,0.06,13.64
Javonte Green,Detroit Pistons,SG,2025-26,6.94,2.81,0.68,13.63
Norman Powell,Los Angeles Clippers,SG,2023-24,13.37,2.47,1.04,13.63
Mike Conley,Minnesota Timberwolves,PG,2024-25,8.08,2.53,4.43,13.63
Lonzo Ball,Chicago Bulls,SG,2024-25,6.85,3.03,2.95,13.62
Vasilije Micic,Charlotte Hornets,PG,2023-24,10.42,2.06,6.00,13.62
Dwight Powell,Dallas Mavericks,PF,2025-26,2.56,3.14,0.84,13.62
Quentin Grimes,Philadelphia 76ers,SG,2025-26,13.24,3.59,3.21,13.61
Klay Thompson,Dallas Mavericks,SG,2024-25,13.40,3.28,1.93,13.61
Derrick White,Boston Celtics,PG,2021-22,11.00,3.38,3.54,13.61
Brandon Miller,Charlotte Hornets,SF,2023-24,16.40,4.04,2.24,13.61
Tari Eason,Houston Rockets,SF,2025-26,9.65,5.78,1.38,13.60
Josh Christopher,Houston Rockets,SG,2021-22,7.34,2.33,1.88,13.60
Jared McCain,Oklahoma City Thunder,SG,2025-26,10.43,2.07,0.93,13.60
Grant Williams,Charlotte Hornets,SF,2025-26,5.04,2.84,1.12,13.60
Nickeil Alexander-Walker,Utah Jazz,SG,2022-23,4.15,1.07,1.38,13.59
Reggie Jackson,Los Angeles Clippers,PG,2021-22,16.40,3.52,4.66,13.59
Chris Duarte,Indiana Pacers,SG,2021-22,11.61,3.65,1.84,13.59
Dennis Schröder,Houston Rockets,PG,2021-22,10.19,3.13,5.50,13.59
Jalen Suggs,Orlando Magic,PG,2023-24,12.41,3.01,2.70,13.59
Markelle Fultz,Orlando Magic,PG,2023-24,7.44,3.07,2.67,13.58
Monte Morris,Minnesota Timberwolves,PG,2023-24,3.85,1.33,1.81,13.57
Kelly Oubre Jr.,Philadelphia 76ers,SG,2024-25,11.77,4.78,1.40,13.57
Patrick Williams,Chicago Bulls,SF,2021-22,9.00,4.06,0.88,13.56
De'Anthony Melton,Philadelphia 76ers,SG,2023-24,10.27,3.44,2.78,13.55
A.J. Lawson,Toronto Raptors,SG,2024-25,8.43,3.07,1.11,13.55
Dante Exum,Dallas Mavericks,PG,2024-25,7.57,1.43,2.43,13.54
Dominick Barlow,Philadelphia 76ers,PF,2025-26,7.57,4.72,1.21,13.54
Jonathan Isaac,Orlando Magic,PF,2025-26,2.26,2.25,0.39,13.53
Naji Marshall,New Orleans Pelicans,SF,2021-22,3.96,1.80,0.78,13.52
Jeremy Sochan,San Antonio Spurs,SF,2022-23,10.41,5.00,2.41,13.51
Goga Bitadze,Indiana Pacers,C,2022-23,1.23,0.88,0.32,13.51
John Konchar,Memphis Grizzlies,SG,2023-24,3.51,3.84,1.64,13.51
Zeke Nnaji,Denver Nuggets,PF,2021-22,5.09,2.77,0.32,13.51
Ryan Nembhard,Dallas Mavericks,PG,2025-26,6.02,2.02,4.79,13.50
Luka Samanic,Utah Jazz,PF,2022-23,9.86,4.29,2.14,13.50
Josh Okogie,Phoenix Suns,SG,2022-23,6.61,3.14,1.31,13.50
OG Anunoby,Toronto Raptors,SG,2023-24,14.57,3.79,2.57,13.49
Nick Richards,Phoenix Suns,C,2025-26,1.75,1.78,0.16,13.49
BJ Johnson,Orlando Magic,SF,2021-22,6.50,3.75,0.00,13.47
Tim Hardaway Jr.,Denver Nuggets,SG,2025-26,13.49,2.58,1.35,13.47
Edmond Sumner,Brooklyn Nets,SG,2022-23,5.04,1.05,0.91,13.46
Keion Brooks Jr.,New Orleans Pelicans,SF,2024-25,7.89,3.22,0.72,13.45
Vince Williams Jr.,Memphis Grizzlies,SG,2025-26,6.43,3.25,3.60,13.45
Draymond Green,Golden State Warriors,SF,2025-26,7.92,5.21,5.22,13.44
Anthony Gill,Washington Wizards,SF,2023-24,2.33,1.16,0.42,13.44
Davion Mitchell,Miami Heat,PG,2025-26,8.07,2.31,5.59,13.44
Troy Brown Jr.,Minnesota Timberwolves,SG,2023-24,3.02,1.41,0.69,13.42
Cam Thomas,Brooklyn Nets,SG,2021-22,7.31,2.06,1.00,13.42
De'Andre Hunter,Atlanta Hawks,SG,2023-24,15.36,3.83,1.50,13.42
Jordan McLaughlin,Minnesota Timberwolves,PG,2022-23,3.58,1.38,3.29,13.41
Jeff Green,Houston Rockets,SF,2024-25,2.12,0.72,0.25,13.41
Kevin Huerter,Sacramento Kings,SG,2023-24,10.23,3.50,2.59,13.41
T.J. Warren,Phoenix Suns,SF,2022-23,3.19,2.33,0.52,13.40
Moses Moody,Golden State Warriors,SG,2025-26,10.40,2.86,1.40,13.40
Christian Braun,Denver Nuggets,SG,2023-24,7.32,3.73,1.61,13.40
Richaun Holmes,Sacramento Kings,PF,2022-23,1.69,1.04,0.12,13.38
Julian Champagnie,San Antonio Spurs,SF,2024-25,10.06,3.90,1.38,13.38
Cameron Payne,New York Knicks,PG,2024-25,6.58,1.37,2.67,13.38
Robert Covington,Philadelphia 76ers,SF,2023-24,3.81,2.87,0.55,13.38
Dennis Schröder,Cleveland Cavaliers,PG,2025-26,7.94,2.19,4.19,13.38
Kelly Oubre Jr.,Philadelphia 76ers,SG,2025-26,14.10,5.04,1.60,13.38
Jaden Ivey,Detroit Pistons,PG,2023-24,14.81,3.30,3.70,13.36
Jaime Jaquez Jr.,Miami Heat,SG,2023-24,11.70,3.75,2.57,13.35
Otto Porter Jr.,Toronto Raptors,SF,2022-23,4.89,2.11,0.89,13.34
Jericho Sims,New York Knicks,C,2021-22,1.29,2.41,0.30,13.34
Caris LeVert,Cleveland Cavaliers,PG,2021-22,13.58,3.37,3.95,13.33
Christian Braun,Denver Nuggets,SG,2025-26,11.19,4.49,2.55,13.33
Kyle Lowry,Miami Heat,PG,2022-23,10.79,3.95,4.93,13.32
Damion Lee,Phoenix Suns,SG,2024-25,1.01,0.24,0.13,13.32
Gorgui Dieng,San Antonio Spurs,C,2022-23,1.61,1.43,0.71,13.32
Duop Reath,Portland Trail Blazers,C,2024-25,2.40,1.14,0.32,13.31
Terence Davis,Sacramento Kings,SG,2022-23,5.39,1.74,0.84,13.31
Naji Marshall,New Orleans Pelicans,SF,2022-23,9.06,3.62,2.45,13.31
Coby White,Chicago Bulls,PG,2022-23,9.66,2.86,2.76,13.31
Raul Neto,Washington Wizards,PG,2021-22,6.92,1.76,2.86,13.30
Skylar Mays,Portland Trail Blazers,PG,2023-24,4.03,1.12,2.27,13.29
Dyson Daniels,New Orleans Pelicans,SG,2023-24,5.80,3.87,2.69,13.28
Brandon Boston,New Orleans Pelicans,SG,2024-25,9.96,2.98,2.04,13.27
Grayson Allen,Milwaukee Bucks,SG,2021-22,10.47,3.17,1.43,13.27
Brandon Goodwin,Cleveland Cavaliers,PG,2021-22,3.72,1.46,1.98,13.26
Alec Burks,Miami Heat,SG,2024-25,4.32,1.53,0.66,13.26
Sam Hauser,Boston Celtics,SF,2022-23,6.24,2.49,0.87,13.25
Kennedy Chandler,Memphis Grizzlies,PG,2022-23,1.01,0.49,0.75,13.24
Xavier Tillman,Memphis Grizzlies,SF,2023-24,5.23,4.03,1.46,13.24
Yuki Kawamura,Memphis Grizzlies,PG,2024-25,0.84,0.28,0.44,13.24
Ayo Dosunmu,Chicago Bulls,PG,2023-24,12.16,2.84,3.18,13.23
Buddy Hield,Golden State Warriors,SG,2025-26,6.94,2.12,1.29,13.23
Alex Caruso,Oklahoma City Thunder,SG,2025-26,5.44,2.37,1.73,13.21
De'Andre Hunter,Cleveland Cavaliers,SG,2025-26,13.33,4.04,1.98,13.21
Zaccharie Risacher,Atlanta Hawks,SF,2024-25,12.21,3.48,1.19,13.21
Brandon Boston,Los Angeles Clippers,SG,2022-23,3.33,0.70,0.47,13.21
Taylor Hendricks,Utah Jazz,PF,2023-24,5.62,3.56,0.62,13.21
A.J. Lawson,Dallas Mavericks,SG,2022-23,2.16,0.80,0.08,13.21
Chris Livingston,Milwaukee Bucks,SF,2024-25,0.57,0.66,0.09,13.20
Dalton Knecht,Los Angeles Lakers,SF,2024-25,8.83,2.70,0.83,13.20
Sam Merrill,Cleveland Cavaliers,SG,2023-24,6.30,1.56,1.40,13.19
Killian Hayes,Brooklyn Nets,PG,2024-25,9.00,3.00,5.17,13.19
Malachi Flynn,New York Knicks,PG,2023-24,1.82,0.35,0.35,13.19
Tim Hardaway Jr.,Dallas Mavericks,SG,2023-24,14.42,3.22,1.76,13.17
Koby Brea,Phoenix Suns,PG,2025-26,2.25,0.40,0.50,13.17
Gary Trent Jr.,Toronto Raptors,SG,2021-22,18.07,2.69,1.99,13.16
Micah Potter,Utah Jazz,C,2023-24,2.12,1.72,0.24,13.16
Patrick Beverley,Philadelphia 76ers,SG,2023-24,6.13,3.02,3.00,13.15
Jaden Ivey,Detroit Pistons,PG,2025-26,8.18,2.18,1.58,13.14
Javon Freeman-Liberty,Toronto Raptors,SG,2023-24,4.94,2.26,1.29,13.14
E.J. Liddell,Brooklyn Nets,SF,2025-26,3.77,1.77,0.62,13.14
Derrick Jones Jr.,Chicago Bulls,SF,2022-23,4.25,2.04,0.45,13.13
Neemias Queta,Sacramento Kings,C,2021-22,1.15,0.79,0.15,13.13
Tristan da Silva,Orlando Magic,SF,2025-26,9.87,3.63,1.61,13.12
Davon Reed,Denver Nuggets,SG,2021-22,3.54,1.83,0.90,13.12
Keyonte George,Utah Jazz,PG,2023-24,12.65,2.74,4.31,13.12
Max Strus,Cleveland Cavaliers,SG,2023-24,12.19,4.83,4.04,13.11
Jarred Vanderbilt,Los Angeles Lakers,SF,2025-26,3.51,3.56,1.02,13.11
Kobe Bufkin,Atlanta Hawks,SG,2024-25,2.41,0.95,0.77,13.11
A.J. Lawson,Toronto Raptors,SG,2025-26,2.89,1.23,0.20,13.10
Marcus Sasser,Detroit Pistons,PG,2023-24,7.51,1.60,3.03,13.10
Adem Bona,Philadelphia 76ers,PF,2025-26,4.53,4.04,0.42,13.10
Tim Hardaway Jr.,Dallas Mavericks,SG,2021-22,14.24,3.71,2.19,13.09
Matisse Thybulle,Portland Trail Blazers,SG,2025-26,2.35,0.80,0.36,13.09
Will Riley,Washington Wizards,PF,2025-26,9.55,2.65,1.83,13.09
Mike Muscala,Boston Celtics,PF,2022-23,4.54,2.62,0.46,13.09
De'Anthony Melton,Golden State Warriors,SG,2024-25,10.33,3.33,2.83,13.09
Jabari Smith Jr.,Houston Rockets,PF,2022-23,12.78,7.20,1.28,13.08
Jaden Ivey,Detroit Pistons,PG,2022-23,15.84,3.79,5.09,13.08
Fred VanVleet,Houston Rockets,PG,2024-25,11.15,2.83,4.35,13.08
Terquavion Smith,Philadelphia 76ers,PG,2023-24,1.79,0.14,0.41,13.07
Tony Bradley,Indiana Pacers,C,2025-26,3.21,2.28,0.43,13.07
Meyers Leonard,Milwaukee Bucks,PF,2022-23,2.53,2.00,0.06,13.06
Buddy Hield,Golden State Warriors,SG,2024-25,11.12,3.22,1.63,13.05
Cam Thomas,Brooklyn Nets,SG,2025-26,13.89,1.59,2.74,13.05
Scoot Henderson,Portland Trail Blazers,PG,2025-26,7.63,1.43,2.00,13.04
Dillon Brooks,Phoenix Suns,SG,2025-26,19.84,3.56,1.74,13.04
Dennis Smith Jr.,Charlotte Hornets,PG,2022-23,8.03,2.83,4.42,13.04
Julian Strawther,Denver Nuggets,SG,2025-26,5.90,1.63,0.87,13.03
Kenrich Williams,Oklahoma City Thunder,SG,2023-24,4.51,2.90,1.29,13.03
Keegan Murray,Sacramento Kings,SF,2022-23,12.20,4.64,1.23,13.03
Jeff Green,Denver Nuggets,SF,2021-22,10.29,3.08,1.28,13.03
Jack White,Denver Nuggets,SF,2022-23,0.51,0.41,0.10,13.02
Taurean Prince,Minnesota Timberwolves,SF,2021-22,6.61,2.29,0.89,13.02
Gabriel Deck,Oklahoma City Thunder,SF,2021-22,0.51,0.17,0.14,13.02
Drew Timme,Los Angeles Lakers,PF,2025-26,2.42,0.87,0.61,13.01
Mouhamed Gueye,Atlanta Hawks,PF,2025-26,4.22,3.40,0.85,13.01
P.J. Washington,Dallas Mavericks,SF,2023-24,11.69,6.17,1.52,13.00
Scoot Henderson,Portland Trail Blazers,PG,2024-25,10.33,2.44,4.14,13.00
Kevin Huerter,Chicago Bulls,SG,2024-25,12.70,3.15,3.04,12.99
Paul Millsap,Brooklyn Nets,SF,2021-22,2.48,2.70,0.73,12.99
Eric Gordon,Houston Rockets,PG,2021-22,12.14,1.79,2.44,12.99
Damian Jones,Utah Jazz,C,2022-23,3.48,2.68,0.44,12.99
Delon Wright,Miami Heat,PG,2023-24,2.81,1.00,1.37,12.98
Caris LeVert,Cleveland Cavaliers,PG,2022-23,11.80,3.71,3.78,12.97
Lou Williams,Atlanta Hawks,PG,2021-22,5.53,1.36,1.64,12.97
Bryn Forbes,San Antonio Spurs,SG,2021-22,8.25,1.43,0.93,12.96
Jordan Poole,Washington Wizards,PG,2023-24,16.54,2.59,4.18,12.96
Donte DiVincenzo,Minnesota Timberwolves,SG,2025-26,12.20,4.10,3.82,12.96
Patrick Beverley,Milwaukee Bucks,SG,2023-24,6.04,3.62,2.62,12.95
Jordan McLaughlin,San Antonio Spurs,PG,2025-26,1.25,0.45,0.54,12.94
Khem Birch,Toronto Raptors,C,2021-22,4.33,4.19,0.98,12.94
Dominick Barlow,San Antonio Spurs,PF,2022-23,3.44,3.19,0.75,12.93
Max Strus,Miami Heat,SG,2021-22,9.88,2.77,1.26,12.92
Jalen McDaniels,Charlotte Hornets,PF,2022-23,10.63,4.82,1.98,12.92
Jae Crowder,Phoenix Suns,SF,2021-22,8.32,4.66,1.63,12.90
Vince Williams Jr.,Utah Jazz,SG,2025-26,4.67,3.17,2.67,12.90
Justin Champagnie,Toronto Raptors,SG,2021-22,1.33,1.18,0.18,12.89
Davion Mitchell,Miami Heat,PG,2024-25,9.66,2.56,5.00,12.89
Mamadi Diakite,Oklahoma City Thunder,PF,2021-22,4.00,4.21,0.14,12.89
Ousmane Dieng,Oklahoma City Thunder,PF,2024-25,2.73,1.56,0.60,12.89
Cody Martin,Charlotte Hornets,SF,2024-25,7.85,4.51,2.28,12.89
Cameron Payne,Philadelphia 76ers,PG,2023-24,8.97,1.72,3.00,12.88
Cameron Johnson,Denver Nuggets,SF,2025-26,12.00,3.75,2.40,12.87
Cedi Osman,San Antonio Spurs,SF,2023-24,6.79,2.50,1.65,12.86
Torrey Craig,Phoenix Suns,SF,2021-22,6.93,4.26,1.22,12.86
Leaky Black,Charlotte Hornets,SF,2023-24,1.41,0.98,0.49,12.83
Keegan Murray,Sacramento Kings,SF,2025-26,8.45,3.47,1.00,12.82
Sam Merrill,Cleveland Cavaliers,SG,2025-26,12.51,2.51,2.36,12.82
Kentavious Caldwell-Pope,Memphis Grizzlies,SG,2025-26,8.25,2.39,2.67,12.82
Jordan Goodwin,Los Angeles Lakers,SG,2024-25,5.55,3.86,1.45,12.82
R.J. Hampton,Orlando Magic,SG,2022-23,3.39,0.89,0.77,12.81
Coby White,Chicago Bulls,PG,2021-22,12.06,2.84,2.75,12.81
JD Davison,Houston Rockets,PG,2025-26,1.28,0.63,0.65,12.80
Noah Penda,Orlando Magic,SG,2025-26,2.77,2.34,0.88,12.79
Aaron Wiggins,Oklahoma City Thunder,SG,2022-23,5.84,2.57,0.98,12.79
Aaron Wiggins,Oklahoma City Thunder,SG,2025-26,8.73,2.83,1.56,12.79
Dwight Powell,Dallas Mavericks,PF,2024-25,1.73,1.79,0.83,12.78
Jake LaRavia,Memphis Grizzlies,SF,2023-24,7.29,2.46,1.12,12.78
Maxi Kleber,Dallas Mavericks,PF,2021-22,6.63,5.65,1.10,12.78
Kentavious Caldwell-Pope,Washington Wizards,SG,2021-22,13.22,3.39,1.88,12.77
Malik Beasley,Minnesota Timberwolves,SG,2021-22,11.91,2.84,1.45,12.77
Torrey Craig,Phoenix Suns,SF,2022-23,7.44,5.39,1.48,12.77
Ricky Council IV,Philadelphia 76ers,SG,2024-25,6.49,2.61,1.18,12.76
Skylar Mays,Atlanta Hawks,PG,2021-22,1.19,0.37,0.25,12.76
Bruce Brown,Toronto Raptors,SG,2023-24,8.86,3.51,2.49,12.76
Kyle Kuzma,Milwaukee Bucks,SF,2024-25,14.48,5.61,2.21,12.76
Jordan Walsh,Boston Celtics,SG,2025-26,4.49,3.36,0.67,12.76
Yuta Watanabe,Toronto Raptors,SG,2021-22,2.91,1.64,0.38,12.75
Dalen Terry,Chicago Bulls,SF,2025-26,2.57,1.39,0.93,12.75
Peyton Watson,Denver Nuggets,SG,2023-24,6.49,3.15,1.05,12.75
Keegan Murray,Sacramento Kings,SF,2024-25,12.39,6.67,1.43,12.75
Juan Toscano-Anderson,Golden State Warriors,SF,2021-22,3.68,2.17,1.57,12.74
Grayson Allen,Milwaukee Bucks,SG,2022-23,10.27,3.25,2.23,12.73
Derrick Jones Jr.,Los Angeles Clippers,SF,2024-25,10.14,3.42,0.78,12.73
Wenyen Gabriel,Los Angeles Lakers,PF,2021-22,6.05,3.90,0.57,12.72
Cedi Osman,Cleveland Cavaliers,SF,2021-22,9.99,2.06,1.90,12.72
Kobe Brown,Los Angeles Clippers,SF,2024-25,1.10,0.93,0.34,12.72
Aaron Nesmith,Indiana Pacers,SG,2023-24,12.18,3.82,1.50,12.71
Sam Hauser,Boston Celtics,SF,2024-25,7.96,2.95,0.84,12.71
Cameron Payne,Milwaukee Bucks,PG,2023-24,5.82,1.24,2.18,12.71
Khris Middleton,Washington Wizards,SF,2025-26,9.00,3.44,2.85,12.70
Malik Beasley,Utah Jazz,SG,2022-23,13.38,3.58,1.69,12.70
Jamal Cain,Orlando Magic,SF,2025-26,4.02,1.47,0.55,12.70
Marcus Smart,Boston Celtics,PG,2022-23,11.52,3.13,6.26,12.69
De'Anthony Melton,Philadelphia 76ers,SG,2022-23,9.87,3.95,2.49,12.68
Trey Murphy III,New Orleans Pelicans,SF,2021-22,4.39,1.93,0.50,12.68
Ousmane Dieng,Milwaukee Bucks,PF,2025-26,10.68,4.45,3.48,12.68
OG Anunoby,New York Knicks,SG,2023-24,12.04,3.78,1.30,12.68
Herbert Jones,New Orleans Pelicans,SF,2023-24,10.87,3.53,2.58,12.67
P.J. Tucker,Miami Heat,SF,2021-22,7.19,5.16,1.99,12.66
Tosan Evbuomwan,Brooklyn Nets,SF,2024-25,8.90,4.00,1.83,12.66
John Konchar,Memphis Grizzlies,SG,2022-23,4.92,4.19,1.35,12.64
Terrence Shannon Jr.,Minnesota Timberwolves,SG,2024-25,2.16,0.73,0.50,12.64
Jaden Hardy,Dallas Mavericks,SG,2023-24,6.46,1.60,1.33,12.63
Killian Hayes,Detroit Pistons,PG,2023-24,5.78,2.38,4.10,12.63
Ron Harper Jr.,Boston Celtics,SG,2025-26,2.67,1.04,0.48,12.62
DeJon Jarreau,Memphis Grizzlies,SG,2025-26,8.00,4.64,3.27,12.62
Kevin Knox II,New York Knicks,SF,2021-22,1.27,0.59,0.08,12.61
Jose Alvarado,New Orleans Pelicans,PG,2023-24,6.11,1.97,1.80,12.61
Gary Trent Jr.,Toronto Raptors,SG,2023-24,12.49,2.41,1.53,12.61
Cole Anthony,Milwaukee Bucks,SG,2025-26,4.88,1.81,2.52,12.59
DeAndre' Bembry,Brooklyn Nets,SG,2021-22,5.25,2.87,1.13,12.59
Brandon Boston,Los Angeles Clippers,SG,2021-22,5.20,1.68,0.77,12.59
Kasparas Jakučionis,Miami Heat,SG,2025-26,4.90,2.06,2.04,12.58
Andrew Nembhard,Indiana Pacers,PG,2024-25,8.40,2.72,4.12,12.57
Derrick Jones Jr.,Chicago Bulls,SF,2021-22,4.69,2.77,0.49,12.56
Eric Gordon,Philadelphia 76ers,PG,2025-26,0.66,0.04,0.06,12.56
Cam Reddish,Atlanta Hawks,SG,2021-22,11.60,2.40,1.09,12.56
Devonte' Graham,New Orleans Pelicans,PG,2021-22,11.56,2.27,4.05,12.55
Cory Joseph,Detroit Pistons,PG,2022-23,5.85,1.45,2.97,12.54
Buddy Hield,Sacramento Kings,SG,2021-22,14.40,4.02,1.91,12.53
Daniel Theis,Houston Rockets,PF,2021-22,4.27,2.55,0.39,12.53
Jalen Suggs,Orlando Magic,PG,2022-23,9.70,2.98,2.87,12.53
Ochai Agbaji,Toronto Raptors,SG,2024-25,9.96,3.61,1.46,12.53
Isaiah Collier,Utah Jazz,PG,2024-25,8.31,3.18,6.03,12.52
AJ Griffin,Atlanta Hawks,SF,2022-23,7.79,1.87,0.89,12.52
Jabari Walker,Philadelphia 76ers,SF,2025-26,3.68,2.56,0.45,12.51
Luka Samanic,Utah Jazz,PF,2023-24,2.21,1.28,0.24,12.51
TyTy Washington Jr.,Los Angeles Clippers,PG,2025-26,0.68,0.19,0.55,12.50
Reggie Jackson,Denver Nuggets,PG,2023-24,10.16,1.89,3.76,12.49
Theo Pinson,Dallas Mavericks,SG,2021-22,1.60,0.70,0.57,12.48
Austin Reaves,Los Angeles Lakers,PG,2021-22,5.92,2.57,1.47,12.48
Eric Gordon,Los Angeles Clippers,PG,2022-23,10.95,1.68,2.14,12.46
A.J. Lawson,Dallas Mavericks,SG,2023-24,2.31,0.85,0.34,12.46
Bismack Biyombo,Memphis Grizzlies,C,2023-24,4.88,5.97,1.59,12.46
Zaccharie Risacher,Atlanta Hawks,SF,2025-26,8.32,3.34,0.99,12.45
Marcus Smart,Memphis Grizzlies,PG,2023-24,14.45,2.65,4.30,12.44
Danuel House Jr.,Utah Jazz,SG,2021-22,5.90,2.34,0.86,12.44
Miles McBride,New York Knicks,PG,2025-26,11.69,2.38,2.52,12.44
Patrick Baldwin Jr.,Washington Wizards,PF,2023-24,2.80,2.05,0.48,12.43
Thanasis Antetokounmpo,Milwaukee Bucks,SF,2021-22,2.14,1.26,0.28,12.43
Tyrese Proctor,Cleveland Cavaliers,PG,2025-26,3.78,0.89,1.03,12.41
Jahmi'us Ramsey,Toronto Raptors,SG,2023-24,5.22,2.44,0.89,12.41
Trey Jemison III,Memphis Grizzlies,C,2023-24,7.13,5.54,1.13,12.41
Nikola Jović,Miami Heat,PF,2025-26,4.91,2.19,1.46,12.41
Gui Santos,Golden State Warriors,SF,2024-25,2.91,2.21,1.03,12.40
Ronald Holland II,Detroit Pistons,SF,2025-26,8.29,4.03,1.21,12.39
Harrison Barnes,Sacramento Kings,SF,2023-24,12.20,3.04,1.21,12.39
Toumani Camara,Portland Trail Blazers,SF,2024-25,10.76,5.49,2.13,12.39
Shake Milton,Brooklyn Nets,PG,2024-25,6.42,1.65,2.06,12.39
Ryan Dunn,Phoenix Suns,SF,2025-26,5.50,4.01,1.38,12.38
Keita Bates-Diop,Phoenix Suns,SF,2023-24,3.41,1.98,0.67,12.38
Antonio Reeves,Charlotte Hornets,SG,2025-26,1.80,0.53,0.20,12.38
Trent Forrest,Utah Jazz,PG,2021-22,2.79,1.41,1.51,12.37
Derrick Jones Jr.,Los Angeles Clippers,SF,2025-26,10.08,3.46,1.38,12.36
Oso Ighodaro,Phoenix Suns,PF,2024-25,3.15,2.74,0.88,12.36
Brook Lopez,Los Angeles Clippers,C,2025-26,7.73,3.33,1.18,12.36
Ziaire Williams,Brooklyn Nets,PF,2024-25,8.66,3.93,1.15,12.36
Lonnie Walker IV,Los Angeles Lakers,SG,2022-23,9.21,1.54,0.90,12.36
Jordan Nwora,Milwaukee Bucks,SF,2022-23,4.24,2.17,0.70,12.35
Jericho Sims,New York Knicks,C,2023-24,1.21,1.93,0.33,12.34
Royce O'Neale,Phoenix Suns,SF,2025-26,9.68,4.71,2.63,12.34
Will Barton,Washington Wizards,SG,2022-23,5.90,2.13,1.83,12.34
Pat Connaughton,Milwaukee Bucks,SG,2022-23,7.52,4.56,1.24,12.33
Olivier Sarr,Oklahoma City Thunder,C,2022-23,2.12,1.82,0.24,12.32
DaQuan Jeffries,Sacramento Kings,SG,2025-26,10.33,1.67,0.33,12.32
Svi Mykhailiuk,Boston Celtics,SG,2023-24,2.05,0.65,0.44,12.32
Jared Butler,Oklahoma City Thunder,PG,2022-23,3.36,0.36,0.73,12.31
Yuta Watanabe,Brooklyn Nets,SG,2022-23,4.74,2.07,0.71,12.31
Nerlens Noel,New York Knicks,C,2021-22,2.74,4.55,0.74,12.31
Damion Lee,Golden State Warriors,SG,2021-22,6.49,2.82,0.88,12.30
Dennis Schröder,Los Angeles Lakers,PG,2022-23,12.21,2.43,4.38,12.30
Julian Champagnie,San Antonio Spurs,SF,2023-24,6.22,2.54,1.27,12.29
Andrew Nembhard,Indiana Pacers,PG,2023-24,8.94,2.01,4.00,12.29
Ace Bailey,Utah Jazz,PF,2025-26,13.60,4.14,1.79,12.29
Pete Nance,Milwaukee Bucks,PF,2025-26,4.23,2.08,0.80,12.28
Egor Dëmin,Brooklyn Nets,PG,2025-26,9.93,3.06,3.20,12.28
Jalen Pickett,Denver Nuggets,PG,2025-26,3.25,1.43,1.44,12.27
Nickeil Alexander-Walker,Minnesota Timberwolves,SG,2024-25,9.43,3.23,2.72,12.27
Jalen McDaniels,Philadelphia 76ers,PF,2022-23,6.15,2.92,0.73,12.27
Baylor Scheierman,Boston Celtics,SG,2025-26,5.21,3.28,1.41,12.26
Shaedon Sharpe,Portland Trail Blazers,SG,2023-24,10.00,3.14,1.84,12.26
Tim Hardaway Jr.,Dallas Mavericks,SG,2022-23,14.35,3.54,1.82,12.26
Jared Butler,Utah Jazz,PG,2021-22,2.30,0.64,0.90,12.26
Lonzo Ball,Cleveland Cavaliers,SG,2025-26,3.40,2.98,2.89,12.25
Peyton Watson,Denver Nuggets,SG,2024-25,7.99,3.38,1.36,12.25
Tyrese Martin,Brooklyn Nets,SF,2024-25,6.71,2.81,1.56,12.25
Payton Sandfort,Oklahoma City Thunder,SF,2025-26,3.18,0.91,0.00,12.25
Moses Moody,Golden State Warriors,SG,2024-25,9.28,2.42,1.23,12.25
Marcus Smart,Memphis Grizzlies,PG,2024-25,8.68,2.26,3.74,12.24
Harrison Barnes,San Antonio Spurs,SF,2025-26,9.99,2.75,1.88,12.23
Ochai Agbaji,Brooklyn Nets,SG,2025-26,4.16,1.44,0.53,12.21
Shake Milton,Philadelphia 76ers,PG,2021-22,7.89,2.49,2.44,12.21
Oshae Brissett,Indiana Pacers,SG,2022-23,4.85,2.66,0.54,12.20
Dorian Finney-Smith,Dallas Mavericks,SF,2021-22,10.86,4.63,1.85,12.20
Theo Maledon,Oklahoma City Thunder,PG,2021-22,5.01,1.82,1.54,12.19
Pete Nance,Milwaukee Bucks,PF,2024-25,1.77,0.85,0.54,12.19
Tosan Evbuomwan,Detroit Pistons,SF,2023-24,5.06,2.56,0.56,12.19
Svi Mykhailiuk,Utah Jazz,SG,2025-26,5.72,1.51,1.13,12.18
Brodric Thomas,Boston Celtics,PG,2021-22,0.70,0.33,0.37,12.18
Jacob Gilyard,Memphis Grizzlies,PG,2023-24,3.53,0.88,2.67,12.18
Simone Fontecchio,Utah Jazz,SF,2023-24,8.56,3.38,1.40,12.17
Kobe Brown,Los Angeles Clippers,SF,2025-26,2.00,1.06,0.54,12.16
Joe Ingles,Milwaukee Bucks,PG,2022-23,6.60,2.67,3.13,12.16
Nae'Qwan Tomlin,Cleveland Cavaliers,SF,2025-26,4.86,2.42,0.69,12.16
Trey Alexander,New Orleans Pelicans,SG,2025-26,2.14,0.50,0.41,12.16
Gordon Hayward,Oklahoma City Thunder,SF,2023-24,5.31,2.46,1.62,12.15
Kevin Huerter,Atlanta Hawks,SG,2021-22,11.89,3.39,2.71,12.15
Kessler Edwards,Dallas Mavericks,SF,2024-25,3.36,2.30,0.84,12.14
Dean Wade,Cleveland Cavaliers,PF,2025-26,5.61,4.05,1.44,12.14
Raul Neto,Cleveland Cavaliers,PG,2022-23,2.01,0.59,1.01,12.13
Luguentz Dort,Oklahoma City Thunder,SG,2021-22,16.87,4.08,1.69,12.13
Jevon Carter,Chicago Bulls,PG,2025-26,2.53,0.53,0.39,12.13
Derrick Jones Jr.,Dallas Mavericks,SF,2023-24,8.53,3.25,0.97,12.12
Keon Johnson,Brooklyn Nets,SG,2023-24,2.07,0.47,0.20,12.12
Terry Rozier,Miami Heat,PG,2024-25,8.23,2.90,2.01,12.11
Seth Curry,Charlotte Hornets,SG,2024-25,5.69,1.45,0.77,12.10
Troy Brown Jr.,Chicago Bulls,SG,2021-22,3.54,2.54,0.83,12.10
Duncan Robinson,Miami Heat,SF,2023-24,12.68,2.51,2.78,12.09
Max Christie,Dallas Mavericks,SG,2025-26,12.26,3.20,1.92,12.09
Anthony Lamb,Golden State Warriors,SF,2022-23,6.69,3.47,1.55,12.08
Jose Alvarado,New Orleans Pelicans,PG,2022-23,9.02,2.31,3.05,12.07
Grant Williams,Charlotte Hornets,SF,2024-25,4.05,2.00,0.90,12.07
Keon Ellis,Sacramento Kings,SG,2024-25,8.12,2.59,1.46,12.06
Sam Hauser,Boston Celtics,SF,2025-26,8.88,3.70,1.41,12.06
Caleb Martin,Miami Heat,SF,2022-23,9.36,4.71,1.60,12.06
Devonte' Graham,New Orleans Pelicans,PG,2022-23,5.00,1.29,2.07,12.06
Jordan Nwora,Milwaukee Bucks,SF,2021-22,6.01,2.73,0.73,12.06
Kai Jones,Charlotte Hornets,C,2022-23,2.31,1.81,0.22,12.05
Cason Wallace,Oklahoma City Thunder,SG,2024-25,7.82,3.10,2.38,12.05
Skylar Mays,Los Angeles Lakers,PG,2023-24,0.79,0.21,0.36,12.05
Jarrett Culver,Atlanta Hawks,SG,2022-23,2.00,1.73,0.27,12.05
Santi Aldama,Memphis Grizzlies,PF,2021-22,2.24,1.47,0.36,12.05
Aaron Holiday,Houston Rockets,PG,2024-25,4.20,0.96,1.02,12.03
Cory Joseph,Detroit Pistons,PG,2021-22,7.04,2.35,3.20,12.03
Tyrese Martin,Brooklyn Nets,SF,2025-26,5.63,2.21,1.44,12.03
JD Davison,Boston Celtics,PG,2022-23,0.66,0.31,0.38,12.02
Jalen Pickett,Denver Nuggets,PG,2024-25,2.78,0.99,1.49,12.02
Miles McBride,New York Knicks,PG,2024-25,8.37,2.21,2.56,12.01
Jalen Wilson,Brooklyn Nets,SF,2023-24,3.96,2.43,0.83,12.00
Eric Gordon,Houston Rockets,PG,2022-23,13.09,2.06,2.89,12.00
Taj Gibson,Charlotte Hornets,PF,2024-25,1.34,1.50,0.26,11.99
Alex Caruso,Chicago Bulls,SG,2021-22,7.24,3.52,3.93,11.98
Jae'Sean Tate,Houston Rockets,SF,2022-23,8.84,3.69,2.63,11.98
Jaylon Tyson,Cleveland Cavaliers,SG,2024-25,2.32,1.33,0.61,11.97
Caleb Love,Portland Trail Blazers,PG,2025-26,10.18,2.28,2.46,11.97
Terance Mann,Los Angeles Clippers,SG,2023-24,8.77,3.39,1.59,11.96
Josh Richardson,Miami Heat,SG,2023-24,9.24,2.63,2.28,11.96
Brandon Williams,Portland Trail Blazers,PG,2021-22,12.36,2.96,3.76,11.96
Josh Richardson,Boston Celtics,SG,2021-22,9.70,2.84,1.50,11.95
Caleb Martin,Miami Heat,SF,2023-24,9.85,4.32,2.20,11.95
Amir Coffey,Phoenix Suns,SG,2025-26,3.35,1.35,0.70,11.94
Corey Kispert,Washington Wizards,SF,2024-25,11.13,2.83,1.62,11.93
Alize Johnson,Chicago Bulls,SF,2021-22,1.04,1.33,0.30,11.93
Justin Anderson,Indiana Pacers,SG,2021-22,6.85,3.08,2.08,11.92
Isaiah Roby,San Antonio Spurs,SF,2022-23,3.07,1.93,0.68,11.92
Zeke Nnaji,Denver Nuggets,PF,2023-24,2.51,1.69,0.43,11.92
Delon Wright,New York Knicks,PG,2024-25,1.94,0.65,0.94,11.91
Seth Curry,Brooklyn Nets,SG,2022-23,9.05,1.61,1.60,11.91
Ish Smith,Charlotte Hornets,PG,2021-22,3.29,1.12,1.92,11.90
Josh Okogie,Phoenix Suns,SG,2023-24,4.07,2.26,0.94,11.90
Shaedon Sharpe,Portland Trail Blazers,SG,2022-23,9.74,2.91,1.16,11.90
Rodney McGruder,Detroit Pistons,SG,2021-22,3.69,1.50,0.65,11.90
Joe Ingles,Orlando Magic,PG,2023-24,4.17,2.00,2.86,11.89
Bilal Coulibaly,Washington Wizards,SG,2024-25,11.75,4.77,3.28,11.89
Walter Clayton Jr.,Memphis Grizzlies,PG,2025-26,7.48,1.65,4.39,11.89
MarJon Beauchamp,Milwaukee Bucks,SF,2024-25,1.21,0.74,0.19,11.88
Cam Reddish,New York Knicks,SG,2021-22,4.79,1.11,0.53,11.88
Xavier Tillman,Charlotte Hornets,SF,2025-26,0.45,0.62,0.28,11.88
Gabe York,Indiana Pacers,PG,2022-23,8.00,2.00,1.67,11.88
Damion Lee,Phoenix Suns,SG,2022-23,7.37,2.74,1.21,11.87
Blake Wesley,Portland Trail Blazers,PG,2025-26,2.96,0.78,1.24,11.87
Duncan Robinson,Detroit Pistons,SF,2025-26,11.96,2.58,2.05,11.87
Cedi Osman,Cleveland Cavaliers,SF,2022-23,8.26,2.17,1.42,11.86
Max Christie,Dallas Mavericks,SG,2024-25,11.22,4.22,2.50,11.86
Markieff Morris,Brooklyn Nets,PF,2022-23,2.00,1.23,0.52,11.86
Devonte' Graham,San Antonio Spurs,PG,2023-24,1.43,0.45,0.61,11.86
Ronald Holland II,Detroit Pistons,SF,2024-25,6.37,2.66,1.00,11.86
Lindy Waters III,Oklahoma City Thunder,SF,2022-23,4.28,1.50,0.56,11.85
Dru Smith,Miami Heat,SG,2024-25,3.70,1.52,1.00,11.84
Jamir Watkins,Washington Wizards,SF,2025-26,6.34,3.34,1.16,11.83
Doug McDermott,San Antonio Spurs,SF,2021-22,11.33,2.25,1.25,11.82
Ousmane Dieng,Oklahoma City Thunder,PF,2023-24,3.59,1.38,1.00,11.82
Quinndary Weatherspoon,Golden State Warriors,SG,2021-22,1.58,0.74,0.26,11.82
De'Andre Hunter,Atlanta Hawks,SG,2022-23,14.70,4.06,1.34,11.81
Anthony Black,Orlando Magic,SG,2024-25,9.20,2.88,3.00,11.80
Jose Alvarado,New Orleans Pelicans,PG,2025-26,7.36,2.59,2.91,11.79
Josh Christopher,Miami Heat,SG,2024-25,0.82,0.26,0.24,11.79
Taylor Hendricks,Utah Jazz,PF,2025-26,3.79,2.30,0.56,11.79
Cason Wallace,Oklahoma City Thunder,SG,2023-24,6.84,2.28,1.46,11.78
Jeff Green,Houston Rockets,SF,2023-24,6.44,2.25,0.89,11.78
Patrick Williams,Chicago Bulls,SF,2022-23,10.16,3.99,1.22,11.78
Amari Williams,Boston Celtics,PF,2025-26,0.61,0.82,0.20,11.78
Rayan Rupert,Memphis Grizzlies,SG,2025-26,12.19,6.38,2.13,11.78
Georges Niang,Atlanta Hawks,SF,2024-25,12.11,2.96,1.57,11.77
Vlatko Čančar,Denver Nuggets,SF,2022-23,3.86,1.66,1.04,11.76
Josh Oduro,New Orleans Pelicans,C,2025-26,4.17,3.83,0.67,11.76
Colin Castleton,Toronto Raptors,C,2024-25,7.18,6.91,1.64,11.75
Royce O'Neale,Brooklyn Nets,SF,2023-24,7.28,4.42,2.74,11.75
Caris LeVert,Detroit Pistons,PG,2025-26,7.18,1.90,2.57,11.75
Jaylen Wells,Memphis Grizzlies,SF,2025-26,11.53,2.92,1.50,11.74
Davis Bertans,Dallas Mavericks,PF,2021-22,5.32,2.55,0.68,11.74
Shake Milton,Los Angeles Lakers,PG,2024-25,2.27,1.04,0.75,11.74
Cason Wallace,Oklahoma City Thunder,SG,2025-26,8.37,3.01,2.55,11.74
Jamison Battle,Toronto Raptors,SF,2025-26,2.53,1.17,0.32,11.73
Jericho Sims,New York Knicks,C,2024-25,1.28,2.58,0.44,11.73
Corey Kispert,Washington Wizards,SF,2022-23,11.08,2.80,1.18,11.72
Brandon Williams,Dallas Mavericks,PG,2023-24,1.74,0.42,0.55,11.72
Luke Travers,Cleveland Cavaliers,SF,2025-26,1.47,1.26,0.47,11.72
Jaden McDaniels,Minnesota Timberwolves,PF,2022-23,11.91,3.84,1.85,11.71
Torrey Craig,Indiana Pacers,SF,2021-22,6.09,3.61,1.07,11.71
Georges Niang,Cleveland Cavaliers,SF,2024-25,8.73,3.71,1.31,11.71
Toumani Camara,Portland Trail Blazers,SF,2025-26,13.41,5.13,2.45,11.71
Blake Wesley,San Antonio Spurs,PG,2023-24,3.57,1.25,2.21,11.70
Kira Lewis Jr.,New Orleans Pelicans,PG,2021-22,5.22,1.44,1.81,11.69
Rui Hachimura,Los Angeles Lakers,SF,2025-26,11.14,3.23,0.81,11.68
Malachi Flynn,Toronto Raptors,PG,2023-24,5.06,2.10,2.35,11.68
Keon Ellis,Cleveland Cavaliers,SG,2025-26,7.77,2.58,1.48,11.68
Malachi Flynn,Toronto Raptors,PG,2021-22,2.82,0.94,1.04,11.68
Klay Thompson,Dallas Mavericks,SG,2025-26,11.41,2.00,1.36,11.67
Ayo Dosunmu,Chicago Bulls,PG,2021-22,8.71,2.74,3.28,11.67
Theo Pinson,Dallas Mavericks,SG,2022-23,1.16,0.77,0.56,11.67
Liam McNeeley,Charlotte Hornets,SF,2025-26,3.88,2.15,0.71,11.67
Malevy Leons,Golden State Warriors,PF,2025-26,2.59,1.66,0.72,11.67
Walter Clayton Jr.,Utah Jazz,PG,2025-26,6.12,1.76,2.86,11.66
Sidy Cissoko,San Antonio Spurs,SG,2023-24,2.14,1.05,0.48,11.66
Bones Hyland,Los Angeles Clippers,PG,2023-24,3.28,0.71,1.19,11.66
Colin Castleton,Los Angeles Lakers,C,2023-24,1.00,0.50,0.13,11.66
Dalen Terry,Philadelphia 76ers,SF,2025-26,3.05,1.16,1.21,11.65
Josh Christopher,Houston Rockets,SG,2022-23,4.71,0.90,0.92,11.65
Bub Carrington,Washington Wizards,PG,2025-26,10.71,3.37,4.65,11.65
Carlik Jones,Chicago Bulls,PG,2022-23,0.95,0.24,0.29,11.64
AJ Green,Milwaukee Bucks,SG,2022-23,3.08,0.90,0.44,11.64
Rob Dillingham,Minnesota Timberwolves,PG,2024-25,3.22,0.74,1.44,11.64
Vince Williams Jr.,Memphis Grizzlies,SG,2024-25,6.39,3.50,1.96,11.63
Elijah Hughes,Utah Jazz,SG,2021-22,1.19,0.47,0.17,11.63
Aaron Holiday,Washington Wizards,PG,2021-22,5.34,1.43,1.66,11.63
Quenton Jackson,Washington Wizards,PG,2022-23,4.31,0.62,1.15,11.63
Payton Pritchard,Boston Celtics,PG,2022-23,3.91,1.28,0.93,11.63
Collin Sexton,Cleveland Cavaliers,PG,2021-22,16.00,3.27,2.09,11.63
Nicolas Batum,Los Angeles Clippers,SG,2022-23,6.05,3.78,1.53,11.63
Taj Gibson,New York Knicks,PF,2021-22,3.05,3.05,0.43,11.62
Jamaree Bouyea,Milwaukee Bucks,SG,2024-25,1.42,0.42,0.83,11.62
Nickeil Alexander-Walker,New Orleans Pelicans,SG,2021-22,12.78,3.28,2.78,11.61
Kyle Lowry,Philadelphia 76ers,PG,2023-24,8.00,2.83,4.61,11.61
Pacôme Dadiet,New York Knicks,PF,2025-26,0.80,0.45,0.20,11.60
Dorian Finney-Smith,Brooklyn Nets,SF,2024-25,8.67,3.79,1.29,11.60
Ed Davis,Cleveland Cavaliers,C,2021-22,0.35,0.81,0.09,11.59
Khris Middleton,Dallas Mavericks,SF,2025-26,9.63,3.23,2.17,11.58
Duncan Robinson,Miami Heat,SF,2024-25,10.34,2.11,2.23,11.58
Noah Clowney,Brooklyn Nets,PF,2025-26,12.07,4.07,1.61,11.58
Johnny Juzang,Utah Jazz,SG,2024-25,7.93,2.56,0.94,11.58
Devin Carter,Sacramento Kings,SG,2024-25,3.63,2.00,1.08,11.58
Furkan Korkmaz,Philadelphia 76ers,SG,2021-22,6.70,2.30,1.67,11.58
Dru Smith,Miami Heat,SG,2023-24,2.60,0.93,0.93,11.57
Zeke Nnaji,Denver Nuggets,PF,2022-23,4.47,2.23,0.29,11.57
Ousmane Dieng,Oklahoma City Thunder,PF,2022-23,4.71,2.56,1.12,11.56
Herbert Jones,New Orleans Pelicans,SF,2022-23,9.69,4.01,2.42,11.56
Hassani Gravett,Orlando Magic,SG,2021-22,5.56,2.33,2.22,11.55
Duane Washington Jr.,Phoenix Suns,PG,2022-23,5.81,0.86,1.50,11.55
Talen Horton-Tucker,Los Angeles Lakers,PG,2021-22,9.18,2.97,2.45,11.55
GG Jackson,Memphis Grizzlies,PF,2024-25,6.15,2.71,0.85,11.55
Doug McDermott,San Antonio Spurs,SF,2022-23,9.76,2.06,1.36,11.53
Herbert Jones,New Orleans Pelicans,SF,2021-22,9.28,3.70,2.09,11.53
Terrence Ross,Orlando Magic,SG,2021-22,8.28,2.12,1.53,11.53
Davion Mitchell,Sacramento Kings,PG,2021-22,11.48,2.21,4.17,11.52
Derrick Rose,New York Knicks,PG,2022-23,2.03,0.53,0.61,11.52
Antonio Reeves,New Orleans Pelicans,SG,2024-25,4.42,0.91,0.57,11.51
Drew Peterson,Boston Celtics,SF,2024-25,1.32,0.98,0.32,11.51
Isaiah Crawford,Houston Rockets,SF,2025-26,0.70,0.40,0.13,11.51
Patty Mills,Los Angeles Clippers,PG,2024-25,1.28,0.03,0.17,11.50
Jamal Cain,New Orleans Pelicans,SF,2024-25,3.92,1.70,0.44,11.50
Miles McBride,New York Knicks,PG,2023-24,6.85,1.22,1.39,11.50
D.J. Augustin,Houston Rockets,PG,2021-22,3.79,0.85,1.54,11.49
Zeke Nnaji,Denver Nuggets,PF,2024-25,2.24,1.10,0.28,11.48
Moses Moody,Golden State Warriors,SG,2022-23,3.82,1.33,0.65,11.48
Johnny Furphy,Indiana Pacers,SG,2025-26,5.14,4.37,1.17,11.48
Keaton Wallace,Atlanta Hawks,PG,2025-26,2.33,0.70,1.18,11.47
Jake LaRavia,Los Angeles Lakers,SF,2025-26,8.22,3.98,1.77,11.47
Lindell Wigginton,Milwaukee Bucks,PG,2021-22,3.20,1.00,0.92,11.47
Jeff Green,Denver Nuggets,SF,2022-23,7.28,2.40,1.15,11.47
Ricky Rubio,Cleveland Cavaliers,PG,2022-23,5.03,2.06,3.38,11.46
Ajay Mitchell,Oklahoma City Thunder,PG,2024-25,6.63,1.89,1.80,11.45
Zeke Nnaji,Denver Nuggets,PF,2025-26,2.38,1.70,0.36,11.44
Xavier Tillman,Boston Celtics,SF,2025-26,0.61,0.49,0.10,11.43
Kyle Lowry,Miami Heat,PG,2023-24,8.19,3.49,3.97,11.43
Lamar Stevens,Cleveland Cavaliers,SF,2021-22,5.39,2.31,0.62,11.43
Trent Forrest,Atlanta Hawks,PG,2023-24,1.12,0.69,1.24,11.43
Anfernee Simons,Chicago Bulls,PG,2025-26,6.50,1.21,1.29,11.43
Kentavious Caldwell-Pope,Denver Nuggets,SG,2022-23,10.82,2.74,2.41,11.42
Josh Jackson,Detroit Pistons,SG,2021-22,6.13,2.73,1.09,11.42
Evan Fournier,New York Knicks,SG,2021-22,13.89,2.59,2.11,11.40
Bruce Brown,New Orleans Pelicans,SG,2024-25,6.75,3.43,2.00,11.40
Bismack Biyombo,Oklahoma City Thunder,C,2023-24,0.64,0.64,0.07,11.40
Stanley Umude,Detroit Pistons,SG,2023-24,2.82,1.13,0.24,11.40
Josh Green,Dallas Mavericks,SG,2021-22,4.09,2.06,1.01,11.39
Greg Brown III,Portland Trail Blazers,SF,2021-22,2.85,1.71,0.44,11.36
Gradey Dick,Toronto Raptors,SG,2024-25,14.13,3.51,1.78,11.36
Dean Wade,Cleveland Cavaliers,PF,2023-24,5.11,3.82,0.75,11.36
Lester Quinones,Golden State Warriors,SG,2023-24,2.88,1.26,0.63,11.36
Dean Wade,Cleveland Cavaliers,PF,2024-25,5.33,4.15,1.27,11.35
Dalano Banton,Toronto Raptors,SF,2021-22,2.66,1.61,1.29,11.35
Wendell Moore Jr.,Charlotte Hornets,SG,2024-25,5.12,3.00,1.12,11.35
Marcus Morris Sr.,Los Angeles Clippers,SF,2022-23,11.03,3.91,1.73,11.35
Brice Sensabaugh,Utah Jazz,SF,2023-24,5.24,2.22,1.20,11.34
Killian Hayes,Detroit Pistons,PG,2022-23,9.59,2.70,5.73,11.34
Jae'Sean Tate,Houston Rockets,SF,2024-25,2.35,1.46,0.59,11.33
Nickeil Alexander-Walker,Utah Jazz,SG,2021-22,1.96,0.85,0.63,11.32
Keaton Wallace,Atlanta Hawks,PG,2024-25,3.57,1.06,1.72,11.31
Keon Ellis,Sacramento Kings,SG,2023-24,3.92,1.57,1.08,11.31
Udonis Haslem,Miami Heat,SF,2021-22,0.42,0.33,0.05,11.31
Marcus Morris Sr.,Philadelphia 76ers,SF,2023-24,5.74,2.53,0.60,11.30
Curtis Jones,Denver Nuggets,SG,2025-26,1.16,0.44,0.40,11.30
Rudy Gay,Utah Jazz,SG,2022-23,5.23,2.91,1.02,11.29
Bruce Brown,Denver Nuggets,SG,2025-26,7.91,3.88,2.12,11.29
Marcus Sasser,Detroit Pistons,PG,2025-26,3.52,0.70,1.34,11.29
Isaac Okoro,Cleveland Cavaliers,SG,2023-24,9.11,2.90,1.86,11.28
Grant Williams,Boston Celtics,SF,2022-23,7.82,4.43,1.60,11.27
Alex Caruso,Chicago Bulls,SG,2022-23,5.58,2.93,2.88,11.27
Ziaire Williams,Brooklyn Nets,PF,2025-26,8.43,1.97,0.88,11.27
Patrick Williams,Chicago Bulls,SF,2023-24,8.94,3.46,1.38,11.27
Kris Dunn,Los Angeles Clippers,PG,2025-26,7.27,3.30,3.60,11.26
Jordan Poole,New Orleans Pelicans,PG,2025-26,8.32,1.22,1.89,11.25
Jaylen Martin,Washington Wizards,SG,2024-25,3.95,2.32,0.89,11.25
Aaron Nesmith,Indiana Pacers,SG,2025-26,11.09,3.34,1.54,11.24
Anthony Gill,Washington Wizards,SF,2024-25,1.65,0.85,0.19,11.24
Aaron Holiday,Houston Rockets,PG,2023-24,6.27,1.50,1.71,11.24
Corey Kispert,Washington Wizards,SF,2021-22,7.73,2.55,1.04,11.23
Facundo Campazzo,Denver Nuggets,PG,2021-22,4.10,1.44,2.72,11.23
Robert Covington,Portland Trail Blazers,SF,2021-22,7.60,5.71,1.42,11.22
Malik Beasley,Los Angeles Lakers,SG,2022-23,11.12,3.31,1.19,11.21
Nassir Little,Portland Trail Blazers,SG,2022-23,6.65,2.61,0.93,11.20
Jamal Shead,Toronto Raptors,PG,2025-26,6.65,1.74,5.41,11.20
Taurean Prince,Milwaukee Bucks,SF,2025-26,9.19,3.12,1.77,11.19
George Hill,Milwaukee Bucks,SG,2021-22,6.07,2.82,2.18,11.18
Victor Oladipo,Miami Heat,PG,2022-23,8.80,2.51,2.86,11.18
Carter Bryant,San Antonio Spurs,SF,2025-26,3.68,2.20,0.58,11.18
Javonte Green,New Orleans Pelicans,SG,2024-25,5.24,3.24,0.82,11.18
KJ Martin,Philadelphia 76ers,SF,2024-25,5.50,2.57,0.68,11.17
Jevon Carter,Milwaukee Bucks,PG,2022-23,8.04,2.49,2.43,11.17
Torrey Craig,Chicago Bulls,SF,2023-24,3.94,2.82,0.75,11.17
Goran Dragic,Chicago Bulls,PG,2022-23,6.39,1.35,2.73,11.16
Jaden Springer,Boston Celtics,SG,2024-25,0.94,0.50,0.21,11.16
Keon Ellis,Sacramento Kings,SG,2022-23,0.73,0.24,0.18,11.16
Tre Johnson,Washington Wizards,SG,2025-26,10.47,2.43,1.74,11.16
Chaundee Brown Jr.,Atlanta Hawks,SF,2021-22,5.80,2.80,0.80,11.15
Gary Trent Jr.,Milwaukee Bucks,SG,2024-25,11.27,2.29,1.19,11.14
Robin Lopez,Cleveland Cavaliers,C,2022-23,1.38,0.63,0.23,11.14
Jeremiah Robinson-Earl,Indiana Pacers,PF,2025-26,4.16,4.63,0.63,11.14
Ziaire Williams,Memphis Grizzlies,PF,2023-24,5.60,2.40,1.00,11.14
Royce O'Neale,Utah Jazz,SF,2021-22,7.22,4.66,2.42,11.13
Cody Martin,Charlotte Hornets,SF,2023-24,7.03,3.63,3.47,11.13
Quentin Grimes,New York Knicks,SG,2022-23,10.80,3.09,2.03,11.12
Patrick Beverley,Chicago Bulls,SG,2022-23,5.77,4.86,3.45,11.12
Andrew Nembhard,Indiana Pacers,PG,2022-23,8.86,2.49,4.26,11.12
Mohamed Diawara,New York Knicks,PF,2025-26,3.04,1.16,0.65,11.12
Jake Layman,Minnesota Timberwolves,SF,2021-22,0.99,0.44,0.11,11.11
Michael Porter Jr.,Denver Nuggets,PF,2021-22,9.89,6.56,1.89,11.10
Kobe Bufkin,Atlanta Hawks,SG,2023-24,3.00,1.22,1.00,11.10
Bub Carrington,Washington Wizards,PG,2024-25,9.91,4.16,4.40,11.09
Torrey Craig,Boston Celtics,SF,2024-25,1.64,1.71,0.43,11.09
Nicolas Batum,Philadelphia 76ers,SG,2023-24,4.88,3.77,1.92,11.08
Serge Ibaka,Milwaukee Bucks,PF,2022-23,2.06,1.38,0.13,11.08
James Johnson,Brooklyn Nets,SF,2021-22,4.66,2.95,1.78,11.08
Isaiah Livers,Detroit Pistons,SF,2021-22,5.76,2.71,1.00,11.07
Gary Payton II,Portland Trail Blazers,SG,2022-23,2.77,1.77,1.00,11.06
Jamison Battle,Toronto Raptors,SF,2024-25,6.45,2.43,0.82,11.05
Freddie Gillespie,Orlando Magic,C,2021-22,2.10,3.60,0.50,11.05
Moses Moody,Golden State Warriors,SG,2021-22,3.21,1.13,0.32,11.05
Pat Connaughton,Milwaukee Bucks,SG,2023-24,5.63,3.14,2.12,11.04
Javonte Green,Cleveland Cavaliers,SG,2024-25,2.27,1.54,0.42,11.04
Joe Ingles,Utah Jazz,PG,2021-22,7.07,2.85,3.43,11.03
Ty Jerome,Oklahoma City Thunder,PG,2021-22,5.76,1.32,1.85,11.03
Patrick Williams,Chicago Bulls,SF,2024-25,8.98,3.76,1.97,11.02
Jaylen Wells,Memphis Grizzlies,SF,2024-25,10.42,3.39,1.71,11.02
Nassir Little,Phoenix Suns,SG,2023-24,2.27,1.12,0.31,11.02
Grant Williams,Boston Celtics,SF,2021-22,7.82,3.56,1.01,11.01
Kevin Huerter,Sacramento Kings,SG,2024-25,7.68,2.73,1.68,11.00
Maxwell Lewis,Brooklyn Nets,SF,2024-25,3.73,1.77,0.57,11.00
Eric Gordon,Phoenix Suns,PG,2023-24,11.01,1.79,2.04,11.00
Vít Krejčí,Portland Trail Blazers,SG,2025-26,4.39,1.65,1.03,10.99
Markieff Morris,Miami Heat,PF,2021-22,5.38,1.88,0.96,10.99
Sandro Mamukelashvili,Milwaukee Bucks,PF,2022-23,1.36,1.33,0.38,10.99
Wendell Moore Jr.,Minnesota Timberwolves,SG,2023-24,0.31,0.20,0.10,10.98
Haywood Highsmith,Miami Heat,SF,2023-24,5.87,3.04,1.01,10.98
Tre Mann,Oklahoma City Thunder,SG,2022-23,6.71,2.01,1.56,10.98
Bryce McGowens,New Orleans Pelicans,SG,2025-26,6.42,1.66,1.17,10.97
Garrison Mathews,Atlanta Hawks,SG,2024-25,4.36,1.07,0.74,10.96
Ja'Kobe Walter,Toronto Raptors,SG,2024-25,7.88,2.81,1.42,10.96
Elfrid Payton,Phoenix Suns,PG,2021-22,1.83,1.07,1.21,10.96
Luguentz Dort,Oklahoma City Thunder,SG,2022-23,13.51,4.59,2.05,10.96
Reggie Jackson,Los Angeles Clippers,PG,2022-23,10.29,2.11,3.33,10.95
Blake Wesley,San Antonio Spurs,PG,2024-25,2.71,0.76,1.39,10.94
Jordan Hawkins,New Orleans Pelicans,SG,2023-24,6.47,1.83,0.86,10.94
John Poulakidas,Dallas Mavericks,SG,2025-26,8.85,2.31,0.85,10.93
Justin Edwards,Philadelphia 76ers,SF,2025-26,4.77,1.16,0.99,10.93
Troy Brown Jr.,Los Angeles Lakers,SG,2022-23,7.03,4.00,1.23,10.93
Baylor Scheierman,Boston Celtics,SG,2024-25,1.92,1.10,0.56,10.93
Dalano Banton,Boston Celtics,SF,2023-24,1.14,0.71,0.39,10.93
Jalen Pickett,Denver Nuggets,PG,2023-24,0.76,0.25,0.38,10.91
David Roddy,Memphis Grizzlies,SF,2023-24,7.90,3.92,1.49,10.91
Aaron Wiggins,Oklahoma City Thunder,SG,2021-22,6.71,2.87,1.10,10.90
Luke Kennard,Los Angeles Clippers,SG,2022-23,6.52,1.98,0.88,10.90
Ousmane Dieng,Oklahoma City Thunder,PF,2025-26,2.44,1.02,0.68,10.90
Jett Howard,Orlando Magic,SG,2025-26,4.01,1.16,0.60,10.89
Jordan Miller,Los Angeles Clippers,SG,2024-25,2.45,0.94,0.55,10.89
Collin Gillespie,Denver Nuggets,PG,2023-24,1.78,0.43,0.55,10.89
Patty Mills,Brooklyn Nets,PG,2022-23,3.08,0.55,0.70,10.89
Svi Mykhailiuk,Utah Jazz,SG,2024-25,4.28,1.15,0.97,10.89
Jamal Cain,Miami Heat,SF,2023-24,1.94,0.74,0.20,10.88
Sterling Brown,Dallas Mavericks,SG,2021-22,2.91,2.71,0.62,10.87
Kris Dunn,Los Angeles Clippers,PG,2024-25,6.32,3.35,2.80,10.87
Kai Jones,Charlotte Hornets,C,2021-22,0.41,0.20,0.07,10.86
Nickeil Alexander-Walker,Minnesota Timberwolves,SG,2023-24,7.99,2.04,2.49,10.86
Malaki Branham,San Antonio Spurs,SF,2022-23,9.35,2.51,1.76,10.86
Malik Beasley,Milwaukee Bucks,SG,2023-24,11.25,3.67,1.37,10.86
Georges Niang,Cleveland Cavaliers,SF,2023-24,9.37,3.39,1.20,10.84
MarJon Beauchamp,Milwaukee Bucks,SF,2023-24,3.10,1.46,0.46,10.83
Toumani Camara,Portland Trail Blazers,SF,2023-24,7.22,4.70,1.19,10.83
Landry Shamet,Phoenix Suns,SG,2022-23,7.52,1.46,2.02,10.82
Tre Mann,Oklahoma City Thunder,SG,2021-22,9.19,2.51,1.34,10.82
Nikola Topić,Oklahoma City Thunder,PG,2025-26,3.25,1.19,2.75,10.82
Micah Potter,Utah Jazz,C,2024-25,3.38,3.42,0.65,10.81
George Hill,Milwaukee Bucks,SG,2022-23,3.50,1.34,1.78,10.81
Malcolm Hill,Chicago Bulls,SF,2021-22,1.77,0.94,0.23,10.81
Christian Braun,Denver Nuggets,SG,2022-23,4.39,2.21,0.72,10.79
Anthony Gill,Washington Wizards,SF,2022-23,2.50,1.27,0.44,10.78
KZ Okpala,Miami Heat,SG,2021-22,2.20,1.17,0.40,10.78
Jared Rhoden,Detroit Pistons,SG,2023-24,3.19,1.27,0.54,10.77
Bez Mbeng,Utah Jazz,PG,2025-26,7.63,3.56,3.88,10.77
Jerami Grant,Portland Trail Blazers,SF,2024-25,8.68,2.09,1.29,10.76
Omer Yurtseven,Golden State Warriors,C,2025-26,3.09,2.73,0.73,10.76
Lindy Waters III,Detroit Pistons,SF,2024-25,1.57,0.47,0.33,10.75
Max Strus,Miami Heat,SG,2022-23,11.54,3.23,2.14,10.75
Cam Reddish,Portland Trail Blazers,SG,2022-23,8.11,2.11,1.37,10.75
Stanley Johnson,Los Angeles Lakers,SG,2021-22,6.67,3.23,1.67,10.74
Isaiah Wong,Charlotte Hornets,SG,2024-25,4.80,1.28,1.12,10.74
Josh Green,Dallas Mavericks,SG,2023-24,8.09,3.17,2.24,10.74
Simone Fontecchio,Detroit Pistons,SF,2024-25,5.87,2.83,0.86,10.73
James Bouknight,Charlotte Hornets,SG,2021-22,2.41,0.88,0.44,10.73
Jase Richardson,Orlando Magic,SG,2025-26,2.81,0.74,0.68,10.72
Keon Johnson,Brooklyn Nets,SG,2024-25,10.36,3.67,2.16,10.72
JT Thor,Charlotte Hornets,PF,2021-22,1.14,0.73,0.32,10.72
Duane Washington Jr.,Indiana Pacers,PG,2021-22,7.39,1.30,1.33,10.71
Dyson Daniels,New Orleans Pelicans,SG,2022-23,3.34,2.76,1.97,10.71
Kevin Knox II,Detroit Pistons,SF,2022-23,4.23,1.93,0.27,10.70
Jordan Clarkson,New York Knicks,PG,2025-26,7.65,1.57,1.17,10.69
Justin Edwards,Philadelphia 76ers,SF,2024-25,7.42,2.47,1.15,10.69
Adou Thiero,Los Angeles Lakers,SG,2025-26,1.15,0.68,0.24,10.69
Tyler Kolek,New York Knicks,PG,2024-25,1.01,0.34,0.88,10.68
Georges Niang,Philadelphia 76ers,SF,2022-23,7.96,2.31,0.96,10.67
Jordan Hawkins,New Orleans Pelicans,SG,2024-25,9.44,2.47,1.03,10.67
Rodney McGruder,Detroit Pistons,SG,2022-23,2.26,0.91,0.35,10.67
Cody Martin,Phoenix Suns,SF,2024-25,3.25,3.00,1.00,10.66
Matt Thomas,Chicago Bulls,SG,2021-22,2.15,0.67,0.27,10.66
T.J. Warren,Minnesota Timberwolves,SF,2023-24,2.05,1.10,0.45,10.66
Cody Williams,Utah Jazz,SF,2025-26,7.54,2.54,1.76,10.66
Scoot Henderson,Portland Trail Blazers,PG,2023-24,13.15,2.94,5.09,10.65
Taj Gibson,Washington Wizards,PF,2022-23,2.18,1.21,0.44,10.65
Ja'Kobe Walter,Toronto Raptors,SG,2025-26,7.31,2.50,1.16,10.64
Dalen Terry,Chicago Bulls,SF,2023-24,2.43,1.53,1.09,10.64
Lamar Stevens,Cleveland Cavaliers,SF,2022-23,4.26,2.69,0.43,10.63
Jevon Carter,Orlando Magic,PG,2025-26,6.72,1.97,2.13,10.62
Luguentz Dort,Oklahoma City Thunder,SG,2023-24,10.89,3.59,1.43,10.62
Furkan Korkmaz,Philadelphia 76ers,SG,2022-23,1.84,0.55,0.29,10.62
Ben McLemore,Portland Trail Blazers,SG,2021-22,8.19,1.29,0.74,10.62
Cory Joseph,Orlando Magic,PG,2024-25,2.16,0.90,0.88,10.61
Cam Christie,Los Angeles Clippers,SG,2025-26,1.90,0.95,0.38,10.60
Kessler Edwards,Sacramento Kings,SF,2023-24,1.16,0.53,0.19,10.58
Jaden Hardy,Washington Wizards,SG,2025-26,9.67,1.30,0.97,10.57
Hugo González,Boston Celtics,SG,2025-26,3.52,3.00,0.49,10.56
Romeo Langford,San Antonio Spurs,SG,2022-23,5.94,2.28,1.00,10.56
Ish Smith,Denver Nuggets,PG,2022-23,1.50,0.75,1.39,10.54
Jaden Hardy,Dallas Mavericks,SG,2024-25,6.70,1.20,1.09,10.53
R.J. Hampton,Orlando Magic,SG,2021-22,7.64,3.03,2.47,10.53
Max Christie,Los Angeles Lakers,SG,2023-24,3.55,1.78,0.75,10.53
Terrence Shannon Jr.,Minnesota Timberwolves,SG,2025-26,4.92,1.00,0.78,10.53
Royce O'Neale,Brooklyn Nets,SF,2022-23,8.60,4.92,3.63,10.52
Nikola Jović,Miami Heat,PF,2022-23,2.48,0.94,0.30,10.51
Tristan da Silva,Orlando Magic,SF,2024-25,6.58,3.02,1.40,10.51
Nerlens Noel,Detroit Pistons,C,2022-23,0.58,0.67,0.13,10.51
Eugene Omoruyi,Detroit Pistons,SF,2022-23,8.68,3.11,0.89,10.51
Caleb Martin,Dallas Mavericks,SF,2025-26,3.31,2.07,1.18,10.50
Gradey Dick,Toronto Raptors,SG,2025-26,5.55,1.79,0.62,10.50
Max Christie,Los Angeles Lakers,SG,2024-25,8.30,2.62,1.40,10.50
Vít Krejčí,Atlanta Hawks,SG,2025-26,8.12,1.90,1.33,10.50
Amir Coffey,Los Angeles Clippers,SG,2024-25,9.41,2.18,1.04,10.49
Jaden Hardy,Dallas Mavericks,SG,2025-26,4.76,0.96,0.59,10.49
Jabari Walker,Portland Trail Blazers,SF,2022-23,2.63,1.60,0.41,10.49
Ryan Dunn,Phoenix Suns,SF,2024-25,6.64,3.47,0.74,10.49
Tyus Jones,Dallas Mavericks,PG,2025-26,3.88,1.13,3.75,10.49
Ignas Brazdeikis,Orlando Magic,SF,2021-22,2.80,0.96,0.49,10.49
Cam Christie,Los Angeles Clippers,SG,2024-25,0.69,0.46,0.23,10.48
Nicolas Batum,Los Angeles Clippers,SG,2024-25,4.01,2.79,1.08,10.48
Dorian Finney-Smith,Brooklyn Nets,SF,2023-24,7.53,4.12,1.39,10.46
Jaden McDaniels,Minnesota Timberwolves,PF,2021-22,9.24,4.19,1.13,10.46
Caleb Martin,Philadelphia 76ers,SF,2024-25,7.81,3.78,1.92,10.46
Bojan Bogdanovic,New York Knicks,SF,2023-24,10.10,1.93,0.87,10.46
Trevelin Queen,Orlando Magic,SG,2024-25,3.04,1.08,0.76,10.46
Josh Green,Dallas Mavericks,SG,2022-23,9.10,3.03,1.72,10.46
Ben Sheppard,Indiana Pacers,SG,2025-26,6.56,2.79,1.63,10.46
Aaron Nesmith,Indiana Pacers,SG,2022-23,9.58,3.60,1.27,10.45
Malaki Branham,San Antonio Spurs,SF,2023-24,8.52,1.83,1.93,10.45
Matisse Thybulle,Portland Trail Blazers,SG,2022-23,7.41,3.50,1.36,10.44
Killian Hayes,Sacramento Kings,PG,2025-26,5.29,2.25,3.38,10.43
Dario Saric,Denver Nuggets,PF,2024-25,0.73,0.65,0.30,10.43
Amari Bailey,Charlotte Hornets,SG,2023-24,0.77,0.30,0.23,10.42
Taurean Prince,Milwaukee Bucks,SF,2024-25,8.23,3.59,1.96,10.42
Emoni Bates,Cleveland Cavaliers,SF,2024-25,1.95,0.37,0.42,10.42
David Roddy,Phoenix Suns,SF,2023-24,0.73,0.37,0.13,10.41
Joe Harris,Brooklyn Nets,SG,2021-22,11.29,4.00,1.00,10.41
Jamal Shead,Toronto Raptors,PG,2024-25,6.75,1.46,4.00,10.41
Sam Merrill,Cleveland Cavaliers,SG,2024-25,6.97,2.15,1.48,10.40
CJ Elleby,Portland Trail Blazers,SG,2021-22,4.35,2.91,1.12,10.40
Bilal Coulibaly,Washington Wizards,SG,2023-24,8.31,4.00,1.72,10.40
Nate Williams,Golden State Warriors,SG,2025-26,7.00,1.88,0.88,10.39
Dalton Knecht,Los Angeles Lakers,SF,2025-26,2.81,0.93,0.26,10.39
Kentavious Caldwell-Pope,Denver Nuggets,SG,2023-24,10.08,2.41,2.41,10.38
Terry Taylor,Chicago Bulls,SF,2023-24,0.61,0.49,0.13,10.38
Ayo Dosunmu,Chicago Bulls,PG,2022-23,8.59,2.75,2.58,10.38
Dean Wade,Cleveland Cavaliers,PF,2021-22,4.48,2.50,0.87,10.37
Luguentz Dort,Oklahoma City Thunder,SG,2024-25,9.72,3.94,1.58,10.36
Landry Shamet,Phoenix Suns,SG,2021-22,8.19,1.80,1.54,10.36
Tyler Smith,Dallas Mavericks,PF,2025-26,4.31,2.54,0.38,10.35
Frank Ntilikina,Dallas Mavericks,SG,2021-22,3.29,1.08,0.95,10.34
Patty Mills,Brooklyn Nets,PG,2021-22,11.40,1.93,2.26,10.34
Terance Mann,Los Angeles Clippers,SG,2024-25,5.72,2.74,1.51,10.34
Kevin Knox II,Detroit Pistons,SF,2023-24,5.58,1.88,0.58,10.34
AJ Green,Milwaukee Bucks,SG,2023-24,3.23,0.82,0.38,10.33
Jay Scrubb,Los Angeles Clippers,SG,2021-22,1.69,0.55,0.28,10.33
Goran Dragic,Brooklyn Nets,PG,2021-22,6.88,3.00,4.53,10.33
Taurean Prince,Minnesota Timberwolves,SF,2022-23,9.13,2.44,1.56,10.32
Will Richard,Golden State Warriors,SG,2025-26,5.38,2.10,1.13,10.31
Killian Hayes,Detroit Pistons,PG,2021-22,6.57,3.04,4.01,10.30
Devon Dotson,Chicago Bulls,PG,2021-22,1.38,0.43,0.71,10.29
Alex Ducas,Oklahoma City Thunder,SG,2024-25,1.00,0.72,0.14,10.29
Reggie Jackson,Denver Nuggets,PG,2022-23,5.52,1.22,2.17,10.29
Kevin Knox II,Atlanta Hawks,SF,2021-22,1.12,0.54,0.17,10.29
Chuma Okeke,Orlando Magic,SF,2022-23,2.91,2.18,0.84,10.29
De'Andre Hunter,Atlanta Hawks,SG,2021-22,12.89,3.20,1.24,10.28
Joe Harris,Brooklyn Nets,SG,2022-23,7.39,2.16,1.33,10.27
Jalen Suggs,Orlando Magic,PG,2021-22,11.75,3.56,4.35,10.27
Eric Gordon,Philadelphia 76ers,PG,2024-25,5.43,0.94,1.33,10.27
Jared McCain,Philadelphia 76ers,SG,2025-26,5.83,1.79,1.48,10.26
Terance Mann,Brooklyn Nets,SG,2025-26,6.41,2.82,2.68,10.25
Justise Winslow,Portland Trail Blazers,SG,2022-23,6.13,4.53,3.06,10.23
Landry Shamet,New York Knicks,SG,2025-26,9.31,1.80,1.41,10.23
Davis Bertans,Dallas Mavericks,PF,2022-23,3.61,0.93,0.37,10.22
Duop Reath,Portland Trail Blazers,C,2025-26,1.96,0.79,0.21,10.21
Garrison Mathews,Houston Rockets,SG,2021-22,10.00,2.92,0.98,10.21
Jeff Dowtin Jr.,Toronto Raptors,PG,2022-23,1.22,0.46,0.62,10.20
Wendell Moore Jr.,Minnesota Timberwolves,SG,2022-23,0.66,0.28,0.28,10.19
Nicolas Batum,Los Angeles Clippers,SG,2023-24,2.67,2.33,1.67,10.17
PJ Dozier,Denver Nuggets,SG,2021-22,5.39,3.50,1.61,10.17
Dillon Jones,Oklahoma City Thunder,SF,2024-25,2.11,1.89,0.91,10.16
Gary Harris,Orlando Magic,SG,2021-22,8.59,1.54,1.37,10.16
JT Thor,Charlotte Hornets,PF,2023-24,2.43,1.78,0.35,10.16
Nickeil Alexander-Walker,Minnesota Timberwolves,SG,2022-23,5.63,1.75,1.33,10.15
Danuel House Jr.,Houston Rockets,SG,2021-22,4.28,2.39,1.06,10.14
Garrison Mathews,Indiana Pacers,SG,2025-26,5.20,1.13,0.67,10.13
Guerschon Yabusele,New York Knicks,SF,2025-26,2.43,1.85,0.39,10.13
KJ Martin,Philadelphia 76ers,SF,2023-24,2.82,1.68,0.66,10.12
Ruben Nembhard Jr.,Cleveland Cavaliers,PG,2021-22,0.34,0.16,0.27,10.12
Dariq Whitehead,Memphis Grizzlies,SG,2025-26,16.33,4.00,1.50,10.11
Nique Clifford,Sacramento Kings,SG,2025-26,8.27,3.62,2.29,10.11
Tyus Jones,Denver Nuggets,PG,2025-26,1.20,0.70,0.65,10.11
Herbert Jones,New Orleans Pelicans,SF,2024-25,7.59,2.89,2.41,10.10
Jeremy Sochan,San Antonio Spurs,SF,2025-26,2.78,1.78,0.68,10.10
Justin Holiday,Indiana Pacers,SG,2021-22,11.04,2.76,1.84,10.10
Tyson Etienne,Brooklyn Nets,PG,2025-26,5.11,0.73,1.08,10.09
Mike Muscala,Washington Wizards,PF,2023-24,2.50,1.97,0.61,10.09
Larry Nance Jr.,Cleveland Cavaliers,PF,2025-26,2.15,1.52,0.56,10.08
Landry Shamet,Washington Wizards,SG,2023-24,6.67,1.27,1.10,10.08
Rajon Rondo,Los Angeles Lakers,PG,2021-22,1.67,1.48,2.03,10.08
Tyler Burton,Memphis Grizzlies,SF,2025-26,10.75,4.17,1.00,10.08
Gabe Vincent,Miami Heat,PG,2021-22,8.21,1.75,2.92,10.06
Jae'Sean Tate,Houston Rockets,SF,2025-26,1.93,1.09,0.37,10.05
Tim Hardaway Jr.,Detroit Pistons,SG,2024-25,10.55,2.29,1.54,10.05
Rob Dillingham,Chicago Bulls,PG,2025-26,9.60,3.00,2.83,10.05
Maxi Kleber,Dallas Mavericks,PF,2023-24,4.24,3.18,1.51,10.00
Julian Phillips,Chicago Bulls,SF,2024-25,4.58,2.11,0.49,10.00
Dorian Finney-Smith,Dallas Mavericks,SF,2022-23,9.13,4.70,1.48,9.99
Georges Niang,Philadelphia 76ers,SF,2021-22,9.09,2.64,1.32,9.98
Kris Murray,Portland Trail Blazers,SF,2025-26,4.19,2.61,1.03,9.98
Tidjane Salaün,Charlotte Hornets,PF,2024-25,5.69,4.52,1.19,9.96
Andersson Garcia,Utah Jazz,PF,2025-26,5.20,8.40,2.80,9.96
Trevon Scott,Brooklyn Nets,SF,2025-26,8.00,5.17,1.67,9.96
Davion Mitchell,Sacramento Kings,PG,2023-24,4.68,1.17,1.65,9.95
Daishen Nix,Houston Rockets,PG,2021-22,2.33,1.00,1.21,9.95
Markelle Fultz,Sacramento Kings,PG,2024-25,2.18,0.71,0.96,9.95
Garrett Temple,Toronto Raptors,SG,2023-24,1.10,0.56,0.35,9.94
Matt Ryan,Minnesota Timberwolves,SF,2022-23,2.08,0.33,0.33,9.94
Kris Murray,Portland Trail Blazers,SF,2024-25,3.50,2.22,0.83,9.93
Dillon Brooks,Houston Rockets,SG,2024-25,13.32,3.46,1.62,9.93
Vasilije Micic,Oklahoma City Thunder,PG,2023-24,1.94,0.47,1.49,9.91
Isaac Okoro,Cleveland Cavaliers,SG,2024-25,6.02,2.32,1.21,9.90
R.J. Hampton,Detroit Pistons,SG,2022-23,6.95,2.18,0.91,9.90
David Duke Jr.,Brooklyn Nets,SG,2021-22,2.81,1.81,0.46,9.90
JD Davison,Boston Celtics,PG,2024-25,1.22,0.48,0.48,9.89
Chris Duarte,Indiana Pacers,SG,2022-23,7.39,2.35,1.31,9.88
Wayne Ellington,Los Angeles Lakers,SG,2021-22,3.78,1.01,0.39,9.88
Kam Jones,Indiana Pacers,PG,2025-26,3.00,1.11,2.20,9.86
Christian Koloko,Toronto Raptors,C,2022-23,2.46,2.31,0.42,9.84
Johnny Juzang,Utah Jazz,SG,2023-24,5.54,1.38,0.88,9.84
Amir Coffey,Los Angeles Clippers,SG,2023-24,5.65,1.80,0.93,9.83
Dylan Windler,Cleveland Cavaliers,SG,2021-22,1.69,1.37,0.52,9.83
Brooks Barnhizer,Oklahoma City Thunder,SG,2025-26,1.45,1.66,0.47,9.81
Lester Quinones,New Orleans Pelicans,SG,2024-25,7.70,1.50,2.30,9.81
Jaden Springer,Philadelphia 76ers,SG,2023-24,3.12,1.41,0.85,9.81
Kylor Kelley,New Orleans Pelicans,C,2024-25,1.67,3.00,0.50,9.81
Kendrick Nunn,Los Angeles Lakers,SG,2022-23,5.57,1.17,0.72,9.80
Andre Iguodala,Golden State Warriors,PG,2022-23,1.70,1.70,1.90,9.80
Jae Crowder,Milwaukee Bucks,SF,2023-24,6.12,3.16,1.29,9.80
Johnny Furphy,Indiana Pacers,SG,2024-25,1.31,0.90,0.25,9.80
Armoni Brooks,Brooklyn Nets,SG,2023-24,2.33,1.00,0.28,9.79
Jordan McLaughlin,Sacramento Kings,PG,2024-25,1.13,0.45,0.51,9.79
Doug McDermott,San Antonio Spurs,SF,2023-24,5.75,1.00,1.19,9.79
Quentin Grimes,New York Knicks,SG,2021-22,4.44,1.52,0.71,9.78
Kyle Guy,Miami Heat,SG,2021-22,2.39,0.55,0.55,9.78
Frank Jackson,Detroit Pistons,SG,2021-22,8.89,1.38,0.87,9.77
Christian Koloko,Memphis Grizzlies,C,2025-26,2.64,4.00,0.91,9.77
Daeqwon Plowden,Sacramento Kings,SG,2025-26,8.60,2.43,1.03,9.76
Rodney Hood,Los Angeles Clippers,SG,2021-22,1.36,0.40,0.32,9.76
Davis Bertans,Charlotte Hornets,PF,2023-24,7.69,1.59,0.81,9.76
Dereon Seabron,New Orleans Pelicans,SG,2023-24,1.56,0.78,0.56,9.75
Davion Mitchell,Sacramento Kings,PG,2022-23,5.56,1.30,2.28,9.75
Trey Burke,Dallas Mavericks,PG,2021-22,3.29,0.51,0.88,9.74
David Roddy,Memphis Grizzlies,SF,2022-23,5.97,2.47,0.76,9.74
Duncan Robinson,Miami Heat,SF,2021-22,10.92,2.57,1.63,9.74
Reed Sheppard,Houston Rockets,PG,2024-25,2.90,0.99,0.95,9.74
Jaden Springer,Boston Celtics,SG,2023-24,1.52,0.87,0.39,9.72
Isaac Okoro,Cleveland Cavaliers,SG,2022-23,6.36,2.43,1.13,9.71
Dalen Terry,Chicago Bulls,SF,2024-25,4.29,1.63,1.28,9.70
D.J. Augustin,Los Angeles Lakers,PG,2021-22,5.33,1.29,1.57,9.69
Furkan Korkmaz,Philadelphia 76ers,SG,2023-24,1.87,0.64,0.53,9.69
Taurean Prince,Los Angeles Lakers,SF,2023-24,8.82,2.91,1.51,9.69
Xavier Moon,Los Angeles Clippers,PG,2023-24,0.97,0.53,0.62,9.68
KJ Simpson,Charlotte Hornets,PG,2025-26,6.00,2.07,2.50,9.68
Nick Smith Jr.,Los Angeles Lakers,PG,2025-26,5.00,0.62,0.84,9.68
Trevor Ariza,Los Angeles Lakers,SF,2021-22,2.09,1.78,0.59,9.67
Jalen Wilson,Brooklyn Nets,SF,2024-25,9.25,3.33,1.79,9.67
Kevin McCullar Jr.,New York Knicks,SG,2025-26,1.52,0.85,0.61,9.67
Georgios Kalaitzakis,Oklahoma City Thunder,SF,2021-22,17.50,3.25,3.00,9.66
Jaden Springer,Utah Jazz,SG,2024-25,2.46,1.31,0.88,9.66
LJ Cryer,Golden State Warriors,SG,2025-26,7.40,1.40,0.90,9.66
Reggie Bullock Jr.,Dallas Mavericks,SG,2021-22,8.57,3.54,1.22,9.66
Danuel House Jr.,Philadelphia 76ers,SG,2022-23,3.35,1.18,0.55,9.66
Kris Murray,Portland Trail Blazers,SF,2023-24,4.64,2.77,0.99,9.65
Svi Mykhailiuk,Toronto Raptors,SG,2021-22,3.19,1.15,0.56,9.65
Romeo Langford,Boston Celtics,SG,2021-22,4.06,2.04,0.37,9.64
Reggie Jackson,Philadelphia 76ers,PG,2024-25,2.78,0.86,0.92,9.64
E.J. Liddell,Chicago Bulls,SF,2024-25,0.91,0.39,0.13,9.64
Kyshawn George,Washington Wizards,SF,2024-25,7.89,3.74,2.27,9.63
Oshae Brissett,Philadelphia 76ers,SG,2024-25,8.67,3.67,0.67,9.63
Rasheer Fleming,Phoenix Suns,PF,2025-26,2.98,1.55,0.20,9.63
Isaac Okoro,Cleveland Cavaliers,SG,2021-22,8.78,3.00,1.81,9.62
Patrick Williams,Chicago Bulls,SF,2025-26,6.82,2.91,1.42,9.62
Denzel Valentine,Cleveland Cavaliers,SG,2021-22,1.83,1.09,0.31,9.61
Matisse Thybulle,Portland Trail Blazers,SG,2023-24,4.60,1.77,1.17,9.61
Garrett Temple,New Orleans Pelicans,SG,2022-23,0.63,0.21,0.16,9.60
Will Barton,Toronto Raptors,SG,2022-23,4.24,1.53,1.00,9.59
Tyrese Martin,Atlanta Hawks,SF,2022-23,0.50,0.29,0.05,9.59
Wendell Moore Jr.,Detroit Pistons,SG,2025-26,0.71,0.43,0.29,9.58
Donte DiVincenzo,Milwaukee Bucks,SG,2021-22,7.18,3.53,1.71,9.58
Cody Martin,Charlotte Hornets,SF,2022-23,1.84,1.26,0.58,9.57
Zavier Simpson,Oklahoma City Thunder,PG,2021-22,11.00,5.25,7.50,9.57
Bryce McGowens,Charlotte Hornets,SG,2023-24,3.87,1.31,0.65,9.56
Kelan Martin,Indiana Pacers,SF,2021-22,6.11,1.89,0.75,9.56
Jamorko Pickett,Detroit Pistons,PF,2021-22,1.79,1.14,0.25,9.55
Josh Richardson,New Orleans Pelicans,SG,2022-23,7.21,2.33,1.54,9.54
Haywood Highsmith,Miami Heat,SF,2024-25,5.90,3.10,1.38,9.54
Keon Johnson,Portland Trail Blazers,SG,2022-23,2.91,0.68,0.91,9.54
Miles Kelly,Dallas Mavericks,SG,2025-26,1.72,0.96,0.48,9.52
Ben Sheppard,Indiana Pacers,SG,2024-25,4.78,2.51,1.22,9.52
Marcus Morris Sr.,Cleveland Cavaliers,SF,2023-24,4.60,1.67,0.67,9.51
Willie Cauley-Stein,Dallas Mavericks,C,2021-22,1.79,2.00,0.47,9.51
Gradey Dick,Toronto Raptors,SG,2023-24,7.08,1.83,0.94,9.51
Hunter Tyson,Denver Nuggets,SF,2024-25,1.63,0.95,0.24,9.50
Mike Conley,Minnesota Timberwolves,PG,2025-26,3.50,1.33,2.24,9.50
Dillon Brooks,Memphis Grizzlies,SG,2022-23,13.78,3.21,2.49,9.50
Haywood Highsmith,Miami Heat,SF,2022-23,2.88,2.29,0.52,9.48
Markieff Morris,Dallas Mavericks,PF,2023-24,0.83,0.49,0.20,9.48
Mike Muscala,Detroit Pistons,PF,2023-24,2.65,1.71,0.59,9.48
Noah Clowney,Brooklyn Nets,PF,2024-25,6.89,2.97,0.66,9.45
Matisse Thybulle,Philadelphia 76ers,SG,2021-22,5.66,2.25,1.12,9.45
Jae'Sean Tate,Houston Rockets,SF,2023-24,3.63,2.70,0.88,9.43
Kyle Lowry,Philadelphia 76ers,PG,2024-25,3.63,1.76,2.53,9.43
Cam Reddish,New York Knicks,SG,2022-23,3.17,0.58,0.38,9.42
Kessler Edwards,Sacramento Kings,SF,2022-23,2.93,1.62,0.72,9.42
Gary Harris,Orlando Magic,SG,2022-23,7.63,1.88,1.13,9.41
Reggie Bullock Jr.,Houston Rockets,SG,2023-24,1.30,0.99,0.20,9.41
JT Thor,Washington Wizards,PF,2024-25,3.31,3.23,0.38,9.41
Kenneth Lofton Jr.,Memphis Grizzlies,SF,2023-24,1.63,0.63,0.58,9.41
Ziaire Williams,Memphis Grizzlies,PF,2021-22,7.83,2.02,1.02,9.40
Kobe Sanders,Los Angeles Clippers,SG,2025-26,6.51,2.01,1.43,9.40
Nick Smith Jr.,Charlotte Hornets,PG,2024-25,8.32,1.80,2.04,9.39
Jett Howard,Orlando Magic,SG,2023-24,0.88,0.21,0.18,9.39
Joshua Primo,San Antonio Spurs,SG,2022-23,7.00,3.25,4.50,9.38
Juancho Hernangomez,Toronto Raptors,PF,2022-23,2.10,2.12,0.43,9.38
Marcus Smart,Los Angeles Lakers,PG,2025-26,8.77,2.61,2.80,9.36
Eugene Omoruyi,Oklahoma City Thunder,SF,2022-23,3.53,1.63,0.34,9.36
Ariel Hukporti,New York Knicks,C,2024-25,0.92,0.98,0.21,9.36
Ashton Hagans,Portland Trail Blazers,PG,2023-24,4.21,2.37,2.84,9.36
Chris Youngblood,Oklahoma City Thunder,SG,2025-26,1.33,0.57,0.22,9.35
Hunter Tyson,Denver Nuggets,SF,2025-26,0.88,0.69,0.33,9.35
Kessler Edwards,Brooklyn Nets,SF,2021-22,4.81,2.92,0.53,9.34
Tyus Jones,Orlando Magic,PG,2025-26,3.02,1.11,2.43,9.34
Bogdan Bogdanović,Los Angeles Clippers,SG,2025-26,2.95,1.02,0.88,9.33
Jaylen Clark,Minnesota Timberwolves,SG,2024-25,3.13,1.02,0.50,9.33
Vít Krejčí,Oklahoma City Thunder,SG,2021-22,4.56,2.46,1.39,9.33
Jordan Walsh,Boston Celtics,SG,2023-24,0.60,0.80,0.20,9.32
Colby Jones,Sacramento Kings,SG,2023-24,1.08,0.68,0.34,9.31
Elijah Harkless,Utah Jazz,PG,2025-26,3.96,1.18,1.67,9.31
Bryn Forbes,Denver Nuggets,SG,2021-22,7.69,0.77,0.87,9.30
Evan Fournier,Detroit Pistons,SG,2023-24,6.93,1.80,1.50,9.29
Christian Koloko,Atlanta Hawks,C,2025-26,1.76,1.44,0.32,9.28
Alijah Martin,Toronto Raptors,SG,2025-26,1.65,0.68,0.39,9.28
Jake LaRavia,Sacramento Kings,SF,2024-25,6.05,2.84,1.32,9.28
KJ Simpson,Charlotte Hornets,PG,2024-25,5.64,2.18,2.24,9.27
Dariq Whitehead,Brooklyn Nets,SG,2024-25,3.35,0.85,0.35,9.26
Sion James,Charlotte Hornets,SG,2025-26,5.38,3.50,1.99,9.26
Jaylen Clark,Minnesota Timberwolves,SG,2025-26,3.44,1.50,0.54,9.25
Trey Jemison III,New Orleans Pelicans,C,2024-25,1.41,1.63,0.37,9.24
Julian Strawther,Denver Nuggets,SG,2024-25,8.91,2.15,1.26,9.24
Robert Covington,Los Angeles Clippers,SF,2023-24,3.00,2.67,2.33,9.23
Juan Toscano-Anderson,Utah Jazz,SF,2022-23,2.96,2.52,1.60,9.21
Josh Okogie,Houston Rockets,SG,2025-26,4.30,2.44,0.84,9.21
Isaac Okoro,Chicago Bulls,SG,2025-26,8.23,2.44,1.41,9.21
Ochai Agbaji,Utah Jazz,SG,2022-23,6.14,1.59,0.88,9.21
Garrett Temple,New Orleans Pelicans,SG,2021-22,3.96,1.83,0.95,9.21
Johnny Davis,Washington Wizards,SG,2024-25,1.51,0.66,0.21,9.21
Patrick Baldwin Jr.,Sacramento Kings,PF,2025-26,2.30,2.10,0.50,9.20
Chuma Okeke,Orlando Magic,SF,2023-24,1.30,0.98,0.24,9.16
Lindy Waters III,Golden State Warriors,SF,2024-25,4.18,1.92,0.84,9.15
Taelon Peter,Indiana Pacers,SG,2025-26,3.42,1.18,0.80,9.15
Otto Porter Jr.,Toronto Raptors,SF,2023-24,0.93,0.69,0.19,9.11
Justin Holiday,Denver Nuggets,SG,2023-24,2.85,0.87,0.82,9.10
Buddy Boeheim,Detroit Pistons,SF,2023-24,2.43,0.71,0.21,9.07
Chris Paul,Los Angeles Clippers,PG,2025-26,2.24,1.33,2.52,9.07
Danny Green,Philadelphia 76ers,SG,2021-22,5.63,2.42,0.98,9.06
Tre Mann,Charlotte Hornets,SG,2025-26,3.99,1.26,1.18,9.05
Dorian Finney-Smith,Los Angeles Lakers,SF,2024-25,7.58,3.47,1.31,9.04
Shake Milton,Minnesota Timberwolves,PG,2023-24,3.49,1.00,0.98,9.02
Jaden McDaniels,Minnesota Timberwolves,PF,2023-24,10.51,3.11,1.40,9.01
Maxi Kleber,Dallas Mavericks,PF,2022-23,5.95,3.65,1.41,9.01
Terrence Ross,Orlando Magic,SG,2022-23,6.19,1.57,1.00,9.01
Trey Jemison III,Los Angeles Lakers,C,2024-25,2.28,2.44,0.24,9.01
Dennis Schröder,Golden State Warriors,PG,2024-25,10.16,2.24,4.20,9.00
Admiral Schofield,Orlando Magic,SF,2022-23,2.31,0.93,0.46,8.98
Ben Saraf,Brooklyn Nets,PG,2025-26,6.92,1.92,3.02,8.98
Trevelin Queen,Indiana Pacers,SG,2022-23,1.50,1.21,0.43,8.97
Kentavious Caldwell-Pope,Orlando Magic,SG,2024-25,8.41,2.11,1.70,8.97
AJ Green,Milwaukee Bucks,SG,2025-26,10.37,2.73,1.95,8.97
Matt Ryan,New Orleans Pelicans,SF,2023-24,3.38,0.89,0.40,8.96
Ish Smith,Charlotte Hornets,PG,2023-24,3.02,1.65,3.15,8.96
Andre Jackson Jr.,Milwaukee Bucks,SG,2024-25,2.81,2.19,0.99,8.95
Jaylen Nowell,New Orleans Pelicans,SG,2024-25,7.44,2.22,2.00,8.94
Dean Wade,Cleveland Cavaliers,PF,2022-23,4.12,3.00,0.74,8.94
Trevelin Queen,Orlando Magic,SG,2023-24,1.90,0.95,0.86,8.94
Pelle Larsson,Miami Heat,SG,2024-25,3.01,1.12,0.78,8.93
Quentin Grimes,New York Knicks,SG,2023-24,7.27,1.96,1.16,8.93
Max Christie,Los Angeles Lakers,SG,2022-23,1.75,1.03,0.29,8.92
Dillon Brooks,Houston Rockets,SG,2023-24,12.53,3.37,1.63,8.91
Caleb Martin,Dallas Mavericks,SF,2024-25,3.41,1.86,1.18,8.90
Jalen Wilson,Brooklyn Nets,SF,2025-26,4.23,1.41,0.62,8.90
Isaiah Mobley,Cleveland Cavaliers,SF,2023-24,0.96,0.42,0.25,8.90
Monte Morris,Indiana Pacers,PG,2025-26,2.57,1.00,1.29,8.89
Colby Jones,Sacramento Kings,SG,2024-25,0.63,0.56,0.17,8.89
Josh Green,Charlotte Hornets,SG,2025-26,4.15,1.70,0.78,8.89
Ochai Agbaji,Utah Jazz,SG,2023-24,5.37,2.47,0.92,8.85
Landry Shamet,New York Knicks,SG,2024-25,5.30,1.13,0.50,8.84
Sam Merrill,Memphis Grizzlies,SG,2021-22,1.67,0.47,0.27,8.83
Vasilije Micic,Charlotte Hornets,PG,2024-25,5.72,1.85,2.70,8.83
Jordan Hawkins,New Orleans Pelicans,SG,2025-26,3.15,1.07,0.51,8.83
Adama Bal,Memphis Grizzlies,SG,2025-26,9.22,2.78,2.11,8.83
Aaron Holiday,Atlanta Hawks,PG,2022-23,3.05,0.91,1.10,8.83
Keon Johnson,Portland Trail Blazers,SG,2021-22,8.56,2.40,2.52,8.82
AJ Green,Milwaukee Bucks,SG,2024-25,7.29,2.37,1.47,8.81
Cole Swider,Toronto Raptors,SF,2024-25,7.38,3.13,0.25,8.80
Jarrett Culver,Memphis Grizzlies,SG,2021-22,1.76,0.65,0.45,8.79
MarJon Beauchamp,Milwaukee Bucks,SF,2022-23,3.45,1.49,0.45,8.79
Admiral Schofield,Orlando Magic,SF,2021-22,3.04,1.85,0.52,8.78
Nolan Traore,Brooklyn Nets,PG,2025-26,8.05,1.60,3.44,8.77
Seth Curry,Dallas Mavericks,SG,2023-24,3.28,1.11,0.64,8.76
Terry Taylor,Indiana Pacers,SF,2022-23,1.28,0.72,0.19,8.75
Mamadi Diakite,Cleveland Cavaliers,PF,2022-23,1.24,0.65,0.17,8.73
Julian Strawther,Denver Nuggets,SG,2023-24,3.39,0.91,0.70,8.72
Bronny James,Los Angeles Lakers,PG,2025-26,1.74,0.33,0.73,8.71
Jaylen Sims,Charlotte Hornets,PG,2024-25,7.00,1.00,2.00,8.70
Aaron Holiday,Houston Rockets,PG,2025-26,3.85,0.72,0.74,8.69
James Johnson,Indiana Pacers,SF,2022-23,0.65,0.38,0.19,8.65
Brandon Boston,Los Angeles Clippers,SG,2023-24,2.78,0.87,0.22,8.65
Thanasis Antetokounmpo,Milwaukee Bucks,SF,2022-23,0.64,0.55,0.19,8.65
Jeff Green,Houston Rockets,SF,2025-26,0.82,0.30,0.10,8.64
Armoni Brooks,Houston Rockets,SG,2021-22,5.18,1.65,1.00,8.64
Leaky Black,Washington Wizards,SF,2025-26,7.07,5.00,1.47,8.64
Trent Forrest,Atlanta Hawks,PG,2022-23,1.13,0.80,0.83,8.63
Lance Stephenson,Atlanta Hawks,SF,2021-22,1.83,2.50,1.83,8.63
Paul Millsap,Philadelphia 76ers,SF,2021-22,1.38,1.04,0.21,8.61
Anthony Black,Orlando Magic,SG,2023-24,3.85,1.70,1.11,8.60
Nicolas Batum,Los Angeles Clippers,SG,2025-26,3.76,2.36,0.82,8.58
Timothe Luwawu-Cabarrot,Atlanta Hawks,SG,2021-22,2.99,1.08,0.53,8.58
Chris Livingston,Milwaukee Bucks,SF,2023-24,0.52,0.42,0.10,8.58
Herbert Jones,New Orleans Pelicans,SF,2025-26,8.55,3.28,2.67,8.57
Vít Krejčí,Atlanta Hawks,SG,2023-24,5.87,2.26,2.17,8.56
Rayan Rupert,Portland Trail Blazers,SG,2024-25,2.01,0.91,0.32,8.56
Vít Krejčí,Atlanta Hawks,SG,2022-23,0.44,0.32,0.21,8.56
KJ Martin,Utah Jazz,SF,2024-25,4.62,2.04,1.12,8.55
Gabe Vincent,Miami Heat,PG,2022-23,8.66,1.96,2.26,8.54
Keon Johnson,Los Angeles Clippers,SG,2021-22,2.52,1.00,0.62,8.54
Patrick Beverley,Los Angeles Lakers,SG,2022-23,5.65,2.75,2.31,8.53
Khem Birch,Toronto Raptors,C,2022-23,0.86,0.50,0.14,8.52
Bryce McGowens,Charlotte Hornets,SG,2022-23,3.51,1.33,0.77,8.52
Malachi Flynn,Toronto Raptors,PG,2022-23,3.00,0.93,0.85,8.51
Markieff Morris,Dallas Mavericks,PF,2022-23,1.50,0.50,0.25,8.51
TyTy Washington Jr.,Houston Rockets,PG,2022-23,3.09,0.96,1.00,8.51
Josh Okogie,Minnesota Timberwolves,SG,2021-22,1.87,0.99,0.35,8.50
Gary Harris,Orlando Magic,SG,2023-24,6.89,1.69,1.61,8.50
JT Thor,Charlotte Hornets,PF,2022-23,3.32,1.92,0.46,8.49
Amir Coffey,Milwaukee Bucks,SG,2025-26,1.47,0.53,0.22,8.49
Garrett Temple,Toronto Raptors,SG,2024-25,0.68,0.37,0.40,8.47
Chris Duarte,Sacramento Kings,SG,2023-24,2.91,1.34,0.56,8.47
Nick Smith Jr.,Charlotte Hornets,PG,2023-24,4.19,1.00,0.82,8.47
Davion Mitchell,Toronto Raptors,PG,2024-25,5.81,1.77,4.23,8.45
Kevon Harris,Orlando Magic,SG,2022-23,3.00,1.49,0.34,8.44
Troy Brown Jr.,Detroit Pistons,SG,2023-24,3.00,2.32,0.81,8.44
Ziaire Williams,Memphis Grizzlies,PF,2022-23,5.12,1.93,0.85,8.39
Marcus Garrett,Charlotte Hornets,SG,2024-25,7.00,1.50,3.25,8.37
Tyrese Martin,Philadelphia 76ers,SF,2025-26,1.33,0.67,0.60,8.36
Andre Jackson Jr.,Milwaukee Bucks,SG,2023-24,1.58,1.43,0.63,8.35
Grant Williams,Dallas Mavericks,SF,2023-24,8.13,3.60,1.72,8.35
Ish Wainright,Phoenix Suns,SF,2022-23,3.49,1.93,0.74,8.34
Danuel House Jr.,Philadelphia 76ers,SG,2023-24,3.20,1.29,0.62,8.34
Dorian Finney-Smith,Brooklyn Nets,SF,2022-23,7.15,4.92,1.58,8.33
Cole Swider,Miami Heat,SF,2023-24,0.98,0.16,0.12,8.33
Jalen Hood-Schifino,Philadelphia 76ers,PG,2024-25,7.85,2.00,2.77,8.32
Spencer Dinwiddie,Los Angeles Lakers,PG,2023-24,6.82,1.68,2.43,8.30
Johnny Juzang,Utah Jazz,SG,2022-23,3.11,1.39,0.29,8.28
Damion Baugh,Charlotte Hornets,PG,2024-25,7.27,3.33,3.73,8.26
Vlatko Čančar,Denver Nuggets,SF,2024-25,0.86,1.14,0.32,8.25
Juan Toscano-Anderson,Los Angeles Lakers,SF,2022-23,1.93,1.45,0.60,8.25
Tomas Satoransky,New Orleans Pelicans,PG,2021-22,1.80,1.31,1.55,8.24
Spencer Jones,Denver Nuggets,SF,2025-26,5.03,2.99,0.73,8.24
Zavier Simpson,Memphis Grizzlies,PG,2023-24,4.67,2.22,2.78,8.24
Lucas Williamson,Memphis Grizzlies,SG,2025-26,10.43,5.43,2.57,8.24
Caleb Houstan,Orlando Magic,SG,2024-25,2.95,0.93,0.43,8.23
Admiral Schofield,Orlando Magic,SF,2023-24,0.55,0.36,0.15,8.22
Isaiah Livers,Detroit Pistons,SF,2022-23,5.77,2.38,0.68,8.21
Maurice Harkless,Sacramento Kings,SG,2021-22,2.86,1.47,0.30,8.20
Isaiah Livers,Phoenix Suns,SF,2025-26,1.51,1.42,0.49,8.18
Mac McClung,Chicago Bulls,SG,2025-26,3.69,0.46,0.69,8.17
Julian Phillips,Chicago Bulls,SF,2025-26,1.94,0.86,0.14,8.15
Doug McDermott,Sacramento Kings,SF,2025-26,2.00,0.45,0.27,8.13
Delon Wright,Milwaukee Bucks,PG,2024-25,1.35,0.96,1.00,8.13
Tony Snell,New Orleans Pelicans,SG,2021-22,3.14,1.11,0.29,8.12
Garrison Mathews,Houston Rockets,SG,2022-23,4.28,1.24,0.46,8.12
Johnny Davis,Washington Wizards,SG,2022-23,3.54,1.41,0.61,8.11
Bogdan Bogdanović,Atlanta Hawks,SG,2024-25,7.67,2.17,1.60,8.11
Markieff Morris,Los Angeles Lakers,PF,2024-25,1.33,0.45,0.52,8.11
Alec Burks,New York Knicks,SG,2023-24,5.14,1.38,0.69,8.09
Ethan Thompson,Indiana Pacers,SG,2025-26,5.72,1.77,1.46,8.09
David Duke Jr.,Brooklyn Nets,SG,2022-23,2.13,0.73,0.53,8.09
Gabe Vincent,Atlanta Hawks,PG,2025-26,3.32,0.96,1.39,8.08
Jahmi'us Ramsey,Sacramento Kings,SG,2021-22,1.33,0.29,0.16,8.07
Jahmir Young,Miami Heat,PG,2025-26,0.78,0.13,0.28,8.07
Simone Fontecchio,Utah Jazz,SF,2022-23,4.56,1.19,0.58,8.06
Jordan Hall,San Antonio Spurs,SG,2022-23,1.87,0.80,0.73,8.06
Wesley Matthews,Atlanta Hawks,SG,2023-24,1.86,0.90,0.39,8.04
Joshua Primo,San Antonio Spurs,SG,2021-22,5.14,2.02,1.45,8.01
Armoni Brooks,Toronto Raptors,SG,2021-22,1.79,1.16,0.68,8.01
Paul Watson,Oklahoma City Thunder,SG,2021-22,1.03,0.90,0.27,8.01
Matt Ryan,New York Knicks,SF,2024-25,0.54,0.15,0.06,8.00
Luguentz Dort,Oklahoma City Thunder,SG,2025-26,7.85,3.32,1.14,7.96
Justin Jackson,Boston Celtics,SF,2022-23,0.36,0.31,0.16,7.96
Matisse Thybulle,Philadelphia 76ers,SG,2022-23,2.55,1.24,0.45,7.95
TyTy Washington Jr.,Phoenix Suns,PG,2024-25,1.21,0.45,0.55,7.94
Matt Hurt,Memphis Grizzlies,PF,2023-24,2.91,1.45,0.36,7.91
PJ Dozier,Sacramento Kings,SG,2022-23,0.67,0.42,0.30,7.90
Reggie Bullock Jr.,Dallas Mavericks,SG,2022-23,7.19,3.63,1.38,7.88
Jevon Carter,Chicago Bulls,PG,2023-24,4.35,0.73,1.15,7.86
Ben Sheppard,Indiana Pacers,SG,2023-24,3.27,1.16,0.69,7.86
Cam Reddish,Los Angeles Lakers,SG,2023-24,4.41,1.68,0.81,7.86
Danilo Gallinari,Milwaukee Bucks,PF,2023-24,1.81,0.69,0.46,7.82
Doug McDermott,Sacramento Kings,SF,2024-25,1.84,0.28,0.09,7.76
DaQuan Jeffries,Charlotte Hornets,SG,2024-25,5.43,2.33,0.91,7.74
Davis Bertans,Washington Wizards,PF,2021-22,4.97,1.56,0.41,7.74
Ochai Agbaji,Toronto Raptors,SG,2023-24,6.46,3.21,1.29,7.71
Garrison Mathews,Atlanta Hawks,SG,2023-24,4.01,1.14,0.46,7.69
James Bouknight,Charlotte Hornets,SG,2022-23,3.47,1.31,0.75,7.69
AJ Johnson,Dallas Mavericks,PG,2025-26,2.90,0.77,0.81,7.66
Pacôme Dadiet,New York Knicks,PF,2024-25,0.63,0.38,0.10,7.66
Jordan Walsh,Boston Celtics,SG,2024-25,1.00,0.84,0.23,7.65
Ish Wainright,Phoenix Suns,SF,2021-22,1.48,0.74,0.21,7.65
Rodney Hood,Milwaukee Bucks,SG,2021-22,2.48,1.29,0.58,7.64
Bronny James,Los Angeles Lakers,PG,2024-25,1.13,0.33,0.40,7.61
Caleb Houstan,Orlando Magic,SG,2023-24,3.24,1.08,0.37,7.60
Rob Dillingham,Minnesota Timberwolves,PG,2025-26,2.37,0.80,1.14,7.59
Louis King,Sacramento Kings,SF,2021-22,1.96,0.52,0.39,7.58
Nate Williams,Houston Rockets,SG,2024-25,1.30,0.26,0.18,7.57
Jahmai Mashack,Memphis Grizzlies,SG,2025-26,4.80,2.03,1.73,7.57
Enrique Freeman,Indiana Pacers,PF,2024-25,1.00,0.65,0.20,7.57
Devin Cannady,Orlando Magic,PG,2021-22,10.00,1.20,2.00,7.55
Austin Rivers,Minnesota Timberwolves,SG,2022-23,3.59,1.17,1.06,7.55
AJ Johnson,Washington Wizards,PG,2024-25,7.14,1.86,2.46,7.55
Andre Jackson Jr.,Milwaukee Bucks,SG,2025-26,1.40,0.89,0.53,7.54
Ibou Badji,Portland Trail Blazers,C,2023-24,0.83,1.24,0.32,7.54
Maxi Kleber,Los Angeles Lakers,PF,2025-26,1.28,1.25,0.40,7.54
Lindy Waters III,San Antonio Spurs,SF,2025-26,1.42,0.43,0.28,7.50
Aaron Nesmith,Boston Celtics,SG,2021-22,2.88,1.31,0.32,7.50
Micah Peavy,New Orleans Pelicans,SG,2025-26,3.36,1.50,0.78,7.49
RayJ Dennis,Indiana Pacers,PG,2025-26,3.20,1.05,1.30,7.49
Cassius Stanley,Detroit Pistons,SG,2021-22,4.73,1.73,0.36,7.48
Greg Brown III,Portland Trail Blazers,SF,2022-23,0.68,0.46,0.07,7.47
Drake Powell,Brooklyn Nets,SG,2025-26,5.91,1.61,1.32,7.46
Jae Crowder,Sacramento Kings,SF,2024-25,0.38,0.33,0.10,7.45
Justin Holiday,Sacramento Kings,SG,2021-22,8.32,2.20,1.52,7.45
Jevon Carter,Brooklyn Nets,PG,2021-22,2.84,1.16,0.79,7.45
Patty Mills,Miami Heat,PG,2023-24,3.62,0.71,0.95,7.42
Julian Phillips,Minnesota Timberwolves,SF,2025-26,1.58,0.19,0.12,7.42
Gary Harris,Milwaukee Bucks,SG,2025-26,1.88,0.90,0.75,7.39
Isaiah Joe,Philadelphia 76ers,SG,2021-22,2.57,0.73,0.45,7.38
Keon Ellis,Sacramento Kings,SG,2025-26,4.98,1.15,0.54,7.37
Derrick Walton Jr.,Detroit Pistons,PG,2021-22,6.33,3.33,7.00,7.36
Miles McBride,New York Knicks,PG,2022-23,2.71,0.61,0.88,7.34
Kevin Pangos,Cleveland Cavaliers,PG,2021-22,0.71,0.20,0.55,7.33
Cory Joseph,Golden State Warriors,PG,2023-24,1.31,0.63,0.88,7.31
Jaylen Nowell,Memphis Grizzlies,SG,2023-24,5.67,1.56,1.78,7.29
Wes Iwundu,Atlanta Hawks,SF,2021-22,7.33,4.33,0.00,7.29
Jamaree Bouyea,Miami Heat,SG,2022-23,3.00,1.00,0.80,7.28
Haywood Highsmith,Miami Heat,SF,2021-22,1.43,0.87,0.20,7.25
Ochai Agbaji,Toronto Raptors,SG,2025-26,3.93,2.07,0.65,7.24
Kobe Brown,Los Angeles Clippers,SF,2023-24,1.39,0.97,0.39,7.22
Avery Bradley,Los Angeles Lakers,SG,2021-22,5.32,1.84,0.64,7.21
Garrett Temple,Toronto Raptors,SG,2025-26,0.21,0.11,0.11,7.19
Brad Wanamaker,Indiana Pacers,PG,2021-22,2.24,1.03,1.41,7.19
Doug McDermott,Indiana Pacers,SF,2023-24,3.95,0.58,0.68,7.18
Daishen Nix,Houston Rockets,PG,2022-23,2.79,1.21,1.63,7.16
Malik Williams,Toronto Raptors,C,2023-24,2.71,5.43,0.29,7.16
Matthew Dellavedova,Sacramento Kings,PG,2022-23,0.63,0.17,0.55,7.16
Duncan Robinson,Miami Heat,SF,2022-23,4.70,1.21,0.81,7.16
Ryan Arcidiacono,New York Knicks,SG,2021-22,0.64,0.32,0.16,7.14
Kira Lewis Jr.,New Orleans Pelicans,PG,2023-24,1.38,0.44,0.56,7.10
Taylor Hendricks,Utah Jazz,PF,2024-25,3.50,3.75,0.50,7.09
Gary Trent Jr.,Milwaukee Bucks,SG,2025-26,7.15,0.91,1.07,7.08
Wesley Matthews,Milwaukee Bucks,SG,2022-23,2.67,1.69,0.51,7.07
Facundo Campazzo,Dallas Mavericks,PG,2022-23,0.59,0.12,0.53,7.06
Jeff Dowtin Jr.,Orlando Magic,PG,2021-22,2.60,2.20,1.40,7.03
Josh Green,Charlotte Hornets,SG,2024-25,7.44,2.53,1.59,6.99
Cam Reddish,Los Angeles Lakers,SG,2024-25,1.67,1.05,0.35,6.94
Rayan Rupert,Portland Trail Blazers,SG,2023-24,2.46,1.46,0.98,6.93
Reece Beekman,Brooklyn Nets,PG,2024-25,2.02,0.84,1.38,6.92
Amir Coffey,Los Angeles Clippers,SG,2022-23,2.10,0.65,0.65,6.91
Patty Mills,Utah Jazz,PG,2024-25,1.61,0.46,0.46,6.91
Josh Jackson,Sacramento Kings,SG,2021-22,2.17,0.75,0.21,6.89
Kobe Bufkin,Los Angeles Lakers,SG,2025-26,1.39,0.39,0.30,6.88
Carsen Edwards,Detroit Pistons,PG,2021-22,5.75,1.50,3.50,6.86
Austin Rivers,Denver Nuggets,SG,2021-22,5.60,1.58,1.25,6.84
Evan Fournier,New York Knicks,SG,2022-23,2.09,0.62,0.46,6.82
Justin Holiday,Dallas Mavericks,SG,2022-23,3.43,1.39,0.70,6.82
Jared Rhoden,Detroit Pistons,SG,2022-23,2.14,1.76,0.19,6.70
Jake LaRavia,Memphis Grizzlies,SF,2022-23,2.02,1.21,0.40,6.66
Mike Muscala,Oklahoma City Thunder,PF,2023-24,0.74,0.91,0.17,6.63
Chris Boucher,Boston Celtics,SF,2025-26,0.43,0.37,0.06,6.61
Johnny Davis,Washington Wizards,SG,2023-24,2.34,1.11,0.49,6.60
Tosan Evbuomwan,Memphis Grizzlies,SF,2023-24,2.00,2.80,1.20,6.52
Didi Louzada,Portland Trail Blazers,SG,2021-22,2.92,1.25,0.33,6.51
Davon Reed,Denver Nuggets,SG,2022-23,1.50,1.02,0.35,6.51
Jerome Robinson,Golden State Warriors,SG,2023-24,0.72,0.14,0.12,6.50
Cody Martin,Indiana Pacers,SF,2025-26,1.75,3.50,0.50,6.49
Patty Mills,Atlanta Hawks,PG,2023-24,0.89,0.35,0.25,6.49
Chaz Lanier,Detroit Pistons,SG,2025-26,1.29,0.37,0.27,6.48
Jett Howard,Orlando Magic,SG,2024-25,3.30,0.86,0.54,6.48
Leandro Bolmaro,Minnesota Timberwolves,SF,2021-22,0.82,0.70,0.34,6.47
Isaiah Todd,Washington Wizards,PF,2021-22,0.51,0.31,0.10,6.46
Kendall Brown,Indiana Pacers,SG,2023-24,0.51,0.12,0.12,6.44
Bobi Klintman,Detroit Pistons,PF,2025-26,0.76,0.66,0.21,6.42
Joe Wieskamp,San Antonio Spurs,SG,2021-22,1.22,0.28,0.18,6.42
Killian Tillie,Memphis Grizzlies,PF,2021-22,2.03,1.03,0.38,6.42
Jalen McDaniels,Toronto Raptors,PF,2023-24,2.06,0.96,0.45,6.38
Charlie Brown Jr.,Philadelphia 76ers,SG,2021-22,0.78,0.86,0.14,6.38
Elijah Harkless,Utah Jazz,PG,2024-25,1.39,0.91,0.35,6.32
Noah Vonleh,Boston Celtics,PF,2022-23,0.66,1.26,0.18,6.30
Juancho Hernangomez,Boston Celtics,PF,2021-22,0.46,0.61,0.07,6.30
Wenyen Gabriel,Memphis Grizzlies,PF,2023-24,3.40,5.00,0.60,6.29
Sidy Cissoko,Portland Trail Blazers,SG,2025-26,5.04,2.18,1.45,6.28
Dru Smith,Miami Heat,SG,2022-23,0.58,0.47,0.26,6.26
Gary Harris,Orlando Magic,SG,2024-25,2.59,1.14,0.54,6.25
Maxi Kleber,Dallas Mavericks,PF,2024-25,2.86,2.64,1.19,6.22
Keifer Sykes,Indiana Pacers,PG,2021-22,3.91,0.98,1.35,6.21
AJ Johnson,Washington Wizards,PG,2025-26,1.71,0.76,0.54,6.21
Yves Pons,Memphis Grizzlies,SF,2021-22,0.42,0.39,0.03,6.17
TyTy Washington Jr.,Milwaukee Bucks,PG,2023-24,0.48,0.17,0.17,6.14
Caleb Houstan,Orlando Magic,SG,2022-23,2.61,1.34,0.41,6.13
Tyler Johnson,San Antonio Spurs,SG,2021-22,1.00,1.00,0.83,6.13
Wesley Matthews,Milwaukee Bucks,SG,2021-22,4.79,1.77,0.69,6.05
Abdel Nader,Phoenix Suns,SF,2021-22,1.42,1.13,0.29,6.04
Rayan Rupert,Portland Trail Blazers,SG,2025-26,2.45,1.54,0.61,6.03
Alex Len,Los Angeles Lakers,C,2024-25,0.71,1.00,0.26,6.02
Armel Traore,Los Angeles Lakers,PF,2024-25,0.58,0.63,0.04,5.99
Tony Snell,Portland Trail Blazers,SG,2021-22,2.11,1.53,0.43,5.97
Sidy Cissoko,Portland Trail Blazers,SG,2024-25,1.00,1.10,0.90,5.96
Gabe Vincent,Los Angeles Lakers,PG,2024-25,5.90,1.18,1.26,5.92
P.J. Tucker,Los Angeles Clippers,SF,2023-24,0.61,0.93,0.21,5.83
P.J. Tucker,Philadelphia 76ers,SF,2022-23,3.50,3.88,0.79,5.82
Julian Phillips,Chicago Bulls,SF,2023-24,1.48,0.60,0.22,5.81
Chris Chiozza,Golden State Warriors,PG,2021-22,1.34,0.72,1.30,5.80
Miles McBride,New York Knicks,PG,2021-22,1.19,0.56,0.55,5.76
Trey Jemison III,New York Knicks,C,2025-26,0.42,0.58,0.16,5.75
P.J. Tucker,Philadelphia 76ers,SF,2023-24,2.00,4.67,0.00,5.71
Blake Wesley,San Antonio Spurs,PG,2022-23,4.28,1.91,2.28,5.64
Onuralp Bitim,Chicago Bulls,SF,2023-24,2.22,0.89,0.36,5.60
Bryn Forbes,Minnesota Timberwolves,SG,2022-23,1.62,0.27,0.31,5.60
Dorian Finney-Smith,Houston Rockets,SF,2025-26,2.46,1.86,0.72,5.54
Yang Hansen,Portland Trail Blazers,C,2025-26,1.44,1.00,0.33,5.52
Yuta Watanabe,Phoenix Suns,SG,2023-24,2.21,0.96,0.21,5.48
Kent Bazemore,Los Angeles Lakers,SG,2021-22,1.74,0.91,0.45,5.47
Jazian Gortman,Dallas Mavericks,PG,2024-25,0.89,0.19,0.22,5.47
Frank Ntilikina,Dallas Mavericks,SG,2022-23,1.88,0.86,0.81,5.46
Theo Maledon,Charlotte Hornets,PG,2023-24,2.45,1.05,1.27,5.44
KZ Okpala,Sacramento Kings,SG,2022-23,0.92,0.68,0.26,5.42
Mouhamadou Gueye,Toronto Raptors,PF,2023-24,2.17,1.92,0.42,5.40
Semi Ojeleye,Milwaukee Bucks,SF,2021-22,1.73,1.76,0.15,5.38
Justin Minaya,Portland Trail Blazers,SF,2023-24,1.36,1.24,0.47,5.36
Justin Holiday,Atlanta Hawks,SG,2022-23,2.38,0.43,0.47,5.35
Justin Minaya,Portland Trail Blazers,SF,2022-23,4.25,3.75,1.00,5.33
Robin Lopez,Milwaukee Bucks,C,2023-24,0.35,0.10,0.08,5.33
Quentin Grimes,Detroit Pistons,SG,2023-24,3.56,1.33,1.56,5.25
Dalano Banton,Boston Celtics,SF,2025-26,1.00,0.67,1.50,5.17
Alfonzo McKinnie,Chicago Bulls,SF,2021-22,2.11,1.18,0.18,5.15
Emoni Bates,Cleveland Cavaliers,SF,2023-24,1.28,0.44,0.31,5.10
Isaac Bonga,Toronto Raptors,SG,2021-22,0.35,0.21,0.12,5.09
Luke Travers,Cleveland Cavaliers,SF,2024-25,0.50,0.83,0.33,5.02
Keljin Blevins,Portland Trail Blazers,SG,2021-22,2.07,0.98,0.41,4.96
Isaiah Livers,Detroit Pistons,SF,2023-24,4.07,1.71,0.89,4.94
Justin Robinson,Detroit Pistons,PG,2021-22,5.60,1.40,1.80,4.87
Nigel Hayes-Davis,Phoenix Suns,SF,2025-26,0.67,0.65,0.14,4.83
Stanley Umude,Milwaukee Bucks,SG,2024-25,0.30,0.34,0.08,4.79
DeAndre' Bembry,Milwaukee Bucks,SG,2021-22,0.67,1.22,0.67,4.70
John Butler Jr.,Portland Trail Blazers,PF,2022-23,1.13,0.43,0.28,4.66
Aleksej Pokusevski,Oklahoma City Thunder,PF,2023-24,0.32,0.26,0.13,4.63
Udonis Haslem,Miami Heat,SF,2022-23,0.35,0.14,0.00,4.61
Josh Richardson,Miami Heat,SG,2024-25,0.86,0.30,0.30,4.58
Thanasis Antetokounmpo,Milwaukee Bucks,SF,2023-24,0.39,0.16,0.21,4.46
Marcus Garrett,Miami Heat,SG,2021-22,0.93,1.64,0.50,4.43
Tim Frazier,Orlando Magic,PG,2021-22,3.70,1.90,3.30,4.40
Langston Galloway,Brooklyn Nets,SG,2021-22,2.40,1.60,1.00,4.36
Tyson Etienne,Brooklyn Nets,PG,2024-25,5.50,0.90,1.20,4.30
Bismack Biyombo,San Antonio Spurs,C,2025-26,0.28,0.32,0.06,4.30
Elijah Hughes,Portland Trail Blazers,SG,2021-22,3.32,1.64,0.64,4.28
Pete Nance,Philadelphia 76ers,PF,2024-25,0.83,0.56,0.17,4.24
Trey Alexander,Denver Nuggets,SG,2024-25,0.65,0.24,0.22,4.22
Justin Robinson,Milwaukee Bucks,PG,2021-22,2.40,0.65,1.05,4.21
Kessler Edwards,Brooklyn Nets,SF,2022-23,0.47,0.44,0.06,4.20
Matt Ryan,Los Angeles Lakers,SF,2022-23,2.35,0.70,0.20,4.20
Adam Flagler,Oklahoma City Thunder,SG,2024-25,1.30,0.54,0.24,4.10
Xavier Tillman,Boston Celtics,SF,2024-25,0.45,0.57,0.09,4.05
Vince Williams Jr.,Memphis Grizzlies,SG,2022-23,0.73,0.37,0.10,4.01
Gabe Vincent,Los Angeles Lakers,PG,2025-26,4.18,0.82,1.12,4.00
Javonte Smart,Milwaukee Bucks,SG,2021-22,1.63,1.00,0.74,3.97
Cody Williams,Utah Jazz,SF,2024-25,4.18,2.05,1.07,3.94
Solomon Hill,Atlanta Hawks,SF,2021-22,0.33,0.96,0.50,3.90
Joe Ingles,Minnesota Timberwolves,PG,2024-25,0.22,0.16,0.34,3.86
Justin Minaya,Portland Trail Blazers,SF,2024-25,0.55,0.30,0.21,3.76
Joe Harris,Detroit Pistons,SG,2023-24,1.03,0.34,0.26,3.76
Bradley Beal,Los Angeles Clippers,PG,2025-26,8.17,0.83,1.67,3.64
Nathan Mensah,Charlotte Hornets,C,2023-24,1.10,2.17,0.30,3.56
Toby Okani,Memphis Grizzlies,SF,2025-26,10.00,3.50,1.00,3.54
Spencer Jones,Denver Nuggets,SF,2024-25,0.59,0.39,0.11,3.54
P.J. Tucker,New York Knicks,SF,2024-25,0.50,0.44,0.00,3.52
Aleem Ford,Orlando Magic,SF,2021-22,2.80,3.00,0.40,3.44
Yuta Watanabe,Memphis Grizzlies,SG,2023-24,1.18,0.82,0.45,3.40
Ryan Arcidiacono,Portland Trail Blazers,SG,2022-23,1.77,0.85,1.62,3.34
Juan Toscano-Anderson,Sacramento Kings,SF,2023-24,0.41,0.82,0.24,3.28
Devon Dotson,Washington Wizards,PG,2022-23,0.21,0.71,0.57,3.28
AJ Griffin,Atlanta Hawks,SF,2023-24,1.04,0.39,0.11,3.23
James Wiseman,Indiana Pacers,C,2025-26,2.17,1.33,0.50,3.19
Mychal Mulder,Orlando Magic,SG,2021-22,1.90,0.72,0.10,3.15
Keyontae Johnson,Oklahoma City Thunder,SF,2023-24,0.85,0.77,0.31,3.12
Elfrid Payton,Charlotte Hornets,PG,2024-25,0.60,1.30,2.00,3.03
Tyrone Wallace,New Orleans Pelicans,SG,2021-22,1.89,0.89,0.11,3.02
Javonte Cooke,Portland Trail Blazers,SG,2025-26,0.79,0.66,0.24,2.87
Isaiah Thomas,Los Angeles Lakers,PG,2021-22,7.40,1.60,1.20,2.75
Jack White,Memphis Grizzlies,SF,2023-24,1.50,3.00,0.25,2.70
Taj Gibson,New York Knicks,PF,2023-24,0.76,1.33,0.43,2.50
Gabe Vincent,Los Angeles Lakers,PG,2023-24,2.62,0.69,1.62,2.31
Isaiah Todd,Washington Wizards,PF,2022-23,0.47,0.63,0.21,2.27
Liam Robbins,Milwaukee Bucks,C,2024-25,0.33,0.44,0.07,2.27
Ryan Rollins,Golden State Warriors,PG,2022-23,0.58,0.30,0.15,2.24
Kyle Lowry,Philadelphia 76ers,PG,2025-26,0.21,0.11,0.13,2.15
Johni Broome,Philadelphia 76ers,PF,2025-26,0.33,0.53,0.13,1.98
Drew Peterson,Charlotte Hornets,SF,2025-26,0.71,1.29,0.29,1.33
R.J. Hampton,Miami Heat,SG,2023-24,0.59,0.35,0.47,1.16
Jamaree Bouyea,Portland Trail Blazers,SG,2023-24,1.67,1.67,1.33,0.60
Timmy Allen,Memphis Grizzlies,SF,2023-24,2.60,3.40,1.00,0.43
Seth Lundy,Atlanta Hawks,SG,2023-24,0.58,0.29,0.00,0.37
Melvin Frazier Jr.,Oklahoma City Thunder,SG,2021-22,10.67,4.33,0.33,0.04
Myles Powell,Philadelphia 76ers,SG,2021-22,0.57,0.26,0.13,0.00
Buddy Boeheim,Detroit Pistons,SF,2022-23,0.73,0.27,0.18,0.00
Jalen Hood-Schifino,Los Angeles Lakers,PG,2023-24,0.76,0.29,0.18,-0.16
Maxwell Lewis,Los Angeles Lakers,SF,2023-24,0.18,0.06,0.10,-2.83
De'Andre Hunter,Sacramento Kings,SG,2025-26,2.50,0.50,0.17,-3.58
Leandro Bolmaro,Utah Jazz,SF,2022-23,0.14,0.16,0.16,-5.10
