game_id,season_id,home_team_id,away_team_id,game_date,home_score,away_score,status,overtime
2560,3,8,18,2021-12-15,107,124,Finished,0
2751,3,23,4,2022-01-12,98,109,Finished,0
3720,4,19,8,2022-12-04,121,106,Finished,0
3884,4,1,3,2022-12-28,107,108,Finished,0
1833,2,8,27,2021-04-09,100,119,Finished,0
3478,4,14,19,2022-11-02,120,117,Finished,0
4575,4,12,9,2023-04-07,115,122,Finished,0
3480,4,7,29,2022-11-02,103,100,Finished,0
748,1,4,22,2020-02-03,100,112,Finished,0
4245,4,1,20,2023-02-15,101,122,Finished,0
1482,2,26,16,2021-02-18,110,118,Finished,0
5045,5,3,17,2023-12-27,122,144,Finished,0
5522,5,1,6,2024-03-06,112,101,Finished,0
2813,3,7,24,2022-01-20,101,109,Finished,0
2785,3,1,17,2022-01-17,121,114,Finished,0
1857,2,7,23,2021-04-12,95,113,Finished,0
2249,3,27,7,2021-11-03,108,109,Finished,0
835,1,1,7,2020-02-22,111,107,Finished,0
4758,5,23,2,2023-11-15,107,117,Finished,0
3437,4,21,13,2022-10-27,118,110,Finished,0
908,1,2,3,2020-03-03,120,129,Finished,0
5816,5,13,11,2024-04-14,105,116,Finished,0
5650,5,30,28,2024-03-23,112,109,Finished,0
3426,4,6,22,2022-10-26,103,92,Finished,0
3945,4,11,29,2023-01-05,114,131,Finished,0
5324,5,30,16,2024-02-02,102,110,Finished,0
269,1,14,30,2019-11-29,125,103,Finished,0
4751,5,14,15,2023-11-14,134,107,Finished,0
3584,4,24,10,2022-11-16,130,119,Finished,0
422,1,10,19,2019-12-20,106,102,Finished,0
698,1,21,7,2020-01-27,97,107,Finished,0
4710,5,12,29,2023-11-08,134,118,Finished,0
2840,3,6,20,2022-01-24,95,93,Finished,0
1164,2,13,27,2021-01-05,113,116,Finished,0
4222,4,3,23,2023-02-11,98,101,Finished,0
1861,2,10,8,2021-04-12,116,107,Finished,0
1273,2,6,3,2021-01-22,125,113,Finished,0
2603,3,2,6,2021-12-22,111,101,Finished,0
3596,4,14,9,2022-11-18,128,121,Finished,0
260,1,12,29,2019-11-27,121,102,Finished,0
1593,2,7,27,2021-03-10,115,104,Finished,0
5794,5,3,28,2024-04-10,106,102,Finished,0
1533,2,3,22,2021-02-25,129,92,Finished,0
62,1,2,17,2019-10-30,116,105,Finished,0
129,1,15,7,2019-11-09,122,138,Finished,0
2805,3,16,25,2022-01-19,104,92,Finished,0
4349,4,22,17,2023-03-07,123,134,Finished,0
2191,3,20,23,2021-10-26,112,99,Finished,0
2473,3,29,2,2021-12-03,137,130,Finished,0
1243,2,16,9,2021-01-16,100,120,Finished,0
290,1,13,30,2019-12-01,150,125,Finished,0
2624,3,16,22,2021-12-26,93,83,Finished,0
2757,3,19,13,2022-01-13,113,89,Finished,0
367,1,27,6,2019-12-12,109,117,Finished,0
4563,4,19,15,2023-04-05,138,131,Finished,0
1183,2,11,22,2021-01-08,132,90,Finished,0
556,1,7,8,2020-01-08,106,98,Finished,0
4850,5,2,5,2023-11-28,124,97,Finished,0
5624,5,2,17,2024-03-20,122,119,Finished,0
3158,3,23,8,2022-03-14,110,114,Finished,0
1841,2,10,11,2021-04-10,125,109,Finished,0
1673,2,17,27,2021-03-20,120,113,Finished,0
868,1,30,3,2020-02-26,110,106,Finished,0
845,1,21,27,2020-02-23,131,103,Finished,0
515,1,7,3,2020-01-02,123,111,Finished,0
3799,4,6,12,2022-12-16,118,112,Finished,0
3086,3,21,18,2022-03-04,101,138,Finished,0
4232,4,4,1,2023-02-13,144,138,Finished,0
3341,3,8,15,2022-04-07,112,109,Finished,0
789,1,11,29,2020-02-09,113,114,Finished,0
4318,4,4,22,2023-03-03,106,117,Finished,0
5089,5,19,3,2024-01-02,112,85,Finished,0
2555,3,22,1,2021-12-15,99,111,Finished,0
5712,5,27,10,2024-03-31,113,117,Finished,0
3570,4,16,24,2022-11-14,113,112,Finished,0
2460,3,19,7,2021-12-01,107,139,Finished,0
4476,4,13,19,2023-03-25,110,131,Finished,0
5573,5,15,30,2024-03-12,109,97,Finished,0
390,1,3,23,2019-12-15,109,89,Finished,0
3953,4,17,4,2023-01-06,109,138,Finished,0
3272,3,23,17,2022-03-29,116,118,Finished,0
259,1,27,18,2019-11-27,101,113,Finished,0
4262,4,12,2,2023-02-23,138,142,Finished,0
688,1,25,12,2020-01-26,139,129,Finished,0
5633,5,22,19,2024-03-21,121,106,Finished,0
1461,2,12,5,2021-02-15,112,120,Finished,0
4155,4,11,28,2023-02-03,111,117,Finished,0
4831,5,13,7,2023-11-25,107,86,Finished,0
4385,4,23,30,2023-03-12,112,82,Finished,0
3012,3,12,30,2022-02-16,113,108,Finished,0
2205,3,5,20,2021-10-28,103,104,Finished,0
5604,5,30,2,2024-03-17,104,130,Finished,0
2905,3,11,6,2022-02-02,115,104,Finished,0
840,1,13,26,2020-02-22,103,112,Finished,0
1452,2,28,18,2021-02-14,112,116,Finished,0
714,1,2,10,2020-01-30,119,104,Finished,0
3818,4,12,20,2022-12-18,106,109,Finished,0
3466,4,13,11,2022-10-31,95,93,Finished,0
1171,2,17,9,2021-01-06,130,115,Finished,0
5683,5,28,20,2024-03-27,101,145,Finished,0
3403,4,17,11,2022-10-22,125,105,Finished,0
3921,4,18,8,2023-01-02,124,111,Finished,0
3842,4,23,9,2022-12-21,113,93,Finished,0
5372,5,23,1,2024-02-09,121,127,Finished,0
5106,5,10,8,2024-01-04,114,130,Finished,0
2392,3,1,21,2021-11-22,113,101,Finished,0
4931,5,9,12,2023-12-11,123,131,Finished,0
5164,5,15,13,2024-01-12,119,128,Finished,0
2587,3,9,16,2021-12-19,100,90,Finished,0
5378,5,10,24,2024-02-10,113,112,Finished,0
273,1,25,5,2019-11-29,107,103,Finished,0
1098,2,4,3,2020-12-27,106,104,Finished,0
5682,5,30,3,2024-03-27,119,122,Finished,0
1778,2,28,10,2021-04-02,130,77,Finished,0
1496,2,14,16,2021-02-20,94,96,Finished,0
2937,3,7,1,2022-02-06,103,94,Finished,0
4932,5,23,30,2023-12-11,146,101,Finished,0
1298,2,7,8,2021-01-25,113,109,Finished,0
5301,5,6,9,2024-01-31,128,113,Finished,0
4049,4,18,28,2023-01-19,128,126,Finished,0
1785,2,9,20,2021-04-03,81,125,Finished,0
5716,5,19,24,2024-04-01,111,124,Finished,0
4592,4,3,23,2023-04-09,105,134,Finished,0
1498,2,25,30,2021-02-20,111,118,Finished,0
136,1,22,12,2019-11-10,102,109,Finished,0
5575,5,19,6,2024-03-13,95,116,Finished,0
5815,5,10,29,2024-04-14,111,116,Finished,0
355,1,4,30,2019-12-10,114,107,Finished,0
175,1,13,1,2019-11-16,150,101,Finished,0
3775,4,13,2,2022-12-12,113,93,Finished,0
920,1,25,30,2020-03-04,125,104,Finished,0
4157,4,27,23,2023-02-03,125,137,Finished,0
2025,2,15,20,2021-05-03,104,118,Finished,0
2145,3,18,11,2021-10-20,124,106,Finished,0
1314,2,10,18,2021-01-27,123,111,Finished,0
4309,4,9,5,2023-03-01,115,117,Finished,0
3923,4,4,14,2023-01-02,115,121,Finished,0
5543,5,25,11,2024-03-08,107,123,Finished,0
3694,4,9,7,2022-12-01,131,125,Finished,0
3131,3,23,3,2022-03-10,100,129,Finished,0
5394,5,28,27,2024-02-12,99,122,Finished,0
3621,4,17,25,2022-11-21,119,111,Finished,0
2993,3,3,26,2022-02-14,109,85,Finished,0
5158,5,17,2,2024-01-11,135,102,Finished,0
1453,2,24,22,2021-02-14,109,90,Finished,0
687,1,20,3,2020-01-26,110,97,Finished,0
4381,4,15,7,2023-03-11,112,108,Finished,0
1855,2,20,14,2021-04-12,111,96,Finished,0
5663,5,26,23,2024-03-25,108,96,Finished,0
1766,2,6,23,2021-04-01,94,114,Finished,0
2306,3,5,7,2021-11-10,117,107,Finished,0
2933,3,30,24,2022-02-05,80,95,Finished,0
5243,5,12,8,2024-01-23,109,114,Finished,0
3098,3,8,19,2022-03-06,120,130,Finished,0
3231,3,15,3,2022-03-23,132,120,Finished,0
3654,4,20,25,2022-11-25,129,132,Finished,0
5762,5,22,5,2024-04-07,113,98,Finished,0
5093,5,15,27,2024-01-02,106,98,Finished,0
591,1,2,5,2020-01-13,113,101,Finished,0
5660,5,14,12,2024-03-24,150,145,Finished,0
5719,5,9,15,2024-04-01,108,110,Finished,0
5764,5,10,29,2024-04-07,118,110,Finished,0
5215,5,22,23,2024-01-19,109,124,Finished,0
3407,4,19,29,2022-10-23,121,122,Finished,0
4041,4,29,13,2023-01-18,126,103,Finished,0
4735,5,27,16,2023-11-12,113,118,Finished,0
1567,2,25,4,2021-03-01,123,111,Finished,0
3883,4,15,24,2022-12-27,108,122,Finished,0
1912,2,16,11,2021-04-19,113,91,Finished,0
2250,3,15,8,2021-11-03,108,98,Finished,0
4534,4,5,15,2023-04-02,128,107,Finished,0
3559,4,9,2,2022-11-12,108,117,Finished,0
4200,4,14,17,2023-02-09,106,115,Finished,0
3255,3,7,29,2022-03-27,114,100,Finished,0
3155,3,21,15,2022-03-13,118,125,Finished,0
3743,4,27,11,2022-12-08,118,109,Finished,0
228,1,23,16,2019-11-23,113,86,Finished,0
1763,2,15,29,2021-03-31,107,111,Finished,0
2246,3,9,17,2021-11-02,89,117,Finished,0
3090,3,28,22,2022-03-04,97,103,Finished,0
1767,2,13,8,2021-04-01,94,101,Finished,0
4630,5,24,29,2023-10-28,126,104,Finished,0
3597,4,30,16,2022-11-18,101,106,Finished,0
778,1,18,13,2020-02-08,142,115,Finished,0
2204,3,30,1,2021-10-28,122,111,Finished,0
4355,4,16,6,2023-03-08,100,104,Finished,0
5526,5,23,15,2024-03-06,109,115,Finished,0
622,1,23,5,2020-01-17,100,89,Finished,0
3080,3,28,9,2022-03-03,106,108,Finished,0
2062,2,7,6,2021-05-07,110,90,Finished,0
4447,4,22,30,2023-03-21,122,98,Finished,0
4596,4,14,29,2023-04-09,128,117,Finished,0
1885,2,5,15,2021-04-16,115,126,Finished,0
5136,5,16,11,2024-01-08,120,113,Finished,0
628,1,3,17,2020-01-18,97,117,Finished,0
959,1,5,6,2020-03-10,108,103,Finished,0
5648,5,22,26,2024-03-23,107,109,Finished,0
3066,3,30,9,2022-03-01,116,113,Finished,0
1335,2,2,14,2021-01-30,95,96,Finished,0
2847,3,25,18,2022-01-25,107,109,Finished,0
1166,2,22,6,2021-01-06,105,94,Finished,0
2482,3,7,15,2021-12-04,90,97,Finished,0
5629,5,6,16,2024-03-20,104,107,Finished,0
1289,2,5,14,2021-01-23,90,101,Finished,0
3462,4,6,20,2022-10-30,121,108,Finished,0
1518,2,8,25,2021-02-23,111,106,Finished,0
2842,3,21,5,2022-01-24,110,111,Finished,0
2811,3,26,9,2022-01-19,131,133,Finished,0
3902,4,17,18,2022-12-30,123,114,Finished,0
4341,4,6,2,2023-03-06,118,114,Finished,0
1582,2,11,3,2021-03-03,114,132,Finished,0
4504,4,21,4,2023-03-28,134,137,Finished,0
3736,4,29,10,2022-12-07,124,123,Finished,0
2678,3,26,16,2022-01-02,115,113,Finished,0
2417,3,21,29,2021-11-24,104,110,Finished,0
5561,5,6,24,2024-03-11,111,117,Finished,0
212,1,28,22,2019-11-20,113,97,Finished,0
149,1,16,9,2019-11-12,117,108,Finished,0
2097,2,6,2,2021-05-12,102,94,Finished,0
5150,5,16,21,2024-01-10,120,128,Finished,0
1753,2,8,23,2021-03-30,104,95,Finished,0
3685,4,18,15,2022-11-30,109,101,Finished,0
4844,5,29,19,2023-11-27,114,112,Finished,0
4873,5,2,23,2023-12-01,125,119,Finished,0
2545,3,6,16,2021-12-13,105,94,Finished,0
2872,3,15,29,2022-01-28,119,109,Finished,0
857,1,5,21,2020-02-25,122,124,Finished,0
5684,5,22,10,2024-03-27,93,101,Finished,0
2656,3,22,17,2021-12-30,118,136,Finished,0
253,1,6,22,2019-11-27,104,116,Finished,0
491,1,5,17,2019-12-30,102,123,Finished,0
3972,4,16,3,2023-01-08,101,102,Finished,0
3733,4,24,2,2022-12-07,94,125,Finished,0
1632,2,30,17,2021-03-15,122,133,Finished,0
5671,5,27,24,2024-03-25,104,102,Finished,0
831,1,25,19,2020-02-21,115,128,Finished,0
4878,5,22,30,2023-12-01,130,125,Finished,0
1033,1,14,8,2020-08-10,124,107,Finished,0
5618,5,26,15,2024-03-18,121,111,Finished,0
2124,2,17,16,2021-05-15,122,108,Finished,0
27,1,20,2,2019-10-26,95,118,Finished,0
3961,4,7,19,2023-01-07,127,117,Finished,0
1848,2,13,9,2021-04-11,131,124,Finished,0
581,1,2,19,2020-01-11,140,105,Finished,0
4498,4,20,11,2023-03-27,137,115,Finished,0
3644,4,15,19,2022-11-25,132,111,Finished,0
2991,3,5,27,2022-02-14,120,109,Finished,0
3320,3,21,25,2022-04-05,98,94,Finished,0
2662,3,15,27,2021-12-31,118,105,Finished,0
2526,3,4,26,2021-12-10,124,123,Finished,0
183,1,14,1,2019-11-17,122,101,Finished,0
1938,2,5,4,2021-04-22,108,91,Finished,0
913,1,4,27,2020-03-03,103,104,Finished,0
2903,3,9,19,2022-02-01,101,111,Finished,0
4970,5,6,1,2023-12-16,127,119,Finished,0
5778,5,15,27,2024-04-09,87,102,Finished,0
1362,2,29,9,2021-02-02,117,105,Finished,0
24,1,4,18,2019-10-25,99,121,Finished,0
3327,3,16,4,2022-04-05,144,115,Finished,0
549,1,3,21,2020-01-07,103,111,Finished,0
5293,5,21,18,2024-01-29,101,107,Finished,0
5767,5,3,26,2024-04-07,77,107,Finished,0
873,1,23,20,2020-02-27,115,106,Finished,0
5612,5,2,9,2024-03-18,119,94,Finished,0
4560,4,13,14,2023-04-05,125,118,Finished,0
3487,4,21,8,2022-11-03,110,122,Finished,0
10,1,12,9,2019-10-23,110,119,Finished,0
4073,4,25,14,2023-01-22,112,121,Finished,0
500,1,11,8,2019-12-31,130,104,Finished,0
5634,5,8,20,2024-03-21,113,100,Finished,0
3922,4,10,1,2023-01-02,143,141,Finished,0
3251,3,25,11,2022-03-26,98,115,Finished,0
5237,5,23,27,2024-01-22,133,123,Finished,0
1570,2,2,13,2021-03-02,117,112,Finished,0
444,1,6,1,2019-12-23,121,118,Finished,0
3449,4,22,4,2022-10-28,113,93,Finished,0
5228,5,14,25,2024-01-21,134,110,Finished,0
3236,3,15,12,2022-03-24,133,103,Finished,0
1946,2,10,8,2021-04-23,118,97,Finished,0
5688,5,1,2,2024-03-28,123,122,Finished,0
5141,5,14,28,2024-01-09,132,131,Finished,0
3228,3,12,26,2022-03-23,109,110,Finished,0
4099,4,2,20,2023-01-26,117,120,Finished,0
1511,2,29,4,2021-02-22,132,110,Finished,0
3278,3,11,26,2022-03-30,118,121,Finished,0
738,1,28,5,2020-02-02,129,102,Finished,0
3719,4,9,15,2022-12-04,112,122,Finished,0
547,1,22,3,2020-01-06,101,89,Finished,0
668,1,3,14,2020-01-23,113,128,Finished,0
4097,4,14,27,2023-01-25,113,104,Finished,0
1347,2,20,13,2021-01-31,115,129,Finished,0
3135,3,11,7,2022-03-11,100,113,Finished,0
4195,4,11,26,2023-02-08,128,130,Finished,0
3840,4,11,22,2022-12-21,110,116,Finished,0
5679,5,23,13,2024-03-27,107,108,Finished,0
2740,3,4,17,2022-01-10,103,99,Finished,0
5307,5,18,7,2024-01-31,121,87,Finished,0
3202,3,10,27,2022-03-20,108,110,Finished,0
1435,2,5,13,2021-02-12,106,125,Finished,0
442,1,17,12,2019-12-22,117,89,Finished,0
5151,5,12,30,2024-01-10,112,104,Finished,0
1654,2,11,10,2021-03-17,94,108,Finished,0
3709,4,29,25,2022-12-03,111,116,Finished,0
1459,2,20,1,2021-02-15,123,112,Finished,0
141,1,19,11,2019-11-11,116,122,Finished,0
2411,3,12,14,2021-11-24,116,124,Finished,0
4116,4,1,13,2023-01-28,113,120,Finished,0
1063,2,28,19,2020-12-23,99,113,Finished,0
408,1,18,19,2019-12-18,99,107,Finished,0
3630,4,27,19,2022-11-23,110,129,Finished,0
4605,5,13,25,2023-10-25,123,111,Finished,0
4613,5,28,18,2023-10-25,97,94,Finished,0
2200,3,25,15,2021-10-27,116,96,Finished,0
4776,5,30,20,2023-11-17,99,120,Finished,0
5690,5,6,23,2024-03-29,117,114,Finished,0
2935,3,11,19,2022-02-06,107,120,Finished,0
3879,4,28,13,2022-12-27,113,124,Finished,0
2529,3,11,17,2021-12-10,114,123,Finished,0
186,1,22,30,2019-11-17,125,121,Finished,0
2858,3,29,24,2022-01-26,97,105,Finished,0
3516,4,7,3,2022-11-07,96,94,Finished,0
4364,4,12,11,2023-03-09,134,125,Finished,0
5255,5,14,5,2024-01-25,141,132,Finished,0
3813,4,21,15,2022-12-17,115,109,Finished,0
5635,5,17,3,2024-03-21,115,108,Finished,0
2634,3,13,3,2021-12-27,108,124,Finished,0
1732,2,30,9,2021-03-27,106,92,Finished,0
4946,5,28,1,2023-12-13,135,128,Finished,0
4190,4,2,23,2023-02-08,106,99,Finished,0
1180,2,3,23,2021-01-07,122,109,Finished,0
4684,5,8,5,2023-11-04,123,101,Finished,0
2260,3,9,23,2021-11-04,98,109,Finished,0
4571,4,2,28,2023-04-07,121,102,Finished,0
3858,4,11,7,2022-12-23,106,112,Finished,0
1932,2,30,10,2021-04-21,118,114,Finished,0
1450,2,7,25,2021-02-14,118,121,Finished,0
5483,5,27,21,2024-02-29,132,118,Finished,0
861,1,25,2,2020-02-25,106,118,Finished,0
414,1,30,5,2019-12-18,109,110,Finished,0
2727,3,11,18,2022-01-09,123,141,Finished,0
5223,5,30,27,2024-01-20,127,131,Finished,0
1743,2,27,26,2021-03-29,115,132,Finished,0
3,1,23,2,2019-10-23,107,93,Finished,0
58,1,23,18,2019-10-30,117,95,Finished,0
2854,3,5,28,2022-01-26,111,105,Finished,0
1506,2,20,18,2021-02-21,103,99,Finished,0
3409,4,21,18,2022-10-23,106,116,Finished,0
4876,5,24,8,2023-12-01,111,119,Finished,0
4615,5,14,24,2023-10-26,100,95,Finished,0
2070,2,25,27,2021-05-08,124,102,Finished,0
4392,4,10,24,2023-03-13,123,112,Finished,0
1304,2,9,23,2021-01-25,119,104,Finished,0
2579,3,17,6,2021-12-18,90,119,Finished,0
2943,3,29,20,2022-02-07,113,104,Finished,0
4837,5,8,27,2023-11-26,132,120,Finished,0
5459,5,15,3,2024-02-26,86,111,Finished,0
2489,3,11,19,2021-12-05,118,108,Finished,0
4939,5,30,19,2023-12-13,122,142,Finished,0
2330,3,28,9,2021-11-13,121,127,Finished,0
25,1,15,5,2019-10-25,102,110,Finished,0
2883,3,5,25,2022-01-30,130,116,Finished,0
757,1,3,10,2020-02-05,129,88,Finished,0
2198,3,22,4,2021-10-27,111,120,Finished,0
1278,2,27,7,2021-01-22,117,122,Finished,0
3980,4,29,6,2023-01-10,116,114,Finished,0
3550,4,15,18,2022-11-11,114,103,Finished,0
701,1,7,24,2020-01-28,104,133,Finished,0
2731,3,22,30,2022-01-09,100,102,Finished,0
2225,3,15,16,2021-10-30,103,129,Finished,0
4302,4,25,19,2023-03-01,110,121,Finished,0
4962,5,24,20,2023-12-15,122,139,Finished,0
5533,5,12,18,2024-03-07,111,111,Finished,0
4160,4,30,25,2023-02-03,109,124,Finished,0
4737,5,3,30,2023-11-12,102,94,Finished,0
1734,2,13,23,2021-03-27,122,112,Finished,0
596,1,12,23,2020-01-13,101,95,Finished,0
5696,5,21,24,2024-03-29,128,103,Finished,0
3585,4,22,18,2022-11-16,108,126,Finished,0
4936,5,24,10,2023-12-12,119,101,Finished,0
1537,2,2,12,2021-02-26,118,112,Finished,0
4188,4,15,5,2023-02-07,104,89,Finished,0
1712,2,14,23,2021-03-25,101,109,Finished,0
682,1,29,7,2020-01-25,112,107,Finished,0
2864,3,23,14,2022-01-27,105,87,Finished,0
2685,3,19,29,2022-01-03,104,115,Finished,0
1710,2,11,4,2021-03-24,97,122,Finished,0
1542,2,21,1,2021-02-26,118,109,Finished,0
2056,2,29,8,2021-05-07,127,120,Finished,0
4204,4,23,20,2023-02-10,119,108,Finished,0
907,1,20,11,2020-03-02,125,123,Finished,0
26,1,1,22,2019-10-26,103,99,Finished,0
2493,3,5,8,2021-12-06,109,97,Finished,0
1994,2,18,10,2021-04-29,126,114,Finished,0
2930,3,4,16,2022-02-05,86,104,Finished,0
4255,4,6,8,2023-02-23,109,115,Finished,0
2040,2,11,23,2021-05-05,115,135,Finished,0
5484,5,22,29,2024-02-29,115,107,Finished,0
3209,3,21,2,2022-03-21,123,132,Finished,0
889,1,6,12,2020-02-29,104,113,Finished,0
3304,3,5,16,2022-04-02,109,127,Finished,0
4524,4,4,5,2023-03-31,91,121,Finished,0
4161,4,10,7,2023-02-04,119,113,Finished,0
4105,4,21,6,2023-01-27,112,100,Finished,0
1201,2,18,27,2021-01-10,96,88,Finished,0
1665,2,22,3,2021-03-19,121,113,Finished,0
2964,3,19,16,2022-02-10,97,112,Finished,0
4284,4,17,24,2023-02-26,104,101,Finished,0
173,1,10,2,2019-11-15,100,105,Finished,0
4778,5,5,16,2023-11-18,102,97,Finished,0
5491,5,15,25,2024-03-01,92,122,Finished,0
1633,2,3,20,2021-03-15,117,112,Finished,0
106,1,7,22,2019-11-06,107,106,Finished,0
1793,2,8,22,2021-04-04,109,109,Finished,0
4144,4,11,21,2023-02-01,112,106,Finished,0
2267,3,18,13,2021-11-05,84,104,Finished,0
1010,1,8,25,2020-08-06,115,125,Finished,0
5206,5,14,7,2024-01-17,127,110,Finished,0
3731,4,16,9,2022-12-06,96,116,Finished,0
3423,4,19,7,2022-10-25,113,111,Finished,0
2475,3,10,24,2021-12-03,118,96,Finished,0
4603,5,5,21,2023-10-25,104,124,Finished,0
2900,3,28,16,2022-02-01,110,106,Finished,0
4670,5,19,9,2023-11-02,125,116,Finished,0
383,1,24,27,2019-12-14,100,121,Finished,0
5443,5,18,3,2024-02-24,96,86,Finished,0
4153,4,29,1,2023-02-03,108,115,Finished,0
181,1,16,19,2019-11-16,109,94,Finished,0
4256,4,22,9,2023-02-23,108,106,Finished,0
5326,5,27,6,2024-02-03,101,117,Finished,0
1890,2,27,25,2021-04-16,106,107,Finished,0
3438,4,26,15,2022-10-27,110,125,Finished,0
5717,5,12,3,2024-04-01,133,111,Finished,0
981,1,28,14,2020-08-01,107,92,Finished,0
1638,2,2,29,2021-03-16,109,117,Finished,0
4542,4,3,29,2023-04-02,111,110,Finished,0
2618,3,17,2,2021-12-25,117,113,Finished,0
1113,2,23,28,2020-12-29,100,93,Finished,0
5008,5,21,13,2023-12-21,134,115,Finished,0
816,1,22,9,2020-02-12,116,112,Finished,0
5545,5,24,2,2024-03-09,107,117,Finished,0
1843,2,24,30,2021-04-10,134,106,Finished,0
1784,2,23,18,2021-04-03,122,113,Finished,0
4068,4,8,21,2023-01-22,99,101,Finished,0
5140,5,12,2,2024-01-08,133,131,Finished,0
5261,5,1,7,2024-01-26,143,139,Finished,0
5664,5,28,3,2024-03-25,88,96,Finished,0
1068,2,15,27,2020-12-23,119,131,Finished,0
4862,5,22,30,2023-11-29,139,120,Finished,0
3302,3,10,29,2022-04-02,111,107,Finished,0
5074,5,27,2,2023-12-31,101,134,Finished,0
4678,5,11,26,2023-11-04,107,89,Finished,0
5138,5,13,24,2024-01-08,138,111,Finished,0
5744,5,19,27,2024-04-05,109,111,Finished,0
4677,5,25,15,2023-11-03,115,113,Finished,0
5466,5,6,7,2024-02-27,121,119,Finished,0
2739,3,2,12,2022-01-10,101,98,Finished,0
2891,3,11,10,2022-01-31,108,122,Finished,0
973,1,19,29,2020-07-30,104,106,Finished,0
2385,3,1,4,2021-11-20,115,105,Finished,0
4951,5,13,10,2023-12-14,121,108,Finished,0
1143,2,9,2,2021-01-03,120,122,Finished,0
5694,5,16,25,2024-03-29,142,82,Finished,0
3134,3,19,4,2022-03-11,120,142,Finished,0
5181,5,16,4,2024-01-14,104,87,Finished,0
4515,4,17,2,2023-03-30,99,140,Finished,0
780,1,28,3,2020-02-08,119,118,Finished,0
2445,3,16,8,2021-11-29,111,120,Finished,0
623,1,7,25,2020-01-17,120,112,Finished,0
677,1,21,1,2020-01-24,140,111,Finished,0
1288,2,9,23,2021-01-23,110,114,Finished,0
5782,5,29,8,2024-04-09,95,111,Finished,0
4934,5,2,6,2023-12-12,120,113,Finished,0
866,1,11,15,2020-02-26,140,112,Finished,0
5341,5,23,7,2024-02-05,102,118,Finished,0
1876,2,19,20,2021-04-14,106,116,Finished,0
1962,2,4,2,2021-04-25,125,104,Finished,0
3373,4,28,6,2022-10-19,108,105,Finished,0
5247,5,17,6,2024-01-24,126,116,Finished,0
3504,4,8,27,2022-11-05,126,101,Finished,0
923,1,18,5,2020-03-04,115,108,Finished,0
1030,1,28,15,2020-08-09,108,99,Finished,0
5513,5,20,1,2024-03-05,100,116,Finished,0
3391,4,12,27,2022-10-21,134,137,Finished,0
4786,5,3,23,2023-11-19,99,121,Finished,0
3435,4,3,7,2022-10-27,125,129,Finished,0
3764,4,11,17,2022-12-11,97,92,Finished,0
3318,3,8,27,2022-04-05,93,116,Finished,0
5170,5,29,28,2024-01-12,145,113,Finished,0
1554,2,17,13,2021-02-28,105,100,Finished,0
447,1,26,11,2019-12-23,104,113,Finished,0
2654,3,30,6,2021-12-30,110,93,Finished,0
2419,3,27,2,2021-11-26,96,88,Finished,0
2743,3,15,10,2022-01-11,116,108,Finished,0
3948,4,22,15,2023-01-05,115,123,Finished,0
2365,3,6,10,2021-11-18,89,104,Finished,0
3345,3,9,17,2022-04-08,101,131,Finished,0
1109,2,13,18,2020-12-29,124,101,Finished,0
5708,5,30,16,2024-03-31,107,119,Finished,0
4501,4,10,19,2023-03-28,120,109,Finished,0
1267,2,13,26,2021-01-20,115,96,Finished,0
4553,4,19,26,2023-04-04,103,121,Finished,0
3557,4,16,4,2022-11-12,132,115,Finished,0
2242,3,14,11,2021-11-02,119,117,Finished,0
3344,3,14,21,2022-04-08,120,101,Finished,0
5559,5,1,19,2024-03-10,103,116,Finished,0
5772,5,12,16,2024-04-07,117,115,Finished,0
2580,3,3,22,2021-12-18,93,100,Finished,0
1100,2,8,11,2020-12-28,124,111,Finished,0
2602,3,1,22,2021-12-22,98,104,Finished,0
5016,5,16,1,2023-12-22,122,113,Finished,0
3611,4,14,27,2022-11-20,123,92,Finished,0
2907,3,20,15,2022-02-02,108,120,Finished,0
1879,2,4,6,2021-04-14,90,103,Finished,0
1813,2,11,7,2021-04-07,102,93,Finished,0
3290,3,14,19,2022-04-01,111,114,Finished,0
2408,3,6,24,2021-11-24,115,120,Finished,0
3562,4,5,8,2022-11-13,103,126,Finished,0
1529,2,19,9,2021-02-24,128,118,Finished,0
5060,5,11,23,2023-12-29,127,131,Finished,0
3715,4,3,2,2022-12-04,92,103,Finished,0
4337,4,21,29,2023-03-05,121,119,Finished,0
312,1,5,15,2019-12-04,106,99,Finished,0
5598,5,12,3,2024-03-16,121,100,Finished,0
4417,4,6,30,2023-03-17,117,84,Finished,0
963,1,15,22,2020-03-10,115,120,Finished,0
3395,4,18,29,2022-10-21,126,132,Finished,0
5585,5,25,20,2024-03-14,93,105,Finished,0
1291,2,2,6,2021-01-24,141,103,Finished,0
4973,5,2,22,2023-12-17,114,97,Finished,0
1048,1,23,28,2020-08-12,121,125,Finished,0
630,1,20,23,2020-01-18,87,90,Finished,0
2877,3,7,12,2022-01-29,132,105,Finished,0
5350,5,29,21,2024-02-06,124,117,Finished,0
2859,3,1,26,2022-01-26,121,104,Finished,0
1309,2,1,3,2021-01-27,128,132,Finished,0
910,1,8,10,2020-03-03,96,116,Finished,0
462,1,29,25,2019-12-26,121,115,Finished,0
151,1,8,1,2019-11-12,107,125,Finished,0
5551,5,4,3,2024-03-09,110,99,Finished,0
5692,5,29,11,2024-03-29,100,101,Finished,0
775,1,30,7,2020-02-07,119,118,Finished,0
3499,4,2,5,2022-11-04,123,119,Finished,0
2791,3,22,25,2022-01-17,88,98,Finished,0
3609,4,7,8,2022-11-20,97,98,Finished,0
3385,4,14,13,2022-10-20,97,103,Finished,0
5784,5,18,30,2024-04-09,130,121,Finished,0
496,1,22,1,2019-12-30,93,101,Finished,0
3875,4,7,20,2022-12-27,126,121,Finished,0
4987,5,14,20,2023-12-18,109,114,Finished,0
3701,4,15,23,2022-12-02,117,109,Finished,0
3431,4,20,4,2022-10-26,134,131,Finished,0
5424,5,10,14,2024-02-22,124,110,Finished,0
2876,3,19,2,2022-01-29,97,107,Finished,0
818,1,2,13,2020-02-13,141,133,Finished,0
1071,2,22,16,2020-12-23,113,107,Finished,0
4146,4,6,15,2023-02-02,128,113,Finished,0
1636,2,24,15,2021-03-15,122,99,Finished,0
1356,2,19,26,2021-02-01,109,118,Finished,0
4185,4,8,18,2023-02-07,146,112,Finished,0
620,1,21,16,2020-01-17,108,115,Finished,0
4108,4,10,28,2023-01-27,129,117,Finished,0
2701,3,18,21,2022-01-05,98,90,Finished,0
4587,4,18,19,2023-04-09,113,108,Finished,0
4554,4,24,27,2023-04-04,115,94,Finished,0
5110,5,11,18,2024-01-05,95,122,Finished,0
3145,3,16,18,2022-03-12,104,113,Finished,0
4764,5,24,18,2023-11-15,133,115,Finished,0
3897,4,4,21,2022-12-29,121,113,Finished,0
3926,4,20,24,2023-01-02,102,83,Finished,0
3602,4,10,20,2022-11-18,111,101,Finished,0
2301,3,14,16,2021-11-10,120,117,Finished,0
3520,4,9,21,2022-11-07,112,103,Finished,0
4382,4,9,12,2023-03-11,115,121,Finished,0
4494,4,25,19,2023-03-27,90,124,Finished,0
5773,5,17,2,2024-04-09,104,91,Finished,0
2974,3,9,4,2022-02-11,119,141,Finished,0
1422,2,14,21,2021-02-10,114,113,Finished,0
4805,5,23,6,2023-11-21,119,122,Finished,0
2252,3,22,2,2021-11-03,79,92,Finished,0
213,1,24,19,2019-11-21,116,124,Finished,0
720,1,17,8,2020-01-31,115,113,Finished,0
2333,3,13,5,2021-11-14,90,100,Finished,0
76,1,26,29,2019-11-01,102,101,Finished,0
2923,3,8,19,2022-02-04,86,113,Finished,0
4666,5,10,26,2023-11-01,87,101,Finished,0
3347,3,7,25,2022-04-08,128,78,Finished,0
5266,5,15,22,2024-01-26,107,106,Finished,0
799,1,17,26,2020-02-10,123,111,Finished,0
5735,5,24,6,2024-04-03,122,101,Finished,0
655,1,2,15,2020-01-22,119,95,Finished,0
4826,5,28,5,2023-11-24,121,108,Finished,0
5285,5,11,14,2024-01-29,135,119,Finished,0
5387,5,21,26,2024-02-11,127,113,Finished,0
5198,5,2,27,2024-01-17,117,98,Finished,0
2118,2,23,22,2021-05-14,122,97,Finished,0
3796,4,29,19,2022-12-15,132,129,Finished,0
641,1,18,8,2020-01-20,100,99,Finished,0
3485,4,25,15,2022-11-02,106,111,Finished,0
2834,3,27,23,2022-01-23,109,115,Finished,0
4699,5,9,10,2023-11-06,109,108,Finished,0
3370,4,2,23,2022-10-18,126,117,Finished,0
1847,2,18,5,2021-04-11,121,117,Finished,0
1123,2,28,20,2020-12-31,100,83,Finished,0
2724,3,4,17,2022-01-08,114,106,Finished,0
4363,4,26,20,2023-03-09,122,117,Finished,0
1760,2,9,25,2021-03-31,101,124,Finished,0
5741,5,20,26,2024-04-04,120,109,Finished,0
1178,2,25,18,2021-01-07,135,117,Finished,0
1044,1,26,19,2020-08-11,112,106,Finished,0
2152,3,4,12,2021-10-20,123,122,Finished,0
5385,5,7,21,2024-02-10,146,111,Finished,0
4828,5,20,16,2023-11-24,100,98,Finished,0
5809,5,2,4,2024-04-12,131,98,Finished,0
5195,5,23,8,2024-01-16,126,121,Finished,0
5426,5,21,13,2024-02-22,129,107,Finished,0
2345,3,9,26,2021-11-15,107,129,Finished,0
237,1,13,19,2019-11-24,134,109,Finished,0
4589,4,7,27,2023-04-09,117,138,Finished,0
5468,5,21,11,2024-02-27,112,95,Finished,0
2018,2,17,3,2021-05-02,117,114,Finished,0
3722,4,7,24,2022-12-05,130,108,Finished,0
5087,5,20,18,2024-01-01,112,106,Finished,0
4007,4,27,10,2023-01-13,113,144,Finished,0
5675,5,17,14,2024-03-26,124,128,Finished,0
302,1,19,7,2019-12-03,97,118,Finished,0
384,1,8,21,2019-12-14,110,102,Finished,0
5620,5,22,4,2024-03-19,112,92,Finished,0
4231,4,6,27,2023-02-13,117,109,Finished,0
296,1,4,24,2019-12-02,104,109,Finished,0
531,1,7,4,2020-01-04,120,123,Finished,0
21,1,26,25,2019-10-25,112,122,Finished,0
5367,5,24,29,2024-02-08,129,115,Finished,0
4638,5,21,8,2023-10-29,95,128,Finished,0
800,1,14,24,2020-02-10,125,100,Finished,0
3757,4,5,7,2022-12-10,144,115,Finished,0
5263,5,12,24,2024-01-26,133,131,Finished,0
223,1,30,4,2019-11-22,125,118,Finished,0
1736,2,8,1,2021-03-28,126,102,Finished,0
3232,3,21,22,2022-03-23,118,102,Finished,0
2540,3,25,18,2021-12-12,111,116,Finished,0
5125,5,30,20,2024-01-06,105,121,Finished,0
1484,2,14,3,2021-02-18,98,109,Finished,0
4463,4,19,4,2023-03-23,115,96,Finished,0
855,1,13,15,2020-02-24,124,97,Finished,0
472,1,2,28,2019-12-28,97,113,Finished,0
4159,4,9,4,2023-02-03,118,112,Finished,0
2272,3,7,2,2021-11-06,107,104,Finished,0
4120,4,3,20,2023-01-28,122,115,Finished,0
2687,3,10,16,2022-01-03,115,108,Finished,0
2919,3,9,18,2022-02-03,117,128,Finished,0
3004,3,17,12,2022-02-15,128,119,Finished,0
3354,3,27,10,2022-04-09,94,100,Finished,0
3243,3,13,23,2022-03-25,97,122,Finished,0
4604,5,22,11,2023-10-25,116,86,Finished,0
781,1,24,8,2020-02-08,108,106,Finished,0
5388,5,1,5,2024-02-12,126,136,Finished,0
3893,4,12,6,2022-12-29,135,126,Finished,0
1519,2,3,26,2021-02-23,127,118,Finished,0
3418,4,20,22,2022-10-24,115,102,Finished,0
2308,3,27,26,2021-11-10,136,117,Finished,0
1371,2,19,24,2021-02-03,123,101,Finished,0
115,1,27,21,2019-11-07,121,112,Finished,0
5563,5,9,4,2024-03-11,114,97,Finished,0
474,1,10,7,2019-12-28,121,141,Finished,0
5173,5,7,19,2024-01-13,108,118,Finished,0
440,1,14,8,2019-12-22,104,128,Finished,0
2146,3,27,22,2021-10-20,123,97,Finished,0
4333,4,3,4,2023-03-05,102,86,Finished,0
2665,3,29,18,2021-12-31,120,108,Finished,0
2276,3,5,23,2021-11-06,105,114,Finished,0
589,1,3,1,2020-01-12,108,86,Finished,0
323,1,21,18,2019-12-06,139,127,Finished,0
2188,3,28,5,2021-10-25,108,111,Finished,0
446,1,24,8,2019-12-23,98,105,Finished,0
2047,2,4,5,2021-05-06,99,120,Finished,0
1396,2,14,9,2021-02-06,135,129,Finished,0
5262,5,19,21,2024-01-26,83,107,Finished,0
1268,2,11,24,2021-01-20,103,109,Finished,0
647,1,24,27,2020-01-20,118,120,Finished,0
1967,2,20,24,2021-04-26,110,118,Finished,0
1047,1,21,16,2020-08-12,116,115,Finished,0
1730,2,17,20,2021-03-27,96,102,Finished,0
4281,4,10,18,2023-02-26,109,104,Finished,0
2184,3,3,30,2021-10-25,104,90,Finished,0
1126,2,22,23,2020-12-31,92,116,Finished,0
321,1,5,10,2019-12-06,98,100,Finished,0
2837,3,22,5,2022-01-23,114,95,Finished,0
4958,5,30,12,2023-12-15,137,123,Finished,0
3507,4,22,26,2022-11-05,123,126,Finished,0
1683,2,9,5,2021-03-21,86,100,Finished,0
3912,4,29,16,2022-12-31,123,126,Finished,0
1053,1,15,17,2020-08-13,119,106,Finished,0
3458,4,13,19,2022-10-30,91,112,Finished,0
2315,3,10,5,2021-11-12,119,93,Finished,0
1372,2,21,11,2021-02-03,104,87,Finished,0
850,1,3,22,2020-02-24,113,115,Finished,0
3766,4,22,28,2022-12-11,111,99,Finished,0
52,1,16,1,2019-10-29,112,97,Finished,0
4365,4,22,29,2023-03-09,124,131,Finished,0
4943,5,24,3,2023-12-13,112,116,Finished,0
1865,2,29,21,2021-04-13,106,96,Finished,0
30,1,5,28,2019-10-26,84,108,Finished,0
4064,4,6,17,2023-01-21,114,102,Finished,0
4369,4,18,3,2023-03-10,123,124,Finished,0
3443,4,18,14,2022-10-28,111,102,Finished,0
1270,2,29,19,2021-01-21,129,118,Finished,0
1569,2,17,8,2021-03-02,97,128,Finished,0
5256,5,20,8,2024-01-25,122,84,Finished,0
2263,3,10,19,2021-11-05,126,85,Finished,0
1964,2,8,15,2021-04-26,120,96,Finished,0
2241,3,4,6,2021-11-01,110,113,Finished,0
3164,3,6,13,2022-03-14,120,111,Finished,0
1416,2,29,2,2021-02-09,122,108,Finished,0
3772,4,25,18,2022-12-12,133,112,Finished,0
4586,4,6,4,2023-04-09,95,106,Finished,0
2703,3,22,23,2022-01-05,106,116,Finished,0
4070,4,7,13,2023-01-22,98,112,Finished,0
2644,3,26,21,2021-12-28,117,111,Finished,0
409,1,7,2,2019-12-18,103,109,Finished,0
954,1,13,14,2020-03-08,103,112,Finished,0
2084,2,27,17,2021-05-10,146,125,Finished,0
1622,2,10,29,2021-03-14,131,119,Finished,0
4437,4,17,28,2023-03-19,118,111,Finished,0
3329,3,1,30,2022-04-06,118,103,Finished,0
43,1,19,10,2019-10-28,123,134,Finished,0
1153,2,11,7,2021-01-04,100,113,Finished,0
471,1,10,24,2019-12-27,105,85,Finished,0
2218,3,5,29,2021-10-30,107,99,Finished,0
103,1,13,17,2019-11-06,124,129,Finished,0
2325,3,13,18,2021-11-13,129,102,Finished,0
548,1,6,9,2020-01-07,113,115,Finished,0
3990,4,26,11,2023-01-11,135,115,Finished,0
562,1,2,27,2020-01-08,114,129,Finished,0
4121,4,17,19,2023-01-29,135,110,Finished,0
4391,4,7,15,2023-03-13,88,104,Finished,0
1904,2,16,3,2021-04-18,109,107,Finished,0
4003,4,18,24,2023-01-13,121,111,Finished,0
1663,2,11,9,2021-03-19,100,113,Finished,0
4346,4,14,15,2023-03-07,112,103,Finished,0
723,1,3,5,2020-01-31,133,118,Finished,0
5434,5,18,17,2024-02-23,102,112,Finished,0
5063,5,22,20,2023-12-29,117,108,Finished,0
131,1,4,19,2019-11-09,110,115,Finished,0
216,1,7,6,2019-11-22,143,101,Finished,0
306,1,7,18,2019-12-04,121,114,Finished,0
4040,4,11,4,2023-01-18,117,122,Finished,0
2131,2,23,22,2021-05-16,128,117,Finished,0
5808,5,27,8,2024-04-12,121,120,Finished,0
827,1,22,7,2020-02-21,106,122,Finished,0
946,1,18,19,2020-03-08,107,120,Finished,0
4921,5,1,8,2023-12-11,122,129,Finished,0
611,1,11,25,2020-01-15,107,117,Finished,0
468,1,22,23,2019-12-27,98,97,Finished,0
1749,2,20,16,2021-03-29,88,98,Finished,0
4610,5,12,30,2023-10-25,143,120,Finished,0
1976,2,4,17,2021-04-27,104,114,Finished,0
1965,2,19,13,2021-04-26,120,103,Finished,0
1781,2,26,14,2021-04-02,94,115,Finished,0
3753,4,19,24,2022-12-09,128,117,Finished,0
1884,2,24,26,2021-04-15,114,114,Finished,0
2133,2,21,13,2021-05-16,117,112,Finished,0
4240,4,25,30,2023-02-14,101,120,Finished,0
1320,2,28,17,2021-01-27,108,115,Finished,0
4280,4,25,11,2023-02-26,131,114,Finished,0
4869,5,16,12,2023-11-30,142,132,Finished,0
2358,3,3,6,2021-11-17,109,99,Finished,0
2264,3,26,4,2021-11-05,140,110,Finished,0
1404,2,7,18,2021-02-08,127,122,Finished,0
1387,2,12,19,2021-02-05,113,114,Finished,0
1764,2,3,11,2021-03-31,120,108,Finished,0
2232,3,4,25,2021-10-31,125,113,Finished,0
1804,2,1,19,2021-04-06,123,107,Finished,0
3392,4,25,24,2022-10-21,113,111,Finished,0
5077,5,21,3,2023-12-31,124,108,Finished,0
3254,3,19,14,2022-03-27,116,108,Finished,0
3964,4,26,14,2023-01-07,134,136,Finished,0
770,1,23,15,2020-02-07,119,107,Finished,0
5617,5,29,18,2024-03-18,104,106,Finished,0
1921,2,26,18,2021-04-20,120,134,Finished,0
4774,5,1,23,2023-11-17,116,126,Finished,0
3376,4,26,25,2022-10-19,108,115,Finished,0
966,1,10,13,2020-03-10,107,131,Finished,0
5083,5,28,6,2024-01-01,124,121,Finished,0
4244,4,3,16,2023-02-15,116,105,Finished,0
291,1,9,27,2019-12-01,132,98,Finished,0
707,1,20,15,2020-01-29,106,127,Finished,0
3977,4,8,14,2023-01-09,122,109,Finished,0
2523,3,21,14,2021-12-10,95,116,Finished,0
3270,3,13,29,2022-03-29,121,115,Finished,0
2617,3,16,9,2021-12-23,115,112,Finished,0
2100,2,29,25,2021-05-12,98,105,Finished,0
2722,3,13,15,2022-01-08,108,123,Finished,0
1831,2,2,18,2021-04-09,145,136,Finished,0
1011,1,11,14,2020-08-06,113,97,Finished,0
5143,5,9,26,2024-01-09,110,131,Finished,0
2610,3,8,4,2021-12-23,104,115,Finished,0
1246,2,8,29,2021-01-17,98,109,Finished,0
1376,2,23,25,2021-02-04,105,121,Finished,0
4399,4,25,20,2023-03-14,107,123,Finished,0
1058,1,11,23,2020-08-14,96,134,Finished,0
5384,5,30,23,2024-02-10,113,119,Finished,0
3658,4,24,29,2022-11-26,113,112,Finished,0
2596,3,5,11,2021-12-20,133,118,Finished,0
728,1,6,10,2020-02-01,106,131,Finished,0
1096,2,26,24,2020-12-27,100,116,Finished,0
5623,5,3,19,2024-03-19,91,104,Finished,0
1095,2,6,23,2020-12-27,112,94,Finished,0
704,1,4,20,2020-01-28,97,92,Finished,0
2720,3,9,22,2022-01-08,97,92,Finished,0
5581,5,15,4,2024-03-13,98,110,Finished,0
3404,4,26,13,2022-10-22,109,111,Finished,0
4274,4,22,12,2023-02-25,108,121,Finished,0
1290,2,17,1,2021-01-24,129,115,Finished,0
1317,2,22,26,2021-01-27,107,121,Finished,0
4752,5,3,22,2023-11-14,124,104,Finished,0
2434,3,23,18,2021-11-27,120,121,Finished,0
3829,4,21,25,2022-12-19,123,121,Finished,0
5802,5,25,11,2024-04-12,107,116,Finished,0
2339,3,6,2,2021-11-15,92,98,Finished,0
5584,5,5,13,2024-03-14,111,126,Finished,0
2389,3,10,28,2021-11-21,119,104,Finished,0
4313,4,27,12,2023-03-02,110,99,Finished,0
2197,3,3,16,2021-10-27,93,106,Finished,0
3176,3,3,7,2022-03-16,111,113,Finished,0
582,1,8,6,2020-01-11,92,111,Finished,0
5754,5,30,25,2024-04-05,102,108,Finished,0
2961,3,4,5,2022-02-09,109,121,Finished,0
3541,4,1,23,2022-11-10,104,95,Finished,0
3710,4,18,21,2022-12-03,128,135,Finished,0
5311,5,15,6,2024-02-01,101,108,Finished,0
2076,2,14,24,2021-05-09,123,110,Finished,0
1099,2,1,9,2020-12-28,128,120,Finished,0
152,1,29,3,2019-11-12,119,114,Finished,0
5250,5,16,15,2024-01-24,96,105,Finished,0
3891,4,30,24,2022-12-28,115,102,Finished,0
2543,3,1,11,2021-12-13,126,132,Finished,0
2104,2,16,23,2021-05-13,106,94,Finished,0
4306,4,20,3,2023-03-01,142,118,Finished,0
4491,4,12,7,2023-03-27,104,127,Finished,0
63,1,3,12,2019-10-30,108,118,Finished,0
4821,5,11,8,2023-11-24,105,86,Finished,0
3383,4,9,22,2022-10-19,113,109,Finished,0
1805,2,12,5,2021-04-06,97,113,Finished,0
1159,2,17,9,2021-01-04,125,115,Finished,0
602,1,13,6,2020-01-14,128,103,Finished,0
5001,5,26,2,2023-12-20,119,144,Finished,0
470,1,1,17,2019-12-27,86,112,Finished,0
2763,3,23,2,2022-01-14,111,99,Finished,0
3141,3,16,6,2022-03-11,117,105,Finished,0
2226,3,23,1,2021-10-30,122,94,Finished,0
2438,3,11,4,2021-11-27,146,143,Finished,0
4127,4,3,14,2023-01-30,121,104,Finished,0
205,1,30,27,2019-11-20,138,132,Finished,0
1337,2,5,25,2021-01-30,122,123,Finished,0
5538,5,23,19,2024-03-08,95,103,Finished,0
2558,3,7,14,2021-12-15,104,107,Finished,0
521,1,24,20,2020-01-03,120,112,Finished,0
1985,2,26,29,2021-04-28,105,154,Finished,0
1650,2,12,3,2021-03-17,115,124,Finished,0
1694,2,19,14,2021-03-23,128,111,Finished,0
928,1,10,28,2020-03-05,113,121,Finished,0
5757,5,14,6,2024-04-06,116,97,Finished,0
2592,3,2,23,2021-12-20,103,108,Finished,0
1684,2,20,23,2021-03-21,100,101,Finished,0
5174,5,29,14,2024-01-13,132,125,Finished,0
1338,2,7,24,2021-01-30,105,111,Finished,0
1893,2,7,20,2021-04-16,109,117,Finished,0
2591,3,13,27,2021-12-20,92,116,Finished,0
2283,3,30,17,2021-11-07,101,94,Finished,0
3018,3,4,16,2022-02-17,107,111,Finished,0
458,1,28,2,2019-12-25,102,118,Finished,0
4535,4,8,10,2023-04-02,112,110,Finished,0
191,1,11,25,2019-11-18,132,108,Finished,0
3666,4,22,23,2022-11-27,103,133,Finished,0
3734,4,19,9,2022-12-07,104,98,Finished,0
3568,4,2,21,2022-11-14,126,122,Finished,0
1026,1,13,3,2020-08-09,120,129,Finished,0
3976,4,30,19,2023-01-09,99,132,Finished,0
1136,2,29,13,2021-01-01,106,100,Finished,0
3219,3,22,10,2022-03-22,94,90,Finished,0
454,1,9,23,2019-12-23,109,125,Finished,0
1580,2,28,9,2021-03-03,105,129,Finished,0
5582,5,7,10,2024-03-13,100,99,Finished,0
4372,4,14,28,2023-03-10,122,112,Finished,0
4217,4,22,16,2023-02-11,103,107,Finished,0
2014,2,7,30,2021-05-01,125,124,Finished,0
1014,1,24,12,2020-08-06,98,99,Finished,0
3889,4,16,14,2022-12-28,112,98,Finished,0
997,1,13,24,2020-08-04,115,104,Finished,0
5297,5,5,28,2024-01-30,107,118,Finished,0
2538,3,14,22,2021-12-12,106,94,Finished,0
3201,3,1,19,2022-03-20,112,117,Finished,0
398,1,15,16,2019-12-16,118,111,Finished,0
2676,3,28,20,2022-01-02,120,105,Finished,0
741,1,30,10,2020-02-03,117,125,Finished,0
1517,2,28,23,2021-02-23,102,109,Finished,0
1228,2,25,12,2021-01-14,87,111,Finished,0
1520,2,22,9,2021-02-23,93,105,Finished,0
4207,4,26,7,2023-02-10,114,122,Finished,0
4858,5,28,24,2023-11-29,112,105,Finished,0
4769,5,5,22,2023-11-17,97,103,Finished,0
5018,5,7,27,2023-12-23,144,119,Finished,0
4853,5,26,10,2023-11-28,124,113,Finished,0
4192,4,13,7,2023-02-08,104,110,Finished,0
5360,5,3,6,2024-02-08,95,118,Finished,0
1485,2,2,1,2021-02-19,121,109,Finished,0
2366,3,8,23,2021-11-18,78,103,Finished,0
4296,4,21,26,2023-02-28,96,123,Finished,0
1586,2,25,26,2021-03-04,123,119,Finished,0
2969,3,24,17,2022-02-10,131,107,Finished,0
4636,5,17,1,2023-10-29,110,127,Finished,0
953,1,6,27,2020-03-08,132,129,Finished,0
3184,3,1,15,2022-03-18,120,105,Finished,0
5479,5,14,30,2024-02-29,134,131,Finished,0
3468,4,3,12,2022-10-31,116,109,Finished,0
2254,3,10,4,2021-11-03,114,92,Finished,0
528,1,26,19,2020-01-04,115,117,Finished,0
5432,5,25,8,2024-02-23,112,127,Finished,0
3223,3,2,29,2022-03-23,125,97,Finished,0
1420,2,8,6,2021-02-10,121,95,Finished,0
854,1,7,18,2020-02-24,139,123,Finished,0
3195,3,3,25,2022-03-18,128,123,Finished,0
3073,3,11,29,2022-03-02,127,132,Finished,0
5152,5,4,26,2024-01-10,98,123,Finished,0
2230,3,3,9,2021-10-31,117,91,Finished,0
1373,2,5,20,2021-02-03,103,107,Finished,0
4963,5,25,7,2023-12-16,120,113,Finished,0
5556,5,20,23,2024-03-10,73,79,Finished,0
1745,2,30,12,2021-03-29,132,124,Finished,0
1973,2,22,14,2021-04-26,103,114,Finished,0
4916,5,27,5,2023-12-08,112,121,Finished,0
2318,3,14,18,2021-11-12,83,107,Finished,0
3229,3,25,27,2022-03-23,96,133,Finished,0
1607,2,15,8,2021-03-12,102,97,Finished,0
1152,2,22,6,2021-01-04,103,83,Finished,0
663,1,24,12,2020-01-22,87,112,Finished,0
777,1,10,14,2020-02-08,120,125,Finished,0
2801,3,14,12,2022-01-19,104,111,Finished,0
5813,5,15,14,2024-04-12,120,123,Finished,0
5337,5,8,25,2024-02-04,112,103,Finished,0
1617,2,21,20,2021-03-13,97,119,Finished,0
3240,3,25,11,2022-03-25,106,125,Finished,0
3524,4,16,25,2022-11-07,107,110,Finished,0
926,1,11,13,2020-03-05,105,120,Finished,0
4813,5,24,10,2023-11-22,123,98,Finished,0
958,1,29,28,2020-03-09,92,101,Finished,0
3185,3,26,2,2022-03-18,97,126,Finished,0
867,1,24,13,2020-02-26,87,102,Finished,0
3965,4,21,7,2023-01-08,120,109,Finished,0
3985,4,10,24,2023-01-10,113,106,Finished,0
2803,3,30,3,2022-01-19,118,119,Finished,0
4555,4,10,21,2023-04-04,136,120,Finished,0
3918,4,15,26,2023-01-01,118,108,Finished,0
3779,4,29,19,2022-12-13,121,100,Finished,0
5099,5,15,28,2024-01-03,111,116,Finished,0
5374,5,28,11,2024-02-09,107,104,Finished,0
2024,2,5,23,2021-05-03,94,106,Finished,0
2968,3,7,13,2022-02-10,112,105,Finished,0
702,1,15,8,2020-01-28,104,96,Finished,0
5590,5,19,13,2024-03-15,112,104,Finished,0
4319,4,5,24,2023-03-03,104,125,Finished,0
5698,5,4,10,2024-03-29,97,115,Finished,0
451,1,20,30,2019-12-23,115,121,Finished,0
5597,5,29,18,2024-03-16,100,117,Finished,0
5781,5,25,19,2024-04-09,100,110,Finished,0
5041,5,30,22,2023-12-26,119,127,Finished,0
2234,3,2,5,2021-11-01,114,128,Finished,0
1842,2,21,23,2021-04-10,93,117,Finished,0
3045,3,17,3,2022-02-26,123,126,Finished,0
3177,3,20,25,2022-03-16,128,98,Finished,0
1871,2,11,12,2021-04-14,124,132,Finished,0
61,1,30,11,2019-10-30,158,159,Finished,0
3127,3,9,5,2022-03-09,108,114,Finished,0
560,1,22,30,2020-01-08,123,89,Finished,0
683,1,9,3,2020-01-25,111,121,Finished,0
822,1,23,3,2020-02-20,112,104,Finished,0
1138,2,11,26,2021-01-02,102,94,Finished,0
3553,4,23,1,2022-11-12,121,109,Finished,0
5591,5,9,16,2024-03-15,95,108,Finished,0
230,1,12,22,2019-11-23,111,106,Finished,0
3024,3,5,1,2022-02-24,112,108,Finished,0
464,1,9,30,2019-12-26,132,102,Finished,0
245,1,28,23,2019-11-25,101,96,Finished,0
1799,2,28,30,2021-04-05,103,101,Finished,0
797,1,12,3,2020-02-10,105,106,Finished,0
4071,4,28,20,2023-01-22,125,116,Finished,0
3246,3,19,27,2022-03-26,103,107,Finished,0
5596,5,14,10,2024-03-16,121,128,Finished,0
4029,4,17,12,2023-01-16,132,119,Finished,0
5306,5,25,17,2024-01-31,119,116,Finished,0
5448,5,25,4,2024-02-25,80,93,Finished,0
931,1,20,21,2020-03-06,103,126,Finished,0
984,1,21,29,2020-08-01,110,94,Finished,0
2867,3,11,25,2022-01-28,110,125,Finished,0
2509,3,16,17,2021-12-08,113,104,Finished,0
4606,5,16,9,2023-10-25,103,102,Finished,0
5472,5,5,6,2024-02-28,132,123,Finished,0
3457,4,2,30,2022-10-30,112,91,Finished,0
2922,3,7,23,2022-02-04,107,98,Finished,0
2005,2,13,8,2021-05-01,104,110,Finished,0
1701,2,27,13,2021-03-24,101,134,Finished,0
4307,4,16,23,2023-03-01,96,119,Finished,0
3337,3,10,14,2022-04-07,128,112,Finished,0
554,1,1,11,2020-01-08,115,122,Finished,0
3422,4,30,9,2022-10-25,111,99,Finished,0
4329,4,30,28,2023-03-04,109,116,Finished,0
482,1,11,3,2019-12-28,108,98,Finished,0
2984,3,28,8,2022-02-12,109,110,Finished,0
2976,3,12,6,2022-02-11,113,120,Finished,0
3943,4,20,27,2023-01-04,117,114,Finished,0
3362,3,25,29,2022-04-10,80,111,Finished,0
1769,2,3,4,2021-04-01,111,89,Finished,0
3477,4,6,2,2022-11-02,114,113,Finished,0
5510,5,29,30,2024-03-04,127,115,Finished,0
4794,5,19,26,2023-11-20,129,93,Finished,0
4852,5,16,17,2023-11-28,124,131,Finished,0
4254,4,28,19,2023-02-23,115,110,Finished,0
5287,5,15,26,2024-01-29,94,103,Finished,0
3747,4,7,17,2022-12-09,105,106,Finished,0
762,1,18,1,2020-02-05,120,127,Finished,0
177,1,18,11,2019-11-16,105,125,Finished,0
1299,2,10,18,2021-01-25,130,108,Finished,0
986,1,3,30,2020-08-02,118,110,Finished,0
3139,3,15,20,2022-03-11,118,114,Finished,0
147,1,5,20,2019-11-12,120,102,Finished,0
1197,2,7,22,2021-01-09,112,98,Finished,0
5258,5,3,18,2024-01-25,94,96,Finished,0
5305,5,30,13,2024-01-31,109,125,Finished,0
4366,4,9,4,2023-03-09,103,113,Finished,0
222,1,9,1,2019-11-22,128,103,Finished,0
4628,5,19,20,2023-10-28,96,87,Finished,0
612,1,18,12,2020-01-15,99,104,Finished,0
2637,3,4,11,2021-12-27,123,99,Finished,0
4799,5,27,13,2023-11-20,99,124,Finished,0
896,1,10,30,2020-03-01,110,124,Finished,0
2476,3,11,22,2021-12-03,118,116,Finished,0
3794,4,13,24,2022-12-15,95,111,Finished,0
4273,4,15,8,2023-02-25,112,94,Finished,0
328,1,2,8,2019-12-06,108,95,Finished,0
1342,2,4,17,2021-01-30,126,114,Finished,0
2370,3,8,5,2021-11-19,102,114,Finished,0
5284,5,6,13,2024-01-29,118,108,Finished,0
3640,4,29,9,2022-11-23,116,125,Finished,0
4038,4,7,1,2023-01-18,122,130,Finished,0
1905,2,28,21,2021-04-18,112,106,Finished,0
333,1,20,12,2019-12-07,103,104,Finished,0
4719,5,2,3,2023-11-10,121,107,Finished,0
114,1,4,2,2019-11-07,87,108,Finished,0
2098,2,7,19,2021-05-12,125,107,Finished,0
4717,5,22,1,2023-11-09,119,120,Finished,0
2259,3,24,11,2021-11-04,123,111,Finished,0
316,1,19,24,2019-12-05,132,130,Finished,0
2652,3,24,21,2021-12-29,115,97,Finished,0
4323,4,14,18,2023-03-03,102,110,Finished,0
5386,5,16,2,2024-02-11,106,110,Finished,0
1708,2,5,6,2021-03-24,94,103,Finished,0
5542,5,30,4,2024-03-08,112,100,Finished,0
1829,2,10,30,2021-04-09,107,110,Finished,0
4253,4,18,30,2023-02-16,106,114,Finished,0
4403,4,30,9,2023-03-14,104,97,Finished,0
1536,2,15,13,2021-02-25,122,94,Finished,0
5433,5,15,13,2024-02-23,95,101,Finished,0
3795,4,15,17,2022-12-15,142,101,Finished,0
1250,2,28,7,2021-01-18,116,93,Finished,0
3500,4,27,13,2022-11-04,106,113,Finished,0
664,1,16,30,2020-01-22,134,129,Finished,0
2357,3,4,30,2021-11-17,97,87,Finished,0
420,1,2,9,2019-12-20,114,93,Finished,0
2684,3,17,9,2022-01-03,106,115,Finished,0
133,1,18,8,2019-11-10,98,96,Finished,0
3896,4,28,15,2022-12-29,106,119,Finished,0
3616,4,30,4,2022-11-20,106,102,Finished,0
3244,3,16,20,2022-03-25,103,111,Finished,0
1321,2,11,25,2021-01-28,104,101,Finished,0
1613,2,8,7,2021-03-13,103,116,Finished,0
2906,3,7,21,2022-02-02,114,120,Finished,0
337,1,7,26,2019-12-08,106,110,Finished,0
5047,5,7,6,2023-12-27,110,113,Finished,0
4324,4,16,1,2023-03-04,117,109,Finished,0
4637,5,13,27,2023-10-29,123,83,Finished,0
3628,4,15,26,2022-11-22,109,113,Finished,0
5061,5,13,15,2023-12-29,117,106,Finished,0
5594,5,29,1,2024-03-15,124,122,Finished,0
1022,1,7,17,2020-08-08,136,132,Finished,0
4484,4,14,5,2023-03-26,108,118,Finished,0
808,1,29,16,2020-02-12,116,101,Finished,0
667,1,6,30,2020-01-23,112,124,Finished,0
1850,2,22,17,2021-04-11,87,124,Finished,0
2711,3,11,7,2022-01-07,106,130,Finished,0
4599,4,24,13,2023-04-09,114,119,Finished,0
5375,5,1,11,2024-02-10,122,113,Finished,0
431,1,27,13,2019-12-21,109,134,Finished,0
2042,2,22,2,2021-05-05,96,132,Finished,0
5438,5,21,30,2024-02-23,147,106,Finished,0
5447,5,12,7,2024-02-25,133,111,Finished,0
4679,5,18,29,2023-11-04,123,95,Finished,0
2343,3,18,24,2021-11-15,96,99,Finished,0
4423,4,27,15,2023-03-17,120,126,Finished,0
4503,4,15,22,2023-03-28,113,108,Finished,0
4526,4,15,13,2023-03-31,108,94,Finished,0
3691,4,29,13,2022-11-30,125,112,Finished,0
5602,5,5,30,2024-03-16,127,98,Finished,0
3538,4,27,15,2022-11-09,122,124,Finished,0
2032,2,13,28,2021-05-04,105,100,Finished,0
4448,4,1,9,2023-03-21,129,107,Finished,0
3822,4,26,4,2022-12-19,119,125,Finished,0
1649,2,23,17,2021-03-17,105,109,Finished,0
1437,2,8,21,2021-02-12,97,95,Finished,0
303,1,27,11,2019-12-03,135,133,Finished,0
2383,3,26,29,2021-11-20,105,123,Finished,0
1791,2,2,4,2021-04-04,116,86,Finished,0
4316,4,26,13,2023-03-03,128,127,Finished,0
3182,3,26,17,2022-03-16,126,135,Finished,0
2719,3,24,16,2022-01-08,100,123,Finished,0
5743,5,16,23,2024-04-04,105,109,Finished,0
5292,5,8,17,2024-01-29,113,107,Finished,0
4930,5,15,7,2023-12-11,113,104,Finished,0
4109,4,16,22,2023-01-27,110,105,Finished,0
4308,4,4,24,2023-03-01,91,105,Finished,0
4347,4,18,23,2023-03-07,94,117,Finished,0
3025,3,26,8,2022-02-24,110,128,Finished,0
182,1,5,3,2019-11-16,111,117,Finished,0
2638,3,19,6,2021-12-28,108,104,Finished,0
5555,5,16,30,2024-03-10,108,110,Finished,0
5032,5,14,2,2023-12-25,115,126,Finished,0
4361,4,15,10,2023-03-09,131,110,Finished,0
4687,5,7,4,2023-11-05,121,118,Finished,0
4626,5,27,11,2023-10-27,126,122,Finished,0
2799,3,8,13,2022-01-19,130,128,Finished,0
2606,3,21,8,2021-12-22,108,84,Finished,0
4282,4,1,3,2023-02-26,129,127,Finished,0
2841,3,19,12,2022-01-24,117,113,Finished,0
5672,5,26,7,2024-03-26,96,126,Finished,0
1239,2,15,23,2021-01-16,106,104,Finished,0
700,1,6,19,2020-01-28,107,125,Finished,0
3982,4,23,9,2023-01-10,147,116,Finished,0
5769,5,24,19,2024-04-07,105,113,Finished,0
5505,5,2,10,2024-03-03,140,84,Finished,0
3167,3,12,15,2022-03-15,102,135,Finished,0
188,1,19,10,2019-11-17,108,100,Finished,0
1005,1,14,21,2020-08-05,86,105,Finished,0
419,1,17,14,2019-12-19,111,104,Finished,0
3275,3,25,19,2022-03-30,107,117,Finished,0
3895,4,27,20,2022-12-29,122,115,Finished,0
3071,3,24,25,2022-03-02,120,90,Finished,0
2119,2,12,14,2021-05-15,115,122,Finished,0
5094,5,24,13,2024-01-03,122,131,Finished,0
2815,3,1,16,2022-01-21,110,108,Finished,0
1641,2,23,20,2021-03-16,99,96,Finished,0
5183,5,25,24,2024-01-14,116,127,Finished,0
111,1,28,26,2019-11-06,124,120,Finished,0
1955,2,19,27,2021-04-24,108,110,Finished,0
3790,4,21,16,2022-12-14,108,110,Finished,0
5748,5,17,28,2024-04-05,111,117,Finished,0
3230,3,14,23,2022-03-23,121,126,Finished,0
4265,4,13,26,2023-02-24,175,176,Finished,0
2484,3,10,27,2021-12-04,107,112,Finished,0
3317,3,22,6,2022-04-05,120,115,Finished,0
2524,3,28,20,2021-12-10,90,87,Finished,0
3358,3,13,21,2022-04-10,138,88,Finished,0
1509,2,14,30,2021-02-22,124,127,Finished,0
5128,5,8,9,2024-01-07,131,114,Finished,0
5400,5,25,18,2024-02-13,109,121,Finished,0
2792,3,27,24,2022-01-17,107,121,Finished,0
3543,4,30,7,2022-11-10,107,105,Finished,0
706,1,17,30,2020-01-28,151,131,Finished,0
3503,4,20,2,2022-11-05,118,133,Finished,0
3367,3,19,10,2022-04-10,107,128,Finished,0
735,1,12,20,2020-02-01,85,92,Finished,0
1910,2,2,5,2021-04-19,96,102,Finished,0
3671,4,29,5,2022-11-28,107,114,Finished,0
5122,5,11,17,2024-01-06,112,108,Finished,0
1713,2,20,30,2021-03-25,106,102,Finished,0
4979,5,23,5,2023-12-18,104,108,Finished,0
1802,2,7,29,2021-04-05,111,103,Finished,0
4652,5,6,20,2023-10-31,91,109,Finished,0
4373,4,1,2,2023-03-11,125,134,Finished,0
1724,2,17,2,2021-03-26,114,122,Finished,0
3591,4,26,27,2022-11-17,130,112,Finished,0
2779,3,7,22,2022-01-15,108,92,Finished,0
3929,4,12,28,2023-01-02,122,114,Finished,0
347,1,12,13,2019-12-09,99,110,Finished,0
4727,5,26,21,2023-11-10,105,98,Finished,0
3846,4,19,27,2022-12-22,126,117,Finished,0
281,1,23,12,2019-11-30,119,116,Finished,0
3941,4,10,9,2023-01-04,119,122,Finished,0
1398,2,23,3,2021-02-06,124,108,Finished,0
2547,3,12,10,2021-12-13,100,102,Finished,0
1130,2,8,24,2021-01-01,103,106,Finished,0
5517,5,16,9,2024-03-05,118,110,Finished,0
4567,4,22,6,2023-04-06,94,118,Finished,0
4964,5,8,21,2023-12-16,117,118,Finished,0
1295,2,13,21,2021-01-24,108,100,Finished,0
4202,4,22,8,2023-02-09,115,104,Finished,0
4436,4,21,24,2023-03-19,120,120,Finished,0
3312,3,22,20,2022-04-03,88,118,Finished,0
4139,4,2,3,2023-02-01,139,96,Finished,0
1869,2,5,22,2021-04-14,106,115,Finished,0
3540,4,21,17,2022-11-09,132,136,Finished,0
2995,3,19,28,2022-02-14,120,90,Finished,0
1960,2,22,12,2021-04-25,112,131,Finished,0
3656,4,11,21,2022-11-26,118,105,Finished,0
1896,2,14,29,2021-04-17,127,115,Finished,0
2534,3,6,26,2021-12-11,117,103,Finished,0
1411,2,5,30,2021-02-08,101,105,Finished,0
1815,2,22,30,2021-04-07,116,131,Finished,0
3689,4,19,28,2022-11-30,126,108,Finished,0
77,1,21,19,2019-11-02,115,104,Finished,0
5062,5,30,3,2023-12-29,110,104,Finished,0
1637,2,9,27,2021-03-15,99,109,Finished,0
3427,4,5,12,2022-10-26,124,109,Finished,0
4062,4,28,2,2023-01-21,104,106,Finished,0
3153,3,22,23,2022-03-13,114,116,Finished,0
4267,4,30,20,2023-02-24,97,115,Finished,0
5120,5,14,15,2024-01-05,113,127,Finished,0
4898,5,18,27,2023-12-06,102,94,Finished,0
29,1,11,19,2019-10-26,126,123,Finished,0
293,1,1,10,2019-12-02,104,79,Finished,0
3748,4,4,20,2022-12-09,102,121,Finished,0
4074,4,16,19,2023-01-22,100,96,Finished,0
3817,4,9,3,2022-12-18,121,124,Finished,0
897,1,18,7,2020-03-01,91,111,Finished,0
4843,5,20,24,2023-11-26,113,116,Finished,0
3136,3,14,30,2022-03-11,122,109,Finished,0
5723,5,18,11,2024-04-02,113,106,Finished,0
3859,4,14,4,2022-12-23,130,134,Finished,0
844,1,10,19,2020-02-23,101,115,Finished,0
5761,5,13,6,2024-04-07,120,118,Finished,0
430,1,24,11,2019-12-21,115,139,Finished,0
4293,4,13,18,2023-02-28,101,108,Finished,0
5246,5,10,1,2024-01-24,124,112,Finished,0
2220,3,17,27,2021-10-30,93,102,Finished,0
4219,4,30,12,2023-02-11,110,113,Finished,0
200,1,14,21,2019-11-19,112,107,Finished,0
2681,3,5,22,2022-01-03,102,98,Finished,0
2023,2,19,10,2021-05-03,108,123,Finished,0
379,1,26,20,2019-12-13,101,103,Finished,0
4529,4,10,27,2023-03-31,130,115,Finished,0
2224,3,24,6,2021-10-30,101,92,Finished,0
1297,2,5,2,2021-01-25,103,119,Finished,0
1987,2,23,1,2021-04-28,127,83,Finished,0
221,1,29,10,2019-11-22,113,109,Finished,0
2643,3,28,23,2021-12-28,109,114,Finished,0
4295,4,10,25,2023-02-28,123,105,Finished,0
1439,2,26,22,2021-02-12,112,123,Finished,0
826,1,20,12,2020-02-21,98,106,Finished,0
1935,2,11,29,2021-04-21,89,112,Finished,0
771,1,26,16,2020-02-07,105,97,Finished,0
5168,5,23,26,2024-01-12,112,93,Finished,0
3393,4,3,28,2022-10-21,109,105,Finished,0
4492,4,8,23,2023-03-27,116,111,Finished,0
2400,3,2,11,2021-11-22,108,90,Finished,0
2659,3,12,5,2021-12-31,106,108,Finished,0
1375,2,15,11,2021-02-04,103,115,Finished,0
4578,4,17,15,2023-04-07,114,137,Finished,0
4237,4,17,2,2023-02-14,131,125,Finished,0
1594,2,15,30,2021-03-10,127,112,Finished,0
4126,4,21,10,2023-01-30,120,128,Finished,0
512,1,27,21,2020-01-02,103,109,Finished,0
4814,5,25,29,2023-11-22,121,105,Finished,0
2068,2,28,15,2021-05-08,99,109,Finished,0
1750,2,3,18,2021-03-29,112,107,Finished,0
635,1,19,13,2020-01-18,130,133,Finished,0
5539,5,14,17,2024-03-08,123,122,Finished,0
3519,4,23,24,2022-11-07,100,88,Finished,0
4806,5,19,26,2023-11-22,117,112,Finished,0
2035,2,21,26,2021-05-04,99,103,Finished,0
1383,2,24,9,2021-02-05,109,92,Finished,0
130,1,21,10,2019-11-09,114,108,Finished,0
5478,5,8,16,2024-02-29,103,97,Finished,0
4091,4,11,30,2023-01-25,103,108,Finished,0
5678,5,21,11,2024-03-27,126,132,Finished,0
2577,3,1,8,2021-12-17,115,133,Finished,0
99,1,8,16,2019-11-05,98,89,Finished,0
1507,2,11,5,2021-02-22,100,120,Finished,0
1957,2,30,6,2021-04-25,119,110,Finished,0
226,1,4,5,2019-11-23,115,116,Finished,0
246,1,1,18,2019-11-25,113,125,Finished,0
5355,5,16,27,2024-02-07,116,104,Finished,0
4744,5,26,6,2023-11-13,132,120,Finished,0
2994,3,20,21,2022-02-14,123,127,Finished,0
283,1,26,8,2019-11-30,100,97,Finished,0
2126,2,19,14,2021-05-16,98,110,Finished,0
3932,4,29,26,2023-01-03,115,117,Finished,0
5119,5,5,4,2024-01-05,104,91,Finished,0
3076,3,7,10,2022-03-03,122,113,Finished,0
286,1,20,2,2019-12-01,104,113,Finished,0
5054,5,25,27,2023-12-28,105,118,Finished,0
2144,3,24,8,2021-10-20,98,110,Finished,0
3535,4,22,7,2022-11-09,94,87,Finished,0
3898,4,1,14,2022-12-30,121,130,Finished,0
5280,5,25,5,2024-01-28,96,104,Finished,0
2238,3,23,25,2021-11-01,113,103,Finished,0
1279,2,4,5,2021-01-22,110,123,Finished,0
4031,4,18,29,2023-01-16,125,126,Finished,0
2544,3,2,17,2021-12-13,117,103,Finished,0
2142,3,15,6,2021-10-20,132,121,Finished,0
2075,2,13,20,2021-05-09,100,106,Finished,0
2466,3,30,18,2021-12-01,115,107,Finished,0
4272,4,20,19,2023-02-25,128,106,Finished,0
4995,5,28,8,2023-12-20,104,113,Finished,0
3366,3,23,9,2022-04-10,118,106,Finished,0
5007,5,25,30,2023-12-21,117,118,Finished,0
4432,4,11,19,2023-03-19,107,117,Finished,0
4919,5,3,30,2023-12-08,124,97,Finished,0
4900,5,9,15,2023-12-06,102,116,Finished,0
2169,3,18,19,2021-10-23,96,89,Finished,0
1773,2,2,11,2021-04-02,118,102,Finished,0
3352,3,13,26,2022-04-09,117,98,Finished,0
1046,1,11,12,2020-08-12,104,108,Finished,0
744,1,3,24,2020-02-03,119,97,Finished,0
5289,5,4,20,2024-01-29,92,113,Finished,0
5096,5,12,17,2024-01-03,142,130,Finished,0
4734,5,11,8,2023-11-12,107,104,Finished,0
3267,3,25,21,2022-03-28,131,134,Finished,0
2359,3,16,19,2021-11-17,113,98,Finished,0
673,1,22,2,2020-01-24,98,109,Finished,0
2387,3,5,20,2021-11-21,109,103,Finished,0
60,1,21,25,2019-10-30,99,102,Finished,0
2150,3,9,5,2021-10-20,88,94,Finished,0
5514,5,6,2,2024-03-05,105,104,Finished,0
5392,5,13,18,2024-02-12,100,116,Finished,0
3047,3,11,13,2022-02-27,98,99,Finished,0
270,1,20,23,2019-11-29,95,101,Finished,0
190,1,20,6,2019-11-18,123,105,Finished,0
1174,2,24,28,2021-01-06,123,115,Finished,0
4875,5,7,15,2023-12-01,94,108,Finished,0
2502,3,14,2,2021-12-07,117,102,Finished,0
5314,5,2,14,2024-02-01,105,114,Finished,0
4443,4,23,5,2023-03-20,105,109,Finished,0
3162,3,21,4,2022-03-14,116,134,Finished,0
2206,3,7,27,2021-10-28,104,99,Finished,0
5222,5,11,29,2024-01-20,127,126,Finished,0
2507,3,15,7,2021-12-08,96,104,Finished,0
5166,5,16,22,2024-01-12,99,96,Finished,0
3303,3,1,3,2022-04-02,122,115,Finished,0
3285,3,5,13,2022-03-31,135,130,Finished,0
311,1,2,16,2019-12-04,112,93,Finished,0
5,1,16,15,2019-10-23,120,101,Finished,0
4574,4,30,16,2023-04-07,114,108,Finished,0
4277,4,9,28,2023-02-25,91,95,Finished,0
971,1,7,8,2020-03-11,113,94,Finished,0
1827,2,26,9,2021-04-08,101,113,Finished,0
2709,3,15,9,2022-01-06,118,88,Finished,0
3062,3,18,10,2022-03-01,129,114,Finished,0
2095,2,26,21,2021-05-11,122,106,Finished,0
1418,2,26,23,2021-02-09,111,119,Finished,0
3544,4,16,4,2022-11-10,117,112,Finished,0
5518,5,4,22,2024-03-05,89,101,Finished,0
2572,3,18,14,2021-12-17,110,92,Finished,0
5647,5,5,2,2024-03-23,113,124,Finished,0
256,1,11,16,2019-11-27,117,108,Finished,0
2240,3,15,8,2021-11-01,106,86,Finished,0
5405,5,10,13,2024-02-14,125,130,Finished,0
837,1,17,23,2020-02-22,119,98,Finished,0
3340,3,4,22,2022-04-07,128,101,Finished,0
2857,3,12,4,2022-01-26,126,158,Finished,0
1154,2,10,26,2021-01-04,137,106,Finished,0
396,1,17,7,2019-12-16,116,120,Finished,0
4966,5,13,20,2023-12-16,144,122,Finished,0
4136,4,20,14,2023-01-31,123,129,Finished,0
875,1,21,26,2020-02-27,112,108,Finished,0
3669,4,28,6,2022-11-28,100,88,Finished,0
2453,3,3,20,2021-11-30,112,110,Finished,0
4075,4,5,1,2023-01-23,111,100,Finished,0
3851,4,20,5,2022-12-23,117,118,Finished,0
3752,4,15,9,2022-12-09,114,103,Finished,0
1714,2,16,25,2021-03-25,122,125,Finished,0
5342,5,3,10,2024-02-05,98,106,Finished,0
2861,3,25,7,2022-01-26,112,132,Finished,0
3122,3,13,30,2022-03-09,115,109,Finished,0
2231,3,7,26,2021-10-31,105,99,Finished,0
5707,5,3,14,2024-03-31,104,116,Finished,0
4328,4,26,18,2023-03-04,134,138,Finished,0
2868,3,24,18,2022-01-28,134,124,Finished,0
3142,3,24,28,2022-03-11,112,117,Finished,0
525,1,13,15,2020-01-04,114,140,Finished,0
42,1,20,5,2019-10-28,105,98,Finished,0
2738,3,9,29,2022-01-10,126,116,Finished,0
5641,5,10,12,2024-03-22,111,123,Finished,0
3220,3,20,1,2022-03-22,111,117,Finished,0
3315,3,17,7,2022-04-03,112,118,Finished,0
3957,4,27,9,2023-01-06,121,109,Finished,0
5190,5,15,10,2024-01-15,116,94,Finished,0
533,1,3,28,2020-01-04,102,121,Finished,0
5742,5,11,10,2024-04-04,110,133,Finished,0
489,1,15,4,2019-12-29,117,104,Finished,0
2561,3,23,16,2021-12-15,96,101,Finished,0
3815,4,18,5,2022-12-18,150,126,Finished,0
1500,2,17,26,2021-02-21,128,115,Finished,0
5100,5,1,21,2024-01-03,141,138,Finished,0
5467,5,30,10,2024-02-27,112,118,Finished,0
5010,5,6,19,2023-12-21,104,123,Finished,0
5286,5,16,24,2024-01-29,105,118,Finished,0
3614,4,24,20,2022-11-20,116,95,Finished,0
3742,4,15,21,2022-12-07,123,102,Finished,0
3670,4,19,21,2022-11-28,105,101,Finished,0
5253,5,27,21,2024-01-24,114,140,Finished,0
4481,4,26,29,2023-03-25,121,113,Finished,0
105,1,9,20,2019-11-06,122,102,Finished,0
1788,2,26,17,2021-04-03,128,129,Finished,0
2286,3,7,19,2021-11-08,108,92,Finished,0
1308,2,11,30,2021-01-26,107,88,Finished,0
1836,2,20,15,2021-04-09,133,129,Finished,0
2183,3,16,22,2021-10-25,107,90,Finished,0
4722,5,9,23,2023-11-10,106,114,Finished,0
5662,5,13,12,2024-03-25,116,133,Finished,0
2586,3,18,7,2021-12-19,111,105,Finished,0
1468,2,17,28,2021-02-16,113,124,Finished,0
2468,3,25,27,2021-12-02,83,114,Finished,0
3374,4,29,8,2022-10-19,123,102,Finished,0
1236,2,17,7,2021-01-15,112,109,Finished,0
4545,4,5,1,2023-04-04,105,123,Finished,0
1467,2,18,14,2021-02-16,104,112,Finished,0
3160,3,26,5,2022-03-14,112,103,Finished,0
2407,3,2,3,2021-11-24,104,123,Finished,0
288,1,19,21,2019-12-01,104,107,Finished,0
4512,4,20,16,2023-03-29,101,92,Finished,0
1942,2,3,2,2021-04-23,109,104,Finished,0
4374,4,19,21,2023-03-11,96,106,Finished,0
2554,3,25,24,2021-12-14,107,111,Finished,0
299,1,6,9,2019-12-03,94,127,Finished,0
4268,4,24,21,2023-02-24,124,107,Finished,0
2686,3,30,4,2022-01-03,124,121,Finished,0
1230,2,8,10,2021-01-14,114,104,Finished,0
2756,3,26,14,2022-01-12,125,116,Finished,0
5701,5,27,20,2024-03-29,130,126,Finished,0
1080,2,25,11,2020-12-26,128,126,Finished,0
1184,2,17,29,2021-01-08,118,131,Finished,0
4820,5,22,2,2023-11-24,113,96,Finished,0
5822,5,26,25,2024-04-14,121,82,Finished,0
4835,5,29,19,2023-11-25,105,100,Finished,0
785,1,1,20,2020-02-09,140,135,Finished,0
3632,4,10,13,2022-11-23,124,107,Finished,0
3027,3,21,24,2022-02-24,104,124,Finished,0
5368,5,25,9,2024-02-08,122,128,Finished,0
3428,4,8,14,2022-10-26,110,99,Finished,0
1473,2,5,9,2021-02-17,105,102,Finished,0
2228,3,14,11,2021-10-31,95,85,Finished,0
2788,3,16,28,2022-01-17,104,99,Finished,0
4803,5,24,25,2023-11-21,120,107,Finished,0
1801,2,18,26,2021-04-05,116,106,Finished,0
3786,4,12,10,2022-12-14,125,119,Finished,0
2412,3,17,9,2021-11-24,114,93,Finished,0
1017,1,15,21,2020-08-07,121,92,Finished,0
4982,5,29,3,2023-12-18,125,108,Finished,0
2111,2,10,19,2021-05-14,125,122,Finished,0
2348,3,25,28,2021-11-15,118,113,Finished,0
2983,3,5,21,2022-02-12,106,101,Finished,0
4866,5,21,14,2023-11-30,133,110,Finished,0
5507,5,17,13,2024-03-04,113,106,Finished,0
5343,5,6,26,2024-02-05,136,110,Finished,0
2128,2,10,15,2021-05-16,113,101,Finished,0
5300,5,10,23,2024-01-30,117,107,Finished,0
1134,2,7,16,2021-01-01,93,83,Finished,0
2281,3,21,27,2021-11-07,99,94,Finished,0
5711,5,18,5,2024-03-31,92,109,Finished,0
3060,3,22,12,2022-02-28,119,103,Finished,0
1244,2,2,20,2021-01-17,75,105,Finished,0
4801,5,1,12,2023-11-21,152,157,Finished,0
2403,3,20,14,2021-11-23,106,100,Finished,0
3181,3,30,8,2022-03-16,109,112,Finished,0
376,1,1,12,2019-12-13,100,110,Finished,0
4976,5,17,11,2023-12-17,128,119,Finished,0
1186,2,20,21,2021-01-08,89,101,Finished,0
4339,4,30,17,2023-03-05,111,117,Finished,0
3899,4,5,9,2022-12-30,132,118,Finished,0
4745,5,17,5,2023-11-13,118,109,Finished,0
930,1,5,12,2020-03-06,102,108,Finished,0
5469,5,20,19,2024-02-27,92,115,Finished,0
170,1,21,23,2019-11-15,127,119,Finished,0
4483,4,2,27,2023-03-26,137,93,Finished,0
5207,5,28,5,2024-01-18,110,116,Finished,0
4757,5,1,20,2023-11-15,114,116,Finished,0
4412,4,24,22,2023-03-16,116,113,Finished,0
880,1,22,18,2020-02-28,136,125,Finished,0
4046,4,14,26,2023-01-18,111,116,Finished,0
863,1,1,22,2020-02-26,120,130,Finished,0
3838,4,18,7,2022-12-21,99,104,Finished,0
2446,3,11,21,2021-11-29,102,89,Finished,0
5706,5,11,7,2024-03-31,107,112,Finished,0
2704,3,30,11,2022-01-05,111,114,Finished,0
4000,4,23,21,2023-01-12,114,133,Finished,0
5346,5,16,22,2024-02-06,121,95,Finished,0
4732,5,19,7,2023-11-12,124,130,Finished,0
5422,5,5,2,2024-02-22,112,129,Finished,0
4019,4,3,21,2023-01-15,102,112,Finished,0
4706,5,15,16,2023-11-08,102,108,Finished,0
4241,4,23,6,2023-02-15,118,112,Finished,0
2161,3,26,29,2021-10-22,101,110,Finished,0
752,1,11,4,2020-02-04,125,110,Finished,0
68,1,1,16,2019-10-31,97,106,Finished,0
2351,3,29,23,2021-11-16,120,85,Finished,0
2599,3,20,9,2021-12-21,105,91,Finished,0
1752,2,13,22,2021-03-30,96,103,Finished,0
2734,3,10,6,2022-01-09,96,82,Finished,0
1253,2,20,22,2021-01-18,91,84,Finished,0
4530,4,16,7,2023-04-01,129,122,Finished,0
749,1,26,18,2020-02-03,113,109,Finished,0
3501,4,1,19,2022-11-05,124,121,Finished,0
3802,4,14,8,2022-12-16,126,108,Finished,0
1332,2,22,13,2021-01-29,90,116,Finished,0
2437,3,7,30,2021-11-27,114,120,Finished,0
2409,3,19,30,2021-11-24,127,102,Finished,0
4209,4,19,6,2023-02-10,107,118,Finished,0
1585,2,24,10,2021-03-04,120,98,Finished,0
1731,2,26,6,2021-03-27,100,98,Finished,0
1108,2,16,17,2020-12-29,97,144,Finished,0
5653,5,20,3,2024-03-23,105,93,Finished,0
1196,2,17,6,2021-01-09,100,90,Finished,0
1992,2,9,7,2021-04-29,105,115,Finished,0
811,1,12,17,2020-02-12,118,111,Finished,0
110,1,11,10,2019-11-06,129,112,Finished,0
4810,5,6,16,2023-11-22,96,129,Finished,0
2091,2,4,8,2021-05-11,112,117,Finished,0
4084,4,7,30,2023-01-24,126,114,Finished,0
4688,5,27,28,2023-11-05,116,123,Finished,0
1599,2,25,24,2021-03-11,121,116,Finished,0
5586,5,2,24,2024-03-14,127,112,Finished,0
4658,5,16,3,2023-11-01,105,109,Finished,0
307,1,4,10,2019-12-04,106,91,Finished,0
2819,3,17,5,2022-01-21,94,90,Finished,0
1873,2,8,16,2021-04-14,112,106,Finished,0
339,1,14,18,2019-12-08,142,125,Finished,0
1832,2,22,12,2021-04-09,106,111,Finished,0
1238,2,3,22,2021-01-16,122,115,Finished,0
2729,3,14,15,2022-01-09,119,127,Finished,0
400,1,28,6,2019-12-16,133,113,Finished,0
3778,4,14,2,2022-12-13,118,122,Finished,0
4497,4,13,5,2023-03-27,124,112,Finished,0
2850,3,9,8,2022-01-25,105,110,Finished,0
5502,5,24,21,2024-03-03,110,118,Finished,0
4005,4,9,19,2023-01-13,110,116,Finished,0
41,1,17,6,2019-10-28,129,112,Finished,0
4017,4,13,11,2023-01-15,121,100,Finished,0
4394,4,16,29,2023-03-13,119,115,Finished,0
2742,3,5,9,2022-01-11,133,87,Finished,0
3349,3,3,6,2022-04-08,118,107,Finished,0
5658,5,17,21,2024-03-24,118,93,Finished,0
881,1,15,26,2020-02-28,101,104,Finished,0
4288,4,19,22,2023-02-27,93,101,Finished,0
1561,2,11,6,2021-03-01,90,101,Finished,0
5187,5,20,22,2024-01-15,94,98,Finished,0
3396,4,4,19,2022-10-21,112,124,Finished,0
3034,3,24,19,2022-02-25,102,117,Finished,0
1167,2,19,21,2021-01-06,110,111,Finished,0
5783,5,14,10,2024-04-09,120,134,Finished,0
729,1,26,14,2020-02-01,113,129,Finished,0
2089,2,15,7,2021-05-11,133,104,Finished,0
1423,2,24,17,2021-02-10,125,124,Finished,0
4839,5,15,18,2023-11-26,97,119,Finished,0
1539,2,10,4,2021-02-26,130,121,Finished,0
120,1,12,9,2019-11-08,112,106,Finished,0
3121,3,11,14,2022-03-09,139,130,Finished,0
3222,3,9,1,2022-03-23,122,101,Finished,0
78,1,22,8,2019-11-02,87,81,Finished,0
3601,4,5,22,2022-11-18,107,108,Finished,0
5356,5,26,9,2024-02-07,120,133,Finished,0
2621,3,20,1,2021-12-25,101,87,Finished,0
1626,2,22,16,2021-03-14,97,102,Finished,0
1852,2,7,27,2021-04-11,117,119,Finished,0
1826,2,28,5,2021-04-08,113,122,Finished,0
189,1,24,2,2019-11-18,76,99,Finished,0
3439,4,9,1,2022-10-28,112,136,Finished,0
2780,3,30,25,2022-01-15,110,115,Finished,0
1783,2,30,7,2021-04-03,87,109,Finished,0
434,1,3,1,2019-12-21,122,112,Finished,0
3406,4,1,4,2022-10-23,109,126,Finished,0
1658,2,30,29,2021-03-18,131,122,Finished,0
1691,2,11,28,2021-03-22,117,99,Finished,0
4689,5,25,15,2023-11-05,100,112,Finished,0
3126,3,29,25,2022-03-09,123,85,Finished,0
883,1,28,4,2020-02-28,96,99,Finished,0
888,1,27,22,2020-02-29,114,113,Finished,0
1628,2,21,15,2021-03-14,128,122,Finished,0
2313,3,8,1,2021-11-12,97,96,Finished,0
5756,5,8,1,2024-04-06,142,110,Finished,0
2287,3,15,18,2021-11-08,125,118,Finished,0
5200,5,19,4,2024-01-17,132,112,Finished,0
1235,2,21,5,2021-01-15,127,125,Finished,0
4754,5,29,25,2023-11-14,115,99,Finished,0
2320,3,15,24,2021-11-12,94,119,Finished,0
2896,3,20,26,2022-01-31,116,96,Finished,0
4682,5,19,1,2023-11-04,105,123,Finished,0
546,1,26,10,2020-01-06,111,98,Finished,0
1354,2,21,11,2021-02-01,106,136,Finished,0
3044,3,9,2,2022-02-26,104,113,Finished,0
824,1,9,17,2020-02-20,106,126,Finished,0
4548,4,11,8,2023-04-04,124,103,Finished,0
3048,3,20,23,2022-02-27,109,125,Finished,0
3968,4,9,23,2023-01-08,111,123,Finished,0
1444,2,1,12,2021-02-13,113,125,Finished,0
2371,3,9,10,2021-11-19,102,105,Finished,0
1546,2,23,6,2021-02-27,109,112,Finished,0
2227,3,30,2,2021-10-30,115,112,Finished,0
890,1,20,5,2020-02-29,125,115,Finished,0
4104,4,24,7,2023-01-26,95,99,Finished,0
4400,4,27,22,2023-03-14,132,114,Finished,0
2797,3,10,9,2022-01-18,102,86,Finished,0
393,1,10,26,2019-12-15,79,100,Finished,0
2117,2,9,8,2021-05-14,91,104,Finished,0
969,1,23,9,2020-03-11,124,106,Finished,0
5572,5,29,2,2024-03-12,107,123,Finished,0
5081,5,13,16,2024-01-01,121,104,Finished,0
2190,3,27,14,2021-10-26,121,125,Finished,0
3991,4,9,18,2023-01-11,135,118,Finished,0
495,1,29,9,2019-12-30,104,81,Finished,0
5249,5,11,25,2024-01-24,131,137,Finished,0
329,1,17,13,2019-12-06,119,91,Finished,0
5037,5,21,18,2023-12-26,129,106,Finished,0
4825,5,12,9,2023-11-24,136,113,Finished,0
802,1,19,25,2020-02-11,138,117,Finished,0
1431,2,9,12,2021-02-11,95,111,Finished,0
1616,2,24,12,2021-03-13,111,122,Finished,0
1156,2,16,21,2021-01-04,118,90,Finished,0
3003,3,16,7,2022-02-15,99,107,Finished,0
1679,2,24,14,2021-03-21,111,94,Finished,0
1690,2,5,29,2021-03-22,95,120,Finished,0
662,1,28,23,2020-01-22,107,95,Finished,0
5196,5,24,26,2024-01-16,119,117,Finished,0
479,1,17,22,2019-12-28,111,100,Finished,0
3850,4,21,19,2022-12-23,125,128,Finished,0
769,1,24,11,2020-02-07,127,91,Finished,0
2893,3,2,16,2022-01-31,122,92,Finished,0
3593,4,19,2,2022-11-18,109,117,Finished,0
4305,4,17,22,2023-03-01,139,117,Finished,0
1603,2,5,23,2021-03-11,105,127,Finished,0
3925,4,23,19,2023-01-02,120,111,Finished,0
2589,3,15,25,2021-12-19,100,105,Finished,0
2887,3,22,7,2022-01-30,110,108,Finished,0
1082,2,30,22,2020-12-26,120,130,Finished,0
5628,5,9,12,2024-03-20,103,122,Finished,0
4533,4,6,12,2023-04-02,115,105,Finished,0
3533,4,18,24,2022-11-09,117,124,Finished,0
2316,3,11,25,2021-11-12,92,104,Finished,0
5308,5,27,22,2024-01-31,98,108,Finished,0
4510,4,21,9,2023-03-29,107,106,Finished,0
3954,4,28,20,2023-01-06,108,112,Finished,0
3105,3,23,5,2022-03-07,121,106,Finished,0
1640,2,14,18,2021-03-16,137,121,Finished,0
1345,2,12,23,2021-01-31,110,119,Finished,0
629,1,18,28,2020-01-18,112,122,Finished,0
4506,4,15,13,2023-03-29,132,141,Finished,0
4072,4,24,15,2023-01-22,98,110,Finished,0
523,1,5,2,2020-01-04,104,111,Finished,0
3952,4,24,16,2023-01-06,96,104,Finished,0
1568,2,16,1,2021-03-02,80,94,Finished,0
1995,2,8,28,2021-04-29,121,111,Finished,0
2927,3,28,1,2022-02-04,125,114,Finished,0
4238,4,28,22,2023-02-14,123,113,Finished,0
1578,2,18,4,2021-03-03,102,135,Finished,0
5009,5,9,29,2023-12-21,111,119,Finished,0
1341,2,10,9,2021-01-30,118,91,Finished,0
3119,3,17,1,2022-03-09,124,115,Finished,0
1158,2,19,12,2021-01-04,116,118,Finished,0
2668,3,30,5,2022-01-01,119,120,Finished,0
3679,4,25,13,2022-11-29,112,118,Finished,0
4863,5,9,14,2023-11-29,107,133,Finished,0
4572,4,19,20,2023-04-07,113,105,Finished,0
2518,3,23,29,2021-12-09,96,118,Finished,0
1021,1,16,24,2020-08-08,112,109,Finished,0
3006,3,24,13,2022-02-15,103,96,Finished,0
2496,3,16,15,2021-12-06,90,105,Finished,0
680,1,23,14,2020-01-25,108,91,Finished,0
4215,4,6,5,2023-02-11,97,89,Finished,0
3745,4,16,13,2022-12-08,115,110,Finished,0
1059,1,13,21,2020-08-14,107,103,Finished,0
1227,2,23,16,2021-01-14,125,108,Finished,0
359,1,18,29,2019-12-11,116,127,Finished,0
2814,3,10,12,2022-01-20,117,121,Finished,0
438,1,23,30,2019-12-21,125,108,Finished,0
4870,5,3,4,2023-11-30,128,129,Finished,0
1698,2,22,8,2021-03-23,99,110,Finished,0
71,1,10,27,2019-11-01,110,127,Finished,0
2672,3,3,13,2022-01-01,116,120,Finished,0
3717,4,25,12,2022-12-04,116,100,Finished,0
5632,5,24,1,2024-03-21,128,115,Finished,0
2762,3,16,1,2022-01-14,124,118,Finished,0
1363,2,10,2,2021-02-02,107,111,Finished,0
1544,2,15,13,2021-02-26,99,119,Finished,0
2110,2,4,13,2021-05-13,90,113,Finished,0
1225,2,20,3,2021-01-13,109,116,Finished,0
392,1,12,4,2019-12-15,107,85,Finished,0
162,1,6,16,2019-11-14,97,108,Finished,0
3472,4,3,5,2022-11-01,99,108,Finished,0
1480,2,22,20,2021-02-17,107,89,Finished,0
5176,5,15,20,2024-01-13,94,106,Finished,0
4584,4,13,25,2023-04-08,136,125,Finished,0
2737,3,11,23,2022-01-10,91,111,Finished,0
2953,3,8,20,2022-02-08,127,115,Finished,0
1759,2,12,16,2021-03-31,87,92,Finished,0
5161,5,8,19,2024-01-12,125,113,Finished,0
529,1,30,8,2020-01-04,128,108,Finished,0
569,1,5,12,2020-01-10,105,116,Finished,0
4659,5,28,17,2023-11-01,130,111,Finished,0
3814,4,2,22,2022-12-18,92,95,Finished,0
3007,3,22,1,2022-02-16,109,130,Finished,0
1840,2,29,26,2021-04-10,128,112,Finished,0
1521,2,7,2,2021-02-23,110,107,Finished,0
5334,5,21,28,2024-02-04,135,127,Finished,0
5638,5,7,29,2024-03-21,113,97,Finished,0
2028,2,9,22,2021-05-03,112,119,Finished,0
2138,2,26,29,2021-05-16,99,121,Finished,0
2885,3,17,8,2022-01-30,100,118,Finished,0
696,1,18,26,2020-01-27,129,133,Finished,0
708,1,26,21,2020-01-29,100,120,Finished,0
450,1,15,27,2019-12-23,115,145,Finished,0
3130,3,18,21,2022-03-09,132,102,Finished,0
2992,3,29,11,2022-02-14,135,101,Finished,0
4414,4,28,21,2023-03-16,128,107,Finished,0
137,1,23,4,2019-11-10,114,106,Finished,0
1251,2,14,10,2021-01-18,113,115,Finished,0
830,1,30,6,2020-02-21,108,103,Finished,0
3513,4,1,17,2022-11-07,117,98,Finished,0
2973,3,29,22,2022-02-11,114,99,Finished,0
2527,3,1,3,2021-12-10,105,113,Finished,0
5012,5,10,30,2023-12-22,116,118,Finished,0
566,1,9,6,2020-01-09,112,115,Finished,0
2584,3,2,20,2021-12-18,114,107,Finished,0
636,1,10,22,2020-01-18,109,95,Finished,0
1821,2,7,17,2021-04-08,116,101,Finished,0
1300,2,3,16,2021-01-25,98,85,Finished,0
4404,4,18,2,2023-03-15,102,104,Finished,0
3015,3,2,9,2022-02-16,111,112,Finished,0
4620,5,15,8,2023-10-27,104,108,Finished,0
4812,5,12,28,2023-11-22,131,132,Finished,0
102,1,4,12,2019-11-05,122,120,Finished,0
713,1,1,23,2020-01-30,127,117,Finished,0
262,1,24,30,2019-11-27,115,140,Finished,0
1294,2,27,30,2021-01-24,121,101,Finished,0
3960,4,27,2,2023-01-07,116,121,Finished,0
3508,4,24,25,2022-11-05,93,82,Finished,0
3900,4,8,16,2022-12-30,124,119,Finished,0
3361,3,20,28,2022-04-10,105,94,Finished,0
4686,5,6,10,2023-11-05,115,104,Finished,0
3283,3,6,7,2022-03-30,112,120,Finished,0
301,1,13,25,2019-12-03,117,97,Finished,0
2004,2,15,22,2021-04-30,92,75,Finished,0
289,1,28,29,2019-12-01,130,110,Finished,0
1950,2,8,11,2021-04-24,129,116,Finished,0
2882,3,1,14,2022-01-30,129,121,Finished,0
3424,4,21,13,2022-10-25,108,94,Finished,0
4257,4,26,25,2023-02-23,133,116,Finished,0
3088,3,23,6,2022-03-04,125,119,Finished,0
2344,3,20,12,2021-11-15,92,84,Finished,0
5537,5,6,18,2024-03-08,113,104,Finished,0
1614,2,18,25,2021-03-13,121,125,Finished,0
5827,5,19,14,2024-04-14,108,124,Finished,0
1081,2,29,18,2020-12-26,111,116,Finished,0
2049,2,7,3,2021-05-06,113,109,Finished,0
4685,5,22,14,2023-11-04,120,101,Finished,0
320,1,6,22,2019-12-06,87,93,Finished,0
4569,4,24,8,2023-04-06,119,115,Finished,0
4998,5,23,18,2023-12-20,127,113,Finished,0
909,1,19,18,2020-03-03,134,139,Finished,0
2871,3,21,12,2022-01-28,110,113,Finished,0
3787,4,13,18,2022-12-14,99,88,Finished,0
3697,4,6,22,2022-12-02,107,96,Finished,0
1664,2,24,18,2021-03-19,113,101,Finished,0
1566,2,22,7,2021-03-01,124,130,Finished,0
3724,4,10,12,2022-12-05,104,112,Finished,0
2247,3,6,25,2021-11-03,107,104,Finished,0
503,1,12,23,2019-12-31,115,97,Finished,0
2713,3,21,18,2022-01-07,105,135,Finished,0
4036,4,27,3,2023-01-17,106,98,Finished,0
2391,3,9,14,2021-11-21,116,121,Finished,0
40,1,14,4,2019-10-27,120,101,Finished,0
5277,5,7,26,2024-01-27,115,120,Finished,0
1918,2,17,24,2021-04-19,127,128,Finished,0
2710,3,14,1,2022-01-07,134,118,Finished,0
1954,2,20,28,2021-04-24,120,103,Finished,0
4944,5,29,20,2023-12-13,117,113,Finished,0
1588,2,2,28,2021-03-04,132,125,Finished,0
1265,2,28,16,2021-01-20,102,111,Finished,0
1415,2,27,10,2021-02-09,91,114,Finished,0
5279,5,1,28,2024-01-28,126,125,Finished,0
314,1,9,17,2019-12-04,103,127,Finished,0
2809,3,7,28,2022-01-19,102,98,Finished,0
3237,3,8,24,2022-03-24,115,140,Finished,0
1137,2,1,6,2021-01-02,91,96,Finished,0
651,1,25,10,2020-01-20,129,124,Finished,0
3725,4,1,21,2022-12-05,114,121,Finished,0
5792,5,21,27,2024-04-10,127,89,Finished,0
4616,5,1,20,2023-10-27,120,126,Finished,0
4291,4,1,30,2023-02-28,116,119,Finished,0
1176,2,15,6,2021-01-07,90,94,Finished,0
3905,4,28,24,2022-12-30,113,95,Finished,0
5035,5,5,1,2023-12-26,118,113,Finished,0
5637,5,11,5,2024-03-21,127,117,Finished,0
3534,4,3,20,2022-11-09,112,85,Finished,0
4242,4,14,19,2023-02-15,120,102,Finished,0
3116,3,22,24,2022-03-08,99,102,Finished,0
4712,5,4,30,2023-11-08,116,132,Finished,0
2189,3,7,11,2021-10-26,116,106,Finished,0
1563,2,27,3,2021-03-01,113,124,Finished,0
5117,5,6,30,2024-01-05,114,90,Finished,0
4111,4,29,7,2023-01-28,108,100,Finished,0
5546,5,13,5,2024-03-09,112,102,Finished,0
3947,4,7,2,2023-01-05,95,124,Finished,0
3572,4,22,4,2022-11-14,105,112,Finished,0
4411,4,9,8,2023-03-16,100,119,Finished,0
3833,4,8,15,2022-12-20,105,91,Finished,0
4888,5,29,25,2023-12-02,118,113,Finished,0
4039,4,15,6,2023-01-18,115,114,Finished,0
1609,2,5,16,2021-03-12,90,101,Finished,0
4759,5,25,6,2023-11-15,95,109,Finished,0
5079,5,30,1,2023-12-31,126,130,Finished,0
1364,2,1,7,2021-02-03,116,122,Finished,0
3108,3,16,11,2022-03-07,123,106,Finished,0
4201,4,3,5,2023-02-09,116,105,Finished,0
5606,5,17,24,2024-03-17,140,129,Finished,0
5495,5,16,29,2024-03-02,126,120,Finished,0
3774,4,15,1,2022-12-12,128,103,Finished,0
1027,1,25,23,2020-08-09,124,121,Finished,0
3063,3,11,13,2022-03-01,100,113,Finished,0
369,1,2,23,2019-12-12,109,115,Finished,0
3782,4,23,26,2022-12-13,123,103,Finished,0
5576,5,12,5,2024-03-13,129,132,Finished,0
5403,5,22,21,2024-02-13,113,127,Finished,0
1812,2,3,19,2021-04-07,139,111,Finished,0
1358,2,3,13,2021-02-02,124,120,Finished,0
2113,2,15,26,2021-05-14,107,106,Finished,0
804,1,23,13,2020-02-11,110,103,Finished,0
365,1,26,21,2019-12-11,94,93,Finished,0
265,1,28,20,2019-11-27,126,98,Finished,0
4783,5,27,15,2023-11-18,108,120,Finished,0
1795,2,13,14,2021-04-04,104,86,Finished,0
1339,2,16,26,2021-01-30,105,104,Finished,0
5159,5,6,3,2024-01-11,111,102,Finished,0
2564,3,27,4,2021-12-15,115,131,Finished,0
4089,4,19,18,2023-01-25,102,111,Finished,0
4247,4,2,9,2023-02-15,127,109,Finished,0
1740,2,2,19,2021-03-29,109,115,Finished,0
1042,1,7,25,2020-08-11,131,134,Finished,0
5570,5,21,12,2024-03-12,111,121,Finished,0
2639,3,10,8,2021-12-28,86,89,Finished,0
3574,4,9,28,2022-11-14,111,115,Finished,0
2679,3,4,24,2022-01-02,99,133,Finished,0
3042,3,8,26,2022-02-26,94,110,Finished,0
4845,5,13,8,2023-11-27,104,113,Finished,0
576,1,15,27,2020-01-10,134,121,Finished,0
2535,3,13,22,2021-12-11,106,104,Finished,0
1477,2,19,25,2021-02-17,124,126,Finished,0
2065,2,12,30,2021-05-08,132,133,Finished,0
1825,2,21,6,2021-04-08,102,129,Finished,0
4715,5,11,14,2023-11-08,128,94,Finished,0
1222,2,26,25,2021-01-13,126,132,Finished,0
597,1,25,4,2020-01-13,115,112,Finished,0
4694,5,22,7,2023-11-06,102,117,Finished,0
5560,5,26,11,2024-03-10,104,112,Finished,0
3408,4,13,24,2022-10-23,95,112,Finished,0
534,1,13,20,2020-01-05,135,132,Finished,0
2485,3,25,2,2021-12-04,117,145,Finished,0
511,1,26,15,2020-01-02,128,123,Finished,0
836,1,29,11,2020-02-22,110,120,Finished,0
4749,5,8,13,2023-11-14,111,108,Finished,0
4024,4,5,10,2023-01-15,132,118,Finished,0
2069,2,8,3,2021-05-08,119,125,Finished,0
1133,2,17,5,2021-01-01,126,96,Finished,0
4266,4,17,16,2023-02-24,128,99,Finished,0
3332,3,20,3,2022-04-06,98,110,Finished,0
2613,3,20,30,2021-12-23,117,124,Finished,0
627,1,11,14,2020-01-18,115,124,Finished,0
3319,3,18,30,2022-04-05,114,132,Finished,0
2085,2,9,18,2021-05-11,100,119,Finished,0
4472,4,28,9,2023-03-24,118,97,Finished,0
3906,4,26,29,2022-12-30,126,125,Finished,0
3771,4,12,16,2022-12-12,82,87,Finished,0
813,1,15,25,2020-02-12,111,104,Finished,0
2026,2,29,27,2021-05-03,110,99,Finished,0
277,1,3,2,2019-11-29,112,107,Finished,0
1263,2,12,7,2021-01-20,112,124,Finished,0
3511,4,15,30,2022-11-06,103,79,Finished,0
2632,3,1,5,2021-12-27,118,130,Finished,0
1952,2,17,23,2021-04-24,132,94,Finished,0
225,1,1,28,2019-11-23,116,119,Finished,0
2823,3,8,15,2022-01-21,118,122,Finished,0
4357,4,8,5,2023-03-08,96,117,Finished,0
4057,4,8,12,2023-01-20,134,111,Finished,0
1185,2,26,28,2021-01-08,123,144,Finished,0
979,1,27,26,2020-07-31,129,120,Finished,0
3913,4,27,7,2022-12-31,125,126,Finished,0
4860,5,15,29,2023-11-29,105,91,Finished,0
1538,2,5,24,2021-02-26,97,106,Finished,0
13,1,24,26,2019-10-23,117,95,Finished,0
3412,4,14,25,2022-10-23,104,106,Finished,0
4872,5,20,9,2023-11-30,118,112,Finished,0
180,1,7,28,2019-11-16,110,102,Finished,0
1892,2,30,19,2021-04-16,117,115,Finished,0
1470,2,21,25,2021-02-16,104,115,Finished,0
4081,4,29,4,2023-01-23,120,102,Finished,0
1007,1,22,28,2020-08-05,99,109,Finished,0
5801,5,30,5,2024-04-12,127,129,Finished,0
1686,2,13,1,2021-03-22,119,110,Finished,0
1377,2,1,29,2021-02-04,91,112,Finished,0
1102,2,14,25,2020-12-28,107,115,Finished,0
5436,5,11,24,2024-02-23,114,110,Finished,0
354,1,23,8,2019-12-10,97,92,Finished,0
331,1,7,19,2019-12-07,130,84,Finished,0
1889,2,29,12,2021-04-16,119,111,Finished,0
139,1,20,6,2019-11-10,87,108,Finished,0
5162,5,5,10,2024-01-12,131,140,Finished,0
2074,2,22,18,2021-05-09,96,128,Finished,0
3827,4,18,7,2022-12-19,116,106,Finished,0
5480,5,4,17,2024-02-29,99,111,Finished,0
3087,3,9,12,2022-03-04,111,106,Finished,0
5418,5,15,17,2024-02-15,113,110,Finished,0
3890,4,9,22,2022-12-28,121,101,Finished,0
2557,3,6,11,2021-12-15,124,89,Finished,0
4989,5,10,2,2023-12-19,121,126,Finished,0
1875,2,23,3,2021-04-14,123,117,Finished,0
5332,5,16,13,2024-02-04,95,103,Finished,0
1103,2,21,29,2020-12-28,109,110,Finished,0
2307,3,24,25,2021-11-10,119,109,Finished,0
1106,2,30,5,2020-12-29,107,115,Finished,0
2829,3,4,1,2022-01-23,91,113,Finished,0
4331,4,11,27,2023-03-05,142,110,Finished,0
4516,4,8,19,2023-03-30,88,107,Finished,0
3619,4,13,29,2022-11-21,121,114,Finished,0
1671,2,15,10,2021-03-20,111,103,Finished,0
1510,2,21,16,2021-02-22,94,108,Finished,0
5603,5,23,4,2024-03-16,109,98,Finished,0
3020,3,19,7,2022-02-17,118,125,Finished,0
5024,5,1,15,2023-12-23,119,125,Finished,0
2291,3,5,3,2021-11-08,118,95,Finished,0
3798,4,2,22,2022-12-16,109,117,Finished,0
3966,4,11,18,2023-01-08,96,104,Finished,0
5005,5,17,22,2023-12-21,118,114,Finished,0
617,1,20,24,2020-01-16,98,110,Finished,0
3789,4,27,25,2022-12-14,112,128,Finished,0
1978,2,12,25,2021-04-27,112,133,Finished,0
5765,5,17,20,2024-04-07,109,122,Finished,0
2929,3,14,20,2022-02-05,122,115,Finished,0
3049,3,24,29,2022-02-27,114,118,Finished,0
1379,2,13,2,2021-02-05,115,119,Finished,0
4422,4,25,2,2023-03-17,112,126,Finished,0
2464,3,22,8,2021-12-01,108,81,Finished,0
3914,4,4,3,2022-12-31,106,123,Finished,0
3708,4,13,26,2022-12-03,96,123,Finished,0
4465,4,3,6,2023-03-23,114,116,Finished,0
1012,1,17,16,2020-08-06,130,116,Finished,0
1065,2,18,9,2020-12-23,111,101,Finished,0
1551,2,30,18,2021-02-27,128,112,Finished,0
3676,4,30,18,2022-11-28,135,127,Finished,0
5771,5,28,30,2024-04-07,130,122,Finished,0
5380,5,13,9,2024-02-10,112,106,Finished,0
1471,2,15,19,2021-02-16,113,144,Finished,0
3946,4,8,13,2023-01-05,122,91,Finished,0
1190,2,14,5,2021-01-08,117,115,Finished,0
3291,3,30,7,2022-04-01,135,103,Finished,0
699,1,28,1,2020-01-28,130,114,Finished,0
2607,3,23,1,2021-12-23,96,98,Finished,0
1092,2,13,7,2020-12-27,73,124,Finished,0
639,1,1,28,2020-01-20,117,122,Finished,0
2373,3,3,22,2021-11-19,115,113,Finished,0
4228,4,25,14,2023-02-13,127,115,Finished,0
1619,2,1,26,2021-03-13,121,106,Finished,0
3849,4,6,28,2022-12-23,107,118,Finished,0
2027,2,30,12,2021-05-03,154,141,Finished,0
985,1,2,25,2020-08-02,128,124,Finished,0
614,1,17,2,2020-01-16,128,123,Finished,0
5766,5,14,18,2024-04-07,117,122,Finished,0
2604,3,17,11,2021-12-22,126,106,Finished,0
1751,2,24,1,2021-03-30,117,110,Finished,0
3463,4,27,18,2022-10-30,107,98,Finished,0
3739,4,17,26,2022-12-07,126,113,Finished,0
516,1,12,8,2020-01-02,116,117,Finished,0
1792,2,5,3,2021-04-04,115,107,Finished,0
4156,4,18,22,2023-02-03,120,127,Finished,0
2071,2,6,7,2021-05-09,97,124,Finished,0
5519,5,11,27,2024-03-05,114,101,Finished,0
5044,5,11,24,2023-12-27,113,129,Finished,0
407,1,6,4,2019-12-18,100,98,Finished,0
4444,4,29,26,2023-03-20,128,120,Finished,0
5797,5,25,10,2024-04-11,92,100,Finished,0
5039,5,27,29,2023-12-26,118,130,Finished,0
4370,4,23,25,2023-03-10,120,119,Finished,0
557,1,12,16,2020-01-08,108,122,Finished,0
3692,4,14,25,2022-11-30,128,109,Finished,0
1977,2,11,18,2021-04-27,107,114,Finished,0
4051,4,25,23,2023-01-19,95,105,Finished,0
2531,3,27,8,2021-12-11,112,108,Finished,0
153,1,26,25,2019-11-12,107,99,Finished,0
86,1,16,11,2019-11-03,129,100,Finished,0
4181,4,5,27,2023-02-06,128,104,Finished,0
3663,4,3,25,2022-11-27,111,97,Finished,0
2174,3,11,2,2021-10-24,97,107,Finished,0
1388,2,19,15,2021-02-06,118,109,Finished,0
5579,5,26,14,2024-03-13,120,107,Finished,0
1525,2,12,10,2021-02-24,107,111,Finished,0
1023,1,8,29,2020-08-08,119,132,Finished,0
2492,3,18,1,2021-12-06,110,121,Finished,0
5118,5,10,9,2024-01-05,96,109,Finished,0
2257,3,12,20,2021-11-03,111,98,Finished,0
2491,3,1,4,2021-12-05,127,130,Finished,0
362,1,22,14,2019-12-11,87,96,Finished,0
4493,4,29,24,2023-03-27,103,117,Finished,0
924,1,16,22,2020-03-04,116,113,Finished,0
3058,3,15,27,2022-02-28,118,105,Finished,0
3384,4,23,17,2022-10-20,88,90,Finished,0
1717,2,19,8,2021-03-26,108,113,Finished,0
3321,3,26,19,2022-04-05,109,123,Finished,0
4707,5,5,24,2023-11-08,115,116,Finished,0
3065,3,28,3,2022-03-01,109,108,Finished,0
5703,5,19,2,2024-03-30,92,104,Finished,0
4768,5,6,9,2023-11-17,108,100,Finished,0
1259,2,29,19,2021-01-19,118,102,Finished,0
1132,2,4,15,2021-01-01,93,108,Finished,0
1397,2,21,18,2021-02-06,120,118,Finished,0
67,1,13,27,2019-10-31,103,97,Finished,0
5763,5,7,11,2024-04-07,133,136,Finished,0
2321,3,27,7,2021-11-12,109,123,Finished,0
1135,2,18,30,2021-01-01,109,130,Finished,0
5288,5,27,30,2024-01-29,113,118,Finished,0
2886,3,18,29,2022-01-30,126,106,Finished,0
2817,3,23,13,2022-01-21,101,102,Finished,0
1097,2,30,22,2020-12-27,113,120,Finished,0
2008,2,4,9,2021-05-01,107,94,Finished,0
4138,4,24,1,2023-02-01,89,132,Finished,0
1794,2,11,19,2021-04-04,115,122,Finished,0
4917,5,4,28,2023-12-08,119,116,Finished,0
4864,5,27,1,2023-11-30,135,137,Finished,0
670,1,19,8,2020-01-24,106,103,Finished,0
1117,2,16,17,2020-12-30,119,108,Finished,0
2874,3,19,8,2022-01-28,105,103,Finished,0
944,1,15,1,2020-03-07,118,101,Finished,0
2497,3,24,27,2021-12-06,108,104,Finished,0
4646,5,12,5,2023-10-30,105,112,Finished,0
193,1,3,12,2019-11-18,86,115,Finished,0
2769,3,4,22,2022-01-14,109,116,Finished,0
3807,4,6,7,2022-12-17,100,99,Finished,0
4663,5,11,4,2023-11-01,128,119,Finished,0
2380,3,17,22,2021-11-20,117,108,Finished,0
4716,5,20,27,2023-11-08,126,105,Finished,0
2012,2,11,10,2021-05-01,87,113,Finished,0
1612,2,30,23,2021-03-12,101,127,Finished,0
4714,5,3,13,2023-11-08,100,93,Finished,0
684,1,6,5,2020-01-25,102,118,Finished,0
1131,2,9,2,2021-01-01,96,93,Finished,0
736,1,11,19,2020-02-02,117,109,Finished,0
1066,2,24,7,2020-12-23,106,102,Finished,0
1541,2,14,25,2021-02-26,102,93,Finished,0
1864,2,24,16,2021-04-13,93,86,Finished,0
5227,5,30,8,2024-01-21,104,113,Finished,0
5186,5,14,21,2024-01-15,112,105,Finished,0
5033,5,20,17,2023-12-25,129,122,Finished,0
5574,5,25,1,2024-03-13,106,102,Finished,0
2671,3,29,10,2022-01-01,116,123,Finished,0
5493,5,2,7,2024-03-01,138,106,Finished,0
788,1,25,16,2020-02-09,115,109,Finished,0
5105,5,29,9,2024-01-03,154,148,Finished,0
5325,5,1,10,2024-02-03,141,134,Finished,0
1512,2,24,25,2021-02-22,132,100,Finished,0
1811,2,2,23,2021-04-06,96,106,Finished,0
3536,4,12,8,2022-11-09,119,122,Finished,0
939,1,6,8,2020-03-07,104,95,Finished,0
2376,3,26,28,2021-11-19,89,108,Finished,0
2683,3,13,18,2022-01-03,104,122,Finished,0
2894,3,23,15,2022-01-31,122,119,Finished,0
1820,2,21,4,2021-04-07,102,113,Finished,0
1241,2,28,4,2021-01-16,116,113,Finished,0
5805,5,20,3,2024-04-12,111,107,Finished,0
1697,2,25,3,2021-03-23,112,116,Finished,0
998,1,16,2,2020-08-04,112,106,Finished,0
676,1,9,15,2020-01-24,112,125,Finished,0
847,1,25,9,2020-02-23,107,104,Finished,0
345,1,5,28,2019-12-09,92,93,Finished,0
5645,5,18,6,2024-03-22,101,91,Finished,0
2755,3,20,7,2022-01-12,108,85,Finished,0
2979,3,10,14,2022-02-12,117,115,Finished,0
1089,2,12,2,2020-12-27,108,107,Finished,0
5214,5,14,3,2024-01-19,112,130,Finished,0
2726,3,21,8,2022-01-09,95,91,Finished,0
251,1,8,30,2019-11-26,107,104,Finished,0
4226,4,10,30,2023-02-13,135,126,Finished,0
257,1,15,13,2019-11-27,119,121,Finished,0
4158,4,12,26,2023-02-03,107,104,Finished,0
4697,5,12,27,2023-11-06,152,111,Finished,0
1226,2,27,11,2021-01-14,105,109,Finished,0
429,1,21,24,2019-12-20,126,92,Finished,0
2605,3,26,13,2021-12-22,89,105,Finished,0
571,1,13,10,2020-01-10,109,100,Finished,0
5111,5,8,22,2024-01-05,120,122,Finished,0
5188,5,29,12,2024-01-15,132,105,Finished,0
4395,4,9,12,2023-03-13,117,97,Finished,0
2051,2,10,21,2021-05-06,118,97,Finished,0
4317,4,16,20,2023-03-03,120,122,Finished,0
3479,4,5,4,2022-11-02,106,88,Finished,0
2666,3,14,25,2021-12-31,139,106,Finished,0
3371,4,10,14,2022-10-18,123,109,Finished,0
3226,3,18,24,2022-03-23,116,125,Finished,0
5473,5,8,26,2024-02-28,117,96,Finished,0
5339,5,29,17,2024-02-04,123,108,Finished,0
108,1,12,30,2019-11-06,121,106,Finished,0
325,1,25,14,2019-12-06,113,136,Finished,0
1247,2,26,19,2021-01-17,123,128,Finished,0
3904,4,19,23,2022-12-30,127,116,Finished,0
535,1,24,15,2020-01-05,112,121,Finished,0
4968,5,26,29,2023-12-16,125,104,Finished,0
1283,2,7,11,2021-01-23,108,133,Finished,0
3862,4,2,17,2022-12-25,139,118,Finished,0
3068,3,17,16,2022-03-02,120,119,Finished,0
4809,5,27,13,2023-11-22,102,109,Finished,0
1367,2,17,12,2021-02-03,130,110,Finished,0
2723,3,2,20,2022-01-08,99,75,Finished,0
5391,5,29,10,2024-02-12,107,129,Finished,0
4933,5,21,29,2023-12-11,134,120,Finished,0
4301,4,2,6,2023-03-01,117,113,Finished,0
3284,3,20,4,2022-03-30,114,125,Finished,0
4808,5,22,8,2023-11-22,124,119,Finished,0
5328,5,20,14,2024-02-03,105,113,Finished,0
2771,3,21,6,2022-01-15,102,107,Finished,0
4856,5,20,4,2023-11-28,115,91,Finished,0
5076,5,24,22,2023-12-31,112,107,Finished,0
198,1,19,25,2019-11-19,115,104,Finished,0
782,1,26,27,2020-02-08,122,102,Finished,0
828,1,21,8,2020-02-21,113,95,Finished,0
5364,5,17,18,2024-02-08,105,129,Finished,0
313,1,29,14,2019-12-04,94,121,Finished,0
4445,4,4,12,2023-03-20,115,109,Finished,0
310,1,25,26,2019-12-04,127,116,Finished,0
3014,3,15,25,2022-02-16,119,123,Finished,0
5785,5,28,12,2024-04-09,123,140,Finished,0
5580,5,9,28,2024-03-13,113,104,Finished,0
4577,4,26,10,2023-04-07,97,119,Finished,0
2588,3,26,27,2021-12-19,121,114,Finished,0
2955,3,14,17,2022-02-08,116,131,Finished,0
421,1,6,15,2019-12-20,114,107,Finished,0
3737,4,22,13,2022-12-07,116,111,Finished,0
3095,3,14,10,2022-03-05,124,116,Finished,0
1761,2,27,26,2021-03-31,120,106,Finished,0
3667,4,2,30,2022-11-27,130,105,Finished,0
794,1,8,27,2020-02-10,111,120,Finished,0
1313,2,29,7,2021-01-27,116,104,Finished,0
2838,3,16,14,2022-01-23,113,107,Finished,0
2745,3,30,21,2022-01-11,122,118,Finished,0
4278,4,7,14,2023-02-26,108,111,Finished,0
2499,3,12,30,2021-12-06,116,110,Finished,0
1837,2,6,28,2021-04-10,115,135,Finished,0
4177,4,30,6,2023-02-06,81,114,Finished,0
1958,2,1,17,2021-04-25,111,104,Finished,0
999,1,17,3,2020-08-04,116,119,Finished,0
2615,3,29,18,2021-12-23,128,116,Finished,0
937,1,14,17,2020-03-06,113,103,Finished,0
2396,3,27,24,2021-11-22,111,115,Finished,0
5554,5,14,18,2024-03-10,120,109,Finished,0
1933,2,20,1,2021-04-21,137,127,Finished,0
3263,3,15,10,2022-03-28,123,95,Finished,0
1945,2,1,16,2021-04-23,118,103,Finished,0
545,1,19,29,2020-01-06,126,128,Finished,0
1925,2,7,9,2021-04-21,127,117,Finished,0
841,1,14,2,2020-02-23,114,112,Finished,0
5347,5,24,17,2024-02-06,114,106,Finished,0
919,1,20,29,2020-03-04,104,112,Finished,0
3556,4,30,29,2022-11-12,116,112,Finished,0
5503,5,22,9,2024-03-03,113,91,Finished,0
916,1,6,2,2020-03-04,106,112,Finished,0
4701,5,11,26,2023-11-06,122,97,Finished,0
1188,2,2,30,2021-01-08,116,107,Finished,0
5270,5,8,23,2024-01-27,111,105,Finished,0
2194,3,19,1,2021-10-27,99,102,Finished,0
5354,5,30,6,2024-02-07,106,114,Finished,0
2899,3,27,10,2022-02-01,120,124,Finished,0
4061,4,1,4,2023-01-21,118,122,Finished,0
564,1,23,2,2020-01-09,109,98,Finished,0
965,1,25,24,2020-03-10,121,81,Finished,0
2567,3,12,9,2021-12-16,122,113,Finished,0
156,1,11,13,2019-11-13,102,93,Finished,0
711,1,25,11,2020-01-29,125,112,Finished,0
3845,4,13,4,2022-12-21,126,105,Finished,0
1575,2,7,21,2021-03-03,87,78,Finished,0
4413,4,3,26,2023-03-16,96,101,Finished,0
4537,4,22,9,2023-04-02,128,102,Finished,0
4617,5,6,21,2023-10-27,105,108,Finished,0
3668,4,23,1,2022-11-28,104,101,Finished,0
284,1,14,7,2019-12-01,100,114,Finished,0
4680,5,23,24,2023-11-04,112,100,Finished,0
3094,3,16,23,2022-03-05,99,82,Finished,0
2164,3,23,3,2021-10-22,109,114,Finished,0
2548,3,13,24,2021-12-13,111,95,Finished,0
4562,4,2,28,2023-04-05,97,93,Finished,0
750,1,19,17,2020-02-04,108,120,Finished,0
3981,4,16,21,2023-01-10,112,111,Finished,0
4290,4,23,16,2023-02-27,99,101,Finished,0
3924,4,13,16,2023-01-02,100,110,Finished,0
1881,2,1,17,2021-04-15,109,120,Finished,0
934,1,7,15,2020-03-06,121,96,Finished,0
2361,3,20,22,2021-11-17,98,104,Finished,0
3951,4,14,1,2023-01-06,130,114,Finished,0
1060,2,14,13,2020-12-22,109,116,Finished,0
5659,5,16,6,2024-03-24,121,84,Finished,0
23,1,2,28,2019-10-25,112,106,Finished,0
2415,3,26,25,2021-11-24,125,121,Finished,0
5740,5,13,8,2024-04-04,102,100,Finished,0
1302,2,12,28,2021-01-25,129,114,Finished,0
4466,4,7,4,2023-03-24,109,117,Finished,0
4518,4,2,29,2023-03-31,122,114,Finished,0
5531,5,10,5,2024-03-07,122,125,Finished,0
5175,5,17,10,2024-01-13,129,118,Finished,0
3420,4,23,12,2022-10-24,120,106,Finished,0
5680,5,15,14,2024-03-27,124,136,Finished,0
3481,4,11,13,2022-11-02,101,109,Finished,0
4985,5,8,7,2023-12-18,130,104,Finished,0
2461,3,17,4,2021-12-01,127,125,Finished,0
5549,5,25,28,2024-03-09,128,118,Finished,0
148,1,24,14,2019-11-12,97,123,Finished,0
2620,3,24,10,2021-12-25,107,116,Finished,0
3346,3,29,24,2022-04-08,105,111,Finished,0
5613,5,12,6,2024-03-18,103,108,Finished,0
5499,5,6,20,2024-03-03,98,107,Finished,0
5371,5,17,4,2024-02-09,120,84,Finished,0
1535,2,17,19,2021-02-25,129,125,Finished,0
4789,5,28,9,2023-11-19,142,113,Finished,0
2135,2,30,4,2021-05-16,115,110,Finished,0
3832,4,24,30,2022-12-20,110,104,Finished,0
3151,3,19,11,2022-03-13,130,105,Finished,0
3967,4,12,4,2023-01-08,116,111,Finished,0
5026,5,19,11,2023-12-23,104,106,Finished,0
1457,2,9,19,2021-02-14,123,112,Finished,0
3334,3,29,21,2022-04-06,137,101,Finished,0
1076,2,8,13,2020-12-25,108,121,Finished,0
3937,4,23,12,2023-01-04,129,126,Finished,0
724,1,14,25,2020-01-31,119,127,Finished,0
4083,4,19,8,2023-01-24,98,99,Finished,0
3242,3,9,30,2022-03-25,97,100,Finished,0
1944,2,11,13,2021-04-23,104,109,Finished,0
135,1,24,3,2019-11-10,126,112,Finished,0
2449,3,29,25,2021-11-29,129,107,Finished,0
206,1,5,9,2019-11-20,109,89,Finished,0
2626,3,26,15,2021-12-26,102,127,Finished,0
5577,5,16,8,2024-03-13,88,100,Finished,0
2270,3,22,27,2021-11-05,89,102,Finished,0
4249,4,21,11,2023-02-15,121,96,Finished,0
1721,2,22,25,2021-03-26,105,112,Finished,0
16,1,10,13,2019-10-24,122,141,Finished,0
5428,5,29,4,2024-02-22,107,115,Finished,0
3588,4,28,16,2022-11-16,112,104,Finished,0
5169,5,27,4,2024-01-12,135,99,Finished,0
4148,4,5,4,2023-02-02,114,98,Finished,0
5333,5,30,24,2024-02-04,112,140,Finished,0
4236,4,13,10,2023-02-14,134,124,Finished,0
2767,3,27,6,2022-01-14,109,114,Finished,0
3780,4,17,10,2022-12-13,128,111,Finished,0
1624,2,19,13,2021-03-14,135,115,Finished,0
4940,5,27,14,2023-12-13,119,122,Finished,0
2337,3,21,3,2021-11-14,96,120,Finished,0
4482,4,1,15,2023-03-26,119,123,Finished,0
5689,5,19,17,2024-03-28,107,100,Finished,0
4905,5,5,4,2023-12-06,111,100,Finished,0
2772,3,2,5,2022-01-15,114,112,Finished,0
5557,5,22,12,2024-03-10,97,111,Finished,0
3115,3,4,3,2022-03-08,121,132,Finished,0
765,1,25,27,2020-02-06,125,117,Finished,0
1394,2,26,8,2021-02-06,119,114,Finished,0
5219,5,9,17,2024-01-20,135,141,Finished,0
644,1,3,23,2020-01-20,111,117,Finished,0
211,1,8,11,2019-11-20,102,95,Finished,0
4532,4,1,7,2023-04-02,132,130,Finished,0
4067,4,26,23,2023-01-21,127,129,Finished,0
3389,4,20,9,2022-10-21,130,106,Finished,0
2416,3,15,28,2021-11-24,113,126,Finished,0
1260,2,1,9,2021-01-20,123,115,Finished,0
539,1,1,8,2020-01-06,115,109,Finished,0
2393,3,19,18,2021-11-22,96,110,Finished,0
3249,3,22,26,2022-03-26,110,114,Finished,0
4767,5,28,2,2023-11-17,105,108,Finished,0
2852,3,30,13,2022-01-25,115,116,Finished,0
3378,4,3,19,2022-10-19,108,130,Finished,0
406,1,12,14,2019-12-17,105,102,Finished,0
4660,5,29,15,2023-11-01,133,109,Finished,0
335,1,4,1,2019-12-08,107,122,Finished,0
823,1,26,15,2020-02-20,129,125,Finished,0
5097,5,20,5,2024-01-03,116,100,Finished,0
1432,2,25,23,2021-02-11,118,114,Finished,0
275,1,9,4,2019-11-29,107,110,Finished,0
4723,5,24,14,2023-11-10,119,122,Finished,0
577,1,9,5,2020-01-11,99,108,Finished,0
3797,4,4,1,2022-12-16,106,125,Finished,0
4171,4,18,8,2023-02-05,128,98,Finished,0
784,1,4,7,2020-02-08,100,116,Finished,0
2202,3,21,14,2021-10-27,123,115,Finished,0
1796,2,23,15,2021-04-04,100,116,Finished,0
3040,3,5,15,2022-02-26,110,116,Finished,0
5123,5,12,2,2024-01-06,101,118,Finished,0
4525,4,24,8,2023-03-31,100,93,Finished,0
395,1,11,27,2019-12-16,109,107,Finished,0
3241,3,4,29,2022-03-25,107,101,Finished,0
1678,2,3,30,2021-03-21,113,106,Finished,0
2429,3,20,24,2021-11-26,97,118,Finished,0
1830,2,13,11,2021-04-09,126,109,Finished,0
2279,3,10,11,2021-11-07,120,107,Finished,0
4580,4,14,24,2023-04-07,121,107,Finished,0
3037,3,22,11,2022-02-25,119,111,Finished,0
3683,4,6,23,2022-11-30,113,85,Finished,0
3894,4,7,11,2022-12-29,129,114,Finished,0
5475,5,28,7,2024-02-28,125,132,Finished,0
949,1,30,16,2020-03-08,89,100,Finished,0
5481,5,20,10,2024-02-29,99,110,Finished,0
849,1,11,20,2020-02-24,123,112,Finished,0
537,1,6,18,2020-01-05,75,118,Finished,0
5747,5,11,16,2024-04-05,104,119,Finished,0
3128,3,7,20,2022-03-09,77,107,Finished,0
435,1,15,26,2019-12-21,119,115,Finished,0
2996,3,8,22,2022-02-14,121,111,Finished,0
5419,5,25,18,2024-02-15,91,116,Finished,0
3178,3,27,21,2022-03-16,122,120,Finished,0
4538,4,21,24,2023-04-02,110,128,Finished,0
2630,3,21,19,2021-12-26,117,112,Finished,0
4134,4,8,19,2023-01-31,122,113,Finished,0
2139,2,9,16,2021-05-16,107,120,Finished,0
4558,4,17,5,2023-04-05,105,92,Finished,0
2692,3,6,15,2022-01-04,106,110,Finished,0
5829,5,21,7,2024-04-14,135,86,Finished,0
164,1,19,13,2019-11-14,132,127,Finished,0
2971,3,2,8,2022-02-11,108,102,Finished,0
3250,3,15,17,2022-03-26,127,102,Finished,0
1413,2,9,3,2021-02-09,122,111,Finished,0
2546,3,7,4,2021-12-13,120,96,Finished,0
3688,4,21,27,2022-11-30,119,111,Finished,0
3425,4,9,1,2022-10-26,113,118,Finished,0
759,1,28,12,2020-02-05,119,118,Finished,0
1956,2,12,9,2021-04-24,115,109,Finished,0
2399,3,30,4,2021-11-22,103,109,Finished,0
45,1,13,4,2019-10-28,111,96,Finished,0
4576,4,1,23,2023-04-07,131,136,Finished,0
5614,5,5,25,2024-03-18,110,107,Finished,0
3411,4,10,26,2022-10-23,130,125,Finished,0
3268,3,28,2,2022-03-28,115,112,Finished,0
5492,5,23,4,2024-03-01,121,114,Finished,0
20,1,3,20,2019-10-25,113,109,Finished,0
2506,3,6,5,2021-12-08,115,92,Finished,0
158,1,18,27,2019-11-13,129,114,Finished,0
1959,2,3,24,2021-04-25,128,119,Finished,0
1399,2,24,2,2021-02-07,100,91,Finished,0
2009,2,1,5,2021-05-01,108,97,Finished,0
4906,5,14,19,2023-12-07,133,89,Finished,0
356,1,5,1,2019-12-11,136,102,Finished,0
1168,2,10,13,2021-01-06,101,108,Finished,0
3958,4,21,30,2023-01-06,127,100,Finished,0
3132,3,8,10,2022-03-10,83,113,Finished,0
1615,2,3,9,2021-03-13,100,95,Finished,0
935,1,30,1,2020-03-06,118,112,Finished,0
2148,3,28,30,2021-10-20,83,98,Finished,0
387,1,28,3,2019-12-14,110,102,Finished,0
3727,4,4,13,2022-12-05,117,119,Finished,0
5777,5,23,9,2024-04-09,120,102,Finished,0
5471,5,12,19,2024-02-28,123,114,Finished,0
2207,3,10,15,2021-10-28,101,104,Finished,0
5051,5,10,16,2023-12-28,92,114,Finished,0
1001,1,26,7,2020-08-04,110,114,Finished,0
2549,3,28,26,2021-12-13,124,101,Finished,0
5302,5,11,19,2024-01-31,99,110,Finished,0
4440,4,15,7,2023-03-20,112,108,Finished,0
634,1,5,6,2020-01-18,118,114,Finished,0
1771,2,9,30,2021-04-01,120,91,Finished,0
1497,2,15,24,2021-02-20,97,128,Finished,0
5402,5,14,9,2024-02-13,125,111,Finished,0
4149,4,17,13,2023-02-02,106,105,Finished,0
2353,3,21,11,2021-11-17,101,89,Finished,0
264,1,2,3,2019-11-27,121,110,Finished,0
3777,4,30,3,2022-12-12,100,112,Finished,0
1331,2,29,7,2021-01-29,120,101,Finished,0
4183,4,3,13,2023-02-06,116,124,Finished,0
3495,4,23,20,2022-11-04,104,106,Finished,0
5321,5,21,4,2024-02-02,126,106,Finished,0
5338,5,18,11,2024-02-04,111,90,Finished,0
1927,2,27,16,2021-04-21,87,107,Finished,0
1328,2,4,12,2021-01-29,108,105,Finished,0
2954,3,15,13,2022-02-08,135,109,Finished,0
3296,3,2,12,2022-04-01,128,123,Finished,0
1037,1,17,28,2020-08-10,106,114,Finished,0
2895,3,1,28,2022-01-31,100,106,Finished,0
374,1,18,13,2019-12-13,117,124,Finished,0
436,1,4,29,2019-12-21,107,114,Finished,0
315,1,22,24,2019-12-04,128,114,Finished,0
3387,4,10,8,2022-10-21,123,128,Finished,0
401,1,19,3,2019-12-17,101,108,Finished,0
3781,4,11,24,2022-12-13,111,97,Finished,0
2551,3,15,23,2021-12-13,126,91,Finished,0
5245,5,19,29,2024-01-23,153,124,Finished,0
55,1,6,5,2019-10-30,117,111,Finished,0
1883,2,6,10,2021-04-15,101,119,Finished,0
4023,4,27,26,2023-01-15,119,132,Finished,0
3150,3,2,7,2022-03-13,92,95,Finished,0
1078,2,2,3,2020-12-25,95,123,Finished,0
1909,2,1,12,2021-04-18,129,117,Finished,0
887,1,2,11,2020-02-29,110,111,Finished,0
3078,3,27,26,2022-03-03,112,115,Finished,0
3282,3,2,16,2022-03-30,98,106,Finished,0
2340,3,30,19,2021-11-15,105,100,Finished,0
5755,5,13,29,2024-04-05,131,102,Finished,0
3812,4,24,19,2022-12-17,118,114,Finished,0
3041,3,16,27,2022-02-26,133,129,Finished,0
195,1,7,27,2019-11-18,117,110,Finished,0
3055,3,17,4,2022-02-28,130,106,Finished,0
2096,2,1,30,2021-05-12,120,116,Finished,0
2280,3,28,3,2021-11-07,103,116,Finished,0
719,1,11,7,2020-01-31,128,121,Finished,0
1419,2,7,1,2021-02-10,118,117,Finished,0
18,1,8,24,2019-10-25,108,101,Finished,0
3092,3,18,25,2022-03-05,135,121,Finished,0
3330,3,5,2,2022-04-06,94,117,Finished,0
4065,4,30,22,2023-01-21,128,118,Finished,0
5361,5,15,5,2024-02-08,110,118,Finished,0
1028,1,26,11,2020-08-09,112,129,Finished,0
2608,3,22,19,2021-12-23,104,110,Finished,0
4379,4,24,26,2023-03-11,119,128,Finished,0
2628,3,27,9,2021-12-26,144,109,Finished,0
84,1,9,3,2019-11-02,113,109,Finished,0
481,1,5,1,2019-12-28,116,81,Finished,0
37,1,18,16,2019-10-27,116,109,Finished,0
4499,4,1,6,2023-03-28,120,118,Finished,0
343,1,2,6,2019-12-09,110,88,Finished,0
3488,4,22,10,2022-11-03,130,129,Finished,0
3824,4,23,28,2022-12-19,104,101,Finished,0
3262,3,4,8,2022-03-28,109,113,Finished,0
3881,4,21,27,2022-12-27,130,114,Finished,0
1366,2,16,30,2021-02-03,100,103,Finished,0
5267,5,27,25,2024-01-26,116,100,Finished,0
3920,4,11,7,2023-01-02,106,111,Finished,0
3765,4,9,14,2022-12-11,117,124,Finished,0
4957,5,27,14,2023-12-15,129,115,Finished,0
2866,3,27,5,2022-01-28,131,122,Finished,0
4664,5,2,12,2023-11-01,155,104,Finished,0
709,1,27,29,2020-01-29,127,120,Finished,0
3523,4,13,6,2022-11-07,119,117,Finished,0
2669,3,11,8,2022-01-01,111,124,Finished,0
4834,5,30,1,2023-11-25,108,136,Finished,0
3740,4,18,12,2022-12-07,121,115,Finished,0
2245,3,7,16,2021-11-02,110,125,Finished,0
2997,3,13,10,2022-02-14,119,104,Finished,0
3714,4,30,14,2022-12-04,105,130,Finished,0
3271,3,7,14,2022-03-29,128,110,Finished,0
1550,2,20,12,2021-02-27,110,107,Finished,0
2892,3,12,13,2022-01-31,122,116,Finished,0
4332,4,13,15,2023-03-05,135,129,Finished,0
2513,3,9,30,2021-12-08,116,119,Finished,0
1929,2,28,3,2021-04-21,114,103,Finished,0
1579,2,6,12,2021-03-03,111,114,Finished,0
5819,5,23,3,2024-04-14,107,86,Finished,0
3198,3,18,17,2022-03-19,138,119,Finished,0
1748,2,13,17,2021-03-29,129,105,Finished,0
1231,2,2,22,2021-01-15,124,97,Finished,0
524,1,10,9,2020-01-04,104,111,Finished,0
4450,4,3,6,2023-03-21,109,115,Finished,0
3762,4,10,2,2022-12-10,123,107,Finished,0
4037,4,17,28,2023-01-17,130,122,Finished,0
336,1,16,5,2019-12-08,110,105,Finished,0
4792,5,25,21,2023-11-19,91,134,Finished,0
4561,4,12,20,2023-04-05,129,138,Finished,0
2510,3,18,29,2021-12-08,104,136,Finished,0
1598,2,17,20,2021-03-11,134,101,Finished,0
5036,5,11,12,2023-12-26,117,123,Finished,0
2066,2,23,9,2021-05-08,118,104,Finished,0
5156,5,7,20,2024-01-11,128,124,Finished,0
2879,3,16,28,2022-01-29,120,124,Finished,0
1491,2,13,29,2021-02-19,116,112,Finished,0
1204,2,10,28,2021-01-10,106,105,Finished,0
4425,4,5,16,2023-03-18,113,99,Finished,0
1330,2,27,8,2021-01-29,119,109,Finished,0
843,1,8,18,2020-02-23,115,116,Finished,0
5073,5,29,16,2023-12-30,117,109,Finished,0
427,1,28,30,2019-12-20,122,118,Finished,0
5414,5,2,3,2024-02-14,136,86,Finished,0
2255,3,3,1,2021-11-03,117,108,Finished,0
1758,2,18,20,2021-03-31,102,101,Finished,0
4897,5,28,16,2023-12-06,103,112,Finished,0
5622,5,30,11,2024-03-19,114,137,Finished,0
1953,2,29,18,2021-04-24,96,101,Finished,0
4115,4,25,28,2023-01-28,105,123,Finished,0
833,1,28,24,2020-02-21,118,93,Finished,0
3070,3,23,20,2022-03-02,123,108,Finished,0
3101,3,21,29,2022-03-06,103,116,Finished,0
5028,5,10,25,2023-12-23,126,106,Finished,0
3023,3,9,6,2022-02-24,106,103,Finished,0
1501,2,13,3,2021-02-21,108,112,Finished,0
51,1,27,25,2019-10-28,113,110,Finished,0
2057,2,17,11,2021-05-07,141,133,Finished,0
3677,4,3,22,2022-11-28,109,102,Finished,0
1454,2,26,15,2021-02-14,110,124,Finished,0
5718,5,22,25,2024-04-01,104,103,Finished,0
5506,5,7,23,2024-03-03,115,120,Finished,0
3837,4,1,5,2022-12-21,108,110,Finished,0
5238,5,28,15,2024-01-22,100,108,Finished,0
5275,5,4,29,2024-01-27,122,134,Finished,0
5092,5,26,4,2024-01-02,104,111,Finished,0
4375,4,11,5,2023-03-11,111,119,Finished,0
5204,5,25,3,2024-01-17,105,103,Finished,0
1421,2,5,19,2021-02-10,129,116,Finished,0
575,1,29,4,2020-01-10,109,92,Finished,0
2573,3,22,16,2021-12-17,105,115,Finished,0
5465,5,17,4,2024-02-27,123,85,Finished,0
3287,3,1,6,2022-03-31,131,107,Finished,0
1988,2,6,22,2021-04-28,104,109,Finished,0
4761,5,30,7,2023-11-15,117,125,Finished,0
4700,5,18,2,2023-11-06,114,109,Finished,0
3325,3,3,11,2022-04-05,118,105,Finished,0
805,1,21,27,2020-02-11,106,114,Finished,0
4978,5,1,9,2023-12-18,130,124,Finished,0
5431,5,26,27,2024-02-22,127,122,Finished,0
5544,5,20,22,2024-03-08,98,74,Finished,0
4981,5,16,18,2023-12-18,108,112,Finished,0
3056,3,3,28,2022-02-28,97,133,Finished,0
142,1,10,29,2019-11-11,108,122,Finished,0
1907,2,20,19,2021-04-18,122,112,Finished,0
2107,2,15,26,2021-05-13,116,110,Finished,0
3380,4,18,21,2022-10-19,115,108,Finished,0
350,1,10,15,2019-12-09,102,110,Finished,0
4568,4,27,25,2023-04-06,129,127,Finished,0
5072,5,18,14,2023-12-30,108,106,Finished,0
5058,5,2,28,2023-12-29,120,118,Finished,0
5607,5,27,3,2024-03-17,122,115,Finished,0
4098,4,25,29,2023-01-25,134,124,Finished,0
5179,5,8,12,2024-01-14,117,109,Finished,0
5121,5,26,28,2024-01-05,135,130,Finished,0
4167,4,3,30,2023-02-04,125,105,Finished,0
81,1,30,18,2019-11-02,109,131,Finished,0
2192,3,21,10,2021-10-26,98,106,Finished,0
2037,2,16,7,2021-05-04,113,127,Finished,0
4459,4,30,8,2023-03-22,96,118,Finished,0
570,1,7,14,2020-01-10,114,129,Finished,0
766,1,14,11,2020-02-06,111,121,Finished,0
3854,4,2,18,2022-12-23,121,109,Finished,0
4975,5,25,10,2023-12-17,114,110,Finished,0
5003,5,5,27,2023-12-21,114,95,Finished,0
561,1,4,28,2020-01-08,110,112,Finished,0
2278,3,20,6,2021-11-07,109,126,Finished,0
159,1,25,28,2019-11-13,106,114,Finished,0
2884,3,4,13,2022-01-30,90,115,Finished,0
3491,4,19,10,2022-11-04,114,105,Finished,0
3750,4,23,14,2022-12-09,133,122,Finished,0
3885,4,19,18,2022-12-28,119,118,Finished,0
4340,4,16,1,2023-03-06,130,128,Finished,0
815,1,3,28,2020-02-12,101,91,Finished,0
3125,3,27,28,2022-03-09,104,119,Finished,0
3165,3,14,28,2022-03-14,103,114,Finished,0
3342,3,16,1,2022-04-08,113,109,Finished,0
2000,2,14,26,2021-04-30,106,110,Finished,0
47,1,1,23,2019-10-28,103,105,Finished,0
871,1,16,18,2020-02-26,126,129,Finished,0
4220,4,26,7,2023-02-11,133,128,Finished,0
3732,4,20,1,2022-12-07,113,89,Finished,0
3514,4,12,19,2022-11-07,129,122,Finished,0
5677,5,8,24,2024-03-27,97,104,Finished,0
5085,5,8,4,2024-01-01,111,93,Finished,0
456,1,14,13,2019-12-25,106,111,Finished,0
5017,5,5,6,2023-12-23,95,109,Finished,0
104,1,15,18,2019-11-06,137,121,Finished,0
5739,5,7,1,2024-04-04,109,95,Finished,0
3289,3,29,14,2022-03-31,122,109,Finished,0
1414,2,25,22,2021-02-09,106,97,Finished,0
4755,5,4,16,2023-11-14,105,111,Finished,0
2354,3,17,14,2021-11-17,109,102,Finished,0
1128,2,10,25,2021-01-01,98,123,Finished,0
5240,5,18,4,2024-01-22,125,128,Finished,0
938,1,24,25,2020-03-06,103,117,Finished,0
2374,3,4,12,2021-11-19,121,118,Finished,0
1429,2,10,22,2021-02-11,111,105,Finished,0
3642,4,2,26,2022-11-25,122,104,Finished,0
5770,5,4,21,2024-04-07,118,121,Finished,0
5349,5,12,11,2024-02-06,132,129,Finished,0
4536,4,11,14,2023-04-02,109,134,Finished,0
377,1,15,17,2019-12-13,114,127,Finished,0
3702,4,4,30,2022-12-02,117,104,Finished,0
3144,3,10,17,2022-03-12,122,109,Finished,0
5497,5,24,11,2024-03-02,109,118,Finished,0
5457,5,12,28,2024-02-26,122,130,Finished,0
3517,4,27,8,2022-11-07,109,115,Finished,0
1868,2,25,2,2021-04-13,115,116,Finished,0
1543,2,16,29,2021-02-26,124,116,Finished,0
463,1,21,15,2019-12-26,97,110,Finished,0
2288,3,23,20,2021-11-08,96,103,Finished,0
4028,4,14,11,2023-01-16,140,132,Finished,0
1917,2,9,6,2021-04-19,109,105,Finished,0
955,1,20,9,2020-03-08,96,84,Finished,0
5454,5,23,17,2024-02-25,98,119,Finished,0
2158,3,22,20,2021-10-22,96,121,Finished,0
5810,5,10,19,2024-04-12,109,114,Finished,0
2865,3,1,2,2022-01-28,108,92,Finished,0
695,1,29,11,2020-01-27,117,126,Finished,0
2990,3,12,18,2022-02-13,120,129,Finished,0
517,1,2,1,2020-01-03,109,106,Finished,0
649,1,30,9,2020-01-20,106,100,Finished,0
5825,5,2,30,2024-04-14,132,122,Finished,0
2736,3,20,27,2022-01-10,111,96,Finished,0
1118,2,3,1,2020-12-30,145,141,Finished,0
179,1,27,25,2019-11-16,116,121,Finished,0
5202,5,28,16,2024-01-17,121,97,Finished,0
4396,4,4,6,2023-03-14,104,120,Finished,0
3450,4,5,23,2022-10-29,109,114,Finished,0
957,1,8,17,2020-03-09,102,95,Finished,0
3046,3,10,7,2022-02-27,101,107,Finished,0
1340,2,27,15,2021-01-30,112,129,Finished,0
3193,3,6,8,2022-03-18,119,114,Finished,0
657,1,5,18,2020-01-22,117,110,Finished,0
2011,2,18,19,2021-05-01,136,140,Finished,0
4478,4,16,3,2023-03-25,100,129,Finished,0
5327,5,7,17,2024-02-03,117,129,Finished,0
3266,3,6,22,2022-03-28,107,101,Finished,0
1206,2,1,23,2021-01-11,112,94,Finished,0
2134,2,28,12,2021-05-16,113,125,Finished,0
567,1,30,1,2020-01-10,111,101,Finished,0
3660,4,9,6,2022-11-27,94,102,Finished,0
112,1,13,25,2019-11-07,107,101,Finished,0
859,1,28,17,2020-02-25,97,108,Finished,0
4865,5,6,25,2023-11-30,95,103,Finished,0
3505,4,18,11,2022-11-05,129,117,Finished,0
821,1,1,16,2020-02-20,129,124,Finished,0
4095,4,26,28,2023-01-25,95,113,Finished,0
3651,4,22,23,2022-11-25,99,107,Finished,0
1782,2,16,6,2021-04-03,115,101,Finished,0
2120,2,27,24,2021-05-15,103,140,Finished,0
3269,3,30,5,2022-03-29,94,107,Finished,0
4667,5,23,28,2023-11-02,114,99,Finished,0
4941,5,16,4,2023-12-13,115,104,Finished,0
3998,4,25,6,2023-01-12,113,119,Finished,0
1361,2,22,28,2021-02-02,108,123,Finished,0
3756,4,6,21,2022-12-10,110,102,Finished,0
2873,3,4,14,2022-01-28,117,114,Finished,0
2944,3,5,24,2022-02-07,124,127,Finished,0
4648,5,28,25,2023-10-30,91,99,Finished,0
1584,2,19,16,2021-03-04,93,103,Finished,0
2693,3,19,24,2022-01-04,110,123,Finished,0
5695,5,8,18,2024-03-29,98,109,Finished,0
2942,3,6,12,2022-02-06,98,85,Finished,0
417,1,27,3,2019-12-19,118,105,Finished,0
543,1,23,21,2020-01-06,120,113,Finished,0
941,1,4,11,2020-03-07,108,99,Finished,0
1045,1,8,13,2020-08-12,105,124,Finished,0
5230,5,22,16,2024-01-21,105,87,Finished,0
1353,2,5,20,2021-02-01,110,102,Finished,0
3521,4,29,14,2022-11-07,139,116,Finished,0
4960,5,28,1,2023-12-15,104,125,Finished,0
974,1,17,2,2020-07-31,119,112,Finished,0
4883,5,16,12,2023-12-02,129,144,Finished,0
1939,2,7,14,2021-04-22,115,110,Finished,0
2831,3,8,9,2022-01-23,117,111,Finished,0
993,1,16,28,2020-08-03,103,107,Finished,0
4416,4,1,10,2023-03-17,127,119,Finished,0
3057,3,21,26,2022-02-28,110,131,Finished,0
5427,5,28,3,2024-02-22,121,93,Finished,0
3626,4,24,14,2022-11-22,115,105,Finished,0
5226,5,20,28,2024-01-20,126,100,Finished,0
5260,5,30,29,2024-01-25,108,123,Finished,0
4376,4,13,20,2023-03-11,106,95,Finished,0
4371,4,27,8,2023-03-10,128,120,Finished,0
3234,3,19,5,2022-03-24,126,109,Finished,0
5191,5,30,9,2024-01-15,117,129,Finished,0
4923,5,17,5,2023-12-11,133,129,Finished,0
4855,5,3,28,2023-11-28,115,103,Finished,0
3322,3,29,15,2022-04-05,121,115,Finished,0
2786,3,13,12,2022-01-17,139,133,Finished,0
3102,3,30,12,2022-03-06,133,123,Finished,0
2116,2,30,6,2021-05-14,120,105,Finished,0
5738,5,2,21,2024-04-03,135,100,Finished,0
995,1,23,27,2020-08-03,132,130,Finished,0
338,1,30,13,2019-12-08,119,135,Finished,0
563,1,21,11,2020-01-09,113,92,Finished,0
3497,4,14,29,2022-11-04,116,130,Finished,0
3097,3,2,3,2022-03-06,126,120,Finished,0
5627,5,10,15,2024-03-20,137,116,Finished,0
1834,2,19,23,2021-04-09,101,94,Finished,0
1008,1,29,15,2020-08-05,124,115,Finished,0
1681,2,6,28,2021-03-21,116,105,Finished,0
4457,4,5,23,2023-03-22,91,116,Finished,0
469,1,4,21,2019-12-27,102,104,Finished,0
4984,5,26,30,2023-12-18,143,131,Finished,0
4922,5,19,18,2023-12-11,121,107,Finished,0
308,1,1,3,2019-12-04,118,130,Finished,0
2054,2,23,19,2021-05-07,109,107,Finished,0
4528,4,23,28,2023-03-31,117,110,Finished,0
3019,3,17,23,2022-02-17,120,123,Finished,0
3537,4,4,25,2022-11-09,95,105,Finished,0
5232,5,11,2,2024-01-21,107,116,Finished,0
878,1,13,8,2020-02-28,132,103,Finished,0
4787,5,12,22,2023-11-19,116,128,Finished,0
124,1,18,10,2019-11-08,125,119,Finished,0
885,1,24,9,2020-02-28,100,113,Finished,0
2367,3,15,13,2021-11-18,120,108,Finished,0
1,1,28,19,2019-10-22,130,122,Finished,0
1050,1,2,30,2020-08-13,90,96,Finished,0
3187,3,29,13,2022-03-18,121,92,Finished,0
4141,4,15,25,2023-02-01,112,122,Finished,0
4753,5,23,12,2023-11-14,126,132,Finished,0
224,1,13,11,2019-11-22,122,119,Finished,0
5745,5,5,20,2024-04-05,108,100,Finished,0
1739,2,4,24,2021-03-28,97,101,Finished,0
5014,5,26,24,2023-12-22,120,105,Finished,0
2335,3,4,10,2021-11-14,106,102,Finished,0
5144,5,7,15,2024-01-09,103,120,Finished,0
258,1,17,1,2019-11-27,111,102,Finished,0
3631,4,17,5,2022-11-23,113,118,Finished,0
2324,3,6,2,2021-11-13,91,89,Finished,0
4625,5,2,16,2023-10-27,119,111,Finished,0
3390,4,1,22,2022-10-21,108,98,Finished,0
3843,4,21,25,2022-12-21,101,98,Finished,0
3871,4,25,4,2022-12-26,124,113,Finished,0
3248,3,16,3,2022-03-26,95,110,Finished,0
5091,5,10,22,2024-01-02,119,115,Finished,0
155,1,14,10,2019-11-13,120,94,Finished,0
1274,2,13,21,2021-01-22,120,106,Finished,0
5588,5,17,23,2024-03-14,114,105,Finished,0
5704,5,22,15,2024-03-30,118,88,Finished,0
3069,3,22,12,2022-03-02,114,122,Finished,0
2369,3,2,14,2021-11-19,130,108,Finished,0
3801,4,23,10,2022-12-16,118,106,Finished,0
2501,3,4,23,2021-12-06,124,127,Finished,0
5458,5,26,16,2024-02-26,110,121,Finished,0
5619,5,18,8,2024-03-19,104,115,Finished,0
1146,2,24,13,2021-01-03,107,112,Finished,0
4405,4,5,26,2023-03-15,114,117,Finished,0
4882,5,14,11,2023-12-02,107,97,Finished,0
1000,1,25,11,2020-08-04,110,102,Finished,0
5806,5,6,12,2024-04-12,129,120,Finished,0
3700,4,17,14,2022-12-02,129,133,Finished,0
2830,3,30,2,2022-01-23,87,116,Finished,0
2808,3,5,6,2022-01-19,117,104,Finished,0
3333,3,13,24,2022-04-06,113,109,Finished,0
1573,2,30,15,2021-03-02,111,125,Finished,0
4760,5,5,22,2023-11-15,94,96,Finished,0
2945,3,30,16,2022-02-07,100,121,Finished,0
4741,5,13,15,2023-11-12,101,105,Finished,0
2657,3,6,1,2021-12-31,118,121,Finished,0
5487,5,5,17,2024-03-01,97,113,Finished,0
3306,3,6,23,2022-04-03,108,112,Finished,0
536,1,14,9,2020-01-05,106,99,Finished,0
5611,5,14,1,2024-03-18,136,105,Finished,0
5248,5,7,24,2024-01-24,103,132,Finished,0
4771,5,4,17,2023-11-17,99,130,Finished,0
2770,3,15,7,2022-01-14,85,112,Finished,0
2127,2,5,17,2021-05-16,118,112,Finished,0
2965,3,10,20,2022-02-10,114,116,Finished,0
5127,5,6,27,2024-01-07,117,115,Finished,0
1971,2,9,1,2021-04-26,100,86,Finished,0
3430,4,17,3,2022-10-26,110,99,Finished,0
1800,2,27,6,2021-04-05,101,125,Finished,0
4517,4,3,1,2023-03-31,124,107,Finished,0
5595,5,11,6,2024-03-16,117,103,Finished,0
5278,5,3,11,2024-01-27,106,104,Finished,0
1814,2,12,18,2021-04-07,141,137,Finished,0
3595,4,11,12,2022-11-18,91,99,Finished,0
2418,3,10,23,2021-11-24,116,96,Finished,0
4781,5,19,18,2023-11-18,120,121,Finished,0
3704,4,3,28,2022-12-02,114,105,Finished,0
2109,2,5,28,2021-05-13,114,102,Finished,0
4683,5,3,2,2023-11-04,114,124,Finished,0
2931,3,25,17,2022-02-05,108,137,Finished,0
921,1,9,21,2020-03-04,107,114,Finished,0
4092,4,22,12,2023-01-25,126,120,Finished,0
4035,4,13,23,2023-01-17,110,120,Finished,0
4822,5,10,27,2023-11-24,98,112,Finished,0
4194,4,29,18,2023-02-08,118,143,Finished,0
1161,2,15,14,2021-01-05,92,94,Finished,0
240,1,6,3,2019-11-25,106,108,Finished,0
2180,3,8,6,2021-10-25,85,99,Finished,0
3365,3,4,30,2022-04-10,124,108,Finished,0
692,1,8,11,2020-01-26,100,110,Finished,0
2088,2,10,24,2021-05-11,122,116,Finished,0
2566,3,3,23,2021-12-16,114,105,Finished,0
3210,3,7,18,2022-03-21,110,108,Finished,0
5661,5,1,2,2024-03-25,120,118,Finished,0
2525,3,12,7,2021-12-10,106,93,Finished,0
3199,3,6,9,2022-03-19,113,109,Finished,0
3194,3,24,5,2022-03-18,129,102,Finished,0
340,1,25,21,2019-12-08,96,108,Finished,0
751,1,8,25,2020-02-04,120,99,Finished,0
3169,3,16,9,2022-03-15,105,98,Finished,0
2966,3,11,28,2022-02-10,120,139,Finished,0
4665,5,21,19,2023-11-01,106,110,Finished,0
5609,5,7,8,2024-03-17,99,105,Finished,0
2022,2,21,24,2021-05-02,120,115,Finished,0
3005,3,18,4,2022-02-15,126,120,Finished,0
5460,5,1,29,2024-02-27,124,97,Finished,0
1574,2,22,1,2021-03-03,112,115,Finished,0
3974,4,2,5,2023-01-09,107,99,Finished,0
1112,2,9,10,2020-12-29,106,116,Finished,0
2839,3,7,15,2022-01-23,104,91,Finished,0
15,1,11,17,2019-10-24,111,117,Finished,0
326,1,27,26,2019-12-06,105,104,Finished,0
194,1,28,4,2019-11-18,132,96,Finished,0
4030,4,20,28,2023-01-16,121,123,Finished,0
3681,4,22,1,2022-11-30,108,125,Finished,0
5527,5,25,21,2024-03-06,120,128,Finished,0
1401,2,20,16,2021-02-07,103,109,Finished,0
2140,3,14,10,2021-10-19,114,121,Finished,0
716,1,8,29,2020-01-30,99,100,Finished,0
4197,4,30,4,2023-02-08,118,104,Finished,0
773,1,12,28,2020-02-07,106,115,Finished,0
3852,4,8,25,2022-12-23,120,107,Finished,0
4949,5,16,5,2023-12-14,116,124,Finished,0
2958,3,6,27,2022-02-09,105,92,Finished,0
397,1,24,25,2019-12-16,110,111,Finished,0
502,1,27,10,2019-12-31,117,113,Finished,0
947,1,3,5,2020-03-08,110,107,Finished,0
3987,4,1,17,2023-01-11,105,114,Finished,0
2159,3,14,24,2021-10-22,105,115,Finished,0
2,1,13,14,2019-10-22,112,102,Finished,0
2458,3,12,1,2021-12-01,111,114,Finished,0
1218,2,11,14,2021-01-12,100,117,Finished,0
5512,5,3,15,2024-03-04,102,106,Finished,0
389,1,19,22,2019-12-15,119,130,Finished,0
1532,2,20,26,2021-02-25,140,121,Finished,0
5440,5,1,28,2024-02-23,121,123,Finished,0
2504,3,27,20,2021-12-07,109,121,Finished,0
2290,3,10,1,2021-11-08,127,113,Finished,0
2680,3,25,1,2022-01-03,136,131,Finished,0
3674,4,2,4,2022-11-28,140,105,Finished,0
1631,2,7,13,2021-03-15,99,109,Finished,0
5444,5,9,22,2024-02-24,109,112,Finished,0
243,1,12,15,2019-11-25,126,114,Finished,0
4248,4,12,5,2023-02-15,117,113,Finished,0
3377,4,27,4,2022-10-19,102,129,Finished,0
344,1,19,9,2019-12-09,103,105,Finished,0
382,1,17,6,2019-12-14,125,108,Finished,0
2750,3,27,11,2022-01-12,124,128,Finished,0
4557,4,4,28,2023-04-04,100,120,Finished,0
3415,4,11,29,2022-10-24,114,108,Finished,0
348,1,24,18,2019-12-09,105,109,Finished,0
75,1,2,20,2019-11-01,104,102,Finished,0
2036,2,9,4,2021-05-04,99,102,Finished,0
1524,2,29,14,2021-02-24,114,89,Finished,0
5363,5,12,10,2024-02-08,109,120,Finished,0
3496,4,24,25,2022-11-04,106,108,Finished,0
3515,4,5,28,2022-11-07,111,97,Finished,0
5496,5,3,1,2024-03-02,114,102,Finished,0
3696,4,2,16,2022-12-02,116,120,Finished,0
2274,3,16,29,2021-11-06,118,115,Finished,0
4287,4,20,2,2023-02-27,109,94,Finished,0
5453,5,24,14,2024-02-25,123,113,Finished,0
3339,3,28,23,2022-04-07,119,114,Finished,0
3197,3,30,14,2022-03-19,127,119,Finished,0
371,1,23,19,2019-12-13,116,109,Finished,0
1386,2,16,30,2021-02-05,122,95,Finished,0
4002,4,13,8,2023-01-13,103,115,Finished,0
3050,3,12,2,2022-02-27,128,107,Finished,0
4696,5,3,17,2023-11-06,125,129,Finished,0
3483,4,23,30,2022-11-02,111,115,Finished,0
3316,3,27,25,2022-04-03,113,92,Finished,0
4624,5,4,9,2023-10-27,99,111,Finished,0
3545,4,2,8,2022-11-11,131,112,Finished,0
3486,4,17,9,2022-11-02,116,91,Finished,0
1343,2,8,29,2021-01-31,122,117,Finished,0
244,1,2,26,2019-11-25,103,102,Finished,0
1702,2,17,2,2021-03-24,121,119,Finished,0
1072,2,12,20,2020-12-23,121,107,Finished,0
4275,4,4,16,2023-02-25,108,103,Finished,0
1069,2,25,29,2020-12-23,100,120,Finished,0
3033,3,12,21,2022-02-25,125,129,Finished,0
2229,3,17,29,2021-10-31,95,107,Finished,0
5646,5,16,19,2024-03-22,88,111,Finished,0
4140,4,23,22,2023-02-01,105,94,Finished,0
1405,2,27,10,2021-02-08,105,100,Finished,0
4559,4,7,26,2023-04-05,123,119,Finished,0
5070,5,5,23,2023-12-30,105,92,Finished,0
5126,5,22,1,2024-01-07,117,110,Finished,0
3857,4,26,30,2022-12-23,111,109,Finished,0
4595,4,28,17,2023-04-09,121,105,Finished,0
4187,4,14,21,2023-02-07,130,133,Finished,0
1384,2,4,29,2021-02-05,121,138,Finished,0
1729,2,18,11,2021-03-27,107,129,Finished,0
3235,3,17,30,2022-03-24,114,102,Finished,0
3363,3,24,26,2022-04-10,109,116,Finished,0
4137,4,17,4,2023-01-31,124,115,Finished,0
1311,2,6,9,2021-01-27,122,107,Finished,0
2364,3,16,30,2021-11-18,112,97,Finished,0
1723,2,29,15,2021-03-26,117,114,Finished,0
2017,2,4,16,2021-05-02,111,121,Finished,0
3874,4,12,1,2022-12-27,129,114,Finished,0
2292,3,8,16,2021-11-08,99,96,Finished,0
28,1,6,12,2019-10-26,110,99,Finished,0
3989,4,30,5,2023-01-11,83,97,Finished,0
3297,3,8,18,2022-04-01,130,136,Finished,0
508,1,18,10,2020-01-02,99,84,Finished,0
4848,5,12,25,2023-11-27,110,114,Finished,0
5530,5,8,2,2024-03-07,115,109,Finished,0
5103,5,7,25,2024-01-03,126,97,Finished,0
5758,5,3,9,2024-04-06,113,103,Finished,0
1549,2,22,29,2021-02-27,109,124,Finished,0
229,1,20,27,2019-11-23,104,111,Finished,0
1689,2,15,2,2021-03-22,132,126,Finished,0
4746,5,28,30,2023-11-13,111,107,Finished,0
57,1,29,13,2019-10-30,110,96,Finished,0
4021,4,8,22,2023-01-15,119,116,Finished,0
4047,4,2,10,2023-01-19,121,118,Finished,0
3299,3,27,25,2022-04-01,130,111,Finished,0
2962,3,29,10,2022-02-09,111,85,Finished,0
486,1,19,11,2019-12-29,127,112,Finished,0
672,1,4,17,2020-01-24,103,116,Finished,0
2379,3,30,16,2021-11-20,103,100,Finished,0
783,1,9,20,2020-02-08,92,95,Finished,0
261,1,23,26,2019-11-27,97,91,Finished,0
3728,4,22,17,2022-12-05,102,109,Finished,0
1774,2,20,7,2021-04-02,86,99,Finished,0
3120,3,4,2,2022-03-09,101,115,Finished,0
3372,4,1,11,2022-10-19,117,107,Finished,0
4662,5,9,25,2023-11-01,101,110,Finished,0
5818,5,22,17,2024-04-14,113,88,Finished,0
3314,3,21,24,2022-04-03,117,96,Finished,0
717,1,30,4,2020-01-30,121,107,Finished,0
1248,2,13,12,2021-01-17,129,96,Finished,0
3755,4,22,28,2022-12-09,113,109,Finished,0
4410,4,16,15,2023-03-15,138,119,Finished,0
972,1,14,13,2020-07-30,103,101,Finished,0
5820,5,12,1,2024-04-14,157,115,Finished,0
4842,5,3,5,2023-11-26,118,109,Finished,0
1611,2,14,12,2021-03-12,105,100,Finished,0
4163,4,21,11,2023-02-04,153,121,Finished,0
1716,2,14,6,2021-03-26,100,86,Finished,0
2426,3,15,1,2021-11-26,100,132,Finished,0
2090,2,5,3,2021-05-11,107,115,Finished,0
391,1,8,20,2019-12-15,109,105,Finished,0
3064,3,14,7,2022-03-01,104,109,Finished,0
5550,5,8,29,2024-03-09,142,121,Finished,0
2917,3,27,16,2022-02-03,95,112,Finished,0
2717,3,5,30,2022-01-07,130,122,Finished,0
3203,3,11,15,2022-03-20,98,122,Finished,0
3604,4,12,22,2022-11-19,114,113,Finished,0
1355,2,17,25,2021-02-01,134,106,Finished,0
1916,2,30,21,2021-04-19,119,107,Finished,0
1463,2,29,23,2021-02-15,134,123,Finished,0
1378,2,7,10,2021-02-04,116,147,Finished,0
5049,5,30,28,2023-12-27,102,132,Finished,0
2454,3,24,10,2021-11-30,104,96,Finished,0
1223,2,21,14,2021-01-13,99,128,Finished,0
394,1,21,5,2019-12-16,109,106,Finished,0
550,1,14,20,2020-01-07,117,87,Finished,0
1951,2,16,5,2021-04-24,106,101,Finished,0
3217,3,5,28,2022-03-21,113,99,Finished,0
4119,4,18,26,2023-01-28,117,110,Finished,0
5135,5,4,5,2024-01-08,112,119,Finished,0
5780,5,1,16,2024-04-09,111,117,Finished,0
755,1,7,15,2020-02-05,107,121,Finished,0
2853,3,6,17,2022-01-26,115,99,Finished,0
922,1,3,15,2020-03-04,79,118,Finished,0
1780,2,15,18,2021-04-02,120,108,Finished,0
4796,5,10,11,2023-11-20,103,116,Finished,0
2105,2,12,17,2021-05-13,133,142,Finished,0
5107,5,27,17,2024-01-04,121,125,Finished,0
4564,4,1,30,2023-04-05,134,116,Finished,0
4227,4,23,11,2023-02-13,123,104,Finished,0
5548,5,10,27,2024-03-09,111,126,Finished,0
1660,2,1,21,2021-03-18,116,93,Finished,0
1365,2,6,13,2021-02-03,99,121,Finished,0
1863,2,18,3,2021-04-13,97,127,Finished,0
3216,3,23,16,2022-03-21,113,106,Finished,0
3637,4,6,25,2022-11-23,114,96,Finished,0
3035,3,30,27,2022-02-25,153,157,Finished,0
3204,3,22,21,2022-03-20,90,85,Finished,0
5298,5,20,29,2024-01-30,118,103,Finished,0
4505,4,5,14,2023-03-29,110,121,Finished,0
2063,2,25,14,2021-05-07,106,101,Finished,0
1409,2,24,6,2021-02-08,119,113,Finished,0
1323,2,16,13,2021-01-28,105,109,Finished,0
1534,2,23,7,2021-02-25,111,97,Finished,0
4531,4,19,13,2023-04-01,122,114,Finished,0
4354,4,2,25,2023-03-08,115,93,Finished,0
4350,4,9,30,2023-03-07,117,119,Finished,0
1807,2,10,17,2021-04-06,122,121,Finished,0
433,1,25,18,2019-12-21,113,106,Finished,0
2163,3,6,4,2021-10-22,112,123,Finished,0
1319,2,16,8,2021-01-27,82,109,Finished,0
4147,4,7,19,2023-02-02,111,106,Finished,0
2293,3,14,4,2021-11-08,126,123,Finished,0
5376,5,3,27,2024-02-10,123,103,Finished,0
2352,3,1,2,2021-11-17,110,99,Finished,0
2590,3,24,4,2021-12-19,137,106,Finished,0
5702,5,1,17,2024-03-30,113,122,Finished,0
219,1,23,27,2019-11-22,115,104,Finished,0
3397,4,22,2,2022-10-22,120,126,Finished,0
1581,2,19,5,2021-03-03,124,128,Finished,0
5189,5,28,2,2024-01-15,96,105,Finished,0
1281,2,9,11,2021-01-22,102,103,Finished,0
2804,3,23,22,2022-01-19,123,110,Finished,0
3684,4,20,17,2022-11-30,103,109,Finished,0
2452,3,7,6,2021-11-29,96,114,Finished,0
4763,5,28,17,2023-11-15,112,128,Finished,0
3280,3,28,18,2022-03-30,125,102,Finished,0
5714,5,26,29,2024-03-31,127,106,Finished,0
990,1,11,17,2020-08-02,120,116,Finished,0
317,1,20,8,2019-12-05,92,114,Finished,0
5015,5,23,28,2023-12-22,121,111,Finished,0
942,1,25,26,2020-03-07,111,123,Finished,0
594,1,18,21,2020-01-13,104,117,Finished,0
3617,4,6,1,2022-11-21,114,102,Finished,0
217,1,5,16,2019-11-22,108,116,Finished,0
3429,4,25,16,2022-10-26,98,119,Finished,0
2166,3,6,1,2021-10-23,101,95,Finished,0
1768,2,16,10,2021-04-01,116,109,Finished,0
588,1,30,29,2020-01-12,116,127,Finished,0
1920,2,19,3,2021-04-20,129,134,Finished,0
3583,4,7,11,2022-11-16,92,101,Finished,0
3360,3,6,17,2022-04-10,133,115,Finished,0
2481,3,3,5,2021-12-04,107,111,Finished,0
2328,3,29,16,2021-11-13,105,111,Finished,0
5172,5,2,11,2024-01-13,145,113,Finished,0
3582,4,19,5,2022-11-16,124,110,Finished,0
1205,2,9,29,2021-01-10,86,96,Finished,0
3673,4,26,24,2022-11-28,117,122,Finished,0
5796,5,26,19,2024-04-11,123,135,Finished,0
3751,4,6,26,2022-12-09,95,106,Finished,0
2112,2,11,13,2021-05-14,122,115,Finished,0
730,1,22,16,2020-02-01,89,102,Finished,0
1054,1,3,25,2020-08-13,133,134,Finished,0
4838,5,17,25,2023-11-26,108,102,Finished,0
4986,5,12,13,2023-12-18,127,151,Finished,0
1902,2,22,11,2021-04-18,110,114,Finished,0
2691,3,28,27,2022-01-04,129,104,Finished,0
1823,2,13,24,2021-04-08,113,103,Finished,0
5697,5,30,9,2024-03-29,87,96,Finished,0
204,1,23,20,2019-11-20,109,104,Finished,0
2869,3,17,20,2022-01-28,123,108,Finished,0
674,1,27,24,2020-01-24,99,83,Finished,0
2195,3,2,30,2021-10-27,107,116,Finished,0
3143,3,5,6,2022-03-12,101,91,Finished,0
157,1,22,23,2019-11-13,112,97,Finished,0
4967,5,18,12,2023-12-16,127,109,Finished,0
5791,5,13,24,2024-04-10,108,124,Finished,0
962,1,14,3,2020-03-10,102,104,Finished,0
5352,5,3,7,2024-02-06,107,119,Finished,0
1853,2,20,28,2021-04-11,102,96,Finished,0
4384,4,14,20,2023-03-12,108,112,Finished,0
5482,5,24,11,2024-02-29,110,105,Finished,0
1160,2,8,18,2021-01-05,123,116,Finished,0
5687,5,29,27,2024-03-27,111,118,Finished,0
1282,2,23,2,2021-01-22,122,110,Finished,0
5564,5,5,7,2024-03-11,92,127,Finished,0
4043,4,21,12,2023-01-18,126,106,Finished,0
5824,5,15,8,2024-04-14,111,126,Finished,0
4045,4,8,18,2023-01-18,122,118,Finished,0
4123,4,15,12,2023-01-29,112,100,Finished,0
3678,4,7,10,2022-11-29,116,113,Finished,0
1305,2,6,14,2021-01-25,108,115,Finished,0
4258,4,29,21,2023-02-23,120,117,Finished,0
4433,4,25,13,2023-03-19,102,117,Finished,0
1312,2,19,30,2021-01-27,124,106,Finished,0
1948,2,21,30,2021-04-23,109,129,Finished,0
1349,2,6,18,2021-02-01,100,98,Finished,0
2079,2,6,12,2021-05-10,102,111,Finished,0
324,1,4,3,2019-12-06,104,111,Finished,0
5592,5,28,22,2024-03-15,103,113,Finished,0
4791,5,6,8,2023-11-19,121,109,Finished,0
79,1,10,4,2019-11-02,87,93,Finished,0
2064,2,10,21,2021-05-08,136,97,Finished,0
4739,5,24,21,2023-11-12,99,111,Finished,0
5157,5,14,24,2024-01-11,109,127,Finished,0
3784,4,5,20,2022-12-14,120,128,Finished,0
894,1,19,14,2020-03-01,114,122,Finished,0
2585,3,5,14,2021-12-19,115,110,Finished,0
3224,3,7,11,2022-03-23,110,91,Finished,0
4010,4,28,1,2023-01-14,103,114,Finished,0
1009,1,7,13,2020-08-06,111,126,Finished,0
453,1,12,28,2019-12-23,120,115,Finished,0
5649,5,27,24,2024-03-23,106,131,Finished,0
2863,3,10,18,2022-01-27,124,115,Finished,0
4216,4,10,14,2023-02-11,103,109,Finished,0
689,1,15,24,2020-01-26,114,104,Finished,0
5340,5,1,13,2024-02-05,144,149,Finished,0
341,1,3,8,2019-12-08,105,93,Finished,0
3592,4,13,9,2022-11-17,96,91,Finished,0
4721,5,27,18,2023-11-10,110,117,Finished,0
4775,5,19,8,2023-11-17,115,110,Finished,0
2748,3,29,6,2022-01-12,91,111,Finished,0
2173,3,5,9,2021-10-23,97,82,Finished,0
32,1,29,26,2019-10-26,113,81,Finished,0
865,1,27,7,2020-02-26,103,109,Finished,0
4311,4,30,28,2023-03-02,119,108,Finished,0
1016,1,3,26,2020-08-07,119,106,Finished,0
49,1,9,12,2019-10-28,96,94,Finished,0
1242,2,27,11,2021-01-16,103,91,Finished,0
232,1,6,25,2019-11-23,110,104,Finished,0
2623,3,13,8,2021-12-26,100,91,Finished,0
5050,5,2,9,2023-12-28,128,122,Finished,0
4738,5,23,12,2023-11-12,137,126,Finished,0
2465,3,13,26,2021-12-01,115,124,Finished,0
4438,4,3,8,2023-03-19,102,108,Finished,0
5282,5,12,15,2024-01-28,116,110,Finished,0
4945,5,9,23,2023-12-13,111,129,Finished,0
2515,3,12,20,2021-12-08,122,102,Finished,0
5474,5,18,15,2024-02-28,105,101,Finished,0
5642,5,28,21,2024-03-22,103,123,Finished,0
3810,4,27,16,2022-12-17,101,111,Finished,0
2689,3,3,15,2022-01-03,104,118,Finished,0
1866,2,4,14,2021-04-13,93,101,Finished,0
1682,2,8,19,2021-03-21,108,113,Finished,0
5358,5,13,19,2024-02-07,106,117,Finished,0
5315,5,1,24,2024-02-02,129,120,Finished,0
5737,5,4,25,2024-04-03,86,89,Finished,0
1526,2,24,4,2021-02-24,121,124,Finished,0
1025,1,25,13,2020-08-08,117,122,Finished,0
5789,5,16,7,2024-04-10,92,108,Finished,0
5335,5,9,22,2024-02-04,97,111,Finished,0
4634,5,11,10,2023-10-29,95,102,Finished,0
4175,4,19,26,2023-02-05,136,104,Finished,0
3200,3,8,2,2022-03-20,97,124,Finished,0
4635,5,26,14,2023-10-29,132,127,Finished,0
1604,2,13,10,2021-03-11,130,104,Finished,0
4297,4,29,27,2023-02-28,94,102,Finished,0
4006,4,12,1,2023-01-13,111,113,Finished,0
3074,3,19,26,2022-03-02,125,95,Finished,0
2951,3,1,12,2022-02-08,133,112,Finished,0
5566,5,27,10,2024-03-11,102,112,Finished,0
3612,4,6,16,2022-11-20,113,87,Finished,0
201,1,15,10,2019-11-19,95,114,Finished,0
5786,5,21,26,2024-04-09,112,105,Finished,0
304,1,28,16,2019-12-03,110,121,Finished,0
5644,5,9,2,2024-03-22,102,129,Finished,0
4143,4,18,10,2023-02-01,119,114,Finished,0
2433,3,5,16,2021-11-27,104,107,Finished,0
2041,2,18,15,2021-05-05,135,139,Finished,0
2810,3,1,18,2022-01-19,134,122,Finished,0
3156,3,9,13,2022-03-13,102,106,Finished,0
3769,4,1,5,2022-12-11,123,122,Finished,0
2761,3,8,25,2022-01-13,131,108,Finished,0
4193,4,25,10,2023-02-08,125,122,Finished,0
5731,5,17,15,2024-04-03,101,111,Finished,0
4811,5,18,23,2023-11-22,112,99,Finished,0
4402,4,24,17,2023-03-14,104,116,Finished,0
5421,5,19,11,2024-02-22,127,105,Finished,0
2006,2,22,15,2021-05-01,112,111,Finished,0
3253,3,2,18,2022-03-27,134,112,Finished,0
5020,5,20,17,2023-12-23,111,130,Finished,0
3096,3,4,27,2022-03-05,123,117,Finished,0
3830,4,20,10,2022-12-20,132,94,Finished,0
1591,2,12,8,2021-03-04,103,113,Finished,0
675,1,20,28,2020-01-24,112,118,Finished,0
1495,2,4,10,2021-02-20,102,100,Finished,0
5726,5,23,21,2024-04-02,109,105,Finished,0
4252,4,24,13,2023-02-16,107,116,Finished,0
3816,4,14,30,2022-12-18,119,110,Finished,0
2059,2,24,20,2021-05-07,128,105,Finished,0
2708,3,20,2,2022-01-06,108,105,Finished,0
915,1,14,23,2020-03-03,120,107,Finished,0
4713,5,8,10,2023-11-08,108,101,Finished,0
2530,3,16,5,2021-12-11,118,92,Finished,0
5295,5,25,23,2024-01-29,130,104,Finished,0
5312,5,20,12,2024-02-01,109,105,Finished,0
4356,4,19,7,2023-03-08,113,106,Finished,0
4705,5,18,19,2023-11-08,122,101,Finished,0
940,1,10,23,2020-03-07,118,114,Finished,0
2909,3,23,30,2022-02-02,103,106,Finished,0
1817,2,24,29,2021-04-07,117,113,Finished,0
1370,2,4,23,2021-02-03,111,118,Finished,0
5095,5,14,16,2024-01-03,96,110,Finished,0
5811,5,21,17,2024-04-12,125,107,Finished,0
2213,3,14,6,2021-10-29,113,101,Finished,0
5752,5,2,26,2024-04-05,101,100,Finished,0
5608,5,22,28,2024-03-17,111,96,Finished,0
1284,2,3,16,2021-01-23,128,124,Finished,0
3754,4,29,18,2022-12-09,108,118,Finished,0
3476,4,20,1,2022-11-02,99,112,Finished,0
4633,5,30,15,2023-10-28,113,106,Finished,0
3866,4,8,24,2022-12-25,128,125,Finished,0
5558,5,21,15,2024-03-10,124,93,Finished,0
4016,4,29,23,2023-01-14,117,118,Finished,0
3453,4,7,21,2022-10-29,111,117,Finished,0
4671,5,12,6,2023-11-03,121,116,Finished,0
1165,2,1,4,2021-01-06,94,102,Finished,0
457,1,23,17,2019-12-25,121,109,Finished,0
4780,5,10,21,2023-11-18,117,130,Finished,0
4271,4,23,2,2023-02-25,107,110,Finished,0
3331,3,9,7,2022-04-06,113,131,Finished,0
3571,4,17,1,2022-11-14,106,121,Finished,0
4345,4,12,23,2023-03-06,143,147,Finished,0
4270,4,1,6,2023-02-24,136,119,Finished,0
1487,2,19,24,2021-02-19,114,132,Finished,0
467,1,16,12,2019-12-27,113,112,Finished,0
3022,3,3,30,2022-02-17,103,117,Finished,0
1430,2,11,16,2021-02-11,94,101,Finished,0
681,1,18,21,2020-01-25,104,113,Finished,0
864,1,29,2,2020-02-26,103,114,Finished,0
4132,4,7,9,2023-01-30,111,105,Finished,0
2185,3,1,9,2021-10-25,122,104,Finished,0
3259,3,24,23,2022-03-27,114,104,Finished,0
2447,3,18,12,2021-11-29,100,98,Finished,0
3558,4,13,3,2022-11-12,95,110,Finished,0
1527,2,16,28,2021-02-24,116,108,Finished,0
3860,4,3,17,2022-12-23,118,100,Finished,0
2660,3,2,24,2021-12-31,123,108,Finished,0
461,1,3,20,2019-12-26,82,94,Finished,0
3512,4,14,6,2022-11-06,100,114,Finished,0
36,1,21,10,2019-10-27,120,92,Finished,0
5108,5,19,13,2024-01-05,95,111,Finished,0
3793,4,11,16,2022-12-15,108,111,Finished,0
1382,2,3,28,2021-02-05,117,123,Finished,0
4971,5,16,5,2023-12-16,118,116,Finished,0
210,1,18,29,2019-11-20,95,103,Finished,0
4101,4,13,27,2023-01-26,138,100,Finished,0
4889,5,7,21,2023-12-02,120,126,Finished,0
3738,4,28,14,2022-12-07,126,113,Finished,0
2920,3,9,2,2022-02-04,93,102,Finished,0
1262,2,6,3,2021-01-20,147,135,Finished,0
2649,3,25,29,2021-12-29,105,120,Finished,0
349,1,29,21,2019-12-09,86,104,Finished,0
3030,3,29,7,2022-02-25,114,109,Finished,0
671,1,10,12,2020-01-24,118,129,Finished,0
1163,2,25,5,2021-01-05,108,111,Finished,0
4264,4,10,11,2023-02-24,116,101,Finished,0
4233,4,21,19,2023-02-13,100,103,Finished,0
2016,2,14,28,2021-05-02,114,121,Finished,0
652,1,2,14,2020-01-20,139,107,Finished,0
2223,3,12,28,2021-10-30,94,97,Finished,0
3082,3,30,1,2022-03-04,114,117,Finished,0
82,1,25,23,2019-11-02,128,129,Finished,0
710,1,12,5,2020-01-29,115,106,Finished,0
2201,3,24,26,2021-10-27,107,110,Finished,0
3052,3,25,8,2022-02-27,92,115,Finished,0
5746,5,7,10,2024-04-05,97,106,Finished,0
2323,3,21,26,2021-11-12,105,103,Finished,0
2045,2,8,20,2021-05-05,113,97,Finished,0
5276,5,9,30,2024-01-27,103,118,Finished,0
3103,3,6,28,2022-03-06,104,96,Finished,0
1705,2,22,24,2021-03-24,112,111,Finished,0
4993,5,6,29,2023-12-20,124,116,Finished,0
2860,3,27,15,2022-01-26,110,118,Finished,0
2455,3,25,9,2021-11-30,110,92,Finished,0
3686,4,26,12,2022-11-30,137,114,Finished,0
3419,4,18,27,2022-10-24,106,115,Finished,0
2410,3,11,5,2021-11-24,118,113,Finished,0
5031,5,8,10,2023-12-25,120,100,Finished,0
5713,5,28,23,2024-03-31,120,135,Finished,0
2243,3,24,19,2021-11-02,112,100,Finished,0
1659,2,14,4,2021-03-18,116,105,Finished,0
1692,2,18,21,2021-03-22,103,112,Finished,0
1426,2,15,4,2021-02-10,130,114,Finished,0
4128,4,18,26,2023-01-30,111,118,Finished,0
1224,2,13,19,2021-01-13,111,106,Finished,0
2302,3,20,17,2021-11-10,100,112,Finished,0
4145,4,27,26,2023-02-01,109,119,Finished,0
1930,2,23,24,2021-04-21,113,116,Finished,0
590,1,24,4,2020-01-12,95,92,Finished,0
5345,5,19,28,2024-02-05,138,100,Finished,0
899,1,4,17,2020-03-01,85,93,Finished,0
2675,3,21,7,2022-01-02,86,95,Finished,0
1651,2,30,26,2021-03-17,119,121,Finished,0
3459,4,9,10,2022-10-30,128,114,Finished,0
85,1,6,7,2019-11-03,111,131,Finished,0
83,1,15,24,2019-11-02,105,105,Finished,0
1211,2,4,20,2021-01-11,109,88,Finished,0
2908,3,12,22,2022-02-02,118,119,Finished,0
2835,3,28,25,2022-01-23,105,114,Finished,0
2556,3,21,19,2021-12-15,110,113,Finished,0
3940,4,5,3,2023-01-04,121,112,Finished,0
274,1,15,29,2019-11-29,94,98,Finished,0
3935,4,14,16,2023-01-04,112,109,Finished,0
4742,5,14,25,2023-11-12,116,110,Finished,0
1735,2,29,15,2021-03-27,126,110,Finished,0
3173,3,29,5,2022-03-16,125,110,Finished,0
3730,4,8,7,2022-12-06,115,116,Finished,0
220,1,21,14,2019-11-22,127,130,Finished,0
3059,3,6,18,2022-02-28,122,127,Finished,0
3856,4,23,13,2022-12-23,119,114,Finished,0
3901,4,10,25,2022-12-30,118,112,Finished,0
3603,4,15,21,2022-11-18,121,110,Finished,0
893,1,16,3,2020-02-29,116,113,Finished,0
767,1,20,22,2020-02-06,105,103,Finished,0
3687,4,24,5,2022-11-30,132,113,Finished,0
4299,4,7,12,2023-02-28,122,124,Finished,0
3445,4,30,12,2022-10-28,112,127,Finished,0
4552,4,15,25,2023-04-04,119,109,Finished,0
4938,5,5,8,2023-12-12,106,114,Finished,0
2746,3,19,18,2022-01-11,128,125,Finished,0
4434,4,14,22,2023-03-19,111,105,Finished,0
1390,2,11,27,2021-02-06,106,111,Finished,0
381,1,7,16,2019-12-14,118,122,Finished,0
5417,5,29,10,2024-02-15,137,133,Finished,0
1970,2,18,29,2021-04-26,105,104,Finished,0
5470,5,22,3,2024-02-27,108,81,Finished,0
643,1,17,5,2020-01-20,111,98,Finished,0
2862,3,22,13,2022-01-26,102,111,Finished,0
3518,4,10,26,2022-11-07,116,113,Finished,0
2181,3,18,19,2021-10-25,98,107,Finished,0
1914,2,23,10,2021-04-19,96,107,Finished,0
613,1,2,9,2020-01-15,103,116,Finished,0
5133,5,3,25,2024-01-07,127,134,Finished,0
5291,5,7,22,2024-01-29,131,129,Finished,0
3565,4,30,15,2022-11-13,92,92,Finished,0
3190,3,27,19,2022-03-18,91,124,Finished,0
5357,5,4,28,2024-02-07,117,123,Finished,0
1474,2,10,16,2021-02-17,120,112,Finished,0
3084,3,5,17,2022-03-04,112,118,Finished,0
2102,2,1,22,2021-05-13,116,93,Finished,0
2208,3,11,29,2021-10-28,91,122,Finished,0
4836,5,2,1,2023-11-26,113,103,Finished,0
1516,2,17,18,2021-02-23,139,112,Finished,0
3869,4,9,13,2022-12-26,131,142,Finished,0
5205,5,1,22,2024-01-17,106,104,Finished,0
3183,3,22,9,2022-03-17,120,134,Finished,0
1157,2,1,20,2021-01-04,108,113,Finished,0
1894,2,11,8,2021-04-16,99,128,Finished,0
196,1,13,21,2019-11-18,90,88,Finished,0
809,1,18,4,2020-02-12,108,115,Finished,0
5665,5,29,7,2024-03-25,105,112,Finished,0
2309,3,6,30,2021-11-10,94,97,Finished,0
5626,5,21,29,2024-03-20,119,107,Finished,0
2216,3,16,4,2021-10-29,114,99,Finished,0
819,1,5,4,2020-02-20,93,103,Finished,0
1703,2,29,3,2021-03-24,118,88,Finished,0
5691,5,26,7,2024-03-29,103,107,Finished,0
5589,5,27,8,2024-03-15,106,117,Finished,0
5621,5,27,7,2024-03-19,107,97,Finished,0
685,1,19,2,2020-01-26,123,108,Finished,0
5323,5,11,28,2024-02-02,135,106,Finished,0
3107,3,8,10,2022-03-07,113,124,Finished,0
4693,5,5,29,2023-11-06,130,113,Finished,0
5528,5,10,17,2024-03-06,125,90,Finished,0
901,1,6,29,2020-03-02,113,126,Finished,0
2404,3,9,16,2021-11-23,92,100,Finished,0
351,1,17,22,2019-12-09,110,101,Finished,0
4170,4,12,6,2023-02-05,103,122,Finished,0
4655,5,7,5,2023-11-01,114,105,Finished,0
2758,3,17,10,2022-01-13,118,99,Finished,0
1073,2,23,30,2020-12-23,113,107,Finished,0
318,1,28,11,2019-12-05,109,119,Finished,0
1725,2,18,11,2021-03-26,107,101,Finished,0
3138,3,27,29,2022-03-11,104,102,Finished,0
1019,1,19,30,2020-08-07,118,107,Finished,0
4611,5,4,1,2023-10-25,116,110,Finished,0
1523,2,5,18,2021-02-24,133,126,Finished,0
3172,3,6,23,2022-03-16,114,118,Finished,0
399,1,9,30,2019-12-16,119,133,Finished,0
4406,4,27,7,2023-03-15,128,137,Finished,0
1824,2,29,25,2021-04-08,122,103,Finished,0
3970,4,13,1,2023-01-08,108,112,Finished,0
2061,2,26,27,2021-05-07,104,113,Finished,0
1696,2,16,24,2021-03-23,100,110,Finished,0
1464,2,30,11,2021-02-15,131,119,Finished,0
2833,3,20,13,2022-01-23,110,102,Finished,0
1809,2,28,14,2021-04-06,101,110,Finished,0
2222,3,9,22,2021-10-30,110,103,Finished,0
5826,5,6,4,2024-04-14,110,120,Finished,0
559,1,29,20,2020-01-08,128,104,Finished,0
1981,2,2,4,2021-04-28,120,111,Finished,0
3079,3,2,15,2022-03-03,120,107,Finished,0
2732,3,25,26,2022-01-09,103,88,Finished,0
2125,2,1,11,2021-05-16,124,95,Finished,0
754,1,2,22,2020-02-05,116,100,Finished,0
5552,5,6,3,2024-03-10,101,120,Finished,0
1606,2,19,6,2021-03-12,116,82,Finished,0
241,1,10,21,2019-11-25,97,100,Finished,0
1835,2,17,4,2021-04-09,119,127,Finished,0
5055,5,19,29,2023-12-28,112,105,Finished,0
1475,2,23,11,2021-02-17,118,113,Finished,0
5137,5,17,29,2024-01-08,116,132,Finished,0
3835,4,2,12,2022-12-21,112,117,Finished,0
2816,3,10,11,2022-01-21,105,103,Finished,0
666,1,25,7,2020-01-23,125,133,Finished,0
2314,3,19,3,2021-11-12,112,120,Finished,0
2211,3,8,7,2021-10-29,98,75,Finished,0
1402,2,12,29,2021-02-07,95,103,Finished,0
3375,4,16,5,2022-10-19,108,116,Finished,0
5437,5,14,27,2024-02-23,123,118,Finished,0
2932,3,22,15,2022-02-05,115,135,Finished,0
1031,1,2,22,2020-08-09,122,119,Finished,0
5178,5,27,5,2024-01-13,116,122,Finished,0
872,1,10,14,2020-02-27,86,116,Finished,0
4112,4,2,14,2023-01-28,125,121,Finished,0
4765,5,16,3,2023-11-16,122,115,Finished,0
2490,3,28,30,2021-12-05,102,90,Finished,0
2759,3,15,18,2022-01-13,116,108,Finished,0
3421,4,24,10,2022-10-25,134,105,Finished,0
4833,5,21,23,2023-11-25,123,127,Finished,0
615,1,19,29,2020-01-16,138,132,Finished,0
3661,4,17,7,2022-11-27,124,115,Finished,0
2939,3,18,9,2022-02-06,118,105,Finished,0
2428,3,14,26,2021-11-26,137,141,Finished,0
5344,5,4,14,2024-02-05,118,124,Finished,0
3416,4,16,28,2022-10-24,90,98,Finished,0
4093,4,23,3,2023-01-25,137,133,Finished,0
411,1,23,16,2019-12-18,104,108,Finished,0
357,1,28,13,2019-12-11,92,112,Finished,0
2168,3,13,15,2021-10-23,114,120,Finished,0
5686,5,1,25,2024-03-27,120,106,Finished,0
5211,5,26,12,2024-01-18,121,126,Finished,0
4972,5,4,23,2023-12-16,82,135,Finished,0
5269,5,17,19,2024-01-27,141,117,Finished,0
8,1,27,20,2019-10-23,120,111,Finished,0
174,1,4,9,2019-11-15,109,106,Finished,0
4343,4,9,25,2023-03-06,104,110,Finished,0
5021,5,3,9,2023-12-23,126,115,Finished,0
846,1,28,12,2020-02-23,127,81,Finished,0
4915,5,24,26,2023-12-08,106,114,Finished,0
4522,4,30,22,2023-03-31,105,116,Finished,0
101,1,21,22,2019-11-05,102,94,Finished,0
184,1,26,2,2019-11-17,100,99,Finished,0
624,1,27,1,2020-01-17,120,121,Finished,0
4818,5,2,17,2023-11-22,119,116,Finished,0
197,1,29,18,2019-11-18,100,112,Finished,0
3016,3,24,11,2022-02-16,124,121,Finished,0
2889,3,9,6,2022-01-30,115,105,Finished,0
4728,5,2,28,2023-11-11,117,94,Finished,0
385,1,15,30,2019-12-14,128,111,Finished,0
2653,3,26,7,2021-12-29,95,94,Finished,0
555,1,19,5,2020-01-08,123,108,Finished,0
4304,4,21,14,2023-03-01,104,123,Finished,0
2456,3,26,14,2021-11-30,92,117,Finished,0
5700,5,12,14,2024-03-29,109,90,Finished,0
2038,2,1,24,2021-05-05,135,103,Finished,0
2013,2,29,28,2021-05-01,106,102,Finished,0
4996,5,11,1,2023-12-20,127,134,Finished,0
1810,2,16,15,2021-04-06,112,124,Finished,0
2322,3,6,9,2021-11-12,98,78,Finished,0
5412,5,24,9,2024-02-14,116,100,Finished,0
5729,5,28,14,2024-04-02,111,128,Finished,0
1528,2,6,11,2021-02-24,112,96,Finished,0
2949,3,19,11,2022-02-08,110,97,Finished,0
5040,5,19,15,2023-12-26,115,116,Finished,0
3718,4,27,24,2022-12-04,95,116,Finished,0
2003,2,3,25,2021-04-30,109,128,Finished,0
2487,3,17,16,2021-12-04,124,102,Finished,0
2616,3,24,21,2021-12-23,113,101,Finished,0
2836,3,10,29,2022-01-23,94,92,Finished,0
3713,4,26,5,2022-12-04,110,101,Finished,0
3776,4,7,21,2022-12-12,121,114,Finished,0
388,1,1,14,2019-12-15,96,101,Finished,0
4632,5,18,16,2023-10-28,106,90,Finished,0
2262,3,1,29,2021-11-04,98,116,Finished,0
1303,2,25,21,2021-01-25,122,125,Finished,0
5656,5,18,10,2024-03-24,106,110,Finished,0
4129,4,23,22,2023-01-30,109,119,Finished,0
3011,3,20,3,2022-02-16,106,111,Finished,0
4488,4,25,21,2023-03-26,112,118,Finished,0
2115,2,7,28,2021-05-14,114,110,Finished,0
3279,3,30,22,2022-03-30,127,110,Finished,0
4892,5,12,2,2023-12-04,122,112,Finished,0
4260,4,7,27,2023-02-23,142,116,Finished,0
4453,4,7,10,2023-03-22,125,127,Finished,0
1676,2,25,7,2021-03-21,92,132,Finished,0
3682,4,2,16,2022-11-30,134,121,Finished,0
3368,3,18,5,2022-04-10,120,124,Finished,0
3996,4,28,4,2023-01-12,124,114,Finished,0
3053,3,4,9,2022-02-27,126,127,Finished,0
5536,5,9,3,2024-03-07,118,112,Finished,0
5071,5,9,28,2023-12-30,129,127,Finished,0
5221,5,4,23,2024-01-20,89,97,Finished,0
1245,2,7,5,2021-01-17,101,117,Finished,0
538,1,16,25,2020-01-05,122,111,Finished,0
5299,5,2,12,2024-01-30,129,124,Finished,0
2633,3,25,7,2021-12-27,117,132,Finished,0
53,1,8,7,2019-10-29,100,109,Finished,0
791,1,6,13,2020-02-09,92,133,Finished,0
2700,3,17,28,2022-01-05,111,117,Finished,0
1504,2,1,8,2021-02-21,123,115,Finished,0
4446,4,19,27,2023-03-21,119,84,Finished,0
5666,5,8,15,2024-03-25,128,103,Finished,0
332,1,11,24,2019-12-07,115,109,Finished,0
4928,5,20,28,2023-12-11,136,130,Finished,0
4235,4,16,8,2023-02-13,108,112,Finished,0
2430,3,12,28,2021-11-26,114,97,Finished,0
2007,2,21,12,2021-05-01,95,152,Finished,0
5442,5,20,2,2024-02-24,102,116,Finished,0
2149,3,29,21,2021-10-20,107,86,Finished,0
1887,2,3,4,2021-04-16,130,115,Finished,0
4174,4,4,22,2023-02-05,113,119,Finished,0
3405,4,7,15,2022-10-22,137,96,Finished,0
74,1,5,9,2019-11-01,112,106,Finished,0
4485,4,4,7,2023-03-26,110,104,Finished,0
2029,2,1,25,2021-05-03,123,114,Finished,0
2999,3,30,9,2022-02-14,103,94,Finished,0
1926,2,13,15,2021-04-21,117,105,Finished,0
4546,4,23,2,2023-04-04,103,101,Finished,0
679,1,18,11,2020-01-24,124,131,Finished,0
2778,3,27,13,2022-01-15,101,94,Finished,0
2439,3,28,2,2021-11-28,97,109,Finished,0
3826,4,19,17,2022-12-19,119,128,Finished,0
4419,4,14,7,2023-03-17,110,111,Finished,0
3451,4,4,10,2022-10-29,120,113,Finished,0
418,1,1,29,2019-12-19,106,111,Finished,0
4640,5,30,2,2023-10-30,107,126,Finished,0
4467,4,15,11,2023-03-24,151,114,Finished,0
4600,5,8,14,2023-10-24,119,107,Finished,0
1790,2,1,10,2021-04-04,117,111,Finished,0
601,1,1,24,2020-01-14,123,106,Finished,0
753,1,14,27,2020-02-04,129,102,Finished,0
4176,4,9,2,2023-02-06,99,111,Finished,0
2957,3,26,18,2022-02-08,114,134,Finished,0
1940,2,27,9,2021-04-22,106,91,Finished,0
5064,5,25,27,2023-12-29,134,128,Finished,0
2494,3,10,22,2021-12-06,126,95,Finished,0
4368,4,16,6,2023-03-10,119,115,Finished,0
1234,2,29,1,2021-01-15,116,92,Finished,0
1385,2,22,5,2021-02-05,123,119,Finished,0
5733,5,19,22,2024-04-03,108,117,Finished,0
3031,3,14,13,2022-02-25,102,105,Finished,0
1720,2,9,3,2021-03-26,111,113,Finished,0
361,1,10,20,2019-12-11,122,124,Finished,0
2015,2,11,20,2021-05-02,97,122,Finished,0
2795,3,30,23,2022-01-17,117,98,Finished,0
4647,5,21,9,2023-10-30,124,112,Finished,0
3988,4,2,19,2023-01-11,125,114,Finished,0
1020,1,27,29,2020-08-07,119,111,Finished,0
3112,3,9,1,2022-03-07,113,110,Finished,0
1968,2,30,27,2021-04-26,143,146,Finished,0
5369,5,14,19,2024-02-09,139,122,Finished,0
3137,3,22,18,2022-03-11,118,110,Finished,0
4461,4,15,11,2023-03-22,130,125,Finished,0
3655,4,28,7,2022-11-26,105,100,Finished,0
4312,4,10,13,2023-03-02,115,91,Finished,0
1093,2,20,17,2020-12-27,130,110,Finished,0
4164,4,20,13,2023-02-04,128,134,Finished,0
4511,4,3,11,2023-03-29,123,114,Finished,0
3017,3,21,27,2022-02-16,106,114,Finished,0
3579,4,25,27,2022-11-15,117,110,Finished,0
886,1,1,25,2020-02-29,129,117,Finished,0
943,1,9,29,2020-03-07,105,111,Finished,0
465,1,7,27,2019-12-26,102,98,Finished,0
1867,2,28,1,2021-04-13,103,108,Finished,0
5234,5,7,2,2024-01-22,110,119,Finished,0
5359,5,23,10,2024-02-07,104,118,Finished,0
5182,5,17,26,2024-01-14,143,142,Finished,0
2073,2,2,16,2021-05-09,124,130,Finished,0
3986,4,28,4,2023-01-10,132,120,Finished,0
3915,4,12,13,2022-12-31,131,130,Finished,0
34,1,17,16,2019-10-26,126,131,Finished,0
2275,3,24,1,2021-11-06,121,117,Finished,0
1903,2,13,18,2021-04-18,124,105,Finished,0
255,1,10,5,2019-11-27,104,90,Finished,0
4077,4,9,17,2023-01-23,130,150,Finished,0
1572,2,27,20,2021-03-02,119,93,Finished,0
425,1,16,20,2019-12-20,129,114,Finished,0
238,1,20,3,2019-11-24,101,103,Finished,0
1410,2,15,28,2021-02-08,113,128,Finished,0
134,1,14,28,2019-11-10,104,113,Finished,0
3528,4,1,29,2022-11-09,119,125,Finished,0
1545,2,9,26,2021-02-26,107,110,Finished,0
2401,3,6,3,2021-11-22,112,117,Finished,0
2880,3,15,30,2022-01-29,115,95,Finished,0
2661,3,26,7,2021-12-31,96,112,Finished,0
595,1,9,19,2020-01-13,110,117,Finished,0
1576,2,25,10,2021-03-03,108,106,Finished,0
5674,5,19,21,2024-03-26,112,119,Finished,0
4020,4,9,20,2023-01-15,104,117,Finished,0
4959,5,23,9,2023-12-15,124,92,Finished,0
3359,3,22,16,2022-04-10,125,111,Finished,0
610,1,8,4,2020-01-15,96,86,Finished,0
4669,5,29,22,2023-11-02,113,115,Finished,0
2695,3,26,1,2022-01-05,102,108,Finished,0
2052,2,28,30,2021-05-06,129,131,Finished,0
441,1,21,13,2019-12-22,118,112,Finished,0
1229,2,28,4,2021-01-14,111,108,Finished,0
1056,1,28,8,2020-08-14,117,93,Finished,0
93,1,15,11,2019-11-04,100,107,Finished,0
2952,3,23,24,2022-02-08,109,114,Finished,0
3239,3,18,7,2022-03-25,116,95,Finished,0
4773,5,25,14,2023-11-17,95,107,Finished,0
2295,3,13,25,2021-11-09,117,109,Finished,0
449,1,25,19,2019-12-23,94,102,Finished,0
4523,4,25,26,2023-03-31,114,138,Finished,0
5476,5,13,14,2024-02-28,112,116,Finished,0
3853,4,16,12,2022-12-23,108,111,Finished,0
4598,4,30,11,2023-04-09,109,114,Finished,0
2175,3,26,10,2021-10-24,107,119,Finished,0
722,1,9,28,2020-01-31,92,105,Finished,0
4846,5,23,14,2023-11-27,138,94,Finished,0
2824,3,2,25,2022-01-21,105,109,Finished,0
3847,4,29,30,2022-12-22,120,107,Finished,0
5728,5,8,27,2024-04-02,110,105,Finished,0
4782,5,4,20,2023-11-18,108,122,Finished,0
38,1,15,3,2019-10-27,134,133,Finished,0
3009,3,10,8,2022-02-16,116,104,Finished,0
1359,2,12,15,2021-02-02,134,116,Finished,0
5086,5,17,12,2024-01-01,113,122,Finished,0
3908,4,5,6,2022-12-31,102,103,Finished,0
236,1,8,24,2019-11-24,116,104,Finished,0
5309,5,3,24,2024-01-31,120,136,Finished,0
2539,3,20,17,2021-12-12,97,112,Finished,0
4469,4,10,23,2023-03-24,120,112,Finished,0
163,1,20,7,2019-11-14,106,103,Finished,0
5046,5,22,23,2023-12-27,92,112,Finished,0
2187,3,12,17,2021-10-25,109,119,Finished,0
3647,4,10,29,2022-11-25,129,118,Finished,0
618,1,10,8,2020-01-16,131,123,Finished,0
3205,3,20,29,2022-03-20,93,108,Finished,0
4259,4,23,15,2023-02-23,110,105,Finished,0
2655,3,3,23,2021-12-30,102,110,Finished,0
4912,5,21,10,2023-12-08,138,125,Finished,0
5381,5,28,6,2024-02-10,95,119,Finished,0
459,1,10,11,2019-12-25,116,104,Finished,0
2362,3,9,12,2021-11-17,97,89,Finished,0
3735,4,5,30,2022-12-07,115,94,Finished,0
1596,2,26,11,2021-03-11,125,105,Finished,0
2629,3,6,28,2021-12-26,144,99,Finished,0
5019,5,21,14,2023-12-23,120,129,Finished,0
1577,2,26,14,2021-03-03,123,120,Finished,0
862,1,10,26,2020-02-25,94,112,Finished,0
4570,4,29,21,2023-04-06,98,100,Finished,0
5167,5,1,12,2024-01-12,108,126,Finished,0
2766,3,26,11,2022-01-14,126,114,Finished,0
5416,5,19,30,2024-02-14,133,126,Finished,0
4609,5,29,26,2023-10-25,114,130,Finished,0
1084,2,26,24,2020-12-26,106,103,Finished,0
3662,4,18,10,2022-11-27,114,137,Finished,0
5630,5,24,23,2024-03-20,115,102,Finished,0
4431,4,12,23,2023-03-18,121,141,Finished,0
144,1,9,18,2019-11-11,114,120,Finished,0
485,1,30,20,2019-12-28,100,107,Finished,0
3880,4,22,14,2022-12-27,110,129,Finished,0
5257,5,10,26,2024-01-25,119,134,Finished,0
3911,4,21,23,2022-12-31,96,115,Finished,0
2087,2,12,23,2021-05-11,103,94,Finished,0
2253,3,30,28,2021-11-03,100,109,Finished,0
2533,3,23,10,2021-12-11,102,93,Finished,0
2217,3,19,20,2021-10-30,117,123,Finished,0
2377,3,19,13,2021-11-19,94,81,Finished,0
1601,2,3,2,2021-03-11,121,109,Finished,0
2444,3,13,19,2021-11-29,104,123,Finished,0
573,1,26,17,2020-01-10,106,127,Finished,0
3997,4,3,2,2023-01-12,98,109,Finished,0
1699,2,20,30,2021-03-23,131,113,Finished,0
578,1,25,17,2020-01-11,101,122,Finished,0
1285,2,18,19,2021-01-23,120,110,Finished,0
4426,4,20,8,2023-03-18,116,110,Finished,0
3707,4,10,11,2022-12-03,120,101,Finished,0
1038,1,15,2,2020-08-11,107,122,Finished,0
5006,5,15,12,2023-12-21,116,103,Finished,0
2714,3,23,27,2022-01-07,119,100,Finished,0
3123,3,16,24,2022-03-09,90,111,Finished,0
2372,3,17,21,2021-11-19,96,89,Finished,0
1407,2,14,21,2021-02-08,119,112,Finished,0
3873,4,27,29,2022-12-26,126,122,Finished,0
5235,5,9,17,2024-01-22,113,122,Finished,0
712,1,3,9,2020-01-29,125,115,Finished,0
1400,2,13,26,2021-02-07,110,113,Finished,0
5088,5,21,2,2024-01-02,127,123,Finished,0
3868,4,19,12,2022-12-26,113,93,Finished,0
5521,5,3,23,2024-03-05,112,107,Finished,0
5516,5,7,12,2024-03-05,116,137,Finished,0
5056,5,5,12,2023-12-28,104,120,Finished,0
4166,4,17,16,2023-02-04,123,115,Finished,0
812,1,24,10,2020-02-12,112,106,Finished,0
3529,4,2,9,2022-11-09,128,112,Finished,0
4004,4,29,22,2023-01-13,112,108,Finished,0
5651,5,11,29,2024-03-23,147,119,Finished,0
3114,3,10,13,2022-03-08,112,97,Finished,0
960,1,27,7,2020-03-10,119,109,Finished,0
1427,2,30,28,2021-02-10,115,137,Finished,0
2221,3,18,8,2021-10-30,91,77,Finished,0
1765,2,27,1,2021-04-01,129,134,Finished,0
4338,4,2,20,2023-03-05,129,131,Finished,0
1746,2,9,28,2021-03-29,118,104,Finished,0
3526,4,22,11,2022-11-07,127,134,Finished,0
3706,4,20,7,2022-12-03,100,121,Finished,0
3803,4,21,18,2022-12-16,110,112,Finished,0
3994,4,15,27,2023-01-11,135,129,Finished,0
2172,3,27,17,2021-10-23,111,121,Finished,0
5498,5,15,25,2024-03-02,100,107,Finished,0
3351,3,23,12,2022-04-09,133,120,Finished,0
5668,5,20,9,2024-03-25,124,99,Finished,0
5799,5,29,11,2024-04-11,124,121,Finished,0
2987,3,7,13,2022-02-12,97,99,Finished,0
3551,4,10,6,2022-11-11,106,101,Finished,0
4080,4,11,18,2023-01-23,119,114,Finished,0
1208,2,22,17,2021-01-11,99,121,Finished,0
2305,3,15,4,2021-11-10,108,118,Finished,0
2667,3,17,19,2022-01-01,136,113,Finished,0
5109,5,7,25,2024-01-05,139,103,Finished,0
2319,3,4,20,2021-11-12,104,96,Finished,0
2312,3,23,28,2021-11-11,109,115,Finished,0
3388,4,11,15,2022-10-21,122,129,Finished,0
439,1,2,4,2019-12-22,119,93,Finished,0
3117,3,12,6,2022-03-08,124,127,Finished,0
2193,3,29,8,2021-10-26,122,91,Finished,0
2783,3,26,11,2022-01-16,112,118,Finished,0
2413,3,18,16,2021-11-24,113,101,Finished,0
5244,5,21,25,2024-01-23,111,109,Finished,0
5000,5,12,4,2023-12-20,144,113,Finished,0
3531,4,5,19,2022-11-09,111,115,Finished,0
2812,3,20,19,2022-01-20,91,102,Finished,0
154,1,2,30,2019-11-13,140,133,Finished,0
4698,5,23,30,2023-11-06,146,128,Finished,0
2647,3,15,14,2021-12-29,104,99,Finished,0
3196,3,4,7,2022-03-19,129,108,Finished,0
2488,3,6,29,2021-12-05,108,109,Finished,0
2963,3,21,28,2022-02-09,98,117,Finished,0
5605,5,13,1,2024-03-17,93,110,Finished,0
2677,3,14,18,2022-01-02,108,103,Finished,0
2541,3,21,7,2021-12-12,84,103,Finished,0
4360,4,30,1,2023-03-08,115,122,Finished,0
2571,3,19,17,2021-12-17,116,112,Finished,0
1669,2,25,7,2021-03-19,125,119,Finished,0
2597,3,7,18,2021-12-21,114,102,Finished,0
4747,5,9,1,2023-11-14,120,126,Finished,0
3652,4,16,30,2022-11-25,110,107,Finished,0
4022,4,25,7,2023-01-15,140,123,Finished,0
2083,2,1,30,2021-05-10,125,124,Finished,0
4458,4,29,25,2023-03-22,115,127,Finished,0
746,1,12,7,2020-02-03,103,112,Finished,0
1870,2,21,10,2021-04-14,109,147,Finished,0
2402,3,13,7,2021-11-23,104,112,Finished,0
1996,2,12,3,2021-04-29,113,130,Finished,0
1547,2,27,19,2021-02-27,117,114,Finished,0
4452,4,18,1,2023-03-22,125,124,Finished,0
3785,4,8,30,2022-12-14,141,108,Finished,0
4956,5,4,19,2023-12-15,107,112,Finished,0
1756,2,24,5,2021-03-31,121,116,Finished,0
3887,4,26,8,2022-12-28,127,126,Finished,0
3492,4,12,16,2022-11-04,101,99,Finished,0
4857,5,8,11,2023-11-29,134,124,Finished,0
768,1,2,1,2020-02-07,112,107,Finished,0
3760,4,12,3,2022-12-10,133,136,Finished,0
413,1,21,15,2019-12-18,126,122,Finished,0
1406,2,4,11,2021-02-08,119,94,Finished,0
3473,4,16,10,2022-11-01,116,109,Finished,0
4612,5,27,7,2023-10-25,119,123,Finished,0
4681,5,12,4,2023-11-04,124,125,Finished,0
4954,5,26,21,2023-12-14,128,123,Finished,0
3461,4,14,8,2022-10-30,121,110,Finished,0
553,1,24,26,2020-01-07,98,114,Finished,0
852,1,30,17,2020-02-24,134,137,Finished,0
7,1,25,8,2019-10-23,100,102,Finished,0
2256,3,23,5,2021-11-03,103,98,Finished,0
1711,2,27,13,2021-03-25,85,98,Finished,0
3157,3,3,20,2022-03-13,110,107,Finished,0
3001,3,23,2,2022-02-15,87,135,Finished,0
2663,3,21,20,2021-12-31,95,80,Finished,0
3475,4,21,22,2022-11-01,116,108,Finished,0
5699,5,3,5,2024-03-29,125,108,Finished,0
2986,3,19,27,2022-02-12,114,124,Finished,0
2956,3,25,22,2022-02-08,95,113,Finished,0
948,1,7,12,2020-03-08,109,112,Finished,0
3498,4,15,4,2022-11-04,130,99,Finished,0
1819,2,2,20,2021-04-07,101,99,Finished,0
5817,5,16,28,2024-04-14,118,103,Finished,0
3146,3,27,12,2022-03-12,108,119,Finished,0
279,1,27,13,2019-11-29,107,97,Finished,0
2940,3,8,3,2022-02-06,112,104,Finished,0
2294,3,23,17,2021-11-09,109,118,Finished,0
912,1,24,28,2020-03-03,114,123,Finished,0
4094,4,21,1,2023-01-25,132,137,Finished,0
2532,3,15,11,2021-12-11,113,106,Finished,0
3975,4,26,22,2023-01-09,136,111,Finished,0
3639,4,12,18,2022-11-23,101,115,Finished,0
1898,2,30,9,2021-04-17,121,100,Finished,0
5812,5,23,22,2024-04-12,125,113,Finished,0
2360,3,24,7,2021-11-17,105,98,Finished,0
4507,4,24,18,2023-03-29,107,100,Finished,0
46,1,28,22,2019-10-28,104,95,Finished,0
665,1,9,26,2020-01-22,127,106,Finished,0
1670,2,15,10,2021-03-19,103,116,Finished,0
2768,3,9,28,2022-01-14,103,87,Finished,0
1116,2,27,14,2020-12-30,107,121,Finished,0
278,1,16,10,2019-11-29,122,105,Finished,0
1818,2,1,15,2021-04-07,113,131,Finished,0
3546,4,14,26,2022-11-11,114,120,Finished,0
5239,5,24,5,2024-01-22,115,113,Finished,0
2450,3,27,30,2021-11-29,116,99,Finished,0
3892,4,2,13,2022-12-29,116,110,Finished,0
1090,2,19,27,2020-12-27,98,95,Finished,0
4421,4,4,23,2023-03-17,82,121,Finished,0
2019,2,27,23,2021-05-02,111,113,Finished,0
122,1,19,28,2019-11-08,104,122,Finished,0
2472,3,1,23,2021-12-03,96,98,Finished,0
2512,3,28,21,2021-12-08,109,110,Finished,0
4044,4,19,16,2023-01-18,98,124,Finished,0
4631,5,9,5,2023-10-28,118,102,Finished,0
4198,4,16,12,2023-02-08,116,111,Finished,0
5043,5,13,4,2023-12-26,113,104,Finished,0
2925,3,25,21,2022-02-04,93,96,Finished,0
360,1,3,4,2019-12-11,108,113,Finished,0
3221,3,17,5,2022-03-22,126,98,Finished,0
5317,5,9,13,2024-02-02,125,136,Finished,0
3650,4,12,3,2022-11-25,128,117,Finished,0
4720,5,11,19,2023-11-10,104,101,Finished,0
4661,5,1,30,2023-11-01,130,121,Finished,0
5451,5,11,21,2024-02-25,110,123,Finished,0
2978,3,23,6,2022-02-12,103,93,Finished,0
1846,2,6,19,2021-04-11,109,116,Finished,0
2471,3,24,9,2021-12-02,114,103,Finished,0
5274,5,27,18,2024-01-27,113,112,Finished,0
4582,4,29,8,2023-04-08,118,114,Finished,0
1639,2,5,21,2021-03-16,123,102,Finished,0
1079,2,15,1,2020-12-26,112,122,Finished,0
3307,3,14,8,2022-04-03,118,123,Finished,0
432,1,20,17,2019-12-21,102,123,Finished,0
1451,2,8,14,2021-02-14,112,105,Finished,0
1277,2,26,20,2021-01-22,103,94,Finished,0
5456,5,20,9,2024-02-26,113,111,Finished,0
4050,4,24,3,2023-01-19,110,112,Finished,0
870,1,6,23,2020-02-26,108,94,Finished,0
829,1,29,27,2020-02-21,104,113,Finished,0
4925,5,4,16,2023-12-11,114,116,Finished,0
1719,2,4,16,2021-03-26,110,105,Finished,0
3225,3,16,10,2022-03-23,104,118,Finished,0
3525,4,18,20,2022-11-07,107,120,Finished,0
3554,4,7,25,2022-11-12,117,112,Finished,0
4942,5,17,12,2023-12-13,140,126,Finished,0
3273,3,3,9,2022-03-29,130,123,Finished,0
1677,2,16,12,2021-03-21,106,109,Finished,0
593,1,26,22,2020-01-13,112,114,Finished,0
5500,5,18,13,2024-03-03,82,89,Finished,0
1906,2,4,25,2021-04-18,109,101,Finished,0
1755,2,2,7,2021-03-31,108,113,Finished,0
4289,4,4,9,2023-02-27,117,106,Finished,0
1707,2,26,1,2021-03-24,110,108,Finished,0
2178,3,20,22,2021-10-24,104,110,Finished,0
3834,4,9,29,2022-12-20,111,126,Finished,0
4887,5,4,18,2023-12-02,117,123,Finished,0
1155,2,23,4,2021-01-04,118,101,Finished,0
2998,3,17,25,2022-02-14,107,122,Finished,0
5290,5,2,19,2024-01-29,118,112,Finished,0
4480,4,24,23,2023-03-25,125,105,Finished,0
4470,4,25,5,2023-03-24,96,124,Finished,0
1587,2,27,21,2021-03-04,102,107,Finished,0
895,1,8,28,2020-03-01,121,118,Finished,0
2696,3,2,27,2022-01-05,97,99,Finished,0
2941,3,22,2,2022-02-06,83,116,Finished,0
1505,2,6,21,2021-02-21,101,117,Finished,0
4052,4,1,20,2023-01-20,139,124,Finished,0
3026,3,3,2,2022-02-24,106,129,Finished,0
4011,4,4,2,2023-01-14,106,122,Finished,0
3992,4,20,12,2023-01-11,119,113,Finished,0
2593,3,10,26,2021-12-20,113,98,Finished,0
690,1,27,28,2020-01-26,106,110,Finished,0
803,1,30,5,2020-02-11,126,114,Finished,0
5218,5,25,12,2024-01-19,118,115,Finished,0
1141,2,19,28,2021-01-02,120,116,Finished,0
3464,4,7,22,2022-10-30,114,105,Finished,0
4830,5,6,14,2023-11-25,115,121,Finished,0
3470,4,4,26,2022-10-31,108,115,Finished,0
4456,4,28,12,2023-03-22,114,118,Finished,0
1494,2,5,26,2021-02-20,122,114,Finished,0
121,1,29,17,2019-11-08,103,100,Finished,0
3950,4,19,3,2023-01-06,102,108,Finished,0
4130,4,24,28,2023-01-30,114,106,Finished,0
2303,3,10,18,2021-11-10,123,110,Finished,0
5520,5,8,24,2024-03-05,107,117,Finished,0
1644,2,16,6,2021-03-16,113,98,Finished,0
1271,2,17,14,2021-01-21,106,113,Finished,0
445,1,22,5,2019-12-23,103,95,Finished,0
4823,5,17,30,2023-11-24,131,128,Finished,0
2081,2,10,29,2021-05-10,119,116,Finished,0
5725,5,16,20,2024-04-02,109,99,Finished,0
1442,2,25,6,2021-02-12,129,110,Finished,0
1412,2,19,11,2021-02-09,130,101,Finished,0
4460,4,17,27,2023-03-22,130,94,Finished,0
2136,2,18,7,2021-05-16,136,121,Finished,0
4224,4,28,9,2023-02-12,119,118,Finished,0
490,1,14,7,2019-12-29,108,95,Finished,0
1316,2,4,12,2021-01-27,106,116,Finished,0
2522,3,18,6,2021-12-10,106,123,Finished,0
116,1,1,26,2019-11-08,109,121,Finished,0
2154,3,1,7,2021-10-21,113,87,Finished,0
4726,5,7,13,2023-11-10,144,126,Finished,0
4854,5,18,21,2023-11-28,106,103,Finished,0
2143,3,19,23,2021-10-20,97,117,Finished,0
715,1,13,26,2020-01-30,103,124,Finished,0
2670,3,9,27,2022-01-01,117,116,Finished,0
2614,3,10,15,2021-12-23,113,104,Finished,0
5534,5,26,27,2024-03-07,131,129,Finished,0
2765,3,12,24,2022-01-14,94,112,Finished,0
248,1,27,14,2019-11-25,104,114,Finished,0
3942,4,18,25,2023-01-04,113,106,Finished,0
4088,4,20,6,2023-01-24,105,103,Finished,0
1124,2,29,24,2020-12-31,95,101,Finished,0
5236,5,22,6,2024-01-22,99,126,Finished,0
109,1,1,5,2019-11-06,93,113,Finished,0
3399,4,8,21,2022-10-22,122,117,Finished,0
3208,3,26,24,2022-03-20,124,127,Finished,0
4135,4,5,13,2023-01-31,103,108,Finished,0
3555,4,12,28,2022-11-12,118,104,Finished,0
3878,4,2,11,2022-12-27,126,102,Finished,0
2856,3,16,20,2022-01-26,110,96,Finished,0
2981,3,24,22,2022-02-12,132,105,Finished,0
4205,4,12,24,2023-02-10,104,117,Finished,0
4213,4,28,29,2023-02-10,116,122,Finished,0
477,1,25,14,2019-12-28,120,128,Finished,0
3861,4,24,15,2022-12-23,100,125,Finished,0
1849,2,25,16,2021-04-11,98,107,Finished,0
1931,2,12,21,2021-04-21,122,116,Finished,0
2898,3,5,22,2022-02-01,126,115,Finished,0
39,1,7,25,2019-10-27,119,121,Finished,0
3705,4,29,12,2022-12-02,139,119,Finished,0
292,1,18,15,2019-12-01,107,115,Finished,0
3436,4,10,16,2022-10-27,123,110,Finished,0
4816,5,4,30,2023-11-22,117,114,Finished,0
1943,2,4,6,2021-04-23,108,102,Finished,0
2123,2,3,5,2021-05-15,105,91,Finished,0
1428,2,2,28,2021-02-11,120,106,Finished,0
2395,3,17,22,2021-11-22,123,92,Finished,0
5229,5,13,3,2024-01-21,125,114,Finished,0
697,1,16,22,2020-01-27,113,92,Finished,0
3180,3,4,1,2022-03-16,116,106,Finished,0
1144,2,5,7,2021-01-03,118,108,Finished,0
1530,2,21,27,2021-02-24,102,99,Finished,0
1556,2,18,24,2021-02-28,99,118,Finished,0
3206,3,12,25,2022-03-20,129,98,Finished,0
3355,3,11,1,2022-04-10,114,130,Finished,0
1249,2,5,11,2021-01-18,125,120,Finished,0
3386,4,16,2,2022-10-21,104,111,Finished,0
5209,5,18,15,2024-01-18,118,103,Finished,0
4736,5,10,18,2023-11-12,99,116,Finished,0
2420,3,29,19,2021-11-26,97,98,Finished,0
3909,4,11,20,2022-12-31,88,108,Finished,0
2821,3,30,28,2022-01-21,105,109,Finished,0
5216,5,4,27,2024-01-19,124,120,Finished,0
760,1,9,24,2020-02-05,116,108,Finished,0
541,1,7,5,2020-01-06,118,110,Finished,0
2382,3,25,23,2021-11-20,118,111,Finished,0
455,1,8,19,2019-12-25,95,112,Finished,0
2793,3,2,19,2022-01-17,104,92,Finished,0
1531,2,8,30,2021-02-25,110,112,Finished,0
505,1,20,25,2020-01-01,117,93,Finished,0
2702,3,12,3,2022-01-05,121,129,Finished,0
2806,3,27,21,2022-01-19,118,96,Finished,0
3455,4,17,1,2022-10-29,123,115,Finished,0
4221,4,4,8,2023-02-11,105,119,Finished,0
4992,5,17,27,2023-12-19,132,119,Finished,0
3149,3,8,28,2022-03-12,106,127,Finished,0
5242,5,3,20,2024-01-23,103,108,Finished,0
1127,2,3,1,2021-01-01,96,114,Finished,0
2688,3,23,11,2022-01-03,133,113,Finished,0
2890,3,6,19,2022-01-31,93,90,Finished,0
3653,4,24,9,2022-11-25,108,102,Finished,0
5112,5,12,1,2024-01-05,150,116,Finished,0
1621,2,1,6,2021-03-14,100,82,Finished,0
994,1,30,12,2020-08-03,100,111,Finished,0
2304,3,22,3,2021-11-10,90,123,Finished,0
5452,5,13,26,2024-02-25,107,123,Finished,0
1974,2,23,21,2021-04-26,121,90,Finished,0
3335,3,17,2,2022-04-07,127,121,Finished,0
4724,5,15,29,2023-11-10,121,127,Finished,0
140,1,2,7,2019-11-11,116,106,Finished,0
1469,2,24,3,2021-02-16,124,128,Finished,0
3876,4,26,8,2022-12-27,106,113,Finished,0
1425,2,18,13,2021-02-10,112,119,Finished,0
5241,5,13,14,2024-01-23,127,116,Finished,0
4894,5,14,24,2023-12-05,106,103,Finished,0
4142,4,29,28,2023-02-01,131,128,Finished,0
4891,5,26,19,2023-12-04,117,127,Finished,0
3675,4,8,11,2022-11-28,129,113,Finished,0
925,1,4,8,2020-03-05,112,99,Finished,0
2936,3,5,23,2022-02-06,108,119,Finished,0
2406,3,27,1,2021-11-24,106,124,Finished,0
3903,4,22,30,2022-12-30,100,107,Finished,0
276,1,12,1,2019-11-29,105,104,Finished,0
625,1,28,30,2020-01-17,140,111,Finished,0
4118,4,9,11,2023-01-28,114,117,Finished,0
4607,5,3,6,2023-10-25,113,114,Finished,0
3828,4,24,14,2022-12-19,125,104,Finished,0
3311,3,28,16,2022-04-03,109,114,Finished,0
3552,4,22,24,2022-11-11,114,97,Finished,0
1221,2,18,15,2021-01-13,107,118,Finished,0
3168,3,19,24,2022-03-15,115,131,Finished,0
4330,4,14,10,2023-03-05,113,105,Finished,0
3083,3,8,11,2022-03-04,106,101,Finished,0
3910,4,18,9,2022-12-31,104,116,Finished,0
743,1,16,23,2020-02-03,137,106,Finished,0
2725,3,7,5,2022-01-09,113,99,Finished,0
2575,3,29,27,2021-12-17,126,128,Finished,0
3634,4,28,3,2022-11-23,98,112,Finished,0
2077,2,26,21,2021-05-09,126,98,Finished,0
3624,4,18,16,2022-11-21,105,101,Finished,0
5715,5,5,1,2024-04-01,101,113,Finished,0
4969,5,17,9,2023-12-16,146,114,Finished,0
2820,3,27,3,2022-01-21,102,117,Finished,0
739,1,17,24,2020-02-02,129,108,Finished,0
1466,2,2,8,2021-02-16,112,99,Finished,0
1064,2,5,1,2020-12-23,104,124,Finished,0
527,1,1,12,2020-01-04,116,111,Finished,0
975,1,3,22,2020-07-31,118,128,Finished,0
2170,3,12,16,2021-10-23,102,91,Finished,0
5254,5,16,2,2024-01-25,110,143,Finished,0
5654,5,25,8,2024-03-23,111,114,Finished,0
4910,5,25,7,2023-12-08,112,102,Finished,0
4211,4,13,17,2023-02-10,106,119,Finished,0
5124,5,23,29,2024-01-06,109,120,Finished,0
2162,3,2,28,2021-10-22,83,115,Finished,0
2356,3,25,5,2021-11-17,112,107,Finished,0
5129,5,14,13,2024-01-07,106,103,Finished,0
1074,2,16,19,2020-12-25,111,98,Finished,0
758,1,13,16,2020-02-05,128,111,Finished,0
3326,3,24,14,2022-04-05,121,110,Finished,0
4929,5,22,6,2023-12-11,104,94,Finished,0
2774,3,17,28,2022-01-15,96,103,Finished,0
764,1,17,23,2020-02-06,112,101,Finished,0
5153,5,9,27,2024-01-10,108,130,Finished,0
4907,5,17,12,2023-12-07,119,128,Finished,0
4054,4,27,13,2023-01-20,126,131,Finished,0
2784,3,9,24,2022-01-16,108,135,Finished,0
2327,3,12,23,2021-11-13,118,113,Finished,0
2552,3,20,10,2021-12-14,96,105,Finished,0
1434,2,2,9,2021-02-12,102,108,Finished,0
2622,3,29,7,2021-12-25,120,116,Finished,0
4096,4,10,15,2023-01-25,122,120,Finished,0
1608,2,29,11,2021-03-12,114,99,Finished,0
5693,5,22,13,2024-03-29,97,100,Finished,0
1120,2,12,6,2020-12-31,119,99,Finished,0
2177,3,3,4,2021-10-24,95,111,Finished,0
3133,3,1,13,2022-03-11,112,106,Finished,0
1963,2,10,26,2021-04-25,117,113,Finished,0
3174,3,11,24,2022-03-16,112,129,Finished,0
1979,2,28,3,2021-04-27,103,116,Finished,0
1213,2,6,29,2021-01-12,87,117,Finished,0
1700,2,28,8,2021-03-24,135,111,Finished,0
4565,4,9,3,2023-04-05,108,123,Finished,0
5681,5,18,9,2024-03-27,106,91,Finished,0
1656,2,20,22,2021-03-18,94,93,Finished,0
2483,3,20,8,2021-12-04,99,104,Finished,0
1346,2,28,22,2021-01-31,115,102,Finished,0
2517,3,13,2,2021-12-08,114,111,Finished,0
466,1,2,6,2019-12-27,129,108,Finished,0
1693,2,27,4,2021-03-22,97,100,Finished,0
3569,4,11,13,2022-11-14,106,122,Finished,0
4840,5,22,4,2023-11-26,130,117,Finished,0
4977,5,24,30,2023-12-17,112,108,Finished,0
1006,1,27,8,2020-08-05,126,132,Finished,0
1787,2,25,21,2021-04-03,133,85,Finished,0
4214,4,1,27,2023-02-11,125,106,Finished,0
952,1,26,28,2020-03-08,113,118,Finished,0
4980,5,6,11,2023-12-18,135,130,Finished,0
3831,4,16,5,2022-12-20,103,113,Finished,0
352,1,16,1,2019-12-10,135,121,Finished,0
3099,3,13,20,2022-03-06,93,116,Finished,0
838,1,4,3,2020-02-22,86,115,Finished,0
5268,5,4,11,2024-01-26,104,138,Finished,0
2103,2,18,8,2021-05-13,103,114,Finished,0
126,1,22,15,2019-11-08,118,86,Finished,0
4672,5,5,3,2023-11-03,107,109,Finished,0
2398,3,29,15,2021-11-22,118,119,Finished,0
5429,5,8,30,2024-02-22,130,110,Finished,0
2581,3,28,10,2021-12-18,119,100,Finished,0
2010,2,6,16,2021-05-01,107,124,Finished,0
4955,5,2,22,2023-12-15,128,111,Finished,0
4165,4,19,14,2023-02-04,131,126,Finished,0
87,1,13,29,2019-11-03,105,94,Finished,0
1928,2,26,18,2021-04-21,128,125,Finished,0
5011,5,3,8,2023-12-22,117,122,Finished,0
497,1,4,2,2019-12-31,92,109,Finished,0
2422,3,8,17,2021-11-26,94,120,Finished,0
860,1,12,4,2020-02-25,119,80,Finished,0
2039,2,6,25,2021-05-05,105,141,Finished,0
2210,3,19,26,2021-10-29,109,113,Finished,0
499,1,21,7,2019-12-31,106,101,Finished,0
3788,4,28,26,2022-12-14,123,124,Finished,0
5225,5,5,15,2024-01-20,125,96,Finished,0
1266,2,18,22,2021-01-20,96,97,Finished,0
4012,4,18,6,2023-01-14,110,102,Finished,0
5486,5,19,12,2024-03-01,129,102,Finished,0
3382,4,12,30,2022-10-19,107,107,Finished,0
964,1,12,2,2020-03-10,111,114,Finished,0
5504,5,28,4,2024-03-03,111,106,Finished,0
2972,3,5,18,2022-02-11,134,122,Finished,0
4322,4,8,15,2023-03-03,113,97,Finished,0
4359,4,24,21,2023-03-08,132,98,Finished,0
5171,5,1,30,2024-01-13,99,127,Finished,0
3252,3,28,12,2022-03-26,131,91,Finished,0
1924,2,6,5,2021-04-21,121,105,Finished,0
1212,2,30,24,2021-01-11,128,94,Finished,0
3741,4,3,4,2022-12-07,122,116,Finished,0
2658,3,11,16,2021-12-31,110,120,Finished,0
185,1,6,23,2019-11-17,95,114,Finished,0
604,1,5,30,2020-01-15,115,106,Finished,0
96,1,30,9,2019-11-04,115,99,Finished,0
125,1,25,3,2019-11-08,115,119,Finished,0
5199,5,6,17,2024-01-17,135,95,Finished,0
598,1,15,11,2020-01-14,121,110,Finished,0
1775,2,12,4,2021-04-02,97,114,Finished,0
2390,3,13,7,2021-11-21,97,91,Finished,0
4730,5,1,16,2023-11-11,109,117,Finished,0
5760,5,2,25,2024-04-07,124,107,Finished,0
3441,4,8,29,2022-10-28,117,101,Finished,0
4708,5,26,25,2023-11-08,121,118,Finished,0
1104,2,12,2,2020-12-29,111,116,Finished,0
3665,4,20,15,2022-11-27,123,127,Finished,0
4390,4,11,2,2023-03-13,111,109,Finished,0
3215,3,6,14,2022-03-21,120,131,Finished,0
4881,5,13,10,2023-12-02,113,106,Finished,0
1839,2,25,9,2021-04-10,118,103,Finished,0
891,1,24,10,2020-02-29,88,115,Finished,0
1374,2,14,8,2021-02-04,114,93,Finished,0
2682,3,7,8,2022-01-03,103,89,Finished,0
2975,3,1,27,2022-02-11,121,136,Finished,0
1043,1,27,11,2020-08-11,123,105,Finished,0
5710,5,4,13,2024-03-31,118,130,Finished,0
4766,5,10,21,2023-11-16,97,128,Finished,0
199,1,26,24,2019-11-19,120,116,Finished,0
3783,4,22,1,2022-12-14,135,124,Finished,0
1816,2,8,27,2021-04-07,106,96,Finished,0
48,1,24,29,2019-10-28,91,96,Finished,0
1675,2,13,4,2021-03-20,125,98,Finished,0
1041,1,23,24,2020-08-11,117,112,Finished,0
3104,3,11,15,2022-03-06,123,112,Finished,0
1872,2,9,13,2021-04-14,98,100,Finished,0
1489,2,18,28,2021-02-19,81,86,Finished,0
4641,5,15,7,2023-10-30,110,125,Finished,0
1900,2,5,6,2021-04-17,106,96,Finished,0
2310,3,13,16,2021-11-11,112,109,Finished,0
4602,5,15,19,2023-10-25,104,111,Finished,0
4691,5,21,1,2023-11-06,126,117,Finished,0
1075,2,14,7,2020-12-25,138,115,Finished,0
2106,2,24,25,2021-05-13,118,117,Finished,0
4849,5,6,1,2023-11-28,128,105,Finished,0
4644,5,1,18,2023-10-30,127,113,Finished,0
3350,3,30,20,2022-04-08,92,114,Finished,0
5759,5,15,23,2024-04-06,96,116,Finished,0
4521,4,6,20,2023-03-31,116,130,Finished,0
2807,3,2,4,2022-01-19,102,111,Finished,0
727,1,2,23,2020-02-01,116,95,Finished,0
520,1,11,23,2020-01-03,118,108,Finished,0
4397,4,19,14,2023-03-14,108,123,Finished,0
138,1,21,17,2019-11-10,119,121,Finished,0
2147,3,25,26,2021-10-20,121,124,Finished,0
4042,4,20,30,2023-01-18,105,103,Finished,0
2332,3,8,25,2021-11-14,124,95,Finished,0
5134,5,26,19,2024-01-07,100,133,Finished,0
2099,2,3,27,2021-05-12,128,116,Finished,0
518,1,14,19,2020-01-03,123,113,Finished,0
1254,2,25,27,2021-01-18,104,125,Finished,0
2970,3,30,3,2022-02-10,113,112,Finished,0
2508,3,11,3,2021-12-08,114,104,Finished,0
3191,3,16,21,2022-03-18,120,108,Finished,0
5461,5,25,16,2024-02-27,96,106,Finished,0
5720,5,4,2,2024-04-01,104,118,Finished,0
2261,3,14,21,2021-11-04,104,107,Finished,0
2832,3,18,3,2022-01-23,136,125,Finished,0
4729,5,10,6,2023-11-11,105,118,Finished,0
5194,5,3,16,2024-01-15,95,96,Finished,0
2338,3,1,22,2021-11-15,129,111,Finished,0
1989,2,20,5,2021-04-28,113,94,Finished,0
3848,4,1,9,2022-12-23,130,105,Finished,0
2631,3,18,2,2021-12-27,108,103,Finished,0
4566,4,23,16,2023-04-06,101,129,Finished,0
3580,4,1,2,2022-11-16,101,126,Finished,0
858,1,8,9,2020-02-25,115,98,Finished,0
4622,5,29,13,2023-10-27,120,118,Finished,0
2350,3,13,27,2021-11-16,106,92,Finished,0
5145,5,22,18,2024-01-09,92,113,Finished,0
3586,4,4,12,2022-11-16,113,125,Finished,0
2334,3,14,27,2021-11-14,114,106,Finished,0
3805,4,7,25,2022-12-16,130,110,Finished,0
2394,3,5,12,2021-11-22,77,109,Finished,0
4508,4,23,7,2023-03-29,116,108,Finished,0
128,1,5,11,2019-11-09,94,117,Finished,0
4621,5,26,10,2023-10-27,114,117,Finished,0
375,1,16,14,2019-12-13,110,113,Finished,0
3808,4,11,25,2022-12-17,95,107,Finished,0
113,1,24,16,2019-11-07,99,124,Finished,0
178,1,20,4,2019-11-16,102,103,Finished,0
5180,5,18,13,2024-01-14,109,105,Finished,0
2536,3,30,29,2021-12-11,98,123,Finished,0
779,1,22,17,2020-02-08,95,111,Finished,0
5185,5,6,5,2024-01-15,109,91,Finished,0
2505,3,19,8,2021-12-08,114,109,Finished,0
3089,3,19,29,2022-03-04,124,90,Finished,0
4110,4,19,30,2023-01-28,103,103,Finished,0
2300,3,11,9,2021-11-10,104,112,Finished,0
2542,3,9,3,2021-12-12,104,116,Finished,0
380,1,5,13,2019-12-14,109,106,Finished,0
4901,5,1,3,2023-12-06,113,114,Finished,0
1169,2,12,11,2021-01-06,114,107,Finished,0
172,1,18,30,2019-11-15,116,137,Finished,0
3292,3,11,26,2022-04-01,117,122,Finished,0
5488,5,28,10,2024-03-01,105,118,Finished,0
1458,2,13,6,2021-02-14,128,111,Finished,0
1326,2,19,17,2021-01-29,131,126,Finished,0
5705,5,8,6,2024-03-31,130,101,Finished,0
3836,4,6,17,2022-12-21,114,106,Finished,0
2912,3,14,25,2022-02-02,99,94,Finished,0
4420,4,5,18,2023-03-17,139,131,Finished,0
4541,4,18,25,2023-04-02,105,107,Finished,0
50,1,26,8,2019-10-28,94,95,Finished,0
1877,2,26,30,2021-04-14,111,123,Finished,0
14,1,9,1,2019-10-24,100,117,Finished,0
1202,2,3,21,2021-01-10,116,129,Finished,0
4650,5,17,16,2023-10-30,122,114,Finished,0
2904,3,18,8,2022-02-01,130,102,Finished,0
4358,4,13,28,2023-03-08,108,100,Finished,0
4203,4,2,4,2023-02-10,127,116,Finished,0
3532,4,28,11,2022-11-09,116,109,Finished,0
4824,5,18,26,2023-11-24,111,124,Finished,0
239,1,30,26,2019-11-24,106,113,Finished,0
475,1,8,15,2019-12-28,116,110,Finished,0
2848,3,11,27,2022-01-25,104,134,Finished,0
2707,3,24,13,2022-01-06,106,89,Finished,0
4424,4,29,2,2023-03-18,118,117,Finished,0
4471,4,30,27,2023-03-24,126,124,Finished,0
73,1,22,17,2019-11-01,91,123,Finished,0
5379,5,4,15,2024-02-10,115,106,Finished,0
4462,4,22,20,2023-03-23,111,106,Finished,0
3394,4,30,5,2022-10-21,93,100,Finished,0
970,1,1,20,2020-03-11,131,136,Finished,0
2916,3,10,26,2022-02-03,126,114,Finished,0
5446,5,10,8,2024-02-25,99,119,Finished,0
298,1,23,29,2019-12-02,103,94,Finished,0
3841,4,26,14,2022-12-21,134,120,Finished,0
756,1,29,8,2020-02-05,95,83,Finished,0
5322,5,27,19,2024-02-02,113,114,Finished,0
1175,2,26,5,2021-01-06,128,124,Finished,0
2825,3,4,21,2022-01-21,121,98,Finished,0
4401,4,28,8,2023-03-14,125,110,Finished,0
1142,2,22,21,2021-01-02,99,108,Finished,0
5685,5,5,12,2024-03-27,125,99,Finished,0
4408,4,6,23,2023-03-15,109,118,Finished,0
705,1,23,10,2020-01-28,115,104,Finished,0
842,1,5,30,2020-02-23,126,117,Finished,0
3100,3,17,24,2022-03-06,132,122,Finished,0
4152,4,12,14,2023-02-02,111,112,Finished,0
4653,5,24,27,2023-10-31,114,115,Finished,0
1503,2,28,23,2021-02-21,110,103,Finished,0
3493,4,18,17,2022-11-04,102,115,Finished,0
94,1,24,23,2019-11-04,109,109,Finished,0
207,1,16,6,2019-11-20,124,100,Finished,0
3067,3,6,4,2022-03-02,98,119,Finished,0
3773,4,27,6,2022-12-12,112,111,Finished,0
5751,5,12,21,2024-04-05,126,112,Finished,0
2752,3,30,22,2022-01-12,112,106,Finished,0
834,1,16,6,2020-02-22,124,91,Finished,0
3959,4,18,13,2023-01-06,128,115,Finished,0
1393,2,1,28,2021-02-06,132,121,Finished,0
1237,2,26,13,2021-01-15,100,138,Finished,0
412,1,25,10,2019-12-18,122,112,Finished,0
5272,5,10,14,2024-01-27,139,145,Finished,0
1181,2,19,4,2021-01-08,110,118,Finished,0
660,1,20,14,2020-01-22,92,100,Finished,0
5130,5,7,18,2024-01-07,115,108,Finished,0
3506,4,17,21,2022-11-05,108,94,Finished,0
4182,4,29,7,2023-02-06,111,124,Finished,0
4114,4,27,24,2023-01-28,118,126,Finished,0
2480,3,30,6,2021-12-03,101,116,Finished,0
2092,2,28,13,2021-05-11,96,115,Finished,0
792,1,22,1,2020-02-10,135,126,Finished,0
976,1,25,15,2020-07-31,140,135,Finished,0
4762,5,14,26,2023-11-15,110,125,Finished,0
1972,2,26,7,2021-04-26,113,106,Finished,0
4832,5,3,16,2023-11-25,112,97,Finished,0
5396,5,17,8,2024-02-12,112,95,Finished,0
2844,3,2,26,2022-01-25,128,75,Finished,0
5155,5,29,8,2024-01-10,124,111,Finished,0
3984,4,13,7,2023-01-10,113,101,Finished,0
2046,2,17,30,2021-05-05,135,134,Finished,0
650,1,4,22,2020-01-20,83,106,Finished,0
1111,2,21,22,2020-12-29,107,118,Finished,0
1348,2,18,6,2021-01-31,109,104,Finished,0
2822,3,29,9,2022-01-21,111,101,Finished,0
364,1,24,15,2019-12-11,108,115,Finished,0
80,1,17,28,2019-11-02,115,105,Finished,0
4654,5,20,6,2023-11-01,89,95,Finished,0
1733,2,21,2,2021-03-27,94,111,Finished,0
5132,5,10,28,2024-01-07,107,133,Finished,0
272,1,24,7,2019-11-29,104,120,Finished,0
3091,3,7,26,2022-03-05,114,113,Finished,0
1685,2,11,21,2021-03-21,112,114,Finished,0
583,1,7,23,2020-01-11,109,91,Finished,0
3928,4,3,27,2023-01-02,139,103,Finished,0
2598,3,14,24,2021-12-21,90,108,Finished,0
5057,5,8,15,2023-12-28,142,105,Finished,0
2698,3,7,10,2022-01-05,99,82,Finished,0
4261,4,14,10,2023-02-23,124,111,Finished,0
5601,5,15,21,2024-03-16,112,118,Finished,0
4591,4,16,22,2023-04-09,123,110,Finished,0
5571,5,26,17,2024-03-12,129,94,Finished,0
4549,4,9,16,2023-04-04,105,118,Finished,0
3608,4,1,28,2022-11-19,124,122,Finished,0
4474,4,2,12,2023-03-24,120,95,Finished,0
2802,3,17,15,2022-01-19,126,114,Finished,0
3471,4,29,15,2022-10-31,121,105,Finished,0
3672,4,14,12,2022-11-28,115,116,Finished,0
4590,4,25,10,2023-04-09,101,157,Finished,0
280,1,17,4,2019-11-30,137,96,Finished,0
1310,2,27,2,2021-01-27,110,106,Finished,0
1661,2,2,26,2021-03-19,96,107,Finished,0
3456,4,26,16,2022-10-29,119,113,Finished,0
4196,4,28,27,2023-02-08,112,98,Finished,0
5524,5,11,13,2024-03-06,116,122,Finished,0
5233,5,26,1,2024-01-22,122,107,Finished,0
4918,5,15,18,2023-12-08,103,127,Finished,0
522,1,30,25,2020-01-03,103,122,Finished,0
2130,2,20,2,2021-05-16,96,92,Finished,0
1908,2,7,26,2021-04-18,107,121,Finished,0
2397,3,26,23,2021-11-22,94,102,Finished,0
5411,5,15,11,2024-02-14,121,113,Finished,0
4540,4,17,23,2023-04-02,117,104,Finished,0
3949,4,8,6,2023-01-06,121,108,Finished,0
1327,2,20,6,2021-01-29,102,81,Finished,0
5430,5,23,20,2024-02-22,96,110,Finished,0
1325,2,30,1,2021-01-29,100,116,Finished,0
2627,3,30,23,2021-12-26,96,117,Finished,0
1216,2,10,12,2021-01-12,95,104,Finished,0
513,1,5,29,2020-01-02,98,102,Finished,0
235,1,11,7,2019-11-24,123,137,Finished,0
1502,2,22,9,2021-02-21,105,96,Finished,0
3729,4,6,14,2022-12-06,116,102,Finished,0
1844,2,4,1,2021-04-11,101,105,Finished,0
443,1,28,7,2019-12-22,110,107,Finished,0
4055,4,29,3,2023-01-20,106,117,Finished,0
3166,3,1,25,2022-03-14,122,113,Finished,0
5362,5,14,8,2024-02-08,106,114,Finished,0
5310,5,16,26,2024-01-31,115,106,Finished,0
5154,5,13,28,2024-01-10,126,120,Finished,0
4342,4,26,19,2023-03-06,123,108,Finished,0
2500,3,17,6,2021-12-06,112,104,Finished,0
1448,2,29,16,2021-02-13,112,94,Finished,0
4362,4,17,3,2023-03-09,118,113,Finished,0
4997,5,7,13,2023-12-20,95,120,Finished,0
3930,4,21,2,2023-01-03,150,117,Finished,0
3051,3,14,19,2022-02-27,95,123,Finished,0
3401,4,23,27,2022-10-22,105,114,Finished,0
1655,2,24,18,2021-03-18,119,123,Finished,0
2773,3,16,23,2022-01-15,98,109,Finished,0
1854,2,24,11,2021-04-12,126,120,Finished,0
631,1,21,25,2020-01-18,119,106,Finished,0
5724,5,30,17,2024-04-02,117,113,Finished,0
2132,2,27,24,2021-05-16,121,123,Finished,0
5775,5,11,22,2024-04-09,118,106,Finished,0
4251,4,5,17,2023-02-16,100,112,Finished,0
3286,3,9,23,2022-03-31,102,94,Finished,0
996,1,29,14,2020-08-03,108,116,Finished,0
2511,3,4,23,2021-12-08,106,110,Finished,0
2794,3,7,21,2022-01-17,104,102,Finished,0
2503,3,7,3,2021-12-07,99,102,Finished,0
4389,4,1,18,2023-03-13,115,136,Finished,0
3214,3,4,19,2022-03-21,106,103,Finished,0
4953,5,25,29,2023-12-14,114,122,Finished,0
3695,4,1,8,2022-12-02,117,109,Finished,0
4974,5,27,19,2023-12-17,110,146,Finished,0
5652,5,1,4,2024-03-23,132,91,Finished,0
5066,5,8,21,2023-12-29,93,119,Finished,0
1456,2,21,17,2021-02-14,114,109,Finished,0
3281,3,27,15,2022-03-30,111,112,Finished,0
2209,3,23,9,2021-10-28,110,102,Finished,0
4151,4,8,10,2023-02-02,134,117,Finished,0
2640,3,11,14,2021-12-28,123,132,Finished,0
4168,4,5,25,2023-02-04,129,121,Finished,0
5377,5,22,5,2024-02-10,114,108,Finished,0
5455,5,1,22,2024-02-25,109,92,Finished,0
5535,5,24,28,2024-03-07,120,113,Finished,0
5463,5,2,23,2024-02-27,117,99,Finished,0
4179,4,11,26,2023-02-06,120,140,Finished,0
22,1,21,30,2019-10-25,85,97,Finished,0
1990,2,8,19,2021-04-28,114,112,Finished,0
3124,3,19,22,2022-03-09,102,108,Finished,0
2033,2,17,3,2021-05-04,124,118,Finished,0
4053,4,6,10,2023-01-20,114,120,Finished,0
146,1,23,6,2019-11-12,98,97,Finished,0
2901,3,17,30,2022-02-01,112,98,Finished,0
4817,5,1,3,2023-11-22,147,145,Finished,0
3888,4,10,29,2022-12-28,112,107,Finished,0
267,1,6,17,2019-11-29,110,119,Finished,0
2020,2,7,26,2021-05-02,99,111,Finished,0
2002,2,23,1,2021-04-30,126,104,Finished,0
4704,5,21,6,2023-11-08,128,120,Finished,0
2427,3,10,25,2021-11-26,118,103,Finished,0
918,1,17,12,2020-03-04,119,100,Finished,0
1276,2,12,22,2021-01-22,120,118,Finished,0
4618,5,5,28,2023-10-27,104,103,Finished,0
3564,4,23,29,2022-11-13,105,98,Finished,0
5798,5,9,5,2024-04-11,105,127,Finished,0
2550,3,8,30,2021-12-13,91,107,Finished,0
3645,4,21,5,2022-11-25,123,119,Finished,0
1198,2,12,24,2021-01-09,117,121,Finished,0
988,1,15,27,2020-08-02,106,108,Finished,0
2457,3,28,15,2021-11-30,91,98,Finished,0
5795,5,2,20,2024-04-11,109,118,Finished,0
1627,2,23,27,2021-03-14,134,99,Finished,0
2988,3,25,20,2022-02-12,112,103,Finished,0
3567,4,20,21,2022-11-13,135,145,Finished,0
3721,4,28,2,2022-12-05,110,116,Finished,0
5415,5,6,5,2024-02-14,108,105,Finished,0
3247,3,8,21,2022-03-26,106,107,Finished,0
4690,5,9,24,2023-11-05,106,120,Finished,0
3474,4,24,18,2022-11-01,113,107,Finished,0
4642,5,8,29,2023-10-30,110,102,Finished,0
3039,3,6,30,2022-02-26,92,86,Finished,0
2423,3,13,9,2021-11-26,107,96,Finished,0
2870,3,22,9,2022-01-28,119,103,Finished,0
856,1,14,19,2020-02-25,118,109,Finished,0
370,1,9,7,2019-12-12,111,122,Finished,0
642,1,11,21,2020-01-20,107,112,Finished,0
3598,4,23,17,2022-11-18,110,102,Finished,0
4027,4,6,19,2023-01-16,113,103,Finished,0
4430,4,28,18,2023-03-18,122,107,Finished,0
3917,4,17,30,2023-01-01,95,111,Finished,0
5494,5,14,8,2024-03-02,114,124,Finished,0
2781,3,8,29,2022-01-16,89,125,Finished,0
2980,3,16,3,2022-02-12,115,111,Finished,0
3442,4,25,11,2022-10-28,125,111,Finished,0
3792,4,7,6,2022-12-14,90,105,Finished,0
373,1,29,10,2019-12-13,114,106,Finished,0
1687,2,17,12,2021-03-22,140,113,Finished,0
2878,3,23,26,2022-01-29,103,101,Finished,0
5404,5,8,26,2024-02-14,98,102,Finished,0
5462,5,18,27,2024-02-27,106,105,Finished,0
4657,5,14,13,2023-11-01,130,125,Finished,0
1878,2,15,7,2021-04-14,113,114,Finished,0
4269,4,18,4,2023-02-24,113,121,Finished,0
2625,3,5,12,2021-12-26,113,105,Finished,0
1704,2,12,9,2021-03-24,116,111,Finished,0
2137,2,25,8,2021-05-16,132,116,Finished,0
2718,3,8,26,2022-01-07,108,111,Finished,0
725,1,19,15,2020-01-31,139,111,Finished,0
1351,2,16,4,2021-02-01,121,129,Finished,0
5625,5,25,13,2024-03-20,103,116,Finished,0
4750,5,10,18,2023-11-14,80,104,Finished,0
3820,4,28,10,2022-12-18,110,126,Finished,0
2121,2,20,4,2021-05-15,118,109,Finished,0
478,1,18,6,2019-12-28,88,86,Finished,0
1034,1,16,12,2020-08-10,114,92,Finished,0
2753,3,1,16,2022-01-12,91,115,Finished,0
271,1,22,28,2019-11-29,83,90,Finished,0
3227,3,4,20,2022-03-23,106,121,Finished,0
1886,2,23,13,2021-04-16,106,103,Finished,0
1187,2,15,3,2021-01-08,115,110,Finished,0
839,1,5,24,2020-02-22,104,112,Finished,0
5489,5,13,30,2024-03-01,140,115,Finished,0
4874,5,19,27,2023-12-01,121,106,Finished,0
5823,5,27,9,2024-04-14,123,95,Finished,0
587,1,28,27,2020-01-12,104,105,Finished,0
3615,4,26,9,2022-11-20,137,129,Finished,0
1013,1,26,19,2020-08-06,140,125,Finished,0
4169,4,9,24,2023-02-04,100,110,Finished,0
3539,4,13,14,2022-11-09,114,101,Finished,0
91,1,3,19,2019-11-04,135,125,Finished,0
2918,3,28,5,2022-02-03,127,120,Finished,0
3021,3,13,11,2022-02-17,142,111,Finished,0
5525,5,30,22,2024-03-06,109,119,Finished,0
763,1,5,19,2020-02-06,119,125,Finished,0
1620,2,30,17,2021-03-13,119,125,Finished,0
4106,4,18,15,2023-01-27,111,100,Finished,0
5749,5,24,18,2024-04-05,97,78,Finished,0
3587,4,8,20,2022-11-16,103,106,Finished,0
3821,4,1,22,2022-12-19,126,125,Finished,0
4348,4,20,4,2023-03-07,105,112,Finished,0
5583,5,21,7,2024-03-14,126,112,Finished,0
424,1,8,18,2019-12-20,105,100,Finished,0
5042,5,9,3,2023-12-26,112,118,Finished,0
4519,4,11,9,2023-03-31,121,115,Finished,0
3767,4,23,4,2022-12-11,131,113,Finished,0
1392,2,20,25,2021-02-06,110,99,Finished,0
5373,5,26,8,2024-02-09,135,106,Finished,0
3356,3,15,2,2022-04-10,110,139,Finished,0
1125,2,30,5,2020-12-31,130,133,Finished,0
2674,3,6,12,2022-01-02,108,104,Finished,0
2080,2,15,19,2021-05-10,115,110,Finished,0
1446,2,20,11,2021-02-13,121,99,Finished,0
132,1,25,1,2019-11-10,124,113,Finished,0
1182,2,10,13,2021-01-08,115,105,Finished,0
1680,2,2,22,2021-03-21,112,96,Finished,0
65,1,28,9,2019-10-30,125,113,Finished,0
4069,4,10,3,2023-01-22,116,120,Finished,0
1179,2,8,7,2021-01-07,117,124,Finished,0
5251,5,9,4,2024-01-24,106,106,Finished,0
1214,2,23,16,2021-01-12,137,134,Finished,0
3245,3,6,5,2022-03-26,94,98,Finished,0
4059,4,14,15,2023-01-20,122,121,Finished,0
4180,4,25,17,2023-02-06,108,127,Finished,0
3711,4,4,17,2022-12-03,96,105,Finished,0
848,1,6,16,2020-02-24,125,119,Finished,0
3211,3,3,29,2022-03-21,114,106,Finished,0
2182,3,13,25,2021-10-25,116,86,Finished,0
4543,4,20,30,2023-04-02,118,109,Finished,0
2196,3,13,6,2021-10-27,79,92,Finished,0
3075,3,1,5,2022-03-03,130,124,Finished,0
1177,2,14,27,2021-01-07,109,118,Finished,0
4619,5,7,3,2023-10-27,123,120,Finished,0
3575,4,19,15,2022-11-15,113,102,Finished,0
2050,2,12,1,2021-05-06,133,126,Finished,0
2072,2,4,19,2021-05-09,110,112,Finished,0
1240,2,25,1,2021-01-16,112,106,Finished,0
4186,4,22,20,2023-02-07,98,102,Finished,0
5078,5,15,26,2023-12-31,92,123,Finished,0
4015,4,12,15,2023-01-14,112,130,Finished,0
825,1,18,2,2020-02-21,117,127,Finished,0
4429,4,30,26,2023-03-18,111,132,Finished,0
4804,5,14,29,2023-11-21,131,99,Finished,0
1121,2,21,19,2020-12-31,80,113,Finished,0
2570,3,2,10,2021-12-17,107,111,Finished,0
1368,2,27,18,2021-02-03,111,108,Finished,0
3605,4,23,18,2022-11-19,109,112,Finished,0
4286,4,5,30,2023-02-26,102,82,Finished,0
1170,2,16,2,2021-01-06,105,107,Finished,0
3028,3,18,15,2022-02-24,119,114,Finished,0
2478,3,12,16,2021-12-03,104,113,Finished,0
2646,3,5,1,2021-12-29,131,117,Finished,0
1634,2,8,12,2021-03-15,121,106,Finished,0
3542,4,19,25,2022-11-10,95,106,Finished,0
832,1,14,15,2020-02-21,117,105,Finished,0
2537,3,27,19,2021-12-12,112,97,Finished,0
5069,5,12,20,2023-12-30,140,126,Finished,0
4191,4,6,9,2023-02-08,113,85,Finished,0
2934,3,26,21,2022-02-05,113,103,Finished,0
4914,5,16,6,2023-12-08,99,111,Finished,0
532,1,17,27,2020-01-04,127,118,Finished,0
568,1,20,19,2020-01-10,111,123,Finished,0
1086,2,27,28,2020-12-26,119,114,Finished,0
2388,3,24,8,2021-11-21,126,87,Finished,0
4904,5,30,23,2023-12-06,126,131,Finished,0
452,1,16,29,2019-12-23,107,104,Finished,0
5399,5,17,16,2024-02-13,97,123,Finished,0
5676,5,4,6,2024-03-27,118,111,Finished,0
4899,5,11,21,2023-12-06,110,101,Finished,0
1369,2,26,2,2021-02-03,116,111,Finished,0
2559,3,17,12,2021-12-15,114,99,Finished,0
4246,4,15,29,2023-02-15,117,111,Finished,0
4326,4,27,11,2023-03-04,110,122,Finished,0
1018,1,28,2,2020-08-07,100,122,Finished,0
1336,2,19,11,2021-01-30,112,126,Finished,0
761,1,21,6,2020-02-05,109,103,Finished,0
3301,3,23,4,2022-04-02,144,114,Finished,0
1899,2,2,10,2021-04-17,119,114,Finished,0
5213,5,2,8,2024-01-19,100,102,Finished,0
1653,2,8,4,2021-03-17,129,104,Finished,0
17,1,19,7,2019-10-25,116,123,Finished,0
4718,5,12,17,2023-11-09,126,124,Finished,0
5439,5,10,4,2024-02-23,95,84,Finished,0
3494,4,30,3,2022-11-04,82,128,Finished,0
3188,3,28,14,2022-03-18,123,128,Finished,0
4614,5,17,23,2023-10-26,118,117,Finished,0
3577,4,26,3,2022-11-15,153,121,Finished,0
4026,4,4,2,2023-01-16,118,130,Finished,0
1983,2,30,14,2021-04-28,116,107,Finished,0
4601,5,10,24,2023-10-24,97,108,Finished,0
1789,2,27,12,2021-04-03,133,139,Finished,0
5667,5,5,30,2024-03-25,105,107,Finished,0
5142,5,20,25,2024-01-09,112,84,Finished,0
1445,2,10,3,2021-02-13,117,134,Finished,0
1975,2,2,21,2021-04-27,115,119,Finished,0
1287,2,29,10,2021-01-23,127,108,Finished,0
4868,5,18,29,2023-11-30,101,90,Finished,0
4033,4,15,24,2023-01-16,136,94,Finished,0
5353,5,2,1,2024-02-07,125,117,Finished,0
4206,4,25,21,2023-02-10,129,138,Finished,0
4415,4,17,12,2023-03-16,123,139,Finished,0
2151,3,20,2,2021-10-20,138,134,Finished,0
977,1,7,11,2020-07-31,149,153,Finished,0
5336,5,4,12,2024-02-04,99,115,Finished,0
4178,4,10,21,2023-02-06,141,114,Finished,0
2311,3,29,12,2021-11-11,100,111,Finished,0
600,1,3,29,2020-01-14,107,118,Finished,0
4920,5,22,9,2023-12-08,123,91,Finished,0
905,1,27,12,2020-03-02,111,116,Finished,0
1856,2,22,27,2021-04-12,97,120,Finished,0
5271,5,2,13,2024-01-27,96,115,Finished,0
3726,4,15,16,2022-12-05,101,93,Finished,0
187,1,15,8,2019-11-17,114,131,Finished,0
4788,5,29,24,2023-11-19,137,140,Finished,0
2317,3,2,17,2021-11-12,122,113,Finished,0
1438,2,4,18,2021-02-12,120,114,Finished,0
790,1,30,15,2020-02-09,99,106,Finished,0
968,1,16,4,2020-03-11,98,109,Finished,0
4841,5,6,28,2023-11-26,105,102,Finished,0
4777,5,27,26,2023-11-17,120,129,Finished,0
4298,4,28,5,2023-02-28,104,98,Finished,0
4325,4,6,9,2023-03-04,114,90,Finished,0
927,1,26,23,2020-03-05,108,125,Finished,0
143,1,13,28,2019-11-11,98,88,Finished,0
980,1,13,19,2020-08-01,126,103,Finished,0
4063,4,18,11,2023-01-21,113,104,Finished,0
5407,5,23,16,2024-02-14,104,109,Finished,0
3171,3,10,2,2022-03-16,88,110,Finished,0
263,1,4,9,2019-11-27,102,101,Finished,0
4327,4,17,23,2023-03-04,130,133,Finished,0
3993,4,8,24,2023-01-11,126,86,Finished,0
2938,3,13,17,2022-02-06,113,137,Finished,0
3563,4,14,3,2022-11-13,116,103,Finished,0
3482,4,16,26,2022-11-02,110,107,Finished,0
1747,2,29,6,2021-03-29,114,75,Finished,0
2165,3,30,12,2021-10-22,135,134,Finished,0
5146,5,1,23,2024-01-10,139,132,Finished,0
2642,3,22,17,2021-12-28,110,127,Finished,0
4902,5,7,29,2023-12-06,142,97,Finished,0
2712,3,3,17,2022-01-07,109,121,Finished,0
1003,1,2,3,2020-08-05,149,115,Finished,0
2153,3,10,13,2021-10-21,115,113,Finished,0
4285,4,21,26,2023-02-26,115,124,Finished,0
358,1,17,19,2019-12-11,127,112,Finished,0
4884,5,3,22,2023-12-02,129,101,Finished,0
4695,5,16,14,2023-11-06,108,107,Finished,0
5523,5,29,5,2024-03-06,117,119,Finished,0
2251,3,18,13,2021-11-03,115,126,Finished,0
4321,4,2,3,2023-03-03,105,115,Finished,0
2911,3,2,4,2022-02-02,113,107,Finished,0
2800,3,29,11,2022-01-19,111,116,Finished,0
3414,4,25,8,2022-10-24,135,110,Finished,0
4032,4,30,10,2023-01-16,101,127,Finished,0
3877,4,10,4,2022-12-27,110,105,Finished,0
987,1,22,26,2020-08-02,132,116,Finished,0
252,1,7,13,2019-11-26,99,114,Finished,0
807,1,8,14,2020-02-12,104,120,Finished,0
906,1,1,15,2020-03-02,88,127,Finished,0
1722,2,28,24,2021-03-26,100,96,Finished,0
786,1,21,2,2020-02-09,111,112,Finished,0
3809,4,13,30,2022-12-17,102,93,Finished,0
810,1,20,30,2020-02-12,96,114,Finished,0
5163,5,9,11,2024-01-12,110,112,Finished,0
774,1,29,25,2020-02-07,117,114,Finished,0
3161,3,27,18,2022-03-14,139,149,Finished,0
2329,3,19,15,2021-11-13,112,101,Finished,0
3444,4,17,20,2022-10-28,119,108,Finished,0
165,1,8,3,2019-11-14,91,93,Finished,0
1923,2,20,4,2021-04-20,109,97,Finished,0
4527,4,12,21,2023-03-31,121,117,Finished,0
3054,3,16,5,2022-02-28,112,99,Finished,0
2237,3,12,27,2021-11-01,131,118,Finished,0
5075,5,19,14,2023-12-31,129,109,Finished,0
3560,4,19,11,2022-11-12,119,106,Finished,0
5203,5,9,18,2024-01-17,117,124,Finished,0
3548,4,20,9,2022-11-11,121,112,Finished,0
5022,5,12,22,2023-12-23,110,117,Finished,0
1258,2,8,21,2021-01-19,119,101,Finished,0
2479,3,3,18,2021-12-03,110,105,Finished,0
4703,5,23,2,2023-11-08,106,103,Finished,0
1189,2,9,24,2021-01-08,110,105,Finished,0
3460,4,24,11,2022-10-30,124,109,Finished,0
4627,5,6,12,2023-10-28,113,125,Finished,0
346,1,11,26,2019-12-09,118,119,Finished,0
1476,2,18,12,2021-02-17,128,134,Finished,0
2798,3,20,18,2022-01-18,110,112,Finished,0
484,1,26,24,2019-12-28,110,112,Finished,0
5330,5,5,26,2024-02-03,115,123,Finished,0
4409,4,13,10,2023-03-15,134,126,Finished,0
5776,5,24,13,2024-04-09,92,105,Finished,0
4879,5,17,1,2023-12-02,132,121,Finished,0
12,1,7,30,2019-10-23,108,100,Finished,0
4393,4,26,17,2023-03-13,124,133,Finished,0
1947,2,25,15,2021-04-23,128,130,Finished,0
448,1,10,18,2019-12-23,113,104,Finished,0
1709,2,18,7,2021-03-24,108,128,Finished,0
4320,4,21,29,2023-03-03,119,103,Finished,0
1706,2,21,15,2021-03-24,107,116,Finished,0
2519,3,27,8,2021-12-09,123,98,Finished,0
5616,5,23,16,2024-03-18,98,91,Finished,0
3643,4,17,6,2022-11-25,117,102,Finished,0
5657,5,13,23,2024-03-24,107,121,Finished,0
978,1,30,24,2020-07-31,112,109,Finished,0
1901,2,17,15,2021-04-17,115,128,Finished,0
686,1,22,13,2020-01-26,97,112,Finished,0
127,1,27,2,2019-11-09,115,135,Finished,0
1472,2,2,1,2021-02-17,114,122,Finished,0
2384,3,18,15,2021-11-20,138,95,Finished,0
5804,5,16,28,2024-04-12,125,103,Finished,0
1741,2,10,5,2021-03-29,116,102,Finished,0
1513,2,6,1,2021-02-23,112,111,Finished,0
3744,4,25,8,2022-12-08,120,121,Finished,0
5318,5,18,22,2024-02-02,106,108,Finished,0
1057,1,12,16,2020-08-14,109,92,Finished,0
160,1,4,15,2019-11-13,117,119,Finished,0
2258,3,16,2,2021-11-04,78,95,Finished,0
626,1,2,24,2020-01-18,119,110,Finished,0
1674,2,23,26,2021-03-20,129,105,Finished,0
1424,2,3,12,2021-02-10,104,94,Finished,0
5201,5,20,11,2024-01-17,109,94,Finished,0
5587,5,11,30,2024-03-14,135,119,Finished,0
2265,3,28,6,2021-11-05,101,102,Finished,0
2845,3,23,19,2022-01-25,117,107,Finished,0
793,1,7,29,2020-02-10,119,123,Finished,0
2199,3,28,12,2021-10-27,118,100,Finished,0
1264,2,10,27,2021-01-20,121,99,Finished,0
956,1,1,4,2020-03-09,143,138,Finished,0
4383,4,4,6,2023-03-12,108,114,Finished,0
1590,2,30,13,2021-03-04,119,117,Finished,0
4380,4,4,29,2023-03-11,111,119,Finished,0
3872,4,5,11,2022-12-26,118,133,Finished,0
3277,3,10,24,2022-03-30,103,107,Finished,0
1540,2,28,11,2021-02-26,122,111,Finished,0
5281,5,22,24,2024-01-28,113,98,Finished,0
5615,5,10,20,2024-03-18,112,119,Finished,0
2583,3,9,11,2021-12-18,107,116,Finished,0
5800,5,18,1,2024-04-12,109,106,Finished,0
4520,4,18,14,2023-03-31,111,123,Finished,0
145,1,27,15,2019-11-11,109,113,Finished,0
319,1,30,23,2019-12-05,119,113,Finished,0
2048,2,13,14,2021-05-06,118,94,Finished,0
579,1,11,18,2020-01-11,139,109,Finished,0
3749,4,12,30,2022-12-09,121,104,Finished,0
4793,5,4,2,2023-11-20,121,118,Finished,0
2650,3,2,13,2021-12-29,82,91,Finished,0
2044,2,29,27,2021-05-05,126,94,Finished,0
4243,4,8,7,2023-02-15,118,109,Finished,0
3293,3,17,13,2022-04-01,119,153,Finished,0
1275,2,28,16,2021-01-22,101,81,Finished,0
5147,5,2,18,2024-01-10,127,120,Finished,0
3886,4,5,17,2022-12-28,119,113,Finished,0
1652,2,9,28,2021-03-17,116,112,Finished,0
989,1,24,7,2020-08-02,104,115,Finished,0
5389,5,6,23,2024-02-12,121,123,Finished,0
5029,5,26,18,2023-12-23,98,110,Finished,0
544,1,4,12,2020-01-06,104,115,Finished,0
4468,4,14,21,2023-03-24,116,111,Finished,0
1061,2,3,10,2020-12-22,125,99,Finished,0
2462,3,2,23,2021-12-01,88,87,Finished,0
1381,2,21,18,2021-02-05,103,106,Finished,0
5511,5,18,25,2024-03-04,114,114,Finished,0
488,1,28,21,2019-12-29,97,98,Finished,0
936,1,19,16,2020-03-06,110,104,Finished,0
694,1,5,27,2020-01-27,110,109,Finished,0
234,1,17,9,2019-11-23,104,90,Finished,0
4890,5,9,6,2023-12-02,101,110,Finished,0
1207,2,6,15,2021-01-11,91,101,Finished,0
945,1,2,21,2020-03-08,104,105,Finished,0
2651,3,12,4,2021-12-29,108,116,Finished,0
4551,4,3,18,2023-04-04,102,107,Finished,0
4441,4,11,10,2023-03-20,108,121,Finished,0
249,1,17,29,2019-11-25,122,118,Finished,0
119,1,14,16,2019-11-08,95,80,Finished,0
991,1,19,15,2020-08-03,109,99,Finished,0
1107,2,26,8,2020-12-29,125,115,Finished,0
1219,2,4,7,2021-01-13,93,104,Finished,0
209,1,3,4,2019-11-20,101,91,Finished,0
4001,4,5,21,2023-01-13,110,124,Finished,0
4829,5,15,24,2023-11-24,89,110,Finished,0
4314,4,1,25,2023-03-03,129,111,Finished,0
3761,4,30,13,2022-12-10,107,114,Finished,0
4162,4,8,1,2023-02-04,128,108,Finished,0
1499,2,19,2,2021-02-21,120,115,Finished,0
72,1,3,11,2019-11-01,123,116,Finished,0
2849,3,28,4,2022-01-25,125,113,Finished,0
1149,2,18,8,2021-01-03,109,124,Finished,0
1306,2,1,13,2021-01-26,108,99,Finished,0
5393,5,11,20,2024-02-12,105,103,Finished,0
3916,4,8,2,2023-01-01,123,111,Finished,0
3336,3,19,25,2022-04-07,127,94,Finished,0
2405,3,25,8,2021-11-23,119,84,Finished,0
4172,4,20,23,2023-02-05,108,97,Finished,0
902,1,5,7,2020-03-02,109,107,Finished,0
3944,4,4,15,2023-01-04,107,131,Finished,0
5509,5,14,21,2024-03-04,116,104,Finished,0
5208,5,29,21,2024-01-18,129,134,Finished,0
1350,2,7,24,2021-02-01,108,109,Finished,0
929,1,2,29,2020-03-06,94,99,Finished,0
1860,2,19,26,2021-04-12,117,110,Finished,0
5027,5,4,8,2023-12-23,95,102,Finished,0
2215,3,28,22,2021-10-29,110,109,Finished,0
1083,2,20,23,2020-12-26,89,109,Finished,0
1772,2,19,1,2021-04-02,103,126,Finished,0
1024,1,12,14,2020-08-08,116,111,Finished,0
3106,3,7,29,2022-03-07,111,103,Finished,0
4076,4,22,2,2023-01-23,113,98,Finished,0
4234,4,7,18,2023-02-13,121,124,Finished,0
3882,4,30,23,2022-12-27,108,111,Finished,0
1600,2,21,7,2021-03-11,116,108,Finished,0
5320,5,8,25,2024-02-02,120,108,Finished,0
366,1,6,11,2019-12-11,110,116,Finished,0
5420,5,6,22,2024-02-22,109,116,Finished,0
4909,5,2,20,2023-12-08,133,123,Finished,0
4489,4,22,3,2023-03-26,119,106,Finished,0
402,1,29,22,2019-12-17,109,102,Finished,0
967,1,30,20,2020-03-10,122,115,Finished,0
2289,3,26,24,2021-11-08,104,109,Finished,0
4983,5,28,4,2023-12-18,114,99,Finished,0
5779,5,4,7,2024-04-09,104,130,Finished,0
1880,2,28,27,2021-04-14,117,112,Finished,0
5139,5,30,21,2024-01-08,128,136,Finished,0
2326,3,22,30,2021-11-13,92,104,Finished,0
3490,4,7,28,2022-11-04,111,110,Finished,0
5038,5,25,26,2023-12-26,130,113,Finished,0
4,1,4,5,2019-10-23,126,125,Finished,0
4294,4,3,17,2023-02-28,104,118,Finished,0
423,1,23,7,2019-12-20,98,117,Finished,0
1798,2,3,20,2021-04-05,114,112,Finished,0
1192,2,18,27,2021-01-09,122,125,Finished,0
1859,2,29,30,2021-04-12,121,125,Finished,0
1915,2,14,29,2021-04-19,97,111,Finished,0
3179,3,13,28,2022-03-16,100,103,Finished,0
796,1,28,18,2020-02-10,137,126,Finished,0
2435,3,3,24,2021-11-27,107,113,Finished,0
327,1,9,12,2019-12-06,108,101,Finished,0
3590,4,25,3,2022-11-17,107,109,Finished,0
287,1,22,10,2019-12-01,100,96,Finished,0
4999,5,3,20,2023-12-20,102,121,Finished,0
5397,5,4,12,2024-02-12,111,102,Finished,0
603,1,10,7,2020-01-14,97,124,Finished,0
3657,4,27,14,2022-11-26,138,143,Finished,0
5265,5,17,6,2024-01-26,100,112,Finished,0
1786,2,29,22,2021-04-03,137,91,Finished,0
1051,1,24,7,2020-08-13,128,102,Finished,0
2093,2,14,20,2021-05-11,101,99,Finished,0
540,1,30,2,2020-01-06,99,94,Finished,0
3379,4,24,7,2022-10-19,107,105,Finished,0
2212,3,25,13,2021-10-29,111,92,Finished,0
3343,3,28,11,2022-04-08,117,115,Finished,0
4867,5,5,17,2023-11-30,120,113,Finished,0
487,1,8,26,2019-12-29,115,115,Finished,0
4639,5,23,25,2023-10-29,126,98,Finished,0
2790,3,20,4,2022-01-17,87,97,Finished,0
5217,5,19,24,2024-01-19,109,123,Finished,0
5401,5,24,26,2024-02-13,130,125,Finished,0
297,1,26,5,2019-12-02,106,113,Finished,0
2381,3,20,11,2021-11-20,106,99,Finished,0
4539,4,26,27,2023-04-02,134,142,Finished,0
1728,2,19,7,2021-03-27,112,103,Finished,0
3509,4,28,5,2022-11-06,113,104,Finished,0
4847,5,9,30,2023-11-27,107,126,Finished,0
1493,2,17,21,2021-02-19,98,85,Finished,0
884,1,29,30,2020-02-28,129,119,Finished,0
3530,4,26,6,2022-11-09,127,120,Finished,0
5722,5,10,7,2024-04-02,104,100,Finished,0
5408,5,22,20,2024-02-14,118,100,Finished,0
4948,5,2,6,2023-12-14,116,107,Finished,0
95,1,18,17,2019-11-04,106,134,Finished,0
882,1,17,21,2020-02-28,133,86,Finished,0
3800,4,5,20,2022-12-16,91,114,Finished,0
1966,2,16,5,2021-04-26,102,110,Finished,0
97,1,1,27,2019-11-05,108,100,Finished,0
619,1,15,6,2020-01-17,113,109,Finished,0
1961,2,25,15,2021-04-25,113,120,Finished,0
745,1,6,20,2020-02-03,130,139,Finished,0
5788,5,6,15,2024-04-10,110,98,Finished,0
5450,5,30,6,2024-02-25,105,114,Finished,0
2612,3,12,11,2021-12-23,118,106,Finished,0
266,1,25,21,2019-11-27,136,119,Finished,0
5034,5,16,23,2023-12-25,119,113,Finished,0
1460,2,10,6,2021-02-15,129,98,Finished,0
214,1,17,25,2019-11-21,137,129,Finished,0
1592,2,20,9,2021-03-04,114,104,Finished,0
1757,2,14,17,2021-03-31,97,112,Finished,0
3638,4,21,8,2022-11-23,126,131,Finished,0
5406,5,29,14,2024-02-14,122,138,Finished,0
4315,4,10,19,2023-03-03,108,99,Finished,0
494,1,25,24,2019-12-30,116,122,Finished,0
1610,2,27,22,2021-03-12,104,77,Finished,0
1642,2,25,19,2021-03-16,125,124,Finished,0
3002,3,19,15,2022-02-15,109,121,Finished,0
1984,2,16,27,2021-04-28,116,111,Finished,0
5639,5,25,13,2024-03-22,117,125,Finished,0
5553,5,13,17,2024-03-10,117,124,Finished,0
3140,3,2,9,2022-03-11,114,103,Finished,0
1648,2,15,16,2021-03-17,89,85,Finished,0
4449,4,26,2,2023-03-21,109,132,Finished,0
4451,4,13,21,2023-03-21,100,101,Finished,0
4199,4,1,24,2023-02-09,116,107,Finished,0
3175,3,18,14,2022-03-16,124,104,Finished,0
1333,2,21,3,2021-01-29,125,147,Finished,0
1110,2,6,20,2020-12-29,86,95,Finished,0
3305,3,2,30,2022-04-03,144,102,Finished,0
5410,5,28,12,2024-02-14,125,127,Finished,0
415,1,9,28,2019-12-18,99,112,Finished,0
2982,3,30,26,2022-02-12,110,123,Finished,0
658,1,10,29,2020-01-22,96,129,Finished,0
92,1,10,25,2019-11-04,127,118,Finished,0
5348,5,20,15,2024-02-06,123,113,Finished,0
2741,3,25,3,2022-01-10,114,108,Finished,0
5365,5,20,7,2024-02-08,108,122,Finished,0
5423,5,7,24,2024-02-22,123,113,Finished,0
2875,3,16,13,2022-01-28,121,114,Finished,0
2787,3,14,29,2022-01-17,101,95,Finished,0
2619,3,14,3,2021-12-25,115,122,Finished,0
5210,5,20,30,2024-01-18,113,109,Finished,0
3770,4,20,26,2022-12-11,112,99,Finished,0
4124,4,6,13,2023-01-29,122,99,Finished,0
2775,3,1,20,2022-01-15,108,117,Finished,0
3636,4,1,26,2022-11-23,115,106,Finished,0
4150,4,20,16,2023-02-02,106,104,Finished,0
932,1,18,22,2020-03-06,118,132,Finished,0
4239,4,24,26,2023-02-14,120,109,Finished,0
5750,5,4,22,2024-04-05,124,115,Finished,0
1776,2,25,17,2021-04-02,109,127,Finished,0
3589,4,30,21,2022-11-16,109,121,Finished,0
5390,5,7,30,2024-02-12,112,104,Finished,0
5441,5,19,16,2024-02-23,95,106,Finished,0
4991,5,19,15,2023-12-19,113,115,Finished,0
1895,2,18,16,2021-04-16,119,111,Finished,0
3489,4,9,6,2022-11-04,88,112,Finished,0
5303,5,4,5,2024-01-31,110,117,Finished,0
4131,4,27,30,2023-01-30,106,116,Finished,0
1436,2,7,19,2021-02-12,143,130,Finished,0
1004,1,30,23,2020-08-05,98,107,Finished,0
1891,2,9,21,2021-04-16,110,104,Finished,0
2828,3,17,26,2022-01-22,133,127,Finished,0
4649,5,14,22,2023-10-30,106,103,Finished,0
2921,3,4,6,2022-02-04,101,102,Finished,0
4351,4,7,29,2023-03-07,120,116,Finished,0
733,1,27,4,2020-02-01,114,90,Finished,0
5409,5,7,27,2024-02-14,116,93,Finished,0
1922,2,1,22,2021-04-20,112,96,Finished,0
2386,3,2,21,2021-11-20,111,105,Finished,0
616,1,13,22,2020-01-16,122,95,Finished,0
2924,3,27,11,2022-02-04,131,106,Finished,0
5264,5,28,13,2024-01-26,107,127,Finished,0
5477,5,3,1,2024-02-29,124,97,Finished,0
4645,5,4,3,2023-10-30,121,133,Finished,0
498,1,28,6,2019-12-31,117,92,Finished,0
1462,2,26,3,2021-02-15,125,136,Finished,0
2101,2,14,11,2021-05-12,124,122,Finished,0
4594,4,21,15,2023-04-09,115,100,Finished,0
4086,4,12,5,2023-01-24,116,110,Finished,0
3213,3,11,30,2022-03-21,115,97,Finished,0
4935,5,13,26,2023-12-12,119,99,Finished,0
5313,5,29,23,2024-02-01,124,127,Finished,0
2114,2,21,29,2021-05-14,93,109,Finished,0
4643,5,19,10,2023-10-30,102,124,Finished,0
3256,3,9,20,2022-03-27,102,104,Finished,0
1718,2,10,1,2021-03-26,108,124,Finished,0
2818,3,22,14,2022-01-21,105,116,Finished,0
5464,5,5,9,2024-02-27,95,105,Finished,0
4885,5,26,8,2023-12-02,123,117,Finished,0
4961,5,15,11,2023-12-15,96,103,Finished,0
2782,3,18,10,2022-01-16,119,99,Finished,0
787,1,23,5,2020-02-09,118,111,Finished,0
5382,5,25,19,2024-02-10,84,93,Finished,0
4496,4,9,17,2023-03-27,117,126,Finished,0
5084,5,11,9,2024-01-01,136,113,Finished,0
3008,3,5,26,2022-02-16,125,118,Finished,0
4908,5,23,1,2023-12-08,125,114,Finished,0
638,1,8,12,2020-01-19,105,115,Finished,0
1200,2,11,14,2021-01-10,102,120,Finished,0
2694,3,20,12,2022-01-04,104,94,Finished,0
633,1,1,9,2020-01-18,103,136,Finished,0
3152,3,24,14,2022-03-13,140,111,Finished,0
3402,4,12,9,2022-10-22,124,115,Finished,0
5541,5,15,1,2024-03-08,92,99,Finished,0
1052,1,14,26,2020-08-13,122,136,Finished,0
4579,4,4,11,2023-04-07,109,112,Finished,0
2034,2,6,24,2021-05-04,118,134,Finished,0
772,1,21,9,2020-02-07,108,101,Finished,0
2297,3,2,28,2021-11-10,104,88,Finished,0
1280,2,24,8,2021-01-22,126,130,Finished,0
2467,3,20,5,2021-12-02,115,119,Finished,0
3398,4,5,6,2022-10-22,96,128,Finished,0
5059,5,6,17,2023-12-29,111,119,Finished,0
3264,3,11,27,2022-03-28,120,123,Finished,0
1272,2,18,1,2021-01-22,98,116,Finished,0
2239,3,18,22,2021-11-01,97,115,Finished,0
3029,3,25,10,2022-02-24,95,132,Finished,0
4008,4,26,11,2023-01-13,139,114,Finished,0
166,1,17,5,2019-11-14,124,115,Finished,0
2203,3,17,18,2021-10-27,108,113,Finished,0
1447,2,24,23,2021-02-13,120,111,Finished,0
4509,4,25,26,2023-03-29,80,120,Finished,0
5197,5,13,21,2024-01-16,128,117,Finished,0
3931,4,17,30,2023-01-03,123,105,Finished,0
3576,4,7,13,2022-11-15,103,101,Finished,0
1822,2,16,14,2021-04-08,110,104,Finished,0
4014,4,16,17,2023-01-14,111,95,Finished,0
1982,2,24,13,2021-04-28,109,101,Finished,0
4583,4,27,18,2023-04-08,131,151,Finished,0
3077,3,13,14,2022-03-03,132,111,Finished,0
1481,2,15,21,2021-02-17,122,113,Finished,0
3963,4,10,22,2023-01-07,101,115,Finished,0
1754,2,30,4,2021-03-30,104,114,Finished,0
609,1,21,28,2020-01-15,121,130,Finished,0
44,1,11,21,2019-10-28,116,112,Finished,0
368,1,8,25,2019-12-12,103,99,Finished,0
4009,4,30,20,2023-01-13,108,112,Finished,0
876,1,1,3,2020-02-28,141,118,Finished,0
1334,2,28,26,2021-01-29,124,126,Finished,0
605,1,26,7,2020-01-15,123,127,Finished,0
3804,4,28,3,2022-12-16,116,119,Finished,0
574,1,24,22,2020-01-10,89,94,Finished,0
1122,2,11,26,2020-12-31,122,119,Finished,0
3599,4,29,24,2022-11-18,134,129,Finished,0
5053,5,18,7,2023-12-28,118,110,Finished,0
5640,5,14,23,2024-03-22,101,94,Finished,0
5030,5,24,7,2023-12-25,114,121,Finished,0
2521,3,24,2,2021-12-10,111,90,Finished,0
4060,4,7,16,2023-01-20,115,90,Finished,0
4048,4,9,5,2023-01-19,108,126,Finished,0
3432,4,28,23,2022-10-26,119,109,Finished,0
5569,5,20,23,2024-03-12,106,79,Finished,0
4673,5,8,7,2023-11-03,125,114,Finished,0
814,1,7,26,2020-02-12,130,111,Finished,0
3324,3,5,17,2022-04-05,106,127,Finished,0
3618,4,5,2,2022-11-21,121,107,Finished,0
1032,1,19,27,2020-08-09,113,122,Finished,0
2946,3,4,28,2022-02-07,101,116,Finished,0
3973,4,15,29,2023-01-08,123,118,Finished,0
3933,4,26,1,2023-01-04,117,120,Finished,0
4117,4,22,5,2023-01-28,109,128,Finished,0
1838,2,3,14,2021-04-10,101,126,Finished,0
4785,5,14,11,2023-11-19,105,104,Finished,0
285,1,3,16,2019-12-01,106,109,Finished,0
507,1,30,22,2020-01-01,101,122,Finished,0
202,1,1,17,2019-11-20,127,135,Finished,0
892,1,15,14,2020-02-29,105,88,Finished,0
3610,4,11,10,2022-11-20,120,127,Finished,0
2470,3,28,17,2021-12-02,97,93,Finished,0
4218,4,20,29,2023-02-11,126,120,Finished,0
192,1,5,17,2019-11-18,101,115,Finished,0
372,1,5,4,2019-12-13,73,83,Finished,0
4085,4,14,13,2023-01-24,115,133,Finished,0
5398,5,3,2,2024-02-13,110,118,Finished,0
1936,2,2,24,2021-04-22,99,84,Finished,0
2285,3,26,12,2021-11-07,91,94,Finished,0
4950,5,8,3,2023-12-14,124,101,Finished,0
2236,3,20,28,2021-11-01,104,113,Finished,0
1344,2,30,3,2021-01-31,149,146,Finished,0
1389,2,22,5,2021-02-06,92,118,Finished,0
552,1,15,18,2020-01-07,119,112,Finished,0
3763,4,16,27,2022-12-10,111,115,Finished,0
5004,5,18,14,2023-12-21,118,111,Finished,0
2520,3,15,14,2021-12-09,108,95,Finished,0
378,1,22,11,2019-12-13,107,130,Finished,0
3927,4,25,9,2023-01-02,135,106,Finished,0
334,1,29,15,2019-12-07,126,112,Finished,0
3712,4,28,22,2022-12-03,121,108,Finished,0
2915,3,13,14,2022-02-03,111,110,Finished,0
167,1,11,12,2019-11-15,111,102,Finished,0
3649,4,4,18,2022-11-25,110,108,Finished,0
879,1,16,7,2020-02-28,126,118,Finished,0
1151,2,28,2,2021-01-04,114,126,Finished,0
3010,3,18,28,2022-02-16,91,103,Finished,0
1062,2,6,4,2020-12-23,121,114,Finished,0
3300,3,20,6,2022-04-02,101,119,Finished,0
1508,2,7,15,2021-02-22,102,92,Finished,0
2378,3,12,19,2021-11-20,111,94,Finished,0
2021,2,2,25,2021-05-02,119,129,Finished,0
1015,1,23,22,2020-08-07,108,101,Finished,0
3823,4,11,27,2022-12-19,105,124,Finished,0
5631,5,28,26,2024-03-20,89,123,Finished,0
1667,2,28,29,2021-03-19,112,115,Finished,0
1991,2,21,19,2021-04-29,95,109,Finished,0
5273,5,20,16,2024-01-27,125,109,Finished,0
2565,3,29,13,2021-12-15,124,103,Finished,0
5774,5,5,20,2024-04-09,117,128,Finished,0
3413,4,5,2,2022-10-24,120,102,Finished,0
4827,5,13,19,2023-11-24,106,116,Finished,0
5048,5,21,20,2023-12-27,129,120,Finished,0
3690,4,8,11,2022-11-30,120,100,Finished,0
218,1,3,26,2019-11-22,116,97,Finished,0
3043,3,1,28,2022-02-26,127,100,Finished,0
492,1,30,16,2019-12-30,123,105,Finished,0
3465,4,28,1,2022-10-31,139,109,Finished,0
3969,4,28,25,2023-01-08,117,105,Finished,0
2697,3,8,29,2022-01-05,89,115,Finished,0
961,1,11,18,2020-03-10,117,111,Finished,0
3629,4,2,7,2022-11-23,125,112,Finished,0
1874,2,18,17,2021-04-14,105,130,Finished,0
1602,2,19,18,2021-03-11,105,135,Finished,0
98,1,6,2,2019-11-05,113,119,Finished,0
3641,4,11,1,2022-11-25,128,122,Finished,0
3258,3,3,4,2022-03-27,110,119,Finished,0
5787,5,1,4,2024-04-10,114,115,Finished,0
3633,4,16,30,2022-11-23,113,105,Finished,0
1105,2,24,19,2020-12-29,111,86,Finished,0
585,1,15,10,2020-01-12,122,102,Finished,0
4229,4,20,3,2023-02-13,124,106,Finished,0
734,1,13,18,2020-02-01,118,106,Finished,0
2347,3,21,16,2021-11-15,90,103,Finished,0
592,1,14,6,2020-01-13,128,98,Finished,0
2569,3,24,30,2021-12-16,118,98,Finished,0
1562,2,5,8,2021-03-01,112,118,Finished,0
3189,3,11,12,2022-03-18,118,121,Finished,0
2498,3,9,21,2021-12-06,103,114,Finished,0
669,1,5,26,2020-01-24,81,98,Finished,0
3659,4,1,16,2022-11-27,98,106,Finished,0
2442,3,15,26,2021-11-28,128,101,Finished,0
100,1,5,14,2019-11-05,112,118,Finished,0
11,1,22,6,2019-10-23,94,85,Finished,0
5730,5,1,9,2024-04-03,121,113,Finished,0
4871,5,10,13,2023-11-30,107,114,Finished,0
5636,5,30,26,2024-03-21,109,102,Finished,0
5067,5,24,4,2023-12-29,133,119,Finished,0
2355,3,18,26,2021-11-17,107,97,Finished,0
1408,2,8,17,2021-02-08,112,125,Finished,0
4756,5,21,27,2023-11-14,123,87,Finished,0
2469,3,15,21,2021-12-02,152,79,Finished,0
2155,3,16,17,2021-10-21,137,95,Finished,0
4487,4,6,11,2023-03-26,108,91,Finished,0
1779,2,29,5,2021-04-02,113,106,Finished,0
3907,4,15,19,2022-12-31,116,101,Finished,0
3578,4,29,20,2022-11-15,111,118,Finished,0
268,1,21,19,2019-11-29,109,104,Finished,0
2516,3,26,22,2021-12-08,142,130,Finished,0
5413,5,4,1,2024-02-14,122,99,Finished,0
1488,2,22,10,2021-02-19,124,120,Finished,0
4608,5,20,2,2023-10-25,104,108,Finished,0
5435,5,23,6,2024-02-23,104,97,Finished,0
242,1,16,4,2019-11-25,117,100,Finished,0
1380,2,6,17,2021-02-05,105,123,Finished,0
1629,2,5,28,2021-03-14,118,95,Finished,0
1486,2,6,8,2021-02-19,103,114,Finished,0
646,1,16,26,2020-01-20,118,113,Finished,0
4547,4,22,6,2023-04-04,113,117,Finished,0
2789,3,6,3,2022-01-17,114,107,Finished,0
1360,2,30,25,2021-02-02,121,132,Finished,0
2699,3,25,16,2022-01-05,109,115,Finished,0
5568,5,13,18,2024-03-12,100,118,Finished,0
506,1,17,18,2020-01-01,106,104,Finished,0
5082,5,24,25,2024-01-01,109,88,Finished,0
4896,5,10,25,2023-12-06,97,106,Finished,0
2641,3,16,30,2021-12-28,119,112,Finished,0
4593,4,20,12,2023-04-09,136,141,Finished,0
295,1,15,12,2019-12-02,104,117,Finished,0
2796,3,15,5,2022-01-17,119,106,Finished,0
1630,2,10,14,2021-03-15,97,128,Finished,0
5803,5,13,29,2024-04-12,109,110,Finished,0
3260,3,12,1,2022-03-28,123,132,Finished,0
437,1,9,5,2019-12-21,107,119,Finished,0
1210,2,26,12,2021-01-11,127,122,Finished,0
3606,4,13,27,2022-11-19,119,97,Finished,0
3410,4,6,30,2022-10-23,117,107,Finished,0
5351,5,5,18,2024-02-06,129,123,Finished,0
1085,2,4,21,2020-12-26,107,109,Finished,0
5104,5,11,3,2024-01-03,112,101,Finished,0
519,1,22,16,2020-01-03,105,85,Finished,0
3072,3,8,21,2022-03-02,103,119,Finished,0
3646,4,13,8,2022-11-25,104,114,Finished,0
5329,5,23,3,2024-02-03,121,136,Finished,0
3978,4,20,17,2023-01-09,107,111,Finished,0
2043,2,12,26,2021-05-05,93,104,Finished,0
5736,5,30,14,2024-04-03,120,125,Finished,0
161,1,24,1,2019-11-14,105,112,Finished,0
2058,2,16,18,2021-05-07,121,112,Finished,0
2843,3,24,29,2022-01-24,115,109,Finished,0
4454,4,14,24,2023-03-22,122,111,Finished,0
2635,3,27,29,2021-12-27,104,110,Finished,0
621,1,12,18,2020-01-17,116,114,Finished,0
4926,5,13,25,2023-12-11,132,127,Finished,0
54,1,14,15,2019-10-29,120,91,Finished,0
90,1,20,26,2019-11-03,92,113,Finished,0
3310,3,13,19,2022-04-03,119,100,Finished,0
5331,5,2,15,2024-02-04,131,91,Finished,0
5532,5,7,16,2024-03-07,101,108,Finished,0
599,1,17,20,2020-01-14,128,102,Finished,0
3454,4,29,15,2022-10-29,124,123,Finished,0
3680,4,9,20,2022-11-29,110,140,Finished,0
5101,5,6,30,2024-01-03,140,101,Finished,0
1029,1,21,30,2020-08-09,121,103,Finished,0
3276,3,12,8,2022-03-30,118,125,Finished,0
2459,3,16,6,2021-12-01,85,111,Finished,0
4500,4,30,2,2023-03-28,111,111,Finished,0
1858,2,15,5,2021-04-12,101,90,Finished,0
1139,2,12,20,2021-01-02,102,106,Finished,0
2611,3,14,27,2021-12-23,110,138,Finished,0
176,1,12,17,2019-11-16,83,102,Finished,0
2601,3,19,25,2021-12-21,111,97,Finished,0
4387,4,27,21,2023-03-12,90,92,Finished,0
1293,2,25,20,2021-01-24,116,113,Finished,0
4513,4,12,17,2023-03-29,136,149,Finished,0
2349,3,3,10,2021-11-16,99,117,Finished,0
300,1,8,14,2019-12-03,91,105,Finished,0
3527,4,4,30,2022-11-07,100,100,Finished,0
3522,4,15,2,2022-11-07,106,109,Finished,0
3294,3,21,9,2022-04-01,101,110,Finished,0
2269,3,9,3,2021-11-05,90,96,Finished,0
1233,2,14,19,2021-01-15,112,95,Finished,0
2436,3,29,19,2021-11-27,127,105,Finished,0
2421,3,22,5,2021-11-26,88,123,Finished,0
2296,3,29,1,2021-11-09,110,98,Finished,0
1217,2,21,27,2021-01-12,102,112,Finished,0
480,1,27,9,2019-12-28,136,109,Finished,0
3716,4,20,6,2022-12-04,92,81,Finished,0
2363,3,29,28,2021-11-18,119,103,Finished,0
4623,5,25,22,2023-10-27,97,102,Finished,0
4952,5,7,18,2023-12-14,87,119,Finished,0
4367,4,30,1,2023-03-10,101,114,Finished,0
5828,5,20,5,2024-04-14,120,119,Finished,0
4335,4,7,24,2023-03-05,126,130,Finished,0
4223,4,2,15,2023-02-12,119,109,Finished,0
4100,4,11,6,2023-01-26,95,113,Finished,0
795,1,10,16,2020-02-10,101,113,Finished,0
2881,3,10,3,2022-01-29,110,106,Finished,0
1862,2,12,13,2021-04-13,115,126,Finished,0
3148,3,29,26,2022-03-12,134,125,Finished,0
530,1,6,21,2020-01-04,106,121,Finished,0
5068,5,10,7,2023-12-30,119,113,Finished,0
4743,5,2,20,2023-11-13,114,98,Finished,0
3502,4,4,3,2022-11-05,94,98,Finished,0
4292,4,11,8,2023-02-28,112,133,Finished,0
2441,3,12,17,2021-11-28,100,118,Finished,0
4927,5,26,3,2023-12-11,131,118,Finished,0
3274,3,21,1,2022-03-30,118,136,Finished,0
3936,4,22,21,2023-01-04,126,115,Finished,0
2947,3,21,10,2022-02-07,98,110,Finished,0
4731,5,22,17,2023-11-11,112,97,Finished,0
514,1,6,4,2020-01-02,99,109,Finished,0
5793,5,8,18,2024-04-10,116,107,Finished,0
4486,4,10,18,2023-03-26,96,99,Finished,0
504,1,14,24,2020-01-01,117,107,Finished,0
4263,4,5,3,2023-02-24,131,87,Finished,0
1255,2,1,18,2021-01-18,108,97,Finished,0
3147,3,25,30,2022-03-12,127,118,Finished,0
1292,2,22,4,2021-01-24,104,107,Finished,0
1597,2,16,22,2021-03-11,111,103,Finished,0
3207,3,23,28,2022-03-20,88,93,Finished,0
5734,5,3,12,2024-04-03,115,111,Finished,0
410,1,8,22,2019-12-18,108,104,Finished,0
992,1,21,8,2020-08-03,113,104,Finished,0
5732,5,18,28,2024-04-03,120,85,Finished,0
5821,5,18,24,2024-04-14,106,125,Finished,0
3328,3,12,23,2022-04-05,122,131,Finished,0
693,1,9,6,2020-01-27,100,111,Finished,0
4815,5,21,5,2023-11-22,116,102,Finished,0
1035,1,24,21,2020-08-10,112,101,Finished,0
1391,2,6,17,2021-02-06,99,124,Finished,0
1036,1,29,7,2020-08-10,114,122,Finished,0
4479,4,1,12,2023-03-25,143,130,Finished,0
1220,2,9,17,2021-01-13,101,110,Finished,0
2219,3,10,21,2021-10-30,103,82,Finished,0
2846,3,3,14,2022-01-25,96,106,Finished,0
5115,5,3,21,2024-01-05,124,115,Finished,0
4702,5,20,13,2023-11-06,111,97,Finished,0
1077,2,17,10,2020-12-25,138,99,Finished,0
123,1,8,23,2019-11-08,98,97,Finished,0
2600,3,16,12,2021-12-21,125,96,Finished,0
3999,4,16,17,2023-01-12,108,102,Finished,0
2235,3,13,21,2021-11-01,99,94,Finished,0
4490,4,28,30,2023-03-26,114,104,Finished,0
2595,3,29,4,2021-12-20,112,102,Finished,0
5562,5,25,2,2024-03-11,99,121,Finished,0
4013,4,25,7,2023-01-14,136,119,Finished,0
1618,2,4,28,2021-03-13,114,104,Finished,0
1199,2,13,5,2021-01-10,130,127,Finished,0
4656,5,18,8,2023-11-01,110,89,Finished,0
4090,4,17,8,2023-01-25,107,99,Finished,0
1088,2,5,12,2020-12-26,106,125,Finished,0
2248,3,26,19,2021-11-03,112,99,Finished,0
2706,3,19,10,2022-01-06,101,96,Finished,0
691,1,1,30,2020-01-26,152,133,Finished,0
1645,2,6,2,2021-03-17,117,110,Finished,0
4903,5,13,8,2023-12-06,111,102,Finished,0
4675,5,16,30,2023-11-03,121,114,Finished,0
3467,4,17,9,2022-10-31,110,108,Finished,0
3768,4,19,24,2022-12-11,129,119,Finished,0
5114,5,24,16,2024-01-05,113,97,Finished,0
586,1,20,16,2020-01-12,124,121,Finished,0
1565,2,19,29,2021-03-01,129,124,Finished,0
4378,4,22,16,2023-03-11,126,114,Finished,0
1443,2,14,15,2021-02-12,115,105,Finished,0
2735,3,26,6,2022-01-10,108,109,Finished,0
608,1,23,3,2020-01-15,117,106,Finished,0
5116,5,2,29,2024-01-05,126,97,Finished,0
3561,4,6,18,2022-11-13,124,129,Finished,0
4802,5,22,28,2023-11-21,126,107,Finished,0
5296,5,1,14,2024-01-30,138,122,Finished,0
1039,1,30,17,2020-08-11,113,126,Finished,0
5673,5,16,10,2024-03-26,92,113,Finished,0
4208,4,9,27,2023-02-10,138,131,Finished,0
107,1,29,23,2019-11-06,106,104,Finished,0
5727,5,26,13,2024-04-02,109,95,Finished,0
3839,4,3,10,2022-12-21,143,113,Finished,0
2271,3,25,12,2021-11-05,110,106,Finished,0
4058,4,26,21,2023-01-20,118,113,Finished,0
3865,4,20,23,2022-12-25,112,119,Finished,0
2055,2,5,2,2021-05-07,121,99,Finished,0
4398,4,21,3,2023-03-14,117,107,Finished,0
404,1,4,26,2019-12-17,110,102,Finished,0
3170,3,22,3,2022-03-15,108,150,Finished,0
1635,2,4,26,2021-03-15,122,116,Finished,0
4056,4,22,19,2023-01-20,123,110,Finished,0
1695,2,10,23,2021-03-23,98,108,Finished,0
4133,4,6,16,2023-01-31,97,100,Finished,0
3433,4,18,27,2022-10-26,134,122,Finished,0
4303,4,11,15,2023-03-01,99,113,Finished,0
19,1,14,29,2019-10-25,95,86,Finished,0
1301,2,22,4,2021-01-25,117,108,Finished,0
4407,4,11,14,2023-03-15,114,110,Finished,0
2950,3,7,9,2022-02-08,116,86,Finished,0
5259,5,12,23,2024-01-25,134,122,Finished,0
1559,2,26,4,2021-02-28,126,127,Finished,0
1148,2,3,30,2021-01-03,122,123,Finished,0
2431,3,1,20,2021-11-27,90,99,Finished,0
5814,5,7,9,2024-04-12,89,107,Finished,0
510,1,16,28,2020-01-02,84,76,Finished,0
5529,5,14,26,2024-03-06,120,130,Finished,0
493,1,18,3,2019-12-30,122,115,Finished,0
3357,3,8,14,2022-04-10,141,146,Finished,0
2578,3,21,13,2021-12-18,104,103,Finished,0
2424,3,4,18,2021-11-26,133,115,Finished,0
801,1,11,2,2020-02-11,116,105,Finished,0
1806,2,8,9,2021-04-06,134,119,Finished,0
4913,5,29,13,2023-12-08,103,117,Finished,0
2086,2,17,22,2021-05-11,114,102,Finished,0
718,1,6,28,2020-01-30,102,115,Finished,0
776,1,12,19,2020-02-08,117,124,Finished,0
2715,3,25,6,2022-01-07,101,114,Finished,0
2553,3,3,28,2021-12-14,131,129,Finished,0
1049,1,22,19,2020-08-13,133,127,Finished,0
1465,2,13,16,2021-02-15,125,118,Finished,0
2266,3,30,15,2021-11-05,115,87,Finished,0
1888,2,28,22,2021-04-16,113,102,Finished,0
1803,2,21,9,2021-04-05,108,132,Finished,0
1548,2,3,7,2021-02-27,98,115,Finished,0
3825,4,6,29,2022-12-19,122,99,Finished,0
3452,4,3,12,2022-10-29,116,125,Finished,0
2233,3,1,30,2021-11-01,118,111,Finished,0
3448,4,27,5,2022-10-28,129,124,Finished,0
4353,4,11,3,2023-03-07,96,118,Finished,0
2156,3,5,19,2021-10-22,128,112,Finished,0
2690,3,14,26,2022-01-04,122,114,Finished,0
1150,2,27,29,2021-01-03,109,130,Finished,0
3110,3,26,20,2022-03-07,115,131,Finished,0
4544,4,4,28,2023-04-02,108,128,Finished,0
2342,3,14,5,2021-11-15,103,121,Finished,0
2474,3,7,19,2021-12-03,91,107,Finished,0
2214,3,3,12,2021-10-29,105,98,Finished,0
5025,5,13,2,2023-12-23,108,145,Finished,0
3369,3,3,12,2022-04-10,134,126,Finished,0
1557,2,2,30,2021-02-28,111,110,Finished,0
2888,3,24,27,2022-01-30,115,110,Finished,0
2749,3,5,3,2022-01-12,112,138,Finished,0
4651,5,13,22,2023-10-31,118,102,Finished,0
2913,3,26,3,2022-02-02,112,101,Finished,0
1997,2,6,30,2021-04-30,93,122,Finished,0
1643,2,11,1,2021-03-16,107,119,Finished,0
1571,2,14,24,2021-03-02,104,114,Finished,0
4210,4,16,11,2023-02-10,97,95,Finished,0
4770,5,13,11,2023-11-17,106,100,Finished,0
659,1,11,8,2020-01-22,121,94,Finished,0
3613,4,3,15,2022-11-20,127,115,Finished,0
3664,4,13,12,2022-11-27,114,100,Finished,0
2368,3,18,27,2021-11-18,115,90,Finished,0
2664,3,28,13,2021-12-31,116,108,Finished,0
5655,5,9,19,2024-03-24,101,114,Finished,0
5540,5,21,16,2024-03-08,107,100,Finished,0
3699,4,10,5,2022-12-02,119,111,Finished,0
4418,4,11,19,2023-03-17,114,112,Finished,0
1070,2,2,17,2020-12-23,122,121,Finished,0
950,1,24,17,2020-03-08,140,131,Finished,0
4173,4,15,28,2023-02-05,103,106,Finished,0
2747,3,28,24,2022-01-11,95,99,Finished,0
4502,4,28,16,2023-03-28,106,92,Finished,0
2764,3,5,10,2022-01-14,96,138,Finished,0
5768,5,27,23,2024-04-07,126,133,Finished,0
2341,3,7,8,2021-11-15,111,101,Finished,0
2414,3,22,4,2021-11-24,99,106,Finished,0
231,1,18,24,2019-11-23,98,93,Finished,0
2060,2,4,22,2021-05-07,122,112,Finished,0
4588,4,5,9,2023-04-09,103,81,Finished,0
1307,2,29,20,2021-01-26,108,94,Finished,0
1646,2,5,27,2021-03-17,99,106,Finished,0
5643,5,27,15,2024-03-22,97,99,Finished,0
3309,3,11,18,2022-04-03,132,139,Finished,0
4122,4,4,16,2023-01-29,122,117,Finished,0
3971,4,24,6,2023-01-08,95,112,Finished,0
1828,2,1,5,2021-04-09,120,108,Finished,0
4495,4,26,18,2023-03-27,115,119,Finished,0
3979,4,15,27,2023-01-09,121,113,Finished,0
250,1,9,22,2019-11-25,103,88,Finished,0
2985,3,4,15,2022-02-12,118,125,Finished,0
1055,1,29,27,2020-08-13,118,112,Finished,0
1969,2,28,6,2021-04-26,112,96,Finished,0
2744,3,13,8,2022-01-11,87,85,Finished,0
2948,3,3,2,2022-02-08,91,126,Finished,0
1478,2,13,29,2021-02-17,96,114,Finished,0
1625,2,18,25,2021-03-14,114,112,Finished,0
4464,4,13,21,2023-03-23,127,105,Finished,0
798,1,9,4,2020-02-10,76,87,Finished,0
2897,3,21,25,2022-01-31,98,81,Finished,0
4674,5,21,10,2023-11-03,139,121,Finished,0
3417,4,15,3,2022-10-24,134,124,Finished,0
4550,4,30,17,2023-04-04,128,140,Finished,0
233,1,29,19,2019-11-23,128,120,Finished,0
5515,5,28,19,2024-03-05,98,139,Finished,0
2425,3,21,30,2021-11-26,99,101,Finished,0
2432,3,6,22,2021-11-27,105,92,Finished,0
305,1,30,22,2019-12-03,120,127,Finished,0
5383,5,20,12,2024-02-10,111,125,Finished,0
9,1,29,21,2019-10-23,100,95,Finished,0
6,1,3,18,2019-10-23,126,127,Finished,0
5508,5,26,5,2024-03-04,109,113,Finished,0
1762,2,21,28,2021-03-31,113,103,Finished,0
5212,5,16,1,2024-01-19,108,109,Finished,0
3000,3,1,6,2022-02-15,124,116,Finished,0
2760,3,3,21,2022-01-13,109,130,Finished,0
5565,5,8,28,2024-03-11,125,119,Finished,0
2078,2,9,5,2021-05-09,96,108,Finished,0
5449,5,29,27,2024-02-25,128,109,Finished,0
1322,2,24,10,2021-01-28,114,93,Finished,0
322,1,16,30,2019-12-06,112,103,Finished,0
898,1,26,9,2020-03-01,106,100,Finished,0
1715,2,26,10,2021-03-25,141,119,Finished,0
3129,3,26,8,2022-03-09,100,86,Finished,0
5131,5,24,15,2024-01-07,115,121,Finished,0
4154,4,2,24,2023-02-03,94,92,Finished,0
1318,2,24,21,2021-01-27,97,102,Finished,0
5790,5,17,22,2024-04-10,117,99,Finished,0
2673,3,2,22,2022-01-02,116,111,Finished,0
3867,4,6,3,2022-12-26,117,125,Finished,0
1140,2,23,4,2021-01-02,127,112,Finished,0
1115,2,7,4,2020-12-30,99,118,Finished,0
853,1,23,1,2020-02-24,129,112,Finished,0
917,1,7,19,2020-03-04,127,123,Finished,0
2733,3,28,19,2022-01-09,105,101,Finished,0
2141,3,17,3,2021-10-19,127,104,Finished,0
2514,3,10,25,2021-12-08,104,94,Finished,0
254,1,19,14,2019-11-27,110,114,Finished,0
2645,3,18,20,2021-12-28,88,96,Finished,0
2171,3,25,24,2021-10-23,134,105,Finished,0
1492,2,15,9,2021-02-19,109,95,Finished,0
3186,3,23,7,2022-03-18,111,101,Finished,0
4851,5,7,11,2023-11-28,109,115,Finished,0
1145,2,10,25,2021-01-03,137,122,Finished,0
4798,5,18,20,2023-11-20,117,100,Finished,0
2926,3,29,3,2022-02-04,125,102,Finished,0
5098,5,26,22,2024-01-03,138,135,Finished,0
342,1,23,28,2019-12-08,110,104,Finished,0
3111,3,27,14,2022-03-07,117,110,Finished,0
5485,5,9,6,2024-03-01,100,110,Finished,0
5193,5,23,11,2024-01-15,124,115,Finished,0
1657,2,25,19,2021-03-18,101,93,Finished,0
661,1,22,21,2020-01-22,114,120,Finished,0
3265,3,16,26,2022-03-28,123,100,Finished,0
1726,2,7,12,2021-03-26,94,109,Finished,0
3348,3,5,4,2022-04-08,117,133,Finished,0
3510,4,13,29,2022-11-06,102,110,Finished,0
1403,2,4,30,2021-02-07,119,97,Finished,0
5316,5,15,10,2024-02-02,101,121,Finished,0
353,1,25,20,2019-12-10,115,87,Finished,0
3484,4,27,28,2022-11-02,100,143,Finished,0
1483,2,17,28,2021-02-18,96,110,Finished,0
150,1,12,21,2019-11-12,111,85,Finished,0
817,1,19,21,2020-02-13,118,123,Finished,0
933,1,3,27,2020-03-06,139,120,Finished,0
3113,3,15,19,2022-03-08,132,111,Finished,0
89,1,12,5,2019-11-03,108,95,Finished,0
5013,5,11,7,2023-12-22,122,96,Finished,0
4877,5,28,20,2023-12-01,106,119,Finished,0
2851,3,10,7,2022-01-25,130,92,Finished,0
3118,3,21,17,2022-03-08,115,142,Finished,0
3013,3,14,29,2022-02-16,106,101,Finished,0
1742,2,11,15,2021-03-29,110,120,Finished,0
1193,2,23,8,2021-01-09,103,115,Finished,0
4597,4,8,26,2023-04-09,109,95,Finished,0
3261,3,20,5,2022-03-28,109,104,Finished,0
5184,5,7,19,2024-01-15,125,120,Finished,0
5593,5,4,24,2024-03-15,96,107,Finished,0
1269,2,10,20,2021-01-21,104,119,Finished,0
1119,2,13,25,2020-12-30,128,105,Finished,0
4018,4,14,23,2023-01-15,112,113,Finished,0
1296,2,12,28,2021-01-24,102,107,Finished,0
2167,3,28,7,2021-10-23,95,103,Finished,0
208,1,7,10,2019-11-20,142,94,Finished,0
405,1,20,1,2019-12-17,143,120,Finished,0
1455,2,4,27,2021-02-14,110,122,Finished,0
703,1,16,2,2020-01-28,101,109,Finished,0
1993,2,11,17,2021-04-29,143,136,Finished,0
4859,5,26,13,2023-11-29,117,131,Finished,0
2902,3,24,3,2022-02-01,121,111,Finished,0
607,1,16,27,2020-01-15,106,100,Finished,0
3870,4,16,18,2022-12-26,113,110,Finished,0
501,1,26,13,2019-12-31,87,105,Finished,0
2082,2,25,11,2021-05-10,140,129,Finished,0
4310,4,7,23,2023-03-02,133,126,Finished,0
3573,4,10,27,2022-11-14,132,95,Finished,0
2268,3,17,20,2021-11-05,98,113,Finished,0
740,1,1,2,2020-02-03,115,123,Finished,0
3758,4,8,29,2022-12-10,115,110,Finished,0
1662,2,6,27,2021-03-19,110,116,Finished,0
203,1,13,2,2019-11-20,107,104,Finished,0
5231,5,24,12,2024-01-21,117,110,Finished,0
1315,2,23,14,2021-01-27,107,106,Finished,0
580,1,21,14,2020-01-11,110,125,Finished,0
4473,4,29,17,2023-03-24,116,144,Finished,0
168,1,14,26,2019-11-15,99,97,Finished,0
572,1,3,16,2020-01-10,117,113,Finished,0
2495,3,25,13,2021-12-06,90,102,Finished,0
640,1,15,19,2020-01-20,116,126,Finished,0
565,1,18,25,2020-01-09,116,102,Finished,0
1515,2,13,30,2021-02-23,135,116,Finished,0
4947,5,11,15,2023-12-13,117,104,Finished,0
1257,2,15,24,2021-01-18,108,104,Finished,0
2157,3,11,21,2021-10-22,124,91,Finished,0
5283,5,9,21,2024-01-28,111,104,Finished,0
4819,5,11,15,2023-11-22,111,91,Finished,0
2299,3,8,12,2021-11-10,91,98,Finished,0
4212,4,15,18,2023-02-10,128,107,Finished,0
4893,5,17,20,2023-12-05,146,122,Finished,0
1172,2,20,29,2021-01-06,112,100,Finished,0
2777,3,8,14,2022-01-15,133,96,Finished,0
509,1,13,9,2020-01-02,126,112,Finished,0
4725,5,30,4,2023-11-10,117,124,Finished,0
1479,2,30,8,2021-02-17,130,128,Finished,0
2486,3,26,13,2021-12-04,104,99,Finished,0
3212,3,9,25,2022-03-21,115,119,Finished,0
3192,3,20,30,2022-03-18,100,97,Finished,0
3623,4,19,10,2022-11-21,128,83,Finished,0
2273,3,25,14,2021-11-06,105,90,Finished,0
3547,4,27,17,2022-11-11,111,93,Finished,0
386,1,11,9,2019-12-14,107,115,Finished,0
1395,2,7,10,2021-02-06,134,132,Finished,0
3600,4,6,4,2022-11-18,132,122,Finished,0
4107,4,12,17,2023-01-27,131,141,Finished,0
2244,3,29,26,2021-11-02,119,113,Finished,0
1194,2,26,25,2021-01-09,99,125,Finished,0
1897,2,24,27,2021-04-17,85,111,Finished,0
2463,3,21,11,2021-12-01,110,114,Finished,0
3081,3,3,16,2022-03-03,107,113,Finished,0
1980,2,10,7,2021-04-27,103,133,Finished,0
900,1,13,23,2020-03-01,136,130,Finished,0
88,1,27,14,2019-11-03,96,103,Finished,0
3648,4,27,14,2022-11-25,94,105,Finished,0
4790,5,15,2,2023-11-19,100,102,Finished,0
473,1,19,12,2019-12-28,120,98,Finished,0
5319,5,12,26,2024-02-02,122,133,Finished,0
1329,2,18,23,2021-01-29,94,118,Finished,0
584,1,8,13,2020-01-12,102,104,Finished,0
1999,2,24,29,2021-04-30,121,100,Finished,0
3440,4,2,6,2022-10-28,123,132,Finished,0
4911,5,8,11,2023-12-08,106,114,Finished,0
2440,3,13,10,2021-11-28,90,105,Finished,0
5670,5,11,25,2024-03-25,110,92,Finished,0
4113,4,23,8,2023-01-28,126,119,Finished,0
4795,5,9,8,2023-11-20,103,107,Finished,0
4283,4,6,28,2023-02-26,118,93,Finished,0
4334,4,5,12,2023-03-05,122,125,Finished,0
5425,5,12,9,2024-02-22,129,115,Finished,0
1727,2,27,5,2021-03-27,120,104,Finished,0
3061,3,2,1,2022-03-01,107,98,Finished,0
3635,4,4,23,2022-11-23,107,101,Finished,0
4125,4,25,1,2023-01-30,129,125,Finished,0
1555,2,14,10,2021-02-28,117,91,Finished,0
5160,5,21,25,2024-01-11,139,77,Finished,0
330,1,23,6,2019-12-07,141,94,Finished,0
869,1,4,20,2020-02-26,107,101,Finished,0
1324,2,9,14,2021-01-28,107,92,Finished,0
5807,5,26,24,2024-04-12,107,108,Finished,0
2375,3,24,7,2021-11-19,112,104,Finished,0
3811,4,17,29,2022-12-17,123,97,Finished,0
2648,3,9,20,2021-12-29,85,94,Finished,0
4748,5,19,7,2023-11-14,131,101,Finished,0
1845,2,8,2,2021-04-11,87,105,Finished,0
3723,4,11,23,2022-12-05,132,123,Finished,0
3955,4,12,25,2023-01-06,108,99,Finished,0
69,1,12,6,2019-11-01,102,95,Finished,0
5370,5,2,30,2024-02-09,133,129,Finished,0
3594,4,7,8,2022-11-18,127,99,Finished,0
4276,4,29,27,2023-02-25,118,102,Finished,0
4668,5,24,27,2023-11-02,121,132,Finished,0
2179,3,21,23,2021-10-24,103,115,Finished,0
5192,5,1,27,2024-01-15,109,99,Finished,0
5113,5,23,20,2024-01-05,92,128,Finished,0
2594,3,15,21,2021-12-20,99,102,Finished,0
726,1,7,1,2020-02-01,123,100,Finished,0
2030,2,14,8,2021-05-03,93,89,Finished,0
877,1,19,6,2020-02-28,116,104,Finished,0
1949,2,7,14,2021-04-24,108,93,Finished,0
4435,4,27,1,2023-03-19,126,118,Finished,0
4990,5,25,24,2023-12-19,109,104,Finished,0
1286,2,24,8,2021-01-23,112,120,Finished,0
2284,3,22,29,2021-11-07,107,100,Finished,0
4994,5,5,14,2023-12-20,124,108,Finished,0
5224,5,1,6,2024-01-20,95,116,Finished,0
3085,3,24,20,2022-03-04,115,114,Finished,0
678,1,16,13,2020-01-24,117,122,Finished,0
1252,2,3,17,2021-01-18,125,123,Finished,0
1449,2,30,2,2021-02-14,104,91,Finished,0
3159,3,29,17,2022-03-14,111,117,Finished,0
4078,4,25,27,2023-01-23,147,127,Finished,0
5023,5,28,29,2023-12-23,119,126,Finished,0
1490,2,23,5,2021-02-19,112,105,Finished,0
282,1,11,1,2019-11-30,158,111,Finished,0
4692,5,8,19,2023-11-06,134,116,Finished,0
2910,3,29,8,2022-02-02,108,89,Finished,0
2451,3,5,4,2021-11-29,133,119,Finished,0
3855,4,22,27,2022-12-23,133,113,Finished,0
5395,5,15,19,2024-02-12,87,96,Finished,0
4225,4,5,22,2023-02-13,91,100,Finished,0
2528,3,19,9,2021-12-10,109,93,Finished,0
4629,5,28,23,2023-10-28,107,114,Finished,0
3698,4,27,19,2022-12-02,99,117,Finished,0
5753,5,15,9,2024-04-05,108,90,Finished,0
1851,2,15,12,2021-04-11,125,132,Finished,0
3323,3,28,1,2022-04-05,118,108,Finished,0
5177,5,21,22,2024-01-13,112,100,Finished,0
3353,3,15,19,2022-04-09,141,114,Finished,0
5445,5,19,5,2024-02-25,106,114,Finished,0
3703,4,24,11,2022-12-02,118,122,Finished,0
3791,4,4,9,2022-12-14,134,141,Finished,0
2129,2,3,6,2021-05-16,123,109,Finished,0
4184,4,19,1,2023-02-07,116,107,Finished,0
3983,4,25,22,2023-01-10,106,109,Finished,0
4352,4,21,10,2023-03-07,123,128,Finished,0
4087,4,24,4,2023-01-24,109,97,Finished,0
2730,3,3,27,2022-01-09,121,119,Finished,0
483,1,16,23,2019-12-28,117,116,Finished,0
4386,4,19,25,2023-03-12,127,110,Finished,0
3863,4,7,14,2022-12-25,124,115,Finished,0
2031,2,19,10,2021-05-04,108,103,Finished,0
2568,3,11,20,2021-12-16,103,116,Finished,0
1934,2,25,8,2021-04-21,105,106,Finished,0
656,1,19,27,2020-01-22,117,121,Finished,0
4937,5,7,14,2023-12-12,101,125,Finished,0
4336,4,22,25,2023-03-05,119,122,Finished,0
1589,2,15,17,2021-03-04,111,112,Finished,0
3109,3,18,25,2022-03-07,124,81,Finished,0
2582,3,29,30,2021-12-18,103,109,Finished,0
426,1,25,22,2019-12-20,118,103,Finished,0
2108,2,20,27,2021-05-13,102,98,Finished,0
1215,2,3,8,2021-01-12,122,116,Finished,0
3934,4,19,11,2023-01-04,119,108,Finished,0
903,1,16,17,2020-03-02,105,89,Finished,0
4066,4,24,12,2023-01-21,111,107,Finished,0
476,1,13,29,2019-12-28,107,120,Finished,0
1195,2,30,16,2021-01-09,124,128,Finished,0
4300,4,15,14,2023-02-28,121,109,Finished,0
118,1,7,20,2019-11-08,102,106,Finished,0
3288,3,3,17,2022-03-31,119,120,Finished,0
1232,2,6,20,2021-01-15,106,103,Finished,0
2959,3,25,14,2022-02-09,107,105,Finished,0
2574,3,25,4,2021-12-17,125,116,Finished,0
3956,4,23,5,2023-01-06,112,126,Finished,0
1737,2,14,22,2021-03-28,96,93,Finished,0
721,1,24,21,2020-01-31,107,111,Finished,0
2477,3,14,13,2021-12-03,115,119,Finished,0
2576,3,26,15,2021-12-17,105,124,Finished,0
4676,5,17,20,2023-11-03,110,105,Finished,0
874,1,12,25,2020-02-27,106,100,Finished,0
742,1,13,27,2020-02-03,108,105,Finished,0
983,1,8,16,2020-08-01,92,125,Finished,0
5599,5,26,20,2024-03-16,91,98,Finished,0
4800,5,5,16,2023-11-20,100,118,Finished,0
5600,5,19,25,2024-03-16,126,107,Finished,0
3381,4,15,20,2022-10-19,115,112,Finished,0
1067,2,8,26,2020-12-23,122,124,Finished,0
4861,5,19,23,2023-11-29,124,114,Finished,0
3447,4,24,19,2022-10-28,124,111,Finished,0
215,1,8,2,2019-11-22,92,92,Finished,0
59,1,22,20,2019-10-30,95,83,Finished,0
294,1,17,20,2019-12-02,132,88,Finished,0
2053,2,9,15,2021-05-06,111,97,Finished,0
1440,2,29,17,2021-02-12,129,115,Finished,0
1595,2,28,1,2021-03-11,120,121,Finished,0
3864,4,10,15,2022-12-25,123,109,Finished,0
4965,5,10,3,2023-12-16,112,120,Finished,0
1129,2,27,14,2021-01-01,103,109,Finished,0
403,1,13,24,2019-12-17,120,99,Finished,0
1441,2,30,20,2021-02-12,91,109,Finished,0
1256,2,16,9,2021-01-18,113,107,Finished,0
4344,4,8,28,2023-03-06,118,113,Finished,0
363,1,12,2,2019-12-11,122,117,Finished,0
4880,5,5,19,2023-12-02,124,118,Finished,0
4733,5,5,9,2023-11-12,119,108,Finished,0
1357,2,27,15,2021-02-01,102,133,Finished,0
3759,4,25,18,2022-12-10,124,118,Finished,0
3338,3,18,27,2022-04-07,127,121,Finished,0
951,1,11,22,2020-03-08,106,126,Finished,0
911,1,21,13,2020-03-03,94,109,Finished,0
5304,5,21,8,2024-01-31,105,100,Finished,0
5709,5,20,21,2024-03-31,112,113,Finished,0
4895,5,6,22,2023-12-06,121,111,Finished,0
1797,2,11,24,2021-04-05,130,133,Finished,0
2336,3,11,24,2021-11-14,89,115,Finished,0
4784,5,7,26,2023-11-19,105,129,Finished,0
5610,5,9,16,2024-03-17,101,104,Finished,0
1173,2,23,30,2021-01-06,141,136,Finished,0
5149,5,5,11,2024-01-10,124,119,Finished,0
4025,4,1,16,2023-01-16,121,113,Finished,0
35,1,27,30,2019-10-26,124,122,Finished,0
3746,4,3,1,2022-12-09,120,116,Finished,0
247,1,5,25,2019-11-25,94,117,Finished,0
1114,2,2,15,2020-12-30,126,107,Finished,0
5080,5,29,7,2024-01-01,127,86,Finished,0
1647,2,7,13,2021-03-17,105,89,Finished,0
2448,3,23,22,2021-11-29,101,96,Finished,0
1564,2,23,12,2021-03-01,130,114,Finished,0
66,1,19,8,2019-10-31,122,98,Finished,0
1352,2,1,14,2021-02-01,99,107,Finished,0
5165,5,18,25,2024-01-12,116,93,Finished,0
2705,3,4,9,2022-01-05,140,111,Finished,0
4740,5,20,4,2023-11-12,129,107,Finished,0
4585,4,2,1,2023-04-09,120,114,Finished,0
5294,5,3,29,2024-01-29,147,114,Finished,0
3093,3,15,22,2022-03-05,124,96,Finished,0
309,1,21,12,2019-12-04,100,107,Finished,0
4279,4,8,13,2023-02-26,134,124,Finished,0
4581,4,3,22,2023-04-07,101,84,Finished,0
5065,5,1,26,2023-12-29,110,117,Finished,0
3939,4,28,17,2023-01-04,101,104,Finished,0
70,1,7,14,2019-11-01,110,119,Finished,0
5669,5,6,4,2024-03-25,115,92,Finished,0
1919,2,25,13,2021-04-20,112,113,Finished,0
1744,2,21,7,2021-03-29,106,127,Finished,0
1808,2,13,25,2021-04-06,133,116,Finished,0
3581,4,17,6,2022-11-16,113,98,Finished,0
3819,4,8,4,2022-12-18,119,115,Finished,0
1583,2,23,29,2021-03-03,131,123,Finished,0
4103,4,4,5,2023-01-26,111,96,Finished,0
4988,5,21,15,2023-12-18,116,97,Finished,0
4428,4,13,22,2023-03-18,108,113,Finished,0
5366,5,22,27,2024-02-08,127,111,Finished,0
5220,5,18,21,2024-01-20,97,102,Finished,0
2176,3,14,15,2021-10-24,121,118,Finished,0
4250,4,4,27,2023-02-15,120,110,Finished,0
1738,2,28,25,2021-03-28,117,122,Finished,0
904,1,22,25,2020-03-02,107,130,Finished,0
3844,4,20,28,2022-12-21,106,113,Finished,0
1986,2,15,25,2021-04-28,109,130,Finished,0
2636,3,24,15,2021-12-27,113,114,Finished,0
4573,4,7,5,2023-04-07,112,115,Finished,0
1777,2,24,21,2021-04-02,140,103,Finished,0
2754,3,12,2,2022-01-12,100,119,Finished,0
1162,2,3,29,2021-01-05,130,96,Finished,0
31,1,9,23,2019-10-26,111,117,Finished,0
64,1,26,4,2019-10-30,111,118,Finished,0
3308,3,26,10,2022-04-03,90,109,Finished,0
3038,3,18,23,2022-02-25,102,133,Finished,0
3446,4,28,23,2022-10-28,90,112,Finished,0
4779,5,17,7,2023-11-18,132,119,Finished,0
2826,3,24,12,2022-01-22,113,103,Finished,0
1770,2,19,22,2021-04-01,110,115,Finished,0
551,1,28,25,2020-01-07,99,101,Finished,0
5547,5,9,7,2024-03-09,124,140,Finished,0
4230,4,12,29,2023-02-13,117,123,Finished,0
5578,5,22,3,2024-03-13,114,106,Finished,0
4807,5,14,7,2023-11-22,101,100,Finished,0
3163,3,10,30,2022-03-14,126,112,Finished,0
3995,4,14,7,2023-01-12,115,119,Finished,0
3469,4,30,23,2022-10-31,92,118,Finished,0
1040,1,22,3,2020-08-11,96,108,Finished,0
737,1,9,8,2020-02-02,128,104,Finished,0
4189,4,3,24,2023-02-07,112,116,Finished,0
5501,5,27,12,2024-03-03,117,105,Finished,0
4442,4,20,18,2023-03-20,134,140,Finished,0
648,1,29,12,2020-01-20,118,88,Finished,0
1605,2,4,9,2021-03-11,105,102,Finished,0
1937,2,22,19,2021-04-22,100,135,Finished,0
3962,4,5,29,2023-01-07,126,118,Finished,0
2331,3,1,17,2021-11-14,120,100,Finished,0
731,1,25,29,2020-02-01,124,107,Finished,0
171,1,15,29,2019-11-15,107,106,Finished,0
4377,4,10,17,2023-03-11,125,116,Finished,0
1433,2,1,27,2021-02-12,114,125,Finished,0
1913,2,12,27,2021-04-19,94,109,Finished,0
1514,2,20,10,2021-02-23,106,114,Finished,0
4082,4,16,2,2023-01-24,98,95,Finished,0
2094,2,2,16,2021-05-11,121,129,Finished,0
1522,2,1,2,2021-02-24,127,112,Finished,0
1672,2,14,1,2021-03-20,94,99,Finished,0
1882,2,14,2,2021-04-15,113,121,Finished,0
806,1,6,1,2020-02-12,122,105,Finished,0
2277,3,8,11,2021-11-06,95,94,Finished,0
3218,3,8,13,2022-03-22,112,115,Finished,0
2776,3,3,19,2022-01-15,120,105,Finished,0
2855,3,3,8,2022-01-26,118,114,Finished,0
169,1,22,27,2019-11-15,111,109,Finished,0
1261,2,23,2,2021-01-20,117,109,Finished,0
3233,3,28,6,2022-03-24,117,104,Finished,0
2960,3,26,18,2022-02-09,132,119,Finished,0
3036,3,4,28,2022-02-25,125,93,Finished,0
2609,3,7,17,2021-12-23,95,102,Finished,0
2001,2,2,27,2021-04-30,143,140,Finished,0
4475,4,26,24,2023-03-24,135,127,Finished,0
1552,2,21,8,2021-02-27,96,126,Finished,0
460,1,26,18,2019-12-26,104,105,Finished,0
3622,4,21,20,2022-11-21,119,129,Finished,0
747,1,15,9,2020-02-03,96,82,Finished,0
5090,5,23,5,2024-01-02,110,97,Finished,0
1087,2,9,6,2020-12-26,119,128,Finished,0
2721,3,12,29,2022-01-08,125,113,Finished,0
1091,2,5,10,2020-12-27,128,129,Finished,0
3400,4,16,28,2022-10-22,112,109,Finished,0
3693,4,3,30,2022-11-30,113,103,Finished,0
4556,4,29,14,2023-04-04,133,135,Finished,0
3549,4,21,28,2022-11-11,132,113,Finished,0
2716,3,28,29,2022-01-07,122,108,Finished,0
3919,4,6,5,2023-01-02,145,134,Finished,0
4427,4,15,10,2023-03-18,133,119,Finished,0
3938,4,6,24,2023-01-04,90,78,Finished,0
4388,4,8,3,2023-03-12,120,122,Finished,0
5102,5,18,19,2024-01-03,106,117,Finished,0
606,1,14,22,2020-01-15,118,119,Finished,0
2562,3,25,15,2021-12-15,103,113,Finished,0
1191,2,4,1,2021-01-09,113,105,Finished,0
5002,5,22,16,2023-12-20,106,115,Finished,0
558,1,10,17,2020-01-08,98,107,Finished,0
1558,2,9,20,2021-02-28,90,109,Finished,0
914,1,26,30,2020-03-03,133,126,Finished,0
2186,3,4,2,2021-10-25,129,140,Finished,0
1094,2,14,18,2020-12-27,127,91,Finished,0
2989,3,2,1,2022-02-13,105,95,Finished,0
637,1,27,16,2020-01-19,107,102,Finished,0
2914,3,1,24,2022-02-03,124,115,Finished,0
1560,2,11,15,2021-02-28,84,133,Finished,0
2160,3,8,27,2021-10-22,89,96,Finished,0
1668,2,8,5,2021-03-19,131,127,Finished,0
1417,2,16,20,2021-02-09,98,96,Finished,0
416,1,13,11,2019-12-19,117,122,Finished,0
1911,2,8,15,2021-04-19,139,137,Finished,0
4514,4,27,29,2023-03-29,117,128,Finished,0
1101,2,3,15,2020-12-28,111,116,Finished,0
3298,3,15,24,2022-04-01,122,114,Finished,0
3313,3,12,9,2022-04-03,117,121,Finished,0
3627,4,23,3,2022-11-22,115,106,Finished,0
1002,1,12,22,2020-08-04,120,109,Finished,0
3364,3,7,27,2022-04-10,130,120,Finished,0
3434,4,29,11,2022-10-26,109,101,Finished,0
3295,3,22,28,2022-04-01,89,102,Finished,0
542,1,27,17,2020-01-06,126,104,Finished,0
3154,3,1,12,2022-03-13,131,128,Finished,0
4709,5,7,28,2023-11-08,111,127,Finished,0
4772,5,29,24,2023-11-17,128,131,Finished,0
2443,3,14,9,2021-11-28,110,106,Finished,0
1553,2,16,1,2021-02-28,109,99,Finished,0
117,1,30,6,2019-11-08,100,113,Finished,0
56,1,10,24,2019-10-30,110,105,Finished,0
2967,3,9,15,2022-02-10,107,132,Finished,0
1998,2,5,17,2021-04-30,98,108,Finished,0
3806,4,9,26,2022-12-16,113,122,Finished,0
5252,5,30,18,2024-01-24,107,118,Finished,0
2563,3,26,30,2021-12-15,119,105,Finished,0
4079,4,26,15,2023-01-23,133,100,Finished,0
820,1,10,11,2020-02-20,105,135,Finished,0
4797,5,30,17,2023-11-20,129,142,Finished,0
428,1,12,26,2019-12-20,119,105,Finished,0
3566,4,26,10,2022-11-13,122,115,Finished,0
732,1,30,3,2020-02-01,113,107,Finished,0
3257,3,30,10,2022-03-27,123,115,Finished,0
851,1,29,24,2020-02-24,111,131,Finished,0
4455,4,16,20,2023-03-22,127,120,Finished,0
3607,4,25,29,2022-11-19,113,118,Finished,0
1688,2,6,26,2021-03-22,105,119,Finished,0
1209,2,25,28,2021-01-11,112,111,Finished,0
2067,2,29,11,2021-05-08,124,116,Finished,0
227,1,15,14,2019-11-23,108,109,Finished,0
5490,5,18,26,2024-03-01,115,124,Finished,0
3625,4,8,9,2022-11-22,108,110,Finished,0
1941,2,17,23,2021-04-22,124,117,Finished,0
5567,5,27,11,2024-03-12,101,103,Finished,0
5052,5,14,4,2023-12-28,133,112,Finished,0
4477,4,8,17,2023-03-25,129,106,Finished,0
4439,4,9,16,2023-03-19,100,112,Finished,0
2298,3,19,21,2021-11-10,100,108,Finished,0
982,1,12,23,2020-08-01,127,121,Finished,0
632,1,29,26,2020-01-18,123,101,Finished,0
4102,4,3,9,2023-01-26,122,130,Finished,0
2346,3,15,11,2021-11-15,136,102,Finished,0
526,1,22,29,2020-01-04,96,109,Finished,0
4711,5,17,9,2023-11-08,120,118,Finished,0
3238,3,1,10,2022-03-25,121,110,Finished,0
2928,3,12,5,2022-02-04,115,122,Finished,0
1666,2,16,12,2021-03-19,110,137,Finished,0
1147,2,15,14,2021-01-03,94,108,Finished,0
2827,3,6,21,2022-01-22,94,87,Finished,0
3620,4,12,22,2022-11-21,123,102,Finished,0
3032,3,20,16,2022-02-25,100,115,Finished,0
4924,5,11,27,2023-12-11,93,82,Finished,0
653,1,7,13,2020-01-21,107,110,Finished,0
4886,5,24,15,2023-12-02,116,109,Finished,0
5148,5,10,19,2024-01-10,101,141,Finished,0
645,1,6,20,2020-01-20,83,106,Finished,0
2122,2,18,2,2021-05-15,108,124,Finished,0
654,1,1,13,2020-01-22,102,95,Finished,0
5721,5,29,6,2024-04-02,113,129,Finished,0
2728,3,13,1,2022-01-09,106,93,Finished,0
33,1,24,13,2019-10-26,115,122,Finished,0
4034,4,8,25,2023-01-17,122,113,Finished,0
1203,2,20,8,2021-01-10,89,114,Finished,0
2977,3,23,21,2022-02-11,100,87,Finished,0
2282,3,13,4,2021-11-07,120,106,Finished,0
1623,2,11,2,2021-03-14,107,134,Finished,0
