pss_id,player_id,season_id,team_id,games_played,avg_pts,avg_reb,avg_ast,avg_stl,avg_blk,avg_tov,avg_min,fg_pct,fg3_pct,ft_pct,avg_plus_minus,efg_pct,ts_pct,usg_pct,per,bpm
2,23,1,21,64,10.69,9.11,2.28,0.80,1.05,1.47,26.25,0.5921,0.3333,0.5821,2.33,0.5931,0.6038,0.1746,23.32,3.90
3,25,1,16,72,15.92,10.21,5.11,1.14,1.29,2.83,33.57,0.5570,0.1429,0.6911,3.39,0.5582,0.5981,0.2139,24.49,6.58
4,45,1,27,54,18.54,7.26,2.39,0.67,1.61,1.37,32.48,0.4931,0.3885,0.8272,-2.39,0.5315,0.5707,0.2352,21.18,2.90
6,56,1,19,69,3.87,1.22,1.29,0.25,0.12,0.78,8.56,0.3684,0.3459,0.6757,-0.81,0.4549,0.4729,0.2341,11.07,0.56
7,60,1,15,47,7.02,1.81,1.11,0.21,0.04,0.70,15.29,0.4661,0.4043,0.8667,-2.04,0.5797,0.6093,0.1778,12.91,-3.45
8,61,1,3,71,10.92,9.45,1.55,0.56,1.30,1.08,26.09,0.6495,0.0000,0.6333,0.63,0.6495,0.6638,0.1502,24.27,3.26
9,63,1,20,13,3.85,0.69,1.62,0.38,0.15,0.62,9.01,0.4318,0.3125,0.6364,-1.62,0.4886,0.5119,0.2033,13.98,3.18
11,96,1,3,14,2.00,1.50,0.57,0.00,0.43,0.29,7.66,0.2632,0.2069,0.5000,0.21,0.3421,0.3521,0.1723,5.77,-2.27
12,99,1,15,72,5.42,3.96,2.25,0.75,0.51,0.92,18.47,0.4743,0.2824,0.6667,-1.26,0.5106,0.5338,0.1358,15.39,2.06
14,115,1,17,64,29.02,13.38,5.53,0.95,1.03,3.59,29.95,0.5533,0.3038,0.6328,10.66,0.5893,0.6130,0.3770,39.92,15.60
16,117,1,17,42,1.31,0.57,0.36,0.17,0.05,0.29,3.06,0.5000,0.0000,0.4118,-0.38,0.5000,0.4957,0.2169,12.56,-0.29
17,118,1,25,60,14.92,6.13,1.42,0.82,0.45,1.67,31.70,0.4297,0.3850,0.8447,0.32,0.4853,0.5247,0.2145,13.24,-3.01
19,129,1,5,65,4.02,1.69,1.48,0.42,0.05,0.57,14.31,0.4091,0.3913,0.7105,-1.26,0.5318,0.5513,0.1264,8.91,-2.71
21,132,1,26,33,5.82,4.42,1.52,1.06,0.21,0.85,23.96,0.3879,0.3525,0.7778,-1.36,0.5182,0.5427,0.1131,10.77,-3.01
22,159,1,22,58,10.33,2.10,4.52,0.59,0.02,1.48,24.49,0.3991,0.3483,0.8895,1.31,0.4751,0.5540,0.1907,14.62,2.72
23,172,1,24,58,11.90,7.52,1.24,0.45,1.00,1.38,21.31,0.5458,0.2308,0.7528,1.69,0.5484,0.5682,0.2370,23.92,3.07
24,179,1,4,54,4.15,1.85,0.96,0.43,0.04,0.69,12.73,0.3484,0.2836,0.6604,-2.44,0.3873,0.4190,0.1958,7.64,-3.85
26,205,1,19,66,11.29,5.80,6.64,1.33,0.58,2.92,30.69,0.4032,0.3747,0.5658,-0.39,0.5109,0.5170,0.1851,16.91,6.06
27,208,1,22,68,4.88,4.44,0.62,0.34,1.26,0.62,12.92,0.4615,0.3458,0.6739,0.29,0.5262,0.5421,0.1722,19.21,2.93
28,220,1,7,73,3.04,0.73,1.53,0.07,0.03,0.52,6.17,0.4106,0.3765,0.9091,0.27,0.4879,0.5123,0.2429,16.57,6.84
30,245,1,20,57,14.09,4.89,2.51,0.96,0.30,2.18,29.91,0.4017,0.3198,0.6142,-5.72,0.4450,0.4787,0.2395,12.16,-1.94
31,254,1,8,60,14.57,6.08,3.53,1.02,0.48,1.47,31.93,0.4499,0.3750,0.7669,4.07,0.5230,0.5486,0.1989,17.23,2.23
32,265,1,8,11,3.36,1.55,0.00,0.18,0.36,0.27,8.91,0.4643,0.3333,0.8000,-0.64,0.5179,0.5710,0.1616,12.60,-5.37
34,274,1,4,50,1.58,2.00,1.32,0.34,0.16,0.44,10.10,0.3457,0.2857,0.9000,-0.96,0.4321,0.4625,0.0950,11.00,0.20
35,281,1,24,66,7.29,3.59,1.02,0.15,0.35,0.76,14.16,0.4803,0.3512,0.7467,-0.70,0.5577,0.5809,0.2109,16.29,-0.02
36,283,1,25,45,7.56,3.82,1.36,1.00,0.69,1.33,24.68,0.3466,0.3275,0.8056,0.33,0.4325,0.4753,0.1598,8.11,-4.27
39,286,1,30,61,28.54,3.97,5.69,1.16,0.38,3.18,33.65,0.4551,0.3534,0.8425,-3.30,0.5203,0.5788,0.3459,24.01,6.41
40,290,1,8,51,6.37,1.51,0.94,0.61,0.12,0.71,14.62,0.3887,0.3602,0.8684,0.53,0.4850,0.5115,0.2040,10.42,-3.28
42,304,1,27,66,5.47,1.50,1.05,0.18,0.02,0.29,13.38,0.3917,0.3764,0.8276,0.29,0.4984,0.5316,0.1758,11.58,-2.23
44,307,1,18,49,1.69,1.59,0.29,0.04,0.20,0.37,4.79,0.5333,0.2222,0.5862,-0.16,0.5500,0.5704,0.1606,18.29,-1.10
45,312,1,1,46,5.41,3.30,1.76,1.20,0.41,1.30,19.90,0.4561,0.2308,0.5417,-5.59,0.4890,0.4998,0.1410,11.00,-2.08
47,315,1,17,12,2.17,1.67,0.75,0.00,0.42,0.42,7.56,0.4762,0.4444,0.6667,3.67,0.5714,0.5824,0.1248,10.99,-1.26
48,337,1,30,55,15.16,4.45,1.67,0.67,0.60,1.07,28.78,0.4344,0.4237,0.8525,-0.25,0.5984,0.6283,0.1909,15.77,-1.19
50,355,1,22,72,2.94,3.06,0.69,0.28,0.32,0.43,12.81,0.5105,0.0000,0.6535,-1.81,0.5105,0.5655,0.1028,12.46,-2.93
51,361,1,12,69,2.49,1.54,0.33,0.14,0.54,0.41,6.83,0.4667,0.1905,0.7273,-0.20,0.4933,0.5227,0.1798,13.13,-1.70
52,363,1,4,65,6.05,4.74,0.77,0.15,0.75,0.74,15.83,0.5432,,0.6026,-2.35,0.5432,0.5705,0.1690,17.32,-0.55
56,405,1,26,63,14.67,3.29,3.29,1.02,0.24,1.62,28.03,0.4399,0.3719,0.7414,-0.70,0.5470,0.5655,0.2283,15.16,0.90
57,409,1,8,8,5.00,2.38,0.75,0.25,0.75,1.25,10.86,0.5000,0.4444,0.8000,-2.63,0.5714,0.6173,0.2137,15.46,-2.86
60,421,1,9,24,0.50,0.17,0.33,0.04,0.00,0.08,2.21,0.2500,0.2000,,0.00,0.3000,0.3000,0.1841,1.36,-1.66
61,423,1,30,71,4.65,3.13,1.07,0.63,0.31,0.82,17.60,0.5043,0.3521,0.8118,-0.45,0.5577,0.6080,0.1102,10.37,-4.14
62,427,1,24,73,25.52,4.07,6.25,0.67,0.25,3.62,34.41,0.4887,0.3543,0.9194,1.78,0.5436,0.6181,0.2995,22.07,4.30
63,446,1,28,71,5.79,3.90,0.37,0.31,0.86,0.39,11.53,0.4716,0.3220,0.7845,1.39,0.5351,0.5871,0.1985,21.48,3.07
65,458,1,10,49,6.84,2.47,2.67,0.90,0.20,1.43,20.71,0.4174,0.3084,0.8293,-3.55,0.4688,0.4940,0.1730,9.94,-1.14
66,473,1,14,50,8.46,2.30,1.26,0.86,0.10,0.94,23.73,0.4439,0.3642,0.8333,3.66,0.5261,0.5374,0.1570,8.46,-5.27
67,480,1,29,69,4.13,3.87,0.33,0.20,0.48,0.43,9.61,0.6667,1.0000,0.6522,-0.16,0.6746,0.6810,0.1582,22.21,1.66
68,492,1,29,23,1.04,0.87,0.48,0.13,0.22,0.30,4.18,0.3571,0.2308,0.5000,-1.61,0.4107,0.4155,0.1635,11.51,0.13
69,497,1,20,28,0.61,0.18,0.14,0.00,0.04,0.07,1.90,0.2727,0.1111,0.8000,-0.43,0.2955,0.3512,0.2121,3.77,-4.88
73,522,1,28,34,1.09,0.76,0.21,0.12,0.03,0.21,3.97,0.3611,0.2000,0.8000,1.00,0.4028,0.4579,0.1507,7.00,-5.39
74,530,1,7,23,3.09,1.87,0.48,0.22,0.17,0.26,7.83,0.3729,0.3922,0.8750,0.35,0.5424,0.5678,0.1636,15.18,-0.12
76,537,1,15,73,16.18,3.33,2.05,0.86,0.37,1.70,28.93,0.4073,0.3577,0.8079,-0.58,0.4761,0.5102,0.2539,10.48,-2.55
77,548,1,9,62,8.34,4.42,3.71,1.02,0.47,1.61,26.36,0.4430,0.3438,0.7395,-2.21,0.4799,0.5177,0.1611,13.03,1.22
78,563,1,2,58,19.98,6.28,2.03,1.12,0.34,2.16,33.34,0.4814,0.3817,0.7243,3.95,0.5541,0.5830,0.2475,17.67,-0.93
80,584,1,17,69,3.86,2.65,0.74,0.42,0.10,0.61,11.11,0.3711,0.3235,0.8000,0.94,0.4570,0.4861,0.1701,13.00,-1.60
82,590,1,30,69,10.38,5.55,2.58,1.23,0.10,1.14,25.82,0.4389,0.3408,0.7842,-3.26,0.4879,0.5240,0.1790,16.16,1.64
83,593,1,7,57,8.18,2.35,3.30,0.39,0.07,1.16,17.93,0.4665,0.3583,0.8133,3.02,0.5219,0.5534,0.2053,16.31,3.76
84,602,1,30,55,11.07,6.02,1.51,0.45,0.89,0.96,20.85,0.5813,0.4066,0.7414,-2.93,0.6256,0.6492,0.1898,23.75,3.24
85,618,1,20,30,7.80,2.27,1.40,0.83,0.10,0.63,22.80,0.4018,0.3333,0.8095,-2.60,0.4844,0.5016,0.1586,8.53,-3.99
86,624,1,7,8,12.00,1.88,3.75,1.13,0.13,1.13,23.91,0.4268,0.4324,0.9091,-1.63,0.5244,0.5527,0.2117,15.62,3.56
87,624,1,23,49,3.00,0.71,1.08,0.14,0.02,0.24,6.70,0.4646,0.4211,0.7222,0.78,0.5276,0.5448,0.1948,15.40,3.25
88,626,1,10,49,15.78,4.61,3.08,1.02,0.35,1.55,28.37,0.4060,0.3750,0.8973,-5.29,0.4759,0.5525,0.2405,17.36,2.09
89,626,1,23,19,11.58,2.95,2.00,0.63,0.00,0.79,19.16,0.4611,0.4156,0.8293,1.84,0.5569,0.5945,0.2368,19.57,2.53
90,638,1,21,62,1.68,0.92,0.27,0.11,0.16,0.31,5.75,0.3440,0.1887,0.5714,-1.61,0.3840,0.3965,0.1864,5.82,-5.58
91,654,1,16,66,17.53,5.85,5.30,1.56,0.48,1.92,29.68,0.4551,0.2437,0.8343,3.89,0.4743,0.5849,0.2539,25.28,8.74
92,666,1,11,14,2.00,1.14,0.14,0.36,0.36,0.43,3.74,0.5000,0.2500,1.0000,-0.93,0.5500,0.6184,0.2320,22.14,2.09
93,666,1,15,40,1.55,1.10,0.25,0.25,0.30,0.18,4.80,0.4058,0.1600,0.6667,-0.48,0.4348,0.4408,0.1684,12.54,0.37
95,677,1,14,69,9.35,2.06,1.61,0.83,0.20,0.90,25.53,0.4675,0.3849,0.7745,2.25,0.5582,0.5844,0.1476,10.24,-4.44
96,694,1,11,40,13.58,13.43,1.20,0.83,1.80,1.58,31.99,0.6289,,0.5288,1.50,0.6289,0.6259,0.1592,25.52,3.23
97,717,1,11,18,3.00,1.33,0.78,0.33,0.17,0.39,8.60,0.4324,0.2500,0.7727,-1.22,0.5000,0.5784,0.1472,13.74,-0.91
98,717,1,27,40,0.83,0.78,0.28,0.05,0.05,0.25,3.38,0.3103,0.2308,0.6000,0.48,0.3621,0.4365,0.1527,6.83,-4.67
99,728,1,24,73,3.93,1.62,1.15,0.64,0.23,0.44,12.95,0.4156,0.4247,0.8519,-0.18,0.5432,0.5630,0.1289,11.15,-1.28
100,732,1,1,62,4.81,2.00,0.77,0.37,0.40,0.53,14.12,0.3520,0.3020,0.7931,-2.05,0.4523,0.4704,0.1671,8.07,-3.73
101,733,1,5,45,10.76,9.00,1.13,0.73,0.80,1.60,27.90,0.5335,0.2069,0.7368,-0.64,0.5423,0.5904,0.1634,17.21,-1.33
102,734,1,22,46,7.02,3.20,2.37,1.07,0.48,1.13,18.11,0.4269,0.2933,0.8316,0.50,0.4692,0.5351,0.1847,15.42,2.76
103,738,1,14,67,5.21,1.84,1.85,1.04,0.27,0.79,17.54,0.4124,0.3333,0.7340,3.67,0.4811,0.5250,0.1389,10.80,-0.98
104,749,1,7,16,4.19,3.75,0.63,0.25,0.69,0.31,9.82,0.6889,0.0000,0.5556,0.56,0.6889,0.6842,0.1499,25.85,5.41
105,749,1,10,42,7.69,6.07,1.43,1.07,1.19,0.83,22.40,0.5603,,0.6140,-3.26,0.5603,0.5725,0.1444,18.21,1.90
106,769,1,11,68,0.50,0.97,0.09,0.09,0.12,0.12,3.22,0.7778,,0.4615,0.44,0.7778,0.7167,0.0599,12.04,-4.09
107,770,1,3,40,5.13,3.63,0.98,0.40,0.30,0.85,18.35,0.4044,0.3058,0.8696,-3.00,0.5055,0.5308,0.1307,9.55,-4.55
109,779,1,19,8,1.50,1.13,0.38,0.13,0.13,0.50,6.39,0.6667,0.0000,,-3.50,0.6667,0.6667,0.1077,6.37,-7.87
110,788,1,3,27,4.26,1.41,2.04,0.41,0.07,0.85,10.31,0.4245,0.3571,1.0000,1.56,0.5189,0.5314,0.1978,14.56,3.99
111,788,1,30,13,2.08,1.15,2.15,0.77,0.15,0.69,9.43,0.2941,0.4375,,3.77,0.3971,0.3971,0.1455,10.92,6.14
112,792,1,10,61,8.98,5.98,1.87,0.64,1.02,1.28,19.61,0.5455,0.2051,0.7692,-3.72,0.5558,0.6040,0.1912,22.30,3.90
113,810,1,11,29,2.41,1.38,0.41,0.07,0.24,0.07,7.30,0.3898,0.3529,0.8571,0.45,0.5424,0.5638,0.1247,12.24,-1.43
114,810,1,22,30,2.87,2.33,0.17,0.13,0.50,0.27,11.82,0.4189,0.3500,1.0000,-2.30,0.5608,0.5709,0.1018,10.61,-5.35
115,814,1,15,61,11.48,5.66,1.33,0.52,0.79,0.90,21.32,0.6180,0.3594,0.7589,-0.33,0.6420,0.6625,0.1876,23.82,2.33
116,816,1,6,30,14.10,2.30,2.33,0.57,0.27,1.30,22.19,0.4417,0.3711,0.8837,-3.20,0.5322,0.5813,0.2596,17.86,0.97
117,816,1,29,42,15.60,2.81,1.57,0.69,0.19,1.38,24.73,0.4621,0.3661,0.7848,2.17,0.5481,0.5688,0.2693,15.48,-1.83
118,820,1,3,33,2.00,1.33,0.48,0.03,0.24,0.27,5.66,0.5625,0.1429,0.5238,-2.03,0.5729,0.5765,0.1503,16.77,0.01
119,826,1,11,63,2.56,0.48,0.43,0.14,0.10,0.30,4.61,0.4014,0.3458,0.9091,-0.98,0.5317,0.5482,0.2371,12.79,-1.03
121,837,1,13,24,2.42,0.67,0.58,0.21,0.08,0.33,6.63,0.4259,0.3158,0.5455,-0.21,0.4815,0.4929,0.1821,7.69,-3.48
122,857,1,1,46,19.24,9.04,1.30,0.67,1.43,1.63,29.64,0.5835,0.4014,0.8000,-3.59,0.6322,0.6595,0.2288,26.00,2.77
123,861,1,25,13,5.92,5.31,1.23,0.38,0.38,1.08,22.30,0.4706,0.3684,0.7500,2.77,0.5221,0.5383,0.1247,10.62,-4.05
124,874,1,29,47,14.36,3.21,4.43,0.77,0.11,1.96,29.01,0.4092,0.3750,0.8273,1.55,0.4938,0.5373,0.2307,14.16,1.61
125,877,1,17,70,5.14,4.06,1.53,0.36,0.44,0.74,17.76,0.4551,0.3313,0.7750,1.16,0.5465,0.5650,0.1234,15.05,-0.44
126,890,1,14,70,3.20,0.73,0.70,0.17,0.03,0.47,7.26,0.4252,0.3647,0.7857,0.80,0.4977,0.5087,0.2114,10.95,-2.93
130,928,1,11,22,11.59,8.00,1.45,1.59,2.18,1.36,32.98,0.3921,0.3155,0.8000,3.45,0.5088,0.5308,0.1590,15.13,0.35
131,928,1,18,48,12.81,5.98,1.17,1.67,0.94,1.52,29.39,0.4355,0.3462,0.7979,-0.88,0.5444,0.5722,0.1797,14.71,-1.53
132,934,1,1,31,4.61,2.10,0.90,0.48,0.13,0.39,16.83,0.3636,0.3226,0.7500,-5.32,0.4685,0.4822,0.1275,7.95,-4.58
133,934,1,18,9,3.22,1.33,0.56,0.00,0.00,0.56,14.57,0.3235,0.2308,0.5000,-6.22,0.4118,0.4157,0.1255,1.81,-9.71
134,935,1,8,73,4.32,2.59,0.64,0.32,0.49,0.34,14.69,0.4610,0.3261,0.6111,-2.38,0.5446,0.5529,0.1252,10.08,-3.59
135,961,1,15,48,9.31,5.77,2.60,0.98,0.29,1.13,27.53,0.3684,0.2932,0.7895,-2.63,0.4662,0.5070,0.1575,13.97,0.40
136,961,1,16,22,10.77,4.86,1.64,1.14,0.45,0.68,25.15,0.4817,0.4453,0.7333,-0.27,0.6555,0.6687,0.1533,16.58,0.31
137,965,1,18,64,9.06,3.31,1.72,0.89,0.59,1.27,23.53,0.4042,0.2986,0.4615,-1.61,0.4622,0.4674,0.1927,10.20,-2.36
138,985,1,7,64,12.39,2.27,1.94,0.59,0.14,0.97,24.62,0.4948,0.4517,0.8247,2.52,0.6211,0.6430,0.1846,14.62,-2.10
139,986,1,10,7,14.86,3.71,4.71,0.71,0.29,2.29,19.89,0.4024,0.2449,1.0000,-6.43,0.4756,0.5565,0.3173,24.43,10.27
140,1003,1,8,10,2.60,0.60,0.30,0.30,0.00,0.30,7.60,0.3571,0.3000,,0.60,0.4643,0.4643,0.1791,4.76,-6.82
141,1003,1,14,58,3.00,0.79,0.24,0.14,0.05,0.16,7.86,0.3924,0.3571,0.6250,-0.03,0.5190,0.5271,0.1618,8.52,-5.72
142,1019,1,14,67,24.15,8.61,2.99,1.36,2.13,2.30,31.81,0.5027,0.3303,0.8457,3.58,0.5356,0.6096,0.2945,29.51,7.59
143,1033,1,29,56,0.91,1.88,0.21,0.20,0.16,0.23,5.42,0.4783,,0.5000,-1.93,0.4783,0.4889,0.0950,10.37,-2.78
144,1054,1,28,72,7.54,3.29,1.60,0.54,0.19,1.06,16.79,0.4564,0.3884,0.8644,2.78,0.5642,0.5877,0.1916,15.19,-0.28
145,1076,1,27,70,21.49,5.36,5.43,1.00,0.29,2.34,33.09,0.5310,0.2571,0.8448,-1.69,0.5353,0.6028,0.2637,23.15,5.65
146,1080,1,1,10,8.10,8.20,0.70,1.00,1.50,1.00,23.32,0.3929,0.2222,0.8750,0.10,0.4405,0.4628,0.1760,14.52,0.85
147,1080,1,26,46,3.80,3.63,0.33,0.33,0.57,1.02,11.75,0.4035,0.1972,0.8214,-0.63,0.4444,0.4773,0.1883,10.30,-4.60
148,1092,1,6,63,2.81,1.19,2.86,0.32,0.03,0.94,13.02,0.3543,0.2308,0.8649,-0.19,0.4143,0.4627,0.1307,8.90,1.75
149,1109,1,17,70,8.71,4.54,2.20,1.21,0.29,1.29,21.72,0.4549,0.3360,0.7326,5.84,0.5363,0.5567,0.1736,16.56,1.44
150,1113,1,24,72,3.04,1.82,0.31,0.15,0.17,0.44,6.65,0.6479,0.3333,0.8718,-0.65,0.6514,0.6880,0.1696,19.34,-1.96
151,1114,1,21,57,5.58,2.93,0.63,0.65,0.16,0.89,15.71,0.4459,0.2807,0.6032,0.23,0.4730,0.4912,0.1835,9.70,-4.84
152,1128,1,15,21,5.86,4.67,0.71,0.67,0.81,0.76,15.16,0.4828,0.2500,0.7381,-0.05,0.5287,0.5830,0.1578,18.88,1.17
153,1128,1,18,50,6.82,5.12,1.16,0.74,0.84,0.88,15.56,0.4477,0.3833,0.7966,-2.04,0.5307,0.5628,0.1853,20.59,3.97
154,1139,1,3,64,20.59,3.45,6.75,0.63,0.33,2.72,31.16,0.4153,0.3075,0.7780,0.81,0.4755,0.5414,0.2939,18.82,6.74
155,1155,1,7,62,28.37,9.24,8.68,1.00,0.23,4.19,33.02,0.4629,0.3161,0.7580,4.08,0.5311,0.5854,0.3692,31.80,14.35
156,1160,1,21,38,6.42,2.13,0.71,0.82,0.11,0.58,21.58,0.3945,0.2970,0.7925,1.45,0.4633,0.5056,0.1432,5.79,-6.69
157,1162,1,20,65,4.94,1.40,0.88,0.35,0.06,0.32,12.86,0.4138,0.3620,0.6667,-1.34,0.5155,0.5271,0.1659,11.09,-2.76
158,1171,1,9,41,5.93,2.88,0.46,0.49,0.20,0.85,18.38,0.3898,0.2857,0.6739,-4.29,0.4492,0.4742,0.1709,6.84,-6.92
159,1179,1,8,41,4.10,1.34,1.54,0.34,0.15,0.66,10.04,0.4140,0.3469,0.7241,-1.61,0.4682,0.4948,0.2074,12.17,1.71
160,1181,1,16,61,15.62,3.07,4.93,0.66,0.16,2.36,27.26,0.4406,0.3669,0.7764,2.70,0.5262,0.5726,0.2607,17.27,3.41
161,1194,1,6,11,12.73,8.09,1.27,1.09,1.00,2.64,20.41,0.5524,0.2857,0.5128,-6.36,0.5714,0.5730,0.2857,25.25,2.67
162,1194,1,9,53,16.42,14.62,2.60,1.83,1.55,3.28,31.20,0.5302,0.0476,0.5843,-2.28,0.5309,0.5498,0.2542,27.27,6.36
163,1202,1,14,71,0.96,0.73,0.39,0.21,0.04,0.11,5.12,0.4000,0.4286,1.0000,0.25,0.5500,0.5585,0.0802,8.06,-3.35
164,1217,1,5,51,7.31,3.65,3.39,1.98,0.33,1.33,24.88,0.4444,0.2589,0.7407,-0.57,0.4868,0.5099,0.1477,12.20,2.04
165,1258,1,2,55,2.20,0.85,0.44,0.22,0.07,0.27,6.37,0.3281,0.3158,0.6842,-0.85,0.4219,0.4437,0.1854,7.27,-3.50
167,1285,1,20,56,3.27,1.16,0.79,0.23,0.07,0.32,9.97,0.3506,0.3497,0.8462,-0.32,0.4943,0.5091,0.1512,8.82,-3.24
168,1303,1,23,53,22.11,11.19,2.87,0.85,1.23,3.00,28.41,0.4769,0.3314,0.8069,3.08,0.5125,0.5905,0.3291,29.75,7.27
169,1318,1,22,20,8.45,4.75,1.10,0.60,0.40,1.35,24.48,0.4511,0.2857,0.8378,-0.95,0.5188,0.5661,0.1537,11.19,-4.79
170,1318,1,23,50,5.70,3.00,0.82,0.46,0.28,0.62,15.53,0.4425,0.3491,0.7869,0.32,0.5243,0.5636,0.1592,12.36,-2.81
171,1329,1,27,35,3.06,2.43,0.43,0.14,0.49,0.60,7.78,0.6418,1.0000,0.7692,-2.03,0.6493,0.6820,0.1587,19.18,-0.72
172,1333,1,10,45,2.84,0.91,0.69,0.24,0.27,0.56,9.20,0.3383,0.3421,0.8621,-2.47,0.3872,0.4391,0.1760,5.88,-5.03
174,1344,1,6,24,0.58,0.46,0.25,0.08,0.08,0.13,3.45,0.3333,0.2000,,-1.63,0.3889,0.3889,0.1067,5.69,-4.84
177,1361,1,19,68,6.75,7.37,1.19,0.44,0.68,0.81,18.27,0.6165,0.1429,0.5634,1.69,0.6180,0.6199,0.1406,23.63,3.46
178,1372,1,5,32,2.69,3.19,0.50,0.31,0.06,0.56,12.06,0.6296,0.0000,0.7826,-1.78,0.6296,0.6706,0.0926,13.30,-4.60
179,1380,1,21,58,3.79,1.28,0.88,0.47,0.29,0.53,21.68,0.3545,0.2917,0.7500,-2.47,0.4659,0.4808,0.0913,1.69,-8.90
180,1382,1,1,61,3.93,3.25,0.80,0.30,0.28,0.69,11.68,0.5176,0.1351,0.5686,-1.54,0.5302,0.5419,0.1546,13.58,-1.55
181,1387,1,26,72,3.03,0.68,0.96,0.25,0.06,0.39,7.36,0.4202,0.3038,0.8571,-0.19,0.4840,0.5279,0.1931,12.31,0.02
182,1400,1,7,71,9.55,5.70,1.61,0.63,0.55,0.97,29.85,0.4655,0.3762,0.7222,3.89,0.5747,0.5952,0.1292,12.66,-3.06
183,1428,1,27,63,11.22,2.00,1.71,0.52,0.00,0.90,25.07,0.4165,0.3885,0.8333,-3.43,0.5439,0.5696,0.1870,10.50,-3.96
184,1453,1,22,67,18.22,2.55,3.12,1.06,0.22,1.87,30.98,0.4672,0.3986,0.8182,-1.22,0.5603,0.5951,0.2416,15.49,-0.57
185,1457,1,26,51,21.12,3.84,6.82,1.45,0.49,3.10,32.05,0.4798,0.2919,0.7047,-2.37,0.5129,0.5578,0.2973,21.00,7.43
186,1469,1,9,48,2.02,0.69,1.94,0.29,0.08,0.75,7.39,0.3617,0.3333,0.7917,-1.13,0.4149,0.4638,0.1724,10.28,4.48
187,1472,1,11,29,0.93,0.34,0.07,0.07,0.00,0.17,4.98,0.2414,0.1739,0.6429,-2.00,0.3103,0.3840,0.1168,-2.55,-12.09
188,1473,1,22,50,0.80,0.20,0.06,0.18,0.04,0.10,2.52,0.4412,0.5000,0.5000,-0.78,0.5588,0.5593,0.1411,8.07,-6.10
189,1477,1,2,61,7.69,7.07,0.92,0.36,0.67,0.92,16.13,0.5718,0.1429,0.7071,3.46,0.5733,0.5989,0.1953,25.79,4.24
190,1498,1,22,72,12.08,3.31,5.13,1.25,0.15,2.04,27.72,0.4650,0.2667,0.7296,-0.82,0.4883,0.5167,0.2152,15.54,3.88
191,1504,1,25,29,1.52,1.45,0.17,0.28,0.17,0.38,5.99,0.4839,0.4167,0.7500,-0.59,0.5645,0.6064,0.1159,9.10,-5.61
192,1504,1,26,32,0.59,0.31,0.09,0.09,0.06,0.16,1.92,0.3529,0.1250,0.6000,-0.84,0.3824,0.4439,0.1884,7.22,-5.58
193,1507,1,5,54,4.07,1.96,0.39,0.24,1.04,0.54,11.28,0.7015,,0.5333,-0.54,0.7015,0.6858,0.1331,14.06,-2.86
194,1516,1,21,63,18.41,5.11,1.89,0.67,0.08,1.21,29.10,0.4382,0.4055,0.8926,3.67,0.5471,0.6117,0.2471,20.20,0.46
195,1518,1,9,66,10.26,2.26,1.53,0.73,0.17,0.61,25.79,0.4354,0.3988,0.8588,-2.17,0.5572,0.5842,0.1599,11.45,-3.53
196,1533,1,6,61,11.93,1.82,3.75,0.69,0.07,2.48,29.90,0.4006,0.3547,0.8750,-4.84,0.4757,0.4982,0.2073,8.89,-3.52
197,1555,1,28,44,7.52,6.25,3.34,0.77,0.86,1.34,26.39,0.4265,0.3851,0.7347,6.07,0.5287,0.5506,0.1328,14.84,2.24
199,1561,1,27,68,10.68,5.32,1.68,0.51,0.49,1.29,21.48,0.4463,0.3364,0.8824,0.18,0.5084,0.5535,0.2206,18.38,0.85
200,1573,1,13,50,20.66,5.44,3.70,1.36,0.40,2.50,28.38,0.4386,0.4121,0.8756,5.16,0.5390,0.5886,0.2988,22.67,4.94
201,1587,1,20,66,5.74,4.05,0.79,0.41,0.45,0.71,15.53,0.5839,0.2857,0.7321,-3.94,0.5909,0.6100,0.1487,16.25,-1.47
202,1593,1,26,64,4.94,2.94,0.94,0.34,0.28,0.69,10.42,0.5538,0.0000,0.7755,-2.02,0.5538,0.5797,0.2080,17.58,1.49
203,1594,1,21,70,19.01,5.89,3.31,1.13,0.67,1.91,34.69,0.4709,0.3466,0.8067,2.16,0.5138,0.5678,0.2384,19.11,1.60
204,1621,1,29,69,14.87,13.28,1.46,0.74,1.96,1.88,33.80,0.6930,,0.6303,4.25,0.6930,0.6986,0.1629,25.56,2.57
205,1635,1,1,41,5.02,1.76,1.24,0.29,0.10,0.71,10.50,0.4000,0.2989,0.9333,-3.12,0.4684,0.5069,0.2258,13.29,0.47
206,1638,1,22,62,14.42,7.66,3.68,0.82,0.63,1.61,32.53,0.4368,0.3080,0.6741,-1.10,0.4844,0.5164,0.2082,17.90,2.96
207,1641,1,11,37,14.05,1.92,1.46,0.62,0.35,1.16,27.46,0.3693,0.3168,0.7664,0.08,0.4730,0.5097,0.2247,9.44,-4.21
208,1651,1,4,64,17.89,3.31,7.36,0.97,0.23,2.83,34.55,0.3821,0.3726,0.8197,-2.88,0.4953,0.5373,0.2498,16.29,5.24
209,1658,1,1,25,2.88,2.00,0.60,0.28,0.16,0.40,10.66,0.3731,0.3514,0.4737,-1.64,0.4701,0.4777,0.1328,7.55,-4.23
210,1658,1,18,39,4.38,2.56,0.77,0.44,0.05,0.49,17.00,0.3543,0.2410,0.7297,-2.82,0.4114,0.4470,0.1316,6.42,-5.68
211,1669,1,8,72,11.82,3.44,1.22,0.69,0.79,0.88,26.28,0.4779,0.3889,0.7500,-1.19,0.5552,0.5908,0.1792,13.86,-2.68
212,1670,1,30,8,3.38,0.75,1.13,0.13,0.13,0.38,10.03,0.3704,0.2500,0.7143,-0.38,0.4074,0.4488,0.1722,5.47,-2.93
214,1694,1,14,68,8.04,3.31,1.34,1.25,0.47,0.93,24.81,0.4156,0.3670,0.6875,3.76,0.5422,0.5524,0.1402,10.67,-3.29
215,1696,1,10,58,5.95,4.59,4.59,1.02,0.57,1.69,21.06,0.3892,0.2791,0.7590,-3.33,0.4462,0.4893,0.1582,16.57,7.02
216,1699,1,13,65,6.62,5.97,0.75,0.45,0.37,0.83,20.11,0.4290,0.3866,0.7500,2.29,0.5597,0.5762,0.1377,13.44,-2.51
217,1701,1,2,67,2.43,1.39,0.39,0.36,0.12,0.34,6.98,0.5000,0.2727,0.6667,-0.46,0.5357,0.5641,0.1537,13.84,-2.19
218,1702,1,11,18,12.22,2.89,1.67,0.78,0.50,0.83,22.59,0.5638,0.3544,0.8571,1.22,0.6577,0.6819,0.1840,17.81,-0.15
219,1702,1,29,30,7.77,2.70,0.67,0.40,0.33,0.90,18.45,0.3846,0.3269,0.7778,-3.57,0.4718,0.5231,0.1968,10.25,-5.05
220,1732,1,9,23,12.13,3.65,2.57,0.30,0.30,1.74,22.27,0.3520,0.2432,0.7755,-1.13,0.4060,0.4759,0.2825,13.94,0.29
221,1750,1,15,72,2.40,1.01,0.63,0.17,0.11,0.50,6.72,0.3949,0.3012,0.9231,-0.39,0.4745,0.5135,0.1767,10.86,-3.16
223,1766,1,30,50,12.98,5.88,1.74,0.74,0.16,1.06,28.88,0.4661,0.2874,0.8286,-5.06,0.4890,0.5349,0.1906,15.42,-1.21
224,1786,1,21,24,0.83,0.29,0.54,0.17,0.04,0.21,3.37,0.2000,0.2353,0.5000,0.38,0.2667,0.2983,0.2113,3.69,0.31
225,1787,1,3,8,4.13,2.88,0.25,0.25,0.63,0.38,10.66,0.7778,,0.4167,-1.00,0.7778,0.7088,0.1288,17.36,-1.60
227,1831,1,7,71,15.79,3.27,1.93,0.58,0.07,0.97,29.46,0.4344,0.3977,0.8187,4.08,0.5498,0.5814,0.2119,14.32,-2.01
228,1832,1,11,69,33.84,6.46,7.42,1.81,0.87,4.46,35.98,0.4439,0.3547,0.8650,4.14,0.5426,0.6257,0.3644,29.93,10.74
229,1840,1,13,50,5.50,4.00,0.96,0.98,0.60,0.92,22.81,0.5161,0.3699,0.5714,1.12,0.5783,0.5839,0.1025,10.25,-4.57
230,1840,1,20,13,6.31,3.08,1.54,0.69,0.23,0.54,21.98,0.4545,0.2800,0.6250,-2.69,0.5076,0.5355,0.1257,10.01,-3.04
232,1852,1,13,63,18.62,7.06,1.70,0.62,1.14,1.71,27.77,0.5800,0.0000,0.6581,3.98,0.5800,0.6069,0.2569,24.58,2.46
233,1864,1,8,57,10.19,2.86,2.07,1.33,0.25,1.05,31.24,0.4200,0.3333,0.8152,2.14,0.4875,0.5192,0.1515,9.50,-3.83
234,1866,1,3,71,14.06,4.20,2.03,0.58,0.24,1.46,29.90,0.4860,0.4236,0.7191,1.21,0.5957,0.6062,0.1840,13.99,-2.86
235,1873,1,23,73,19.33,6.78,3.11,0.73,0.55,1.42,33.83,0.4714,0.3669,0.8056,2.19,0.5273,0.5564,0.2407,19.32,2.37
236,1879,1,5,65,3.22,1.32,0.75,0.52,0.29,0.29,7.45,0.4667,0.3810,0.7800,0.95,0.5152,0.5588,0.1826,17.19,3.63
237,1881,1,19,72,9.11,5.90,1.50,0.88,0.32,1.04,24.38,0.4229,0.3418,0.7391,-1.58,0.5367,0.5630,0.1540,14.84,-0.91
238,1882,1,11,43,2.49,2.09,0.42,0.21,0.28,0.37,6.18,0.6567,0.0000,0.6786,0.93,0.6567,0.6745,0.1490,20.69,1.74
240,1911,1,19,72,6.56,3.60,0.78,0.36,0.76,0.74,15.00,0.6718,0.2500,0.6474,-0.81,0.6737,0.6888,0.1505,18.08,-0.72
241,1915,1,2,53,17.15,6.57,4.00,0.72,0.42,1.81,32.83,0.5000,0.3829,0.8552,6.28,0.5607,0.5951,0.2115,20.33,3.00
242,1953,1,6,33,4.39,3.45,1.30,0.48,0.97,0.64,12.48,0.5083,0.1935,0.5152,-0.61,0.5333,0.5390,0.1617,18.27,4.48
243,1953,1,9,11,6.91,4.36,1.00,0.73,0.91,1.36,17.13,0.6667,0.4000,0.4615,0.09,0.6863,0.6700,0.1733,18.23,-1.04
245,1959,1,8,51,2.10,1.86,0.43,0.10,0.10,0.35,8.28,0.3455,0.2500,0.6400,0.16,0.4136,0.4421,0.1416,9.52,-4.36
246,1959,1,18,14,12.93,7.29,1.29,1.00,0.29,1.00,29.38,0.4526,0.4203,0.6087,-4.50,0.5584,0.5756,0.1696,16.46,-0.82
247,1960,1,4,65,2.92,2.06,0.45,0.15,0.11,0.46,5.77,0.5324,0.2273,0.6271,-0.28,0.5504,0.5759,0.2303,22.51,2.12
248,1964,1,16,63,11.79,3.56,1.92,0.54,0.14,1.38,23.93,0.4279,0.3893,0.8700,-0.32,0.5198,0.5504,0.2242,14.43,-1.78
249,1967,1,21,17,1.00,0.71,0.29,0.06,0.06,0.00,3.07,0.2593,0.1500,,-2.00,0.3148,0.3148,0.2279,8.32,2.78
250,1972,1,25,72,3.56,2.56,0.69,0.50,0.13,0.58,12.10,0.4220,0.3077,0.8136,-2.46,0.4771,0.5247,0.1398,10.60,-3.38
251,1978,1,26,72,19.19,4.56,2.96,0.92,0.24,2.33,30.78,0.4286,0.3939,0.8456,-1.47,0.5452,0.5655,0.2738,16.32,-0.01
252,1991,1,17,59,9.39,3.00,3.05,0.80,0.08,0.97,21.54,0.5160,0.4602,0.8416,5.08,0.6237,0.6588,0.1563,18.02,2.73
253,1996,1,15,51,5.37,2.82,1.84,0.61,0.14,0.78,17.67,0.4120,0.3810,0.6842,-1.08,0.5322,0.5486,0.1353,11.83,-1.04
254,1996,1,16,21,2.33,1.00,0.48,0.57,0.24,0.52,8.91,0.3111,0.2917,0.8750,-1.05,0.3889,0.4708,0.1486,8.15,-4.81
255,2010,1,25,30,1.27,1.07,0.13,0.17,0.00,0.13,3.43,0.4688,0.0000,0.6154,0.33,0.4688,0.5037,0.1721,15.39,-0.88
256,2023,1,12,73,8.59,2.14,3.08,0.75,0.22,1.21,22.15,0.4139,0.3937,0.8506,1.55,0.4911,0.5214,0.1879,11.98,0.43
257,2024,1,19,67,17.42,4.37,6.09,1.48,0.72,2.75,31.60,0.4553,0.3526,0.7088,0.52,0.5159,0.5373,0.2463,19.05,6.28
258,2025,1,12,73,8.26,3.26,1.27,1.19,0.63,0.60,25.01,0.4280,0.4048,0.7910,0.48,0.5658,0.5849,0.1351,11.93,-2.51
259,2034,1,28,66,6.33,4.29,1.61,0.70,0.35,0.89,17.00,0.4711,0.1304,0.7343,1.20,0.4757,0.5333,0.1731,16.48,1.41
260,2035,1,26,44,12.25,8.14,0.95,0.93,1.27,1.18,28.22,0.6483,,0.7881,0.36,0.6483,0.6807,0.1577,19.90,-0.16
261,2048,1,25,33,6.97,2.18,0.97,0.52,0.12,0.58,18.75,0.5058,0.4930,0.7778,0.15,0.6076,0.6254,0.1380,11.83,-4.33
262,2057,1,23,69,11.57,6.61,3.91,0.75,0.88,1.16,29.36,0.4499,0.3498,0.7625,1.84,0.5197,0.5361,0.1762,18.16,4.50
263,2064,1,14,11,3.09,0.64,0.55,0.73,0.09,0.55,7.39,0.4667,0.3077,0.5000,-1.64,0.5333,0.5353,0.1943,10.29,-2.57
264,2068,1,11,65,10.18,4.11,1.31,1.03,0.52,0.83,29.43,0.4267,0.3634,0.8111,1.89,0.5464,0.5721,0.1374,11.58,-3.61
265,2074,1,14,69,7.49,7.35,0.65,0.45,1.14,1.22,18.92,0.7292,0.6000,0.5140,2.35,0.7347,0.6965,0.1475,20.85,0.33
267,2092,1,1,56,12.21,4.07,3.80,0.91,0.48,1.55,31.44,0.4131,0.3802,0.8281,-4.32,0.5172,0.5359,0.1723,12.62,0.22
268,2114,1,1,64,12.16,4.47,1.75,0.69,0.28,1.61,31.53,0.4100,0.3553,0.7639,-4.08,0.4890,0.5212,0.1754,9.59,-4.82
269,2128,1,5,33,6.61,3.27,0.79,0.82,0.21,0.82,15.97,0.4571,0.3158,0.5897,-4.36,0.4914,0.5207,0.1921,13.93,-1.93
270,2133,1,28,55,15.36,8.22,1.40,0.51,0.84,1.98,27.00,0.5119,0.3846,0.7177,1.73,0.5642,0.5831,0.2424,20.55,0.29
271,2135,1,16,22,4.36,3.55,2.32,0.64,0.95,1.18,19.00,0.4318,0.2979,0.4000,-1.14,0.5114,0.5074,0.1273,12.55,0.47
272,2138,1,17,70,5.91,4.31,0.70,0.34,0.24,0.49,14.09,0.4665,0.3650,0.8276,1.16,0.5463,0.5893,0.1619,18.47,0.45
273,2141,1,29,72,9.82,3.86,5.18,0.90,0.15,1.97,29.68,0.4448,0.3994,0.7872,3.29,0.5723,0.5948,0.1514,13.92,1.89
274,2144,1,19,70,21.10,5.43,3.70,0.87,0.54,2.70,30.05,0.4626,0.3906,0.8505,-0.63,0.5310,0.5871,0.2823,21.22,3.03
275,2148,1,3,22,24.91,4.68,5.82,1.23,0.45,2.36,29.90,0.4784,0.3944,0.9216,-0.32,0.5457,0.5945,0.3245,26.98,10.11
276,2149,1,22,34,11.88,6.79,1.41,1.56,2.29,1.44,28.83,0.4699,0.3404,0.7792,0.53,0.5181,0.5521,0.1842,18.40,1.68
277,2155,1,22,72,4.17,1.82,0.83,0.35,0.18,0.36,13.24,0.4163,0.3415,0.8041,0.15,0.4764,0.5441,0.1376,10.58,-3.40
278,2163,1,19,72,5.15,1.15,0.85,0.24,0.06,0.68,11.07,0.4048,0.3264,0.7467,-0.82,0.4758,0.5096,0.2129,9.29,-4.14
279,2170,1,15,27,7.33,2.44,1.30,0.67,0.33,1.04,14.13,0.4403,0.3194,0.7000,0.89,0.5126,0.5470,0.2286,15.40,0.30
280,2171,1,7,75,4.80,2.05,0.69,0.20,0.13,0.19,13.92,0.3959,0.2945,0.8400,0.07,0.4663,0.4959,0.1550,10.34,-3.40
281,2183,1,9,17,12.29,2.41,4.24,0.47,0.06,1.35,22.40,0.3838,0.3780,0.7879,2.82,0.4621,0.4917,0.2719,15.38,5.04
282,2183,1,13,17,9.47,3.00,3.18,0.29,0.24,1.65,21.28,0.4531,0.4127,0.9048,3.53,0.5547,0.5866,0.2001,13.82,0.37
283,2190,1,15,58,17.07,4.52,1.34,0.69,1.59,1.71,27.96,0.4688,0.3940,0.7473,-1.79,0.5651,0.5929,0.2414,15.85,-1.09
284,2204,1,26,65,1.37,0.49,0.28,0.09,0.14,0.12,3.57,0.4167,0.3103,0.4762,-0.40,0.4702,0.4773,0.1911,11.72,-0.87
285,2205,1,14,67,25.34,7.84,10.21,1.16,0.54,3.90,34.57,0.4935,0.3482,0.6929,6.60,0.5503,0.5773,0.3169,30.16,15.37
286,2225,1,22,43,0.35,0.53,0.09,0.02,0.07,0.07,1.73,0.3571,,0.3571,0.42,0.3571,0.3720,0.1364,11.20,-1.77
287,2229,1,26,18,2.78,1.00,0.39,0.22,0.06,0.11,7.84,0.5000,0.2778,0.8333,0.11,0.5625,0.5863,0.1355,9.89,-3.88
288,2241,1,24,54,1.89,0.85,0.81,0.28,0.06,0.33,6.07,0.3363,0.2800,0.7500,-1.89,0.3982,0.4249,0.1795,9.52,0.51
289,2249,1,12,48,0.71,1.00,0.15,0.06,0.04,0.15,2.46,0.4138,0.3750,0.7000,0.52,0.4655,0.5090,0.1499,17.39,0.35
290,2256,1,22,25,1.20,0.60,0.12,0.12,0.00,0.24,3.30,0.2813,0.3333,0.9000,-0.36,0.3281,0.4121,0.2247,8.13,-6.05
291,2259,1,24,68,7.41,2.75,1.01,0.53,0.29,0.47,18.46,0.4346,0.3897,0.8070,0.16,0.5654,0.5859,0.1564,13.32,-2.18
292,2288,1,16,45,2.27,1.16,0.47,0.13,0.29,0.33,6.25,0.4483,0.3556,0.5714,0.42,0.5402,0.5474,0.1731,12.15,-1.67
293,2288,1,18,14,12.00,4.71,3.79,1.36,1.36,2.36,24.18,0.5000,0.3696,0.6765,-6.71,0.5664,0.5876,0.2118,18.94,5.00
294,2292,1,27,32,4.81,1.78,0.47,0.44,0.06,0.41,9.38,0.5955,0.5909,0.7955,2.09,0.6685,0.7106,0.1749,19.40,-1.06
295,2315,1,28,56,1.07,0.66,0.36,0.11,0.07,0.27,2.68,0.3729,0.2917,0.5625,0.21,0.4322,0.4543,0.2330,13.49,1.60
296,2320,1,3,8,12.00,3.00,3.00,0.50,0.13,0.63,24.24,0.4051,0.3889,1.0000,-0.25,0.4937,0.5522,0.1982,15.30,2.24
297,2320,1,24,48,3.71,1.08,1.04,0.25,0.17,0.50,10.74,0.3801,0.2892,0.7500,-2.10,0.4503,0.4809,0.1713,8.67,-2.75
298,2327,1,8,73,19.95,9.74,7.01,1.16,0.60,3.10,31.99,0.5275,0.3137,0.8173,3.49,0.5649,0.6049,0.2653,28.35,11.44
299,2343,1,1,67,4.57,3.07,0.52,0.39,0.60,0.42,13.24,0.6798,0.2222,0.7381,-3.82,0.6854,0.7118,0.1142,15.07,-1.99
300,2385,1,15,65,7.45,1.58,4.38,0.91,0.09,0.85,18.95,0.4592,0.3790,0.7414,-0.75,0.5140,0.5324,0.1731,17.60,7.87
301,2393,1,16,68,7.35,3.43,0.91,0.85,0.56,0.44,20.22,0.5272,0.2803,0.7724,-0.41,0.5802,0.6202,0.1401,14.57,-1.76
302,2395,1,3,56,8.30,10.02,1.88,0.32,0.93,1.32,22.03,0.6655,,0.6803,-0.70,0.6655,0.6825,0.1414,26.39,4.90
303,2406,1,26,72,6.36,2.61,3.49,0.74,0.29,1.11,24.44,0.4150,0.3522,0.8571,-0.63,0.4830,0.5172,0.1297,10.54,-0.22
304,2413,1,13,27,1.56,0.41,0.07,0.07,0.07,0.07,2.39,0.4375,0.4500,1.0000,-0.04,0.5781,0.6140,0.2325,16.85,-0.45
305,2420,1,24,41,9.22,4.29,1.83,0.34,0.24,0.90,18.96,0.4495,0.3306,0.6778,-0.22,0.5163,0.5453,0.2086,16.72,1.37
306,2453,1,9,29,15.24,3.38,3.97,0.41,0.21,1.48,31.79,0.4415,0.3989,0.8933,-0.76,0.5482,0.5893,0.1972,14.54,0.22
308,2475,1,4,50,0.96,0.70,0.20,0.00,0.06,0.14,3.19,0.3396,0.2941,0.7778,0.44,0.3868,0.4213,0.1763,7.96,-3.88
309,2475,1,7,16,0.75,2.00,0.25,0.13,0.19,0.56,7.57,0.3077,0.0000,0.8000,-0.69,0.3077,0.3947,0.0858,4.65,-8.60
310,2495,1,9,19,1.05,0.53,0.26,0.11,0.00,0.11,3.27,0.3810,0.3636,0.0000,1.00,0.4762,0.4480,0.1722,6.22,-2.80
311,2511,1,7,74,9.08,5.24,1.19,0.34,1.12,0.78,25.54,0.4611,0.3730,0.8495,1.41,0.5768,0.6055,0.1392,14.15,-2.07
312,2522,1,6,42,1.88,0.48,0.74,0.12,0.05,0.38,5.75,0.3256,0.2969,0.3077,-1.17,0.4360,0.4307,0.1930,5.85,-2.82
313,2522,1,9,12,8.67,1.75,3.17,0.42,0.08,1.83,18.42,0.3827,0.3881,0.7619,-1.75,0.5432,0.5762,0.2316,12.25,0.07
314,2532,1,20,66,6.35,2.79,0.92,0.35,0.42,0.68,17.67,0.3591,0.3266,0.6535,-2.71,0.4401,0.4703,0.1793,9.05,-3.72
315,2541,1,15,29,1.86,1.62,0.76,0.24,0.10,0.24,6.25,0.6486,0.5000,0.5000,1.24,0.7162,0.7128,0.1030,21.08,3.65
316,2544,1,23,72,9.78,2.33,1.10,0.57,0.22,0.82,21.65,0.4298,0.4017,0.7549,1.25,0.5568,0.5791,0.1852,12.05,-3.85
317,2546,1,5,52,4.13,1.62,0.62,0.21,0.50,0.27,10.74,0.4385,0.2870,0.7143,-0.81,0.5214,0.5393,0.1647,12.40,-1.55
318,2548,1,17,59,6.54,2.07,1.15,0.44,0.20,0.81,16.27,0.4300,0.4177,0.8537,2.14,0.5990,0.6205,0.1545,12.00,-3.38
319,2579,1,3,65,3.31,2.11,0.78,0.38,0.08,0.71,10.52,0.4463,0.3667,0.6316,-0.42,0.5395,0.5549,0.1474,10.21,-3.76
320,2582,1,14,61,12.82,4.48,1.31,0.46,0.43,1.49,25.01,0.4356,0.3162,0.7355,2.97,0.5000,0.5311,0.2298,13.68,-2.88
321,2591,1,5,60,25.50,4.82,4.23,1.47,0.47,3.43,34.75,0.4495,0.3802,0.8024,-3.18,0.5263,0.5684,0.3201,20.18,2.40
322,2592,1,25,34,5.59,4.97,1.24,0.21,0.91,0.88,16.67,0.5510,0.2308,0.7576,0.35,0.5612,0.5882,0.1426,15.99,0.25
323,2601,1,12,46,12.54,4.35,2.09,1.20,0.48,1.09,28.07,0.4509,0.3354,0.8364,0.02,0.5063,0.5470,0.1986,14.71,-0.38
324,2617,1,2,46,1.72,0.89,0.28,0.17,0.17,0.24,8.04,0.3500,0.1852,0.7200,1.46,0.3813,0.4341,0.1183,4.88,-7.25
325,2636,1,22,18,0.83,0.61,0.17,0.11,0.00,0.11,3.44,0.3333,0.1429,0.3333,-0.39,0.3611,0.3634,0.1559,5.39,-5.06
326,2642,1,18,27,7.78,2.11,0.56,0.63,0.37,0.89,18.71,0.4525,0.3333,0.7500,0.81,0.5196,0.5438,0.1739,9.77,-5.75
327,2644,1,3,47,17.91,4.02,4.23,1.13,0.21,2.51,28.29,0.4249,0.3636,0.7107,-0.09,0.4795,0.5142,0.2958,17.63,3.44
328,2645,1,12,72,1.17,0.99,0.13,0.14,0.06,0.11,3.09,0.4186,0.2778,0.4375,0.11,0.4477,0.4514,0.2003,15.31,0.45
330,2655,1,7,63,1.70,0.51,0.19,0.29,0.10,0.17,5.48,0.4878,0.4468,0.8571,0.62,0.6159,0.6288,0.1197,9.27,-5.53
331,2656,1,10,49,12.67,4.88,2.71,1.02,0.12,1.37,29.03,0.4168,0.3556,0.8730,-2.53,0.5000,0.5482,0.1904,14.27,-0.25
332,2673,1,1,41,8.51,5.61,1.02,0.49,0.80,0.95,18.18,0.5462,0.2500,0.6296,-3.22,0.5731,0.5902,0.1874,19.94,1.45
333,2673,1,26,15,5.93,6.07,0.53,0.20,1.00,1.07,15.04,0.5932,0.6667,0.7083,1.40,0.6102,0.6397,0.1637,20.68,0.27
334,2677,1,13,62,24.89,6.48,4.52,1.66,0.53,2.40,29.81,0.4695,0.3785,0.8856,7.71,0.5238,0.5890,0.3330,28.93,9.43
335,2678,1,16,57,5.42,4.56,0.96,0.25,0.26,0.68,18.14,0.5085,0.4141,0.6429,1.35,0.6218,0.6272,0.1227,13.57,-2.92
336,2707,1,25,72,27.47,3.94,7.36,0.97,0.31,2.69,34.36,0.4626,0.4006,0.8880,1.18,0.5626,0.6272,0.3043,26.70,9.59
337,2711,1,25,73,2.36,1.48,0.30,0.18,0.19,0.21,7.84,0.4305,0.2373,0.6364,-0.74,0.4768,0.5048,0.1379,9.42,-4.07
338,2738,1,10,33,2.06,2.00,0.61,0.36,0.18,0.36,7.92,0.3671,0.0714,0.7500,-3.00,0.3734,0.4034,0.1591,10.33,-0.72
339,2739,1,17,69,11.78,4.52,1.43,0.67,2.36,1.01,26.34,0.4352,0.3138,0.8355,7.62,0.5112,0.5509,0.1836,16.13,0.77
340,2742,1,17,69,5.17,2.33,0.65,0.14,0.65,0.91,13.89,0.4916,0.3333,0.5283,0.12,0.5502,0.5538,0.1663,11.18,-4.89
341,2750,1,6,59,16.73,9.27,3.02,0.56,0.32,2.37,30.17,0.4498,0.3744,0.8539,-4.56,0.5502,0.5994,0.2318,22.76,2.79
342,2756,1,28,58,19.41,5.03,7.47,1.41,0.45,3.07,36.18,0.4159,0.3519,0.8571,4.74,0.5181,0.5902,0.2322,18.98,6.23
343,2772,1,3,54,6.76,2.35,0.54,0.33,0.13,0.69,15.79,0.4349,0.3875,0.8519,-0.96,0.5502,0.5991,0.1699,10.43,-5.50
344,2774,1,27,63,6.41,5.73,1.10,0.44,0.44,0.62,20.17,0.4461,0.3869,0.7333,-0.89,0.5408,0.5568,0.1378,15.88,-0.52
348,2807,1,30,59,4.80,3.69,0.83,0.53,0.75,0.76,13.69,0.4952,0.1923,0.6195,-1.36,0.5071,0.5448,0.1585,15.28,-0.03
349,2813,1,9,66,4.26,2.53,0.65,0.38,0.59,0.68,11.76,0.4819,0.3438,0.6636,-2.17,0.5389,0.5820,0.1621,13.60,-2.03
350,2828,1,13,52,1.90,1.06,1.02,0.21,0.10,0.35,6.96,0.4684,0.3500,0.6667,-0.10,0.5127,0.5447,0.1259,11.30,0.65
351,2845,1,7,74,3.91,2.66,0.27,0.11,0.14,0.41,5.70,0.5735,0.2353,0.7544,0.66,0.5829,0.6121,0.2707,29.32,4.81
352,2846,1,5,50,14.74,6.26,1.48,0.84,0.46,1.62,29.83,0.4247,0.3438,0.8235,-1.36,0.5169,0.5598,0.2127,16.01,-1.73
353,2863,1,4,30,3.70,1.27,0.77,0.40,0.23,0.50,10.55,0.4405,0.5405,0.8095,0.20,0.5595,0.5952,0.1506,10.88,-3.20
354,2865,1,4,57,4.18,2.77,1.67,0.68,0.16,0.77,15.84,0.4300,0.2338,0.6462,-1.21,0.4734,0.5051,0.1375,11.58,-0.95
355,2874,1,3,16,4.00,0.63,1.13,0.44,0.13,0.25,6.19,0.4528,0.2778,0.7857,-1.06,0.5000,0.5409,0.2651,21.81,9.58
356,2876,1,18,33,5.97,2.91,0.70,0.21,0.27,0.61,14.99,0.3923,0.2604,0.9677,-0.67,0.4613,0.5061,0.1800,11.01,-3.50
357,2890,1,17,12,5.17,1.58,2.42,0.42,0.08,0.92,9.82,0.4510,0.2857,0.5882,0.17,0.5098,0.5301,0.2477,19.33,8.82
358,2895,1,30,20,4.90,1.20,0.50,0.40,0.05,0.40,11.38,0.4286,0.4130,0.9118,1.75,0.5982,0.6905,0.1470,10.76,-4.97
359,2901,1,17,67,7.37,2.48,1.37,0.57,0.13,0.64,24.40,0.3957,0.3636,0.7647,6.78,0.5237,0.5466,0.1255,8.65,-5.08
361,2944,1,28,37,4.59,2.32,2.14,1.05,0.11,0.78,24.54,0.4136,0.3239,0.7222,0.05,0.4846,0.5002,0.0947,7.64,-4.07
362,2951,1,25,74,21.03,4.01,4.19,0.73,0.57,1.72,34.54,0.4506,0.3789,0.7568,0.19,0.5221,0.5413,0.2602,16.76,2.38
363,2954,1,12,71,6.54,2.66,5.00,0.79,0.15,1.41,18.68,0.5158,0.2941,0.8333,0.75,0.5219,0.5402,0.1764,19.09,9.09
364,2969,1,4,17,5.24,3.82,0.76,0.47,0.18,0.65,17.25,0.4714,0.3750,0.8235,-1.35,0.5357,0.5743,0.1357,11.43,-3.90
365,2972,1,12,70,10.14,2.49,1.11,0.17,0.07,0.60,19.61,0.4881,0.4354,0.8276,1.46,0.6051,0.6201,0.1973,14.12,-2.98
366,2983,1,14,68,6.56,5.74,0.54,0.53,1.38,0.81,16.62,0.6373,0.5000,0.6463,1.93,0.6422,0.6519,0.1488,21.29,1.66
367,2992,1,13,62,3.02,2.44,0.58,0.42,0.13,0.39,14.05,0.3978,0.2697,0.5588,-0.06,0.4641,0.4771,0.1066,8.07,-5.33
368,3010,1,6,53,3.43,2.13,0.26,0.43,0.15,0.49,11.19,0.4269,0.2154,0.7097,-1.75,0.4678,0.4929,0.1517,8.54,-5.74
369,3012,1,18,32,7.16,1.53,3.91,1.06,0.13,0.97,18.45,0.4888,0.3816,0.6667,-2.19,0.5702,0.5867,0.1582,17.30,6.34
370,3013,1,11,72,9.93,2.18,0.81,0.63,0.22,0.69,22.49,0.4440,0.4004,0.7463,2.60,0.6101,0.6223,0.1604,10.63,-5.06
372,3035,1,9,4,11.75,3.75,1.75,0.00,0.00,1.25,24.60,0.3256,0.1875,0.7273,-8.75,0.3605,0.4461,0.2680,8.22,-3.78
373,3035,1,30,39,9.49,2.67,2.10,0.49,0.38,0.97,16.77,0.4196,0.3774,0.7711,-1.26,0.4826,0.5233,0.2490,16.52,3.05
374,3053,1,19,72,5.49,2.50,1.14,0.47,0.32,0.64,14.47,0.4211,0.3350,0.7397,-1.22,0.5279,0.5562,0.1582,12.11,-1.39
375,3055,1,15,72,6.32,3.06,2.43,1.07,0.28,1.17,16.21,0.4015,0.2857,0.7686,1.64,0.4514,0.5008,0.1929,15.55,3.84
376,3068,1,27,54,1.07,0.61,0.19,0.06,0.11,0.19,1.95,0.5714,0.0000,0.7692,-0.17,0.5714,0.6077,0.2362,25.37,3.78
377,3075,1,17,63,20.59,6.06,4.21,0.84,0.11,2.17,29.41,0.4974,0.4153,0.9163,7.95,0.5750,0.6195,0.2656,24.23,5.41
379,3085,1,30,10,6.40,1.20,1.20,1.00,0.40,0.40,16.11,0.3220,0.3143,0.7500,-0.80,0.4153,0.4720,0.1847,9.39,-0.89
380,3105,1,28,62,0.56,0.26,0.18,0.08,0.03,0.06,2.61,0.4138,0.3636,0.3750,0.97,0.5517,0.5381,0.0970,6.21,-5.09
381,3113,1,27,70,10.96,1.54,1.69,0.76,0.09,0.77,21.20,0.4314,0.3821,0.8661,1.93,0.5602,0.5925,0.2048,13.32,-1.69
382,3116,1,8,52,11.37,5.63,1.60,0.85,0.58,1.35,23.85,0.4817,0.4355,0.8156,4.29,0.5434,0.5910,0.2009,17.00,-0.06
383,3117,1,23,59,6.39,1.49,1.76,0.34,0.12,0.80,13.65,0.4838,0.4296,0.7846,-0.08,0.5884,0.6168,0.1902,13.83,-0.02
384,3132,1,29,69,23.99,4.41,4.26,1.01,0.20,2.67,34.26,0.4486,0.3658,0.8634,1.64,0.5130,0.5577,0.3100,18.70,2.24
386,3152,1,5,18,1.78,0.56,0.22,0.22,0.00,0.11,6.19,0.4286,0.4000,0.5000,2.78,0.5357,0.5376,0.1212,4.59,-6.87
387,3159,1,4,63,8.95,2.49,1.81,0.40,0.25,1.22,18.56,0.4344,0.2843,0.8200,-3.67,0.4939,0.5301,0.2303,13.65,-1.40
389,3173,1,19,72,6.47,1.82,1.08,0.44,0.15,0.56,14.17,0.4256,0.3772,0.6889,-0.64,0.4977,0.5101,0.2001,12.09,-1.50
390,3184,1,15,69,17.29,3.75,7.07,0.84,0.26,3.19,30.06,0.4771,0.3352,0.7760,-0.25,0.5091,0.5562,0.2610,20.33,6.76
391,3188,1,29,41,0.88,0.71,0.15,0.02,0.05,0.15,3.28,0.5769,0.3750,0.7500,0.73,0.6346,0.6484,0.1103,10.11,-5.73
392,3196,1,9,50,9.72,3.46,1.38,0.52,0.22,1.40,19.77,0.4499,0.3968,0.7722,-1.92,0.5463,0.5734,0.2182,13.51,-2.79
393,3196,1,14,16,4.63,2.81,0.50,0.31,0.38,0.38,12.44,0.4058,0.3333,0.8333,-1.88,0.5000,0.5165,0.1638,11.19,-2.28
394,3198,1,8,73,1.67,0.44,0.53,0.19,0.04,0.19,4.20,0.5104,0.3448,0.7000,-0.47,0.5625,0.5821,0.1678,15.96,1.28
395,3201,1,13,20,9.60,3.90,1.35,0.65,0.65,1.20,27.45,0.4253,0.3095,0.8182,8.40,0.5000,0.5226,0.1652,9.57,-4.60
396,3201,1,20,45,18.69,5.18,1.31,0.76,0.38,1.62,30.84,0.4418,0.4394,0.8232,-2.76,0.5330,0.5815,0.2451,15.97,-2.25
398,3219,1,29,66,5.98,1.91,1.76,0.36,0.15,1.15,12.87,0.4618,0.3448,0.7590,-0.67,0.5076,0.5433,0.2279,14.40,0.02
399,3222,1,10,7,11.00,3.29,1.14,0.29,0.14,0.71,29.13,0.3881,0.3077,0.7500,3.29,0.5075,0.5327,0.1659,7.75,-5.88
400,3246,1,27,66,10.91,5.80,4.11,1.68,0.26,1.89,25.56,0.4615,0.3694,0.7982,-2.86,0.4937,0.5239,0.2087,18.89,5.58
401,3248,1,8,59,18.49,4.00,4.81,1.14,0.29,2.15,32.26,0.4564,0.3457,0.8811,4.10,0.5190,0.5593,0.2532,18.44,3.49
402,3257,1,3,57,3.37,1.51,0.75,0.26,0.02,0.63,8.55,0.3721,0.2436,0.7500,-0.40,0.4273,0.4839,0.2021,11.61,-2.66
403,3258,1,21,70,3.23,1.54,0.57,0.13,0.17,0.24,8.17,0.4074,0.3776,0.8182,-0.24,0.5503,0.5688,0.1670,13.05,-1.19
404,3264,1,9,65,7.75,1.60,1.63,0.63,0.06,0.94,19.46,0.4099,0.4035,0.8143,-0.08,0.5519,0.5782,0.1725,10.47,-3.52
405,3270,1,21,64,5.39,1.56,0.59,0.36,0.31,0.67,13.55,0.4677,0.3750,0.7727,-1.33,0.5589,0.5907,0.1712,10.78,-5.22
406,3277,1,6,57,9.89,7.18,2.16,0.98,0.39,1.05,25.83,0.5313,0.3522,0.6757,-2.74,0.5963,0.6083,0.1523,19.92,2.10
407,3278,1,18,46,7.54,2.39,4.07,0.87,0.15,1.65,18.62,0.4028,0.2956,0.8182,-1.46,0.4859,0.5393,0.1931,15.93,5.28
408,3278,1,30,20,11.55,2.40,3.75,1.45,0.20,2.60,24.42,0.4277,0.3580,0.8308,-1.45,0.5116,0.5729,0.2197,14.24,0.37
409,3313,1,23,73,3.77,0.84,1.30,0.33,0.08,0.64,9.14,0.4550,0.3864,0.8298,0.49,0.5315,0.5666,0.1880,12.98,-0.10
411,3326,1,29,72,5.44,1.76,0.61,0.25,0.07,0.42,12.82,0.4379,0.4000,0.8333,-0.56,0.5776,0.5894,0.1725,11.69,-4.02
412,3341,1,13,8,1.75,2.00,0.88,0.13,0.13,0.75,6.28,0.5000,,0.7500,-2.38,0.5000,0.6076,0.1547,13.78,-0.75
413,3345,1,21,64,7.02,4.69,0.89,0.92,1.42,1.03,17.61,0.6840,0.3333,0.7547,0.42,0.6859,0.7113,0.1501,20.15,1.25
415,3365,1,18,24,2.38,0.54,0.79,0.13,0.04,0.13,6.30,0.3585,0.1154,0.9412,0.46,0.3868,0.4712,0.1722,10.66,0.46
416,3369,1,20,59,6.05,2.05,2.92,0.92,0.27,1.20,20.12,0.3934,0.3212,0.8644,-1.64,0.4595,0.4973,0.1543,9.19,-0.18
417,3370,1,16,68,15.06,2.65,3.24,0.82,0.22,1.68,28.86,0.4387,0.3504,0.8500,0.90,0.5137,0.5344,0.2427,13.08,-0.49
418,3372,1,25,35,4.03,2.34,0.91,0.31,0.46,0.54,7.23,0.4954,0.2000,0.8857,-0.11,0.5046,0.5667,0.2427,23.90,7.60
419,3374,1,3,28,3.71,1.61,0.29,0.39,0.43,0.29,9.59,0.5211,0.4286,0.6667,1.25,0.6056,0.6274,0.1411,13.76,-2.62
420,3394,1,29,71,6.34,5.48,2.54,0.83,0.45,0.86,28.87,0.4329,0.3770,0.7636,3.04,0.5589,0.5781,0.0966,11.20,-1.71
421,3396,1,23,64,1.59,1.81,0.80,0.11,0.38,0.31,4.88,0.4941,0.2593,0.5500,-0.52,0.5353,0.5437,0.1580,22.69,9.00
422,3411,1,2,72,3.28,2.01,0.51,0.29,0.07,0.26,14.04,0.4082,0.3780,0.8750,-0.43,0.5306,0.5617,0.0972,8.13,-6.11
423,3413,1,19,66,3.68,1.92,0.56,0.11,0.33,0.58,7.08,0.6235,0.3333,0.6452,-1.53,0.6265,0.6419,0.1996,20.17,0.48
424,3416,1,24,70,3.13,1.29,1.64,0.34,0.06,0.54,10.26,0.3978,0.3521,0.7042,-0.91,0.4669,0.5159,0.1480,12.18,1.41
425,3417,1,18,64,8.33,4.19,1.55,1.06,0.41,1.36,24.18,0.4271,0.2662,0.7958,-2.50,0.4786,0.5529,0.1522,12.23,-3.01
427,3422,1,12,19,14.47,3.95,2.95,0.89,0.21,2.47,27.78,0.3943,0.3173,0.8136,-0.26,0.4614,0.5056,0.2666,13.04,-1.36
428,3439,1,16,73,7.52,4.18,1.59,0.62,0.32,0.97,17.82,0.4623,0.4060,0.8600,0.82,0.5817,0.6210,0.1753,15.97,0.46
429,3442,1,29,27,1.30,0.63,0.15,0.15,0.07,0.15,4.04,0.3750,0.3684,0.8000,-0.59,0.4844,0.5117,0.1534,9.47,-4.61
430,3451,1,6,65,11.05,3.55,2.37,0.83,0.25,1.40,29.39,0.4368,0.3832,0.6702,-5.38,0.5378,0.5520,0.1662,10.71,-3.17
431,3458,1,24,59,17.73,6.12,1.44,1.20,0.68,1.41,32.77,0.4516,0.3518,0.7805,-0.46,0.5169,0.5598,0.2230,15.93,-1.10
433,3499,1,1,32,15.00,5.97,1.81,1.31,0.47,1.88,26.17,0.5038,0.2696,0.7361,-4.16,0.5433,0.5651,0.2409,18.56,0.66
434,3499,1,26,16,3.19,1.44,0.63,0.19,0.06,0.25,5.03,0.5833,0.2500,0.8889,2.44,0.5972,0.6381,0.2347,28.12,7.38
435,3508,1,1,22,0.64,0.32,0.14,0.18,0.05,0.14,2.46,0.2778,0.2857,,-1.82,0.3889,0.3889,0.1608,6.68,-3.95
436,3509,1,10,63,13.29,4.37,2.02,0.51,0.21,1.49,26.25,0.4969,0.2868,0.7736,-5.95,0.5258,0.5707,0.2146,15.79,-1.68
437,3510,1,30,44,3.55,2.43,0.41,0.20,0.27,0.55,9.93,0.5259,0.0000,0.5862,-0.09,0.5259,0.5512,0.1589,11.38,-3.98
438,3519,1,13,72,4.06,2.10,0.57,0.10,0.04,0.29,10.79,0.4077,0.3895,0.8140,0.65,0.5515,0.5795,0.1479,12.93,-3.04
440,3526,1,21,70,17.60,4.99,6.74,1.59,0.16,2.30,31.54,0.4893,0.3651,0.9068,4.71,0.5519,0.6100,0.2348,22.80,8.53
441,3536,1,24,8,10.88,3.88,3.00,1.00,0.25,1.38,22.89,0.4853,0.5172,0.8571,11.13,0.5956,0.6120,0.1949,16.91,2.48
442,3539,1,20,46,9.76,4.61,7.02,1.52,0.37,2.09,27.08,0.4386,0.2029,0.5698,-1.85,0.4545,0.4698,0.1953,18.08,9.88
443,3542,1,30,36,3.14,2.22,1.33,0.92,0.19,0.56,12.00,0.4138,0.2826,0.5000,-3.86,0.4698,0.4727,0.1361,11.49,1.22
444,3552,1,23,46,1.24,1.57,0.17,0.07,0.67,0.39,5.04,0.5208,0.0000,0.5000,-1.61,0.5208,0.5262,0.1348,11.23,-2.22
445,3609,1,3,57,2.11,0.95,0.98,0.30,0.07,0.58,6.41,0.2903,0.1875,0.9375,-0.70,0.3387,0.3703,0.2245,7.18,0.11
446,3620,1,8,68,6.43,4.66,2.26,0.49,0.56,1.21,15.55,0.6146,0.0000,0.5355,-0.81,0.6146,0.6134,0.1797,20.92,4.96
447,3625,1,27,66,5.64,5.68,1.76,0.56,1.44,0.82,17.75,0.6241,,0.4651,1.80,0.6241,0.6122,0.1318,21.46,5.04
448,3626,1,2,45,0.91,0.96,0.18,0.04,0.20,0.18,2.89,0.4722,0.5000,0.8571,-0.44,0.4861,0.5246,0.1564,14.06,-0.20
450,3637,1,10,62,8.11,1.90,2.16,0.56,0.16,1.19,20.55,0.3327,0.2792,0.7983,-3.19,0.4064,0.4537,0.2112,8.13,-2.51
451,3648,1,6,50,9.96,3.24,2.18,0.92,0.28,1.86,23.24,0.4418,0.3354,0.7228,-5.78,0.5048,0.5350,0.2058,11.01,-2.76
452,3649,1,8,67,7.64,3.87,0.69,0.40,0.37,0.73,13.49,0.5091,0.4218,0.8333,0.31,0.5901,0.6173,0.2215,21.09,1.23
453,3650,1,5,14,11.93,3.43,1.79,1.07,0.43,0.79,23.61,0.4429,0.3871,0.7037,1.86,0.5286,0.5498,0.2080,15.05,0.59
454,3651,1,20,66,10.12,5.12,1.48,0.48,0.27,1.11,21.12,0.4499,0.3583,0.7634,-2.89,0.5068,0.5302,0.2150,16.55,-0.06
455,3653,1,7,59,19.73,9.15,1.73,0.69,1.95,1.56,30.75,0.4270,0.3524,0.7986,4.54,0.5032,0.5509,0.2707,22.46,4.20
456,3662,1,7,40,9.40,5.68,1.48,0.85,0.55,0.90,26.51,0.6376,0.2564,0.6667,4.88,0.6594,0.6766,0.1274,16.40,-1.58
457,3666,1,28,52,15.96,3.65,1.75,1.15,0.40,1.48,28.44,0.4950,0.3993,0.8431,2.85,0.5861,0.6238,0.2156,16.99,-1.42
458,3684,1,3,64,12.08,5.95,1.81,0.89,0.39,1.98,29.02,0.3762,0.3387,0.7978,1.11,0.4750,0.4967,0.2053,11.63,-2.91
460,3735,1,20,64,19.50,9.72,3.09,0.80,0.34,3.02,32.50,0.4602,0.2771,0.7330,-3.81,0.4920,0.5375,0.2777,20.62,1.93
462,3765,1,1,59,10.34,3.66,1.47,1.05,0.47,1.63,26.29,0.3845,0.3320,0.8016,-4.14,0.4594,0.5005,0.1887,9.87,-4.18
463,3767,1,19,70,13.10,2.16,1.70,0.29,0.14,1.07,22.59,0.4532,0.4534,0.8919,-0.30,0.5959,0.6436,0.2050,15.84,-2.19
464,3787,1,18,38,7.08,3.26,0.92,0.50,0.58,0.58,13.05,0.4115,0.3299,0.6981,0.16,0.4774,0.5050,0.2407,15.61,2.60
465,3814,1,23,55,13.73,3.16,2.95,0.95,0.65,1.89,30.78,0.4303,0.3414,0.8085,2.16,0.4961,0.5332,0.2070,11.95,-1.87
466,3843,1,11,69,8.64,2.54,1.64,0.71,0.14,0.72,23.10,0.4212,0.3556,0.7027,1.19,0.5170,0.5420,0.1565,10.43,-3.09
467,3848,1,21,7,2.86,3.86,0.57,0.14,0.43,0.29,12.43,0.2759,0.2143,0.5000,-0.43,0.3276,0.3347,0.1560,7.72,-1.68
468,3871,1,16,73,13.47,3.18,1.40,0.48,0.26,0.96,29.66,0.4702,0.4455,0.9306,4.81,0.6667,0.6839,0.1618,12.40,-4.48
469,3878,1,13,51,2.39,1.18,0.90,0.25,0.16,0.51,9.34,0.3382,0.2836,0.5789,0.75,0.4081,0.4226,0.1485,5.66,-3.81
470,3878,1,30,22,8.95,3.14,1.86,0.68,0.41,1.05,22.87,0.3966,0.3488,0.7632,-3.27,0.4828,0.5165,0.1785,10.22,-2.22
472,3881,1,20,61,9.67,7.02,0.59,0.85,1.95,0.61,23.16,0.7419,,0.5676,-1.75,0.7419,0.7264,0.1339,22.49,2.11
473,3889,1,10,51,12.14,4.43,1.67,0.88,0.27,0.98,29.73,0.4813,0.4000,0.8514,-5.71,0.5483,0.5736,0.1665,14.06,-2.57
474,3889,1,23,15,7.20,2.93,0.73,0.60,0.13,0.33,18.00,0.5176,0.3333,0.9167,-0.40,0.5706,0.5981,0.1534,14.68,-2.54
477,3916,1,14,50,6.84,2.84,4.80,0.80,0.04,1.82,19.69,0.4177,0.3280,0.6585,0.90,0.4802,0.4942,0.1884,15.43,6.07
478,3918,1,9,59,15.32,2.05,4.71,0.68,0.27,2.14,22.00,0.4900,0.3061,0.8705,-1.42,0.5199,0.5552,0.3177,22.08,7.01
479,3927,1,22,69,14.72,3.22,1.19,1.12,0.35,1.01,27.39,0.4031,0.3512,0.8533,-1.04,0.5077,0.5480,0.2294,13.88,-2.23
480,3944,1,4,63,18.00,4.38,4.11,0.97,0.16,2.24,34.35,0.4230,0.4066,0.8737,-6.30,0.5143,0.5534,0.2388,15.37,0.50
481,3945,1,24,70,12.10,4.34,8.14,1.34,0.16,2.47,28.81,0.4147,0.3611,0.8628,2.10,0.4711,0.5351,0.2035,19.15,10.39
482,3966,1,10,45,17.31,2.71,4.58,0.69,0.20,2.24,23.56,0.4299,0.3738,0.7847,-5.11,0.5244,0.5577,0.3224,20.69,6.31
483,3966,1,18,13,20.00,4.23,6.08,1.31,0.31,3.54,30.13,0.4123,0.3455,0.8727,-1.69,0.5024,0.5527,0.2920,20.31,5.93
484,3973,1,12,62,18.50,12.44,5.00,0.76,0.48,2.74,34.81,0.5401,0.2537,0.7230,2.63,0.5501,0.5863,0.2348,25.38,6.61
486,3986,1,12,59,2.64,1.49,0.36,0.27,0.20,0.25,7.98,0.5913,0.1538,0.6667,0.34,0.6000,0.6148,0.1327,12.53,-3.20
487,4006,1,24,68,2.59,1.50,0.46,0.04,0.06,0.29,6.07,0.5000,0.3898,0.8065,-1.13,0.5898,0.6213,0.1660,16.51,-1.04
488,4012,1,5,65,9.91,3.91,5.45,1.23,0.11,2.00,28.89,0.4301,0.3216,0.8760,-1.06,0.4882,0.5329,0.1679,14.52,3.44
489,4045,1,30,44,2.25,1.07,0.34,0.18,0.09,0.16,8.37,0.3804,0.3115,0.6667,-1.30,0.4837,0.5020,0.1199,5.58,-5.99
490,4049,1,21,65,18.91,3.63,4.03,0.69,0.22,2.55,30.75,0.4694,0.3846,0.8390,3.55,0.5342,0.5749,0.2739,17.11,0.82
491,4061,1,23,70,5.83,3.54,0.80,0.31,0.07,0.37,17.25,0.4257,0.3687,0.8108,2.01,0.5400,0.5570,0.1410,12.38,-3.02
492,4075,1,11,62,1.48,1.50,0.40,0.39,0.19,0.24,7.03,0.4066,0.2778,0.3750,0.58,0.4890,0.4867,0.1042,10.94,-2.00
493,4093,1,6,65,20.75,3.14,2.95,1.00,0.11,2.43,32.96,0.4724,0.3804,0.8464,-6.11,0.5170,0.5605,0.2722,15.64,-1.58
494,4100,1,13,53,9.28,1.89,1.87,0.38,0.19,0.79,27.39,0.4041,0.3750,0.8553,2.32,0.5460,0.5796,0.1364,7.46,-5.39
496,4135,1,3,14,3.86,2.43,0.86,0.86,0.14,0.71,17.19,0.3281,0.2424,0.5714,-3.71,0.3906,0.4025,0.1376,5.82,-5.38
497,4137,1,28,60,22.85,7.32,3.45,1.02,0.88,2.47,35.17,0.4529,0.3589,0.7921,6.63,0.5122,0.5540,0.2820,20.26,2.82
498,4150,1,16,68,1.96,1.85,0.34,0.13,0.31,0.47,5.10,0.6154,0.0000,0.6727,-0.79,0.6154,0.6507,0.1723,16.40,-0.44
499,4152,1,23,57,16.44,7.79,7.98,2.09,0.58,3.51,35.38,0.5796,0.2857,0.6208,1.09,0.5811,0.6021,0.2099,22.97,8.74
500,4162,1,25,74,7.82,2.05,1.31,0.35,0.14,0.82,19.57,0.3993,0.3319,0.8261,-3.35,0.4692,0.5022,0.1872,8.47,-4.46
501,4201,1,10,19,3.11,1.42,0.68,0.16,0.21,0.58,7.31,0.5000,0.2308,0.8421,-0.42,0.5375,0.6100,0.1829,15.55,-1.48
502,4205,1,2,61,12.72,3.69,4.77,1.66,0.48,1.69,31.46,0.3754,0.3468,0.8355,4.61,0.4758,0.5181,0.1899,13.58,2.98
503,4232,1,30,70,10.57,3.13,4.77,0.84,0.43,1.36,25.53,0.4470,0.3669,0.7209,-2.00,0.4920,0.5091,0.1919,15.98,5.09
504,4233,1,14,8,2.13,0.63,0.38,0.13,0.00,0.50,9.86,0.3182,0.0909,1.0000,-4.38,0.3409,0.3715,0.1428,0.92,-10.47
506,4268,1,20,41,4.56,1.90,2.39,0.68,0.20,1.41,13.11,0.3412,0.2963,0.5094,-4.76,0.3791,0.3990,0.2328,8.45,1.42
507,4275,1,9,62,7.65,1.79,2.05,0.52,0.24,0.50,26.47,0.4450,0.4016,1.0000,-2.79,0.5785,0.5984,0.1144,9.15,-4.14
508,4300,1,10,51,7.25,4.29,0.92,0.65,0.47,1.06,17.37,0.4305,0.3909,0.7935,-2.82,0.5034,0.5514,0.1881,16.32,-1.14
510,4390,1,12,46,3.30,1.00,1.20,0.33,0.20,0.48,9.72,0.4296,0.2642,0.5517,-0.61,0.4789,0.4911,0.1747,10.06,-0.62
511,4401,1,25,21,2.86,4.43,1.38,0.10,0.24,1.48,12.63,0.6047,0.0000,0.5333,-1.48,0.6047,0.6048,0.1299,11.45,-3.38
513,4424,1,2,69,22.42,6.67,2.90,1.35,0.83,2.25,32.83,0.4502,0.4030,0.8115,7.25,0.5273,0.5672,0.2875,21.82,3.26
514,4444,1,1,25,7.72,2.16,4.00,0.76,0.24,1.60,20.75,0.4121,0.3333,0.8868,-3.96,0.4424,0.5124,0.1825,13.70,2.96
515,4444,1,18,38,11.79,2.32,5.47,0.66,0.34,2.00,24.88,0.4475,0.3793,0.8681,-1.87,0.4985,0.5783,0.2041,17.17,5.23
516,4449,1,3,63,10.17,3.46,2.48,0.78,0.46,0.98,27.46,0.3782,0.3290,0.8046,-0.67,0.4864,0.5126,0.1669,11.51,-1.22
517,4463,1,2,65,9.25,6.55,1.71,0.57,1.29,0.83,24.10,0.5657,0.3333,0.7632,3.12,0.6033,0.6311,0.1451,18.23,1.74
518,4478,1,30,46,10.61,1.48,3.17,0.28,0.13,1.67,20.10,0.4085,0.4127,0.8158,-4.37,0.5000,0.5311,0.2417,12.09,0.05
519,4486,1,9,19,0.89,0.05,0.16,0.16,0.00,0.16,3.22,0.2941,0.3571,0.5000,-1.89,0.4412,0.4531,0.1576,-0.52,-9.04
520,4488,1,3,8,3.00,1.63,0.75,0.00,0.00,0.75,12.21,0.3478,0.3077,1.0000,-6.88,0.4348,0.4847,0.1317,4.07,-8.49
521,4490,1,28,63,3.21,0.97,0.35,0.16,0.02,0.25,6.99,0.4867,0.4747,0.7500,1.03,0.6433,0.6504,0.1671,13.46,-3.68
522,4515,1,6,58,11.79,9.95,2.07,0.57,0.86,1.78,29.68,0.5125,0.3913,0.6149,-6.52,0.5205,0.5404,0.1824,19.67,1.15
523,4526,1,23,66,4.62,1.62,1.20,1.41,0.71,0.77,19.51,0.4226,0.3567,0.6098,0.55,0.5283,0.5388,0.1123,7.84,-3.73
524,4541,1,15,13,4.77,2.54,0.77,0.54,0.08,0.69,18.18,0.3958,0.4146,0.8750,3.92,0.5729,0.6017,0.1070,9.27,-6.09
525,4541,1,25,45,2.87,2.44,0.64,0.18,0.20,0.47,12.30,0.3675,0.3371,0.6842,-3.40,0.4957,0.5145,0.1123,8.71,-4.88
526,4541,1,26,16,0.56,0.69,0.19,0.25,0.06,0.25,5.10,0.1765,0.1333,0.5000,-0.13,0.2353,0.2517,0.1176,1.58,-8.05
527,4558,1,10,13,5.31,4.00,2.00,1.00,0.38,1.23,20.93,0.4603,0.3478,0.6000,-6.08,0.5238,0.5291,0.1301,11.19,-1.63
528,4566,1,18,46,20.13,8.22,3.33,0.72,0.91,2.39,25.80,0.5080,0.4116,0.7965,-0.33,0.5997,0.6418,0.2896,29.83,7.98
529,4575,1,25,71,7.62,1.41,0.86,0.68,0.23,0.30,18.75,0.4444,0.4179,0.8222,-0.75,0.5714,0.5870,0.1538,11.04,-3.71
530,4578,1,20,57,2.72,0.51,0.49,0.05,0.07,0.39,5.10,0.4811,0.3585,0.7907,-1.25,0.5708,0.6204,0.2154,13.57,-3.06
531,4591,1,11,72,6.94,6.61,1.60,1.07,0.50,1.00,34.27,0.4155,0.3579,0.8125,2.15,0.5411,0.5591,0.0875,9.53,-4.54
532,4592,1,29,39,1.59,0.51,0.13,0.03,0.03,0.21,4.14,0.4651,0.1765,0.8261,-0.59,0.5000,0.5836,0.1662,10.36,-7.42
533,4600,1,1,26,2.38,1.46,1.46,0.35,0.31,1.00,9.67,0.3731,0.0000,0.8571,-2.50,0.3731,0.4237,0.1661,9.51,-1.25
535,4606,1,12,64,11.70,6.36,1.13,0.72,2.06,1.33,28.53,0.4566,0.3440,0.7515,-0.11,0.5298,0.5663,0.1808,16.20,-0.73
538,4630,1,15,71,14.70,11.10,1.85,0.42,1.07,1.79,25.99,0.5846,0.3516,0.7400,0.07,0.6062,0.6312,0.2163,27.98,5.04
539,4632,1,5,60,4.10,1.23,0.72,0.43,0.10,0.43,8.13,0.4093,0.3358,0.7500,-0.68,0.5063,0.5114,0.2349,13.13,0.40
540,4642,1,28,56,17.00,3.63,6.38,1.79,0.30,2.16,34.43,0.4127,0.3904,0.8485,3.64,0.5071,0.5534,0.2194,17.05,5.40
543,4669,1,16,19,1.16,0.26,0.32,0.26,0.00,0.05,4.36,0.2162,0.2222,,-1.63,0.2973,0.2973,0.2055,0.87,-3.18
545,4678,1,18,49,2.43,2.37,0.53,0.22,0.12,0.39,7.10,0.5465,0.1429,0.8214,-0.98,0.5581,0.6052,0.1403,18.92,0.91
546,4687,1,22,62,19.60,10.85,3.58,0.87,0.76,1.42,32.24,0.4773,0.3391,0.7844,0.84,0.5247,0.5490,0.2593,25.93,7.75
547,4688,1,6,29,0.69,0.66,0.07,0.07,0.14,0.10,2.46,0.6923,0.5000,0.0000,-0.31,0.7692,0.7440,0.0996,15.99,-2.55
548,4697,1,30,48,8.19,4.56,1.17,0.58,0.40,1.38,17.40,0.5451,0.3125,0.8211,-1.85,0.5921,0.6384,0.1868,15.96,-1.56
549,4699,1,14,8,10.38,1.63,2.13,0.50,0.50,1.63,20.68,0.4247,0.2333,0.8750,2.13,0.4726,0.5185,0.2357,10.75,-2.61
551,4714,1,2,56,20.45,3.88,4.79,0.86,0.50,2.09,31.11,0.4252,0.3805,0.8636,4.43,0.5264,0.5751,0.2739,20.19,4.79
552,4720,1,27,71,5.48,1.96,0.96,0.45,0.20,0.62,13.92,0.4258,0.4059,0.7213,-0.07,0.4832,0.5067,0.1874,11.26,-2.66
553,4729,1,1,21,1.90,1.05,0.62,0.33,0.05,0.48,7.64,0.3182,0.0667,0.6471,-1.52,0.3295,0.3885,0.1593,4.82,-4.91
555,4742,1,13,34,1.47,0.44,0.65,0.12,0.00,0.12,6.53,0.4722,0.4286,0.7778,0.12,0.5972,0.6256,0.0823,7.84,-4.02
556,4743,1,2,72,6.76,2.00,2.49,0.85,0.19,1.06,19.02,0.4475,0.3627,0.9265,1.85,0.4986,0.5772,0.1559,12.46,-0.13
557,4757,1,12,67,19.79,4.18,1.48,1.16,0.51,1.25,32.87,0.5356,0.4027,0.8186,1.90,0.5812,0.6101,0.2350,17.53,-1.53
558,4770,1,4,60,11.83,5.27,2.05,0.85,0.73,1.55,29.32,0.4550,0.3739,0.6471,-3.68,0.5280,0.5471,0.1865,13.39,-1.85
559,4776,1,15,32,1.13,0.63,0.16,0.16,0.03,0.06,3.28,0.4412,0.3750,0.3750,0.31,0.4853,0.4797,0.1571,12.00,-1.59
560,4777,1,2,13,3.08,0.92,1.23,0.77,0.15,1.15,9.12,0.2857,0.1667,1.0000,1.54,0.3265,0.3808,0.2437,5.19,-2.52
562,4786,1,28,15,2.07,1.00,0.33,0.20,0.07,0.20,4.65,0.5263,0.4444,0.7778,1.53,0.6316,0.6751,0.1595,19.79,0.68
563,4795,1,27,15,0.80,0.47,0.73,0.20,0.07,0.33,5.19,0.2941,0.2000,0.5000,-1.53,0.3235,0.3356,0.1268,3.98,-2.98
564,4836,1,11,60,25.88,7.52,6.68,1.55,0.33,4.25,34.15,0.4715,0.2582,0.7632,2.05,0.4930,0.5362,0.3445,23.77,7.83
565,4846,1,5,65,13.22,3.54,2.69,0.75,0.09,1.68,25.75,0.3939,0.3537,0.7907,-2.51,0.4779,0.5060,0.2458,13.00,-0.53
566,4848,1,27,69,11.09,3.23,3.49,0.64,0.86,1.29,24.30,0.4583,0.3657,0.8531,0.61,0.5299,0.5932,0.1895,16.80,3.06
567,4870,1,25,70,14.86,12.93,1.11,0.37,2.80,1.71,28.68,0.6211,0.5714,0.6862,1.63,0.6239,0.6442,0.1962,29.38,5.52
568,4882,1,10,13,17.92,4.23,3.31,1.23,1.31,1.92,31.03,0.4574,0.3390,0.6721,-6.38,0.5106,0.5423,0.2591,18.14,2.64
569,4882,1,18,43,21.91,5.09,3.60,0.67,0.84,2.49,33.84,0.4443,0.3309,0.7198,-2.74,0.5019,0.5346,0.2816,17.61,1.50
570,4931,1,2,72,3.29,2.47,0.94,0.42,0.50,0.69,14.49,0.4123,0.2500,0.7222,1.82,0.4692,0.5048,0.1170,7.12,-4.46
571,4944,1,30,22,2.05,2.91,0.36,0.05,0.36,0.23,8.18,0.5588,0.0000,0.5385,-1.77,0.5588,0.5665,0.1055,17.57,-0.10
572,4948,1,19,51,2.67,3.65,1.12,0.53,0.41,0.43,16.32,0.3469,0.2577,0.3462,-0.51,0.4320,0.4292,0.0898,9.28,-2.25
573,4951,1,13,69,17.17,2.91,5.29,0.62,0.17,2.64,27.01,0.4177,0.3524,0.8614,2.94,0.4770,0.5460,0.2857,19.00,4.68
574,4956,1,4,45,6.11,2.42,0.91,0.58,0.49,0.56,17.94,0.4476,0.3761,0.8600,-2.47,0.5524,0.5927,0.1402,11.56,-3.42
575,4956,1,17,20,3.40,3.70,0.95,0.50,0.40,0.40,16.06,0.4386,0.3077,0.8571,1.55,0.5439,0.5659,0.0880,12.00,-2.07
576,4987,1,2,34,4.41,3.76,0.79,0.65,1.03,0.62,11.41,0.7273,,0.6471,1.06,0.7273,0.7284,0.1361,24.33,4.89
577,4990,1,29,25,0.56,0.24,0.24,0.12,0.04,0.12,2.00,0.3125,0.2857,1.0000,0.12,0.3750,0.4147,0.1743,7.22,-0.86
578,4994,1,19,25,21.60,6.00,2.00,0.64,0.36,2.36,26.72,0.5833,0.4286,0.6404,2.48,0.5917,0.6160,0.3001,26.32,1.91
579,5000,1,17,67,1.99,1.37,0.37,0.04,0.07,0.28,5.42,0.3939,0.2466,0.6111,-0.70,0.4621,0.4753,0.1809,12.25,-2.01
581,5022,1,16,17,7.29,4.29,2.59,0.41,0.29,1.41,20.73,0.3876,0.2222,0.6667,3.06,0.4109,0.4401,0.2013,11.09,0.02
582,5042,1,9,64,12.66,6.09,0.94,0.53,0.84,1.31,20.70,0.5669,0.3857,0.7438,1.06,0.6201,0.6591,0.2319,25.10,1.69
583,5065,1,7,73,6.90,3.84,3.34,1.16,0.30,1.00,21.50,0.4623,0.3701,0.7700,0.51,0.5195,0.5538,0.1442,17.01,4.32
585,5099,1,5,64,10.30,4.92,1.83,1.44,0.36,1.59,24.85,0.4476,0.3559,0.5833,-3.27,0.5133,0.5208,0.1982,14.21,-0.82
586,5101,1,1,62,28.68,4.11,9.03,1.05,0.13,4.66,34.20,0.4371,0.3609,0.8605,-3.68,0.5192,0.5947,0.3504,26.21,10.00
587,5106,1,4,62,10.35,6.63,1.42,0.65,0.40,1.21,21.63,0.5240,0.2400,0.6816,-3.56,0.5428,0.5755,0.2088,19.91,1.21
589,5120,1,6,39,2.46,1.69,0.15,0.18,0.13,0.26,5.66,0.5694,,0.7368,0.36,0.5694,0.5973,0.1780,18.01,-1.41
590,5123,1,13,72,8.28,7.54,1.14,0.22,0.92,0.85,18.42,0.6130,0.0000,0.7470,3.21,0.6130,0.6506,0.1648,24.73,3.89
592,11,2,16,72,4.22,2.89,0.40,0.28,0.39,0.60,10.24,0.5439,0.0000,0.5091,-1.61,0.5439,0.5499,0.1967,15.54,-1.91
594,23,2,19,61,7.18,8.43,1.82,0.89,0.62,1.28,26.30,0.6136,0.0000,0.4444,0.25,0.6136,0.5961,0.1183,17.71,0.08
595,25,2,16,72,16.63,7.96,4.81,1.04,0.92,2.35,29.75,0.5700,0.2500,0.7994,0.33,0.5713,0.6262,0.2385,25.62,7.26
596,45,2,3,5,12.80,4.80,2.60,0.60,2.20,1.40,26.06,0.5208,0.8000,1.0000,4.80,0.5625,0.6107,0.1978,19.88,3.26
597,45,2,27,23,12.52,4.09,1.57,0.35,0.78,0.87,23.66,0.4637,0.3600,0.8378,-2.52,0.5181,0.5449,0.2282,16.23,-0.13
599,56,2,19,55,9.24,2.62,1.85,0.85,0.40,1.25,18.31,0.4192,0.3470,0.7273,-0.95,0.5022,0.5215,0.2353,13.63,0.15
600,60,2,15,55,9.67,2.91,1.96,0.84,0.15,0.87,22.90,0.4179,0.3905,0.8681,0.15,0.5471,0.5859,0.1703,13.58,-1.28
601,61,2,3,12,11.17,10.42,1.67,0.58,1.58,1.83,26.63,0.6769,,0.7541,6.42,0.6769,0.7295,0.1510,25.68,2.84
602,61,2,6,51,13.18,9.92,1.69,0.49,1.39,1.53,30.28,0.6091,0.3158,0.6900,-5.49,0.6163,0.6489,0.1688,22.96,1.52
603,81,2,5,29,0.31,0.66,0.07,0.07,0.00,0.10,2.32,0.2000,0.1667,0.8000,0.79,0.2500,0.3689,0.0998,7.04,-6.44
604,81,2,22,20,4.65,4.55,1.45,0.85,0.45,1.25,18.34,0.4045,0.2258,0.8235,-3.85,0.4438,0.4820,0.1467,13.14,-1.66
605,99,2,15,71,12.03,5.58,3.52,1.18,0.80,1.21,26.58,0.4681,0.3602,0.7826,0.72,0.5395,0.5778,0.1857,19.80,5.06
606,115,2,17,63,27.25,10.65,5.67,1.14,1.16,3.29,31.95,0.5691,0.3032,0.6850,6.49,0.5995,0.6333,0.3263,34.09,12.19
607,116,2,14,31,0.39,0.61,0.03,0.06,0.13,0.35,1.80,0.3000,,0.4615,0.87,0.3000,0.3817,0.2091,5.60,-11.25
608,117,2,17,72,2.31,1.72,0.64,0.31,0.14,0.60,7.66,0.4891,0.2414,0.5102,-0.17,0.5146,0.5235,0.1536,10.82,-3.10
609,118,2,25,69,13.39,3.10,1.51,0.67,0.55,0.88,24.49,0.4208,0.4092,0.8896,-0.35,0.5064,0.5469,0.2316,13.74,-1.32
610,119,2,22,51,11.86,4.33,3.76,0.59,0.35,2.08,24.95,0.3967,0.3372,0.8321,-6.31,0.4493,0.4962,0.2419,14.28,1.78
611,123,2,28,45,15.16,5.27,2.09,1.47,0.71,1.67,31.86,0.4798,0.3985,0.7843,2.62,0.5800,0.6047,0.1947,15.68,-1.11
612,129,2,5,65,2.09,1.03,0.86,0.14,0.00,0.15,6.93,0.4188,0.3731,0.6500,0.15,0.5256,0.5405,0.1317,10.87,-0.05
613,132,2,16,31,9.10,4.65,1.77,1.00,0.58,0.68,27.13,0.4108,0.3497,0.7727,1.29,0.5145,0.5416,0.1533,12.80,-1.38
614,159,2,11,28,7.54,1.57,2.79,0.29,0.00,1.11,14.87,0.4238,0.3864,0.9074,-5.36,0.5364,0.6037,0.2112,16.63,3.03
615,159,2,17,39,5.82,1.28,2.82,0.51,0.03,0.87,18.27,0.3698,0.3798,0.9000,2.87,0.4974,0.5415,0.1437,10.72,-0.24
616,164,2,30,54,6.33,4.85,1.17,0.59,0.28,0.61,23.27,0.4167,0.3155,0.6444,-1.50,0.5016,0.5154,0.1209,9.80,-3.70
617,172,2,24,69,14.45,10.54,1.43,0.59,1.17,1.49,30.65,0.6259,0.2000,0.7688,3.97,0.6288,0.6532,0.1838,22.70,1.29
618,174,2,29,25,0.64,0.52,0.00,0.04,0.16,0.12,2.29,0.4444,,0.8000,-2.60,0.4444,0.5970,0.1235,9.85,-6.61
619,179,2,22,72,10.94,3.11,1.29,0.63,0.07,0.64,25.74,0.4022,0.2850,0.8239,-6.15,0.4428,0.4904,0.1990,10.55,-3.73
620,185,2,26,45,13.51,7.07,0.96,0.47,0.47,1.31,24.70,0.5041,0.3426,0.5746,-1.93,0.5418,0.5538,0.2340,18.38,-0.74
621,204,2,4,51,15.75,5.92,6.14,1.59,0.35,2.84,28.80,0.4360,0.3525,0.7576,-1.65,0.5045,0.5392,0.2592,20.00,7.95
622,205,2,19,62,12.94,4.24,5.10,1.32,0.50,1.98,28.18,0.4143,0.3780,0.7813,0.79,0.5371,0.5507,0.2051,17.07,5.22
623,208,2,22,68,5.40,3.90,0.51,0.21,0.85,0.53,10.66,0.4718,0.3220,0.6818,-2.99,0.5349,0.5560,0.2189,21.63,3.74
624,210,2,15,69,9.06,3.04,1.71,0.59,0.23,0.86,22.02,0.4689,0.4317,0.8163,0.17,0.5862,0.6003,0.1619,12.83,-2.23
625,228,2,26,59,15.81,6.53,3.41,0.73,0.19,1.58,35.63,0.4969,0.3906,0.8298,-0.97,0.5748,0.6258,0.1725,17.72,0.02
626,245,2,20,72,17.56,5.75,3.01,0.74,0.28,1.93,34.87,0.4406,0.4013,0.7464,1.90,0.4991,0.5349,0.2361,14.18,-1.18
627,254,2,8,56,12.70,4.04,3.23,0.89,0.41,1.71,31.00,0.4260,0.3813,0.7851,4.14,0.5066,0.5376,0.1911,12.90,-1.18
628,265,2,27,48,1.65,1.02,0.25,0.23,0.10,0.15,5.09,0.4478,0.2941,0.6667,-0.77,0.4851,0.5181,0.1492,14.02,-1.69
629,274,2,13,69,7.83,4.58,2.14,1.00,0.54,0.77,26.60,0.4636,0.4044,0.8276,4.91,0.5971,0.6171,0.1193,13.92,-0.98
630,281,2,28,72,4.50,3.79,0.65,0.24,0.31,0.64,13.61,0.4408,0.2621,0.7073,-1.13,0.4852,0.5030,0.1634,12.24,-2.76
631,283,2,10,69,6.97,3.32,1.57,1.00,0.48,1.19,19.32,0.4490,0.4076,0.6923,2.41,0.5446,0.5641,0.1635,11.90,-1.84
632,284,2,21,61,12.36,6.49,1.62,0.48,0.41,2.00,28.10,0.3957,0.2902,0.7022,-7.82,0.4558,0.4907,0.2217,13.90,-2.92
633,286,2,30,65,28.89,4.35,4.08,1.06,0.34,2.88,33.04,0.4848,0.3485,0.8889,-0.05,0.5318,0.5928,0.3423,23.73,3.91
634,290,2,18,48,15.08,3.38,1.83,0.63,0.15,1.25,25.29,0.4400,0.3988,0.8500,-4.10,0.5467,0.5699,0.2420,15.79,-1.09
636,307,2,30,9,1.56,2.11,0.56,0.33,0.33,0.33,7.47,0.3500,0.0000,,-3.22,0.3500,0.3500,0.1416,11.98,0.31
637,312,2,28,65,4.51,2.25,1.65,0.82,0.28,1.09,14.95,0.5132,0.2642,0.6818,0.11,0.5439,0.5700,0.1468,12.20,-1.65
638,337,2,30,59,11.10,2.85,0.83,0.56,0.22,0.56,24.81,0.4038,0.3949,0.8696,1.88,0.5805,0.6196,0.1587,10.94,-4.75
639,340,2,13,42,6.62,2.83,1.81,0.69,0.67,0.81,19.82,0.4227,0.3972,0.8000,3.50,0.5500,0.5796,0.1465,10.81,-1.38
640,341,2,9,72,11.90,4.42,1.32,0.72,0.19,0.83,26.51,0.4038,0.3804,0.8435,-2.96,0.5304,0.5670,0.1880,13.64,-2.49
641,342,2,7,45,0.40,0.42,0.07,0.00,0.02,0.07,1.57,0.3182,0.2500,0.6000,-0.82,0.3409,0.3719,0.1710,7.97,-4.84
642,355,2,22,51,5.00,4.76,1.04,0.63,0.55,0.45,18.66,0.4498,0.1905,0.7412,-2.10,0.4593,0.5175,0.1229,14.57,-0.72
643,355,2,28,19,11.95,7.58,1.89,0.84,1.16,1.11,30.39,0.5556,0.2903,0.6364,-1.05,0.5819,0.5962,0.1608,17.88,0.41
644,361,2,12,54,4.28,2.78,0.69,0.17,1.11,0.31,10.39,0.4278,0.2532,0.7377,-0.35,0.4794,0.5230,0.1817,16.09,3.20
645,363,2,4,72,4.60,4.82,1.13,0.24,1.03,0.99,18.73,0.5868,0.0000,0.4476,-3.83,0.5868,0.5743,0.1154,13.30,-2.57
646,364,2,16,27,2.04,1.00,0.74,0.26,0.11,0.19,5.79,0.4348,0.3704,0.5556,-0.26,0.5435,0.5504,0.1618,13.27,2.48
647,364,2,26,41,4.56,2.44,1.20,0.20,0.05,0.68,10.71,0.4600,0.2931,0.7619,-1.44,0.5167,0.5550,0.1916,14.71,0.00
648,387,2,19,71,12.24,3.44,3.77,0.77,0.34,1.61,29.74,0.4205,0.3408,0.6872,-0.93,0.5034,0.5326,0.1861,13.00,-0.04
649,388,2,25,47,0.26,0.21,0.09,0.04,0.00,0.11,1.59,0.2500,0.2500,,-0.79,0.3000,0.3000,0.1435,0.00,-9.44
650,404,2,29,72,17.01,3.90,1.89,0.63,0.06,1.78,30.77,0.4389,0.3905,0.8792,5.82,0.5362,0.5880,0.2291,14.45,-3.42
651,405,2,1,46,15.65,3.48,3.20,1.07,0.28,1.17,28.38,0.4726,0.4384,0.9091,2.39,0.6018,0.6161,0.2152,17.06,1.88
652,409,2,8,72,0.96,0.33,0.10,0.04,0.14,0.18,2.22,0.4310,0.3750,0.6667,-1.11,0.5086,0.5341,0.2124,11.13,-4.90
654,421,2,22,22,2.55,1.09,0.82,0.09,0.00,0.14,8.91,0.4259,0.3125,,-2.68,0.5185,0.5185,0.1245,9.82,-2.70
655,423,2,30,72,1.08,0.92,0.32,0.15,0.13,0.31,6.00,0.3704,0.2766,0.6250,-0.50,0.4506,0.4614,0.1025,4.03,-7.34
656,427,2,24,72,23.78,3.90,4.01,0.74,0.22,2.88,31.53,0.4841,0.3396,0.8673,4.60,0.5330,0.5865,0.3287,19.68,1.62
657,446,2,28,63,12.98,6.41,1.00,0.56,1.76,0.73,23.06,0.5143,0.3830,0.7876,1.54,0.5946,0.6342,0.2065,22.38,3.25
659,473,2,11,21,4.19,1.86,1.52,0.67,0.10,0.90,18.63,0.3143,0.2698,0.8333,-5.57,0.3952,0.4088,0.1376,4.88,-5.49
660,473,2,16,26,3.27,0.69,0.54,0.27,0.04,0.35,8.10,0.4697,0.4211,0.7778,-0.54,0.5909,0.6075,0.1670,8.99,-4.89
661,480,2,21,27,7.07,5.00,0.74,0.33,0.63,1.00,14.68,0.6557,0.0000,0.7045,-3.48,0.6557,0.6756,0.1744,23.34,0.84
662,480,2,23,44,2.48,2.36,0.39,0.14,0.30,0.14,6.54,0.6800,0.0000,0.6364,1.77,0.6800,0.6826,0.1274,23.03,3.41
663,492,2,29,54,1.19,0.50,0.28,0.13,0.04,0.15,2.56,0.4808,0.4286,1.0000,-0.44,0.5962,0.6051,0.1917,15.93,1.55
665,497,2,22,8,11.13,5.13,2.00,0.50,0.38,1.38,29.21,0.4430,0.4074,0.6667,-3.38,0.5127,0.5280,0.1737,11.12,-3.32
667,515,2,24,72,13.47,4.29,2.11,1.06,0.88,0.79,32.61,0.5426,0.4254,0.8397,4.68,0.6428,0.6675,0.1494,16.13,-1.19
668,516,2,4,66,12.73,6.02,2.23,0.67,0.79,1.61,29.27,0.5032,0.4000,0.8673,-0.14,0.5965,0.6253,0.1748,16.59,-0.90
670,522,2,12,26,8.81,4.42,0.69,0.73,0.77,0.38,19.97,0.4834,0.4231,0.7692,2.27,0.5927,0.6375,0.1521,18.50,0.05
671,532,2,12,61,19.44,4.82,5.39,0.80,0.25,1.89,31.63,0.4531,0.3877,0.8644,-0.52,0.5270,0.5606,0.2601,19.98,5.77
672,536,2,11,21,10.62,3.24,1.43,0.57,0.24,1.05,24.78,0.4063,0.3822,0.5833,-6.43,0.5625,0.5652,0.1775,11.15,-3.85
673,537,2,15,68,16.93,2.88,2.31,1.15,0.38,1.75,29.37,0.4190,0.3441,0.8154,2.25,0.4811,0.5153,0.2626,11.17,-2.01
674,548,2,3,69,8.30,5.06,1.51,0.84,0.41,0.78,21.03,0.5556,0.2881,0.7350,1.06,0.5757,0.6038,0.1595,17.16,0.42
675,563,2,2,58,24.66,5.98,3.36,1.24,0.55,2.72,34.45,0.4842,0.3966,0.7640,1.19,0.5576,0.5856,0.2990,20.16,1.89
676,575,2,21,55,6.73,6.96,0.18,0.56,0.85,0.78,16.73,0.5448,,0.6190,-6.60,0.5448,0.5720,0.1688,21.38,0.87
677,584,2,11,53,7.85,4.23,1.36,0.72,0.23,0.77,23.18,0.4478,0.4233,0.8065,-2.91,0.5836,0.5966,0.1362,12.43,-2.91
678,588,2,21,12,3.33,1.42,0.75,0.33,0.17,0.50,12.65,0.3023,0.2381,0.9000,-3.58,0.3605,0.4219,0.1444,3.82,-6.27
679,590,2,5,14,5.07,3.14,0.71,0.50,0.14,0.36,16.91,0.5273,0.3333,0.8333,4.79,0.6000,0.6159,0.1169,12.21,-3.85
680,590,2,30,38,2.37,1.61,0.50,0.08,0.11,0.42,7.54,0.3708,0.3043,0.6667,-1.08,0.4494,0.4707,0.1620,9.01,-4.26
681,593,2,7,68,12.60,3.40,3.51,0.51,0.01,1.18,24.96,0.5231,0.4050,0.7947,2.37,0.5877,0.6179,0.2031,17.76,2.18
682,602,2,30,10,14.30,6.10,1.50,0.40,0.80,1.10,27.09,0.6484,0.4286,0.6667,-1.40,0.6978,0.7040,0.1699,19.83,-0.46
683,618,2,20,65,10.91,3.43,1.52,0.80,0.17,0.69,29.99,0.4421,0.4095,0.9091,1.65,0.5873,0.6058,0.1454,10.55,-4.43
684,624,2,7,70,5.87,0.77,1.16,0.51,0.10,0.47,13.03,0.4278,0.3537,0.8947,0.21,0.5099,0.5435,0.2003,11.03,-2.13
685,626,2,20,51,12.22,4.45,2.10,0.61,0.27,0.96,24.60,0.4200,0.4146,0.8559,2.45,0.5220,0.5644,0.2131,15.44,0.26
686,654,2,16,63,17.71,5.70,5.86,1.71,0.29,1.73,27.69,0.4973,0.2451,0.8630,3.11,0.5143,0.6072,0.2675,27.99,11.85
688,667,2,14,48,0.81,0.67,0.02,0.10,0.08,0.10,2.03,0.5862,,0.4545,0.88,0.5862,0.5762,0.1748,19.14,-1.02
689,677,2,14,68,9.60,2.63,1.87,0.91,0.38,0.97,27.97,0.4308,0.4096,0.8661,2.03,0.5494,0.5880,0.1425,10.53,-4.03
690,688,2,8,67,5.91,2.00,3.46,1.18,0.21,1.09,21.27,0.3810,0.3519,0.8791,1.16,0.5016,0.5577,0.1312,11.06,1.36
691,692,2,22,9,3.78,0.56,0.11,0.56,0.11,0.22,8.26,0.3929,0.3750,0.8571,-2.56,0.5000,0.5470,0.1913,8.27,-5.45
692,694,2,1,65,14.71,13.89,0.75,0.68,1.98,1.12,29.21,0.5942,,0.5727,3.86,0.5942,0.6013,0.1999,28.36,5.46
693,698,2,4,54,0.85,0.50,0.04,0.02,0.09,0.09,2.12,0.5000,0.1429,0.8182,-0.22,0.5139,0.5632,0.1742,13.46,-4.26
694,728,2,24,72,3.44,1.28,0.99,0.40,0.13,0.22,9.96,0.4215,0.3709,0.5714,0.44,0.5471,0.5485,0.1512,12.05,-0.08
695,733,2,5,32,10.88,7.81,2.16,0.56,0.75,1.53,24.74,0.5119,0.3636,0.7387,-3.13,0.5278,0.5784,0.1890,18.93,1.80
696,733,2,22,27,9.56,7.15,1.30,0.63,0.67,1.07,21.60,0.4927,0.2414,0.7206,-5.26,0.5098,0.5491,0.1962,19.78,1.67
697,734,2,22,43,6.37,3.23,3.00,0.58,0.40,1.60,18.60,0.3889,0.2459,0.6125,-1.14,0.4167,0.4489,0.2029,11.18,1.11
698,738,2,14,64,5.78,2.66,2.50,1.00,0.23,1.19,19.00,0.4361,0.4015,0.6447,1.88,0.5262,0.5466,0.1487,11.83,-0.08
699,749,2,7,60,4.67,3.93,0.58,0.35,0.72,0.48,15.09,0.6319,0.0909,0.6282,2.30,0.6346,0.6472,0.1204,14.58,-2.09
700,788,2,3,46,1.91,0.52,1.41,0.15,0.13,0.35,5.05,0.3523,0.3095,0.7647,0.41,0.4261,0.4608,0.2093,14.51,9.44
702,810,2,22,44,2.70,2.55,0.68,0.27,0.16,0.39,14.48,0.3053,0.2870,0.8000,-2.34,0.4237,0.4394,0.1040,7.54,-5.58
704,814,2,15,66,9.24,4.97,1.44,0.91,0.77,0.50,21.43,0.5172,0.2597,0.6903,-0.26,0.5374,0.5599,0.1728,19.12,2.34
705,816,2,29,68,18.40,4.03,2.47,0.90,0.15,1.69,26.73,0.4251,0.3472,0.8958,4.43,0.5219,0.5495,0.2995,17.61,1.28
706,820,2,3,44,4.82,3.77,0.64,0.52,0.91,0.41,13.50,0.6207,0.2000,0.4844,3.57,0.6241,0.6122,0.1427,18.47,1.37
708,837,2,13,51,2.75,0.86,0.43,0.20,0.00,0.29,7.73,0.4369,0.4107,0.7105,-0.51,0.5485,0.5847,0.1517,9.60,-5.46
709,857,2,1,63,17.63,7.41,1.24,0.54,1.00,1.33,29.33,0.5564,0.3990,0.8333,2.89,0.6102,0.6454,0.2228,21.19,0.32
711,874,2,29,51,16.22,3.47,5.98,1.37,0.18,1.94,29.36,0.4438,0.4119,0.8521,10.75,0.5516,0.5886,0.2328,19.30,6.90
712,877,2,17,69,6.78,4.81,1.17,0.71,0.33,0.48,22.82,0.4341,0.3713,0.7750,3.23,0.5646,0.5783,0.1167,13.29,-2.15
713,890,2,6,11,3.91,1.09,1.18,0.27,0.00,0.36,8.66,0.4048,0.4615,1.0000,-0.45,0.4762,0.4963,0.2222,12.49,1.58
714,890,2,14,32,1.03,0.16,0.16,0.03,0.03,0.09,1.93,0.4615,0.3846,0.8000,-0.13,0.5577,0.5851,0.2199,14.45,-2.27
715,891,2,9,32,4.81,2.91,0.47,0.25,0.06,0.63,13.14,0.6800,0.5000,0.4857,-1.34,0.6850,0.6672,0.1418,14.90,-4.83
716,926,2,11,28,8.61,6.82,2.14,0.75,0.64,1.39,18.08,0.3762,0.3362,0.7458,-1.68,0.4690,0.5107,0.2326,19.39,5.78
717,926,2,13,20,6.25,3.60,0.80,0.65,0.30,1.25,10.34,0.5368,0.4211,0.6818,-0.65,0.5789,0.5971,0.2809,21.49,1.76
718,928,2,25,70,8.47,6.66,1.67,1.44,1.20,0.91,32.04,0.4008,0.3792,0.8065,2.90,0.5334,0.5529,0.1156,12.36,-1.69
719,935,2,17,31,1.45,1.39,0.52,0.29,0.23,0.16,6.48,0.3913,0.3636,0.5000,-1.84,0.4783,0.4799,0.1083,10.89,-0.33
720,935,2,24,33,6.94,4.67,1.00,0.58,0.61,0.61,18.26,0.5028,0.3690,0.8000,-1.18,0.5884,0.6033,0.1559,16.51,-0.12
721,961,2,24,72,8.38,3.92,1.76,0.67,0.38,0.76,22.89,0.4045,0.3895,0.7600,3.03,0.5549,0.5743,0.1575,12.87,-1.35
722,965,2,18,47,3.83,2.21,0.51,0.36,0.19,0.60,10.61,0.4107,0.2453,0.6042,-2.79,0.4494,0.4759,0.1836,9.87,-3.97
723,985,2,23,59,12.05,2.31,2.63,0.75,0.14,1.10,27.77,0.4674,0.4500,0.8961,5.41,0.5815,0.6068,0.1724,12.72,-2.16
724,986,2,10,70,28.79,4.93,5.19,1.10,0.11,3.04,30.73,0.4821,0.4207,0.9165,3.49,0.6055,0.6547,0.3489,28.54,7.72
726,1019,2,14,36,21.83,7.94,3.06,1.25,1.64,2.06,32.27,0.4910,0.2600,0.7383,3.19,0.5122,0.5557,0.2926,24.56,5.65
727,1033,2,18,72,0.67,1.60,0.29,0.18,0.18,0.10,4.15,0.4318,,0.8333,-0.65,0.4318,0.4870,0.0794,14.19,2.05
728,1054,2,26,27,11.07,3.26,1.70,1.00,0.26,1.26,21.50,0.4390,0.3724,0.7838,-2.37,0.5488,0.5700,0.2239,14.62,-0.82
729,1054,2,28,44,5.32,1.50,0.84,0.39,0.16,0.66,11.21,0.4143,0.3607,0.8889,-0.07,0.5190,0.5369,0.2173,11.37,-2.60
730,1076,2,27,68,19.35,3.81,6.21,0.82,0.22,1.75,30.24,0.4946,0.2568,0.8795,-1.54,0.5049,0.5909,0.2614,22.68,7.98
731,1079,2,21,10,8.40,4.00,2.40,0.80,0.00,0.60,21.17,0.4776,0.1333,0.8182,-5.10,0.4925,0.5477,0.1613,17.23,2.26
732,1080,2,16,21,5.38,4.10,0.57,0.43,0.29,0.62,10.01,0.7077,0.2000,0.7407,3.24,0.7154,0.7349,0.1961,25.80,3.52
733,1092,2,6,13,2.77,1.85,4.46,0.31,0.08,0.46,17.24,0.2500,0.1600,1.0000,-1.38,0.2857,0.3116,0.1285,8.43,6.41
734,1109,2,17,69,9.97,5.51,2.94,1.04,0.22,1.32,26.30,0.4196,0.3786,0.7183,4.41,0.5282,0.5424,0.1678,15.36,1.35
735,1111,2,17,37,1.19,0.92,0.22,0.16,0.14,0.08,3.81,0.4000,0.1250,0.7857,0.22,0.4125,0.4766,0.1457,13.07,0.00
736,1114,2,9,24,9.29,4.46,1.00,0.42,0.50,1.13,19.39,0.4682,0.3902,0.6618,-4.54,0.5145,0.5495,0.2171,14.73,-2.07
737,1114,2,21,33,11.55,5.00,2.33,0.94,0.36,1.48,23.06,0.4815,0.2927,0.6288,-2.55,0.5017,0.5365,0.2331,16.49,1.37
738,1128,2,15,41,4.22,2.39,0.71,0.41,0.34,0.54,9.06,0.5185,0.4792,0.8837,-0.24,0.6250,0.6815,0.1697,20.44,1.94
739,1128,2,27,22,3.86,1.91,0.86,0.41,0.09,0.45,8.25,0.5273,0.3182,0.8333,-2.64,0.5909,0.6483,0.1812,19.53,2.41
740,1139,2,3,4,5.00,3.25,2.25,0.50,0.25,1.25,16.08,0.3750,0.2857,1.0000,10.50,0.4375,0.5365,0.1579,14.15,0.53
741,1155,2,7,68,26.91,7.75,8.34,0.94,0.53,4.13,33.27,0.4789,0.3504,0.7304,2.41,0.5500,0.5872,0.3615,28.33,12.03
742,1160,2,21,56,13.02,3.38,1.57,0.80,0.34,1.41,27.56,0.3865,0.3435,0.7439,-4.50,0.4750,0.5125,0.2215,10.13,-3.90
743,1162,2,6,66,4.67,1.41,1.38,0.24,0.06,0.64,13.74,0.4061,0.2893,0.6667,-3.27,0.4846,0.4986,0.1694,9.60,-3.20
744,1163,2,5,31,0.74,0.16,0.23,0.13,0.00,0.00,1.62,0.5238,0.1429,,1.03,0.5476,0.5476,0.1831,18.16,6.19
745,1171,2,9,64,4.45,2.23,0.73,0.38,0.14,0.69,13.58,0.3794,0.2261,0.7031,-2.06,0.4255,0.4594,0.1790,7.52,-5.19
746,1179,2,8,50,7.70,3.64,1.84,0.62,0.44,0.92,21.77,0.4169,0.3154,0.6364,3.86,0.4831,0.5012,0.1727,11.66,-1.51
747,1181,2,16,69,9.74,2.45,3.17,0.48,0.12,1.71,19.37,0.4324,0.3730,0.8279,0.58,0.5144,0.5520,0.2477,14.29,1.25
748,1194,2,6,29,15.07,11.62,2.21,1.38,1.00,2.79,24.89,0.4737,0.0000,0.5969,-3.72,0.4737,0.5003,0.3103,25.90,6.52
749,1194,2,14,21,11.90,10.19,1.43,1.10,0.95,2.05,24.75,0.5313,,0.6053,0.14,0.5313,0.5545,0.2258,20.93,2.28
750,1202,2,14,23,0.26,0.91,0.22,0.04,0.04,0.09,3.50,0.2222,0.3333,,0.09,0.3333,0.3333,0.0591,7.82,-4.36
752,1222,2,3,42,22.45,5.88,4.64,0.60,1.07,2.86,27.55,0.5373,0.4497,0.8824,6.64,0.6078,0.6662,0.3117,29.46,7.93
753,1255,2,18,72,19.33,4.67,2.93,1.14,0.50,2.22,32.14,0.4170,0.3288,0.7757,-3.17,0.4876,0.5230,0.2714,15.66,0.17
754,1258,2,2,68,1.81,0.38,0.21,0.10,0.01,0.10,4.05,0.4234,0.2857,0.8462,-0.37,0.5045,0.5269,0.1945,9.41,-4.29
755,1282,2,25,71,0.96,0.45,0.14,0.08,0.04,0.07,2.71,0.3788,0.2059,0.7333,-0.21,0.4318,0.4683,0.1742,8.05,-3.38
757,1285,2,9,61,7.25,1.39,1.10,0.30,0.15,0.54,16.59,0.4408,0.4218,0.8000,-1.13,0.6124,0.6254,0.1680,11.66,-3.87
758,1303,2,23,55,26.38,9.80,2.64,0.91,1.25,2.89,28.82,0.5128,0.3766,0.8595,7.36,0.5451,0.6363,0.3557,33.13,7.51
759,1318,2,22,51,6.76,3.25,1.22,0.63,0.14,0.71,19.33,0.4733,0.4327,0.8046,-1.43,0.5658,0.6133,0.1408,12.66,-3.09
760,1329,2,27,62,5.02,3.89,0.68,0.29,0.79,0.73,12.19,0.5659,1.0000,0.7264,-1.55,0.5707,0.6179,0.1717,19.75,1.00
761,1344,2,6,6,2.83,2.17,1.17,0.33,0.33,0.83,15.38,0.3333,0.2000,0.5000,-3.17,0.3810,0.3885,0.1263,6.66,-5.47
763,1350,2,2,60,0.78,0.87,0.05,0.02,0.33,0.10,2.26,0.7241,,0.3333,0.43,0.7241,0.6601,0.1336,21.34,2.58
764,1361,2,29,68,5.43,5.53,0.65,0.47,1.00,0.53,15.28,0.6379,0.0000,0.7375,0.54,0.6379,0.6632,0.1313,20.64,2.05
765,1372,2,5,70,0.33,0.37,0.13,0.06,0.00,0.06,1.19,0.5385,0.0000,0.5625,0.31,0.5385,0.5739,0.1256,16.33,1.87
767,1382,2,1,72,0.71,1.08,0.14,0.06,0.04,0.29,3.14,0.4091,0.0000,0.6818,-0.31,0.4091,0.4750,0.1445,11.30,-5.72
768,1387,2,13,13,2.85,0.92,1.31,0.31,0.15,0.00,7.43,0.3333,0.3158,1.0000,0.77,0.4167,0.4734,0.1803,14.86,7.35
769,1400,2,7,61,9.67,5.34,1.67,0.85,0.41,0.79,31.49,0.4721,0.3940,0.7561,3.26,0.5998,0.6095,0.1233,12.00,-3.44
771,1420,2,28,61,5.79,1.90,2.25,0.62,0.11,0.70,15.21,0.3735,0.3214,0.8036,-1.61,0.4529,0.4840,0.1918,12.15,2.02
772,1428,2,17,71,9.87,1.58,0.63,0.34,0.01,0.62,19.07,0.4726,0.4516,0.7705,1.42,0.6181,0.6306,0.1861,12.32,-5.50
773,1443,2,29,53,1.66,0.83,0.85,0.17,0.08,0.40,5.70,0.4507,0.1923,1.0000,-0.92,0.4859,0.5544,0.1444,12.52,-0.16
774,1453,2,2,17,12.24,3.12,2.88,1.18,0.59,1.12,27.79,0.4477,0.4632,0.7143,2.59,0.5756,0.5837,0.1776,13.58,0.30
775,1453,2,22,39,13.10,1.92,2.44,0.69,0.23,1.38,20.17,0.4607,0.3883,0.7967,-2.03,0.5596,0.6038,0.2643,17.71,1.33
776,1457,2,26,59,24.76,3.44,7.07,1.47,0.46,2.95,34.51,0.4766,0.3219,0.7194,-3.31,0.5230,0.5648,0.3109,20.95,7.37
777,1468,2,22,8,5.38,1.75,0.63,0.38,0.38,0.25,12.60,0.4643,0.3333,0.9231,-3.13,0.5536,0.6376,0.1571,14.78,-1.89
778,1469,2,15,18,0.44,0.44,0.89,0.11,0.06,0.22,3.44,0.1500,0.0000,0.3333,0.28,0.1500,0.1767,0.1866,2.96,5.18
779,1477,2,25,72,11.19,11.04,1.17,0.46,0.67,1.08,24.41,0.6043,0.2500,0.7744,2.15,0.6052,0.6365,0.1747,25.52,3.50
780,1498,2,22,9,11.44,2.78,4.78,0.89,0.22,2.00,23.92,0.3942,0.2500,0.8947,-3.22,0.4135,0.4583,0.2539,13.19,4.16
781,1504,2,19,64,1.13,0.84,0.17,0.14,0.13,0.23,3.76,0.4000,0.4063,0.6471,0.03,0.5083,0.5335,0.1445,9.94,-4.27
782,1507,2,5,43,3.42,2.40,0.40,0.26,0.79,0.51,8.91,0.6897,,0.6585,-0.28,0.6897,0.6997,0.1430,18.53,-0.18
783,1507,2,30,23,10.13,5.57,0.52,0.65,1.78,0.83,17.74,0.6812,,0.6716,2.70,0.6812,0.6956,0.1871,26.79,3.92
784,1516,2,1,59,11.46,3.58,1.29,0.51,0.17,0.73,20.71,0.4337,0.4055,0.9253,1.56,0.5421,0.6128,0.2149,16.62,-0.76
785,1518,2,24,70,2.71,0.60,0.37,0.11,0.00,0.19,6.25,0.4490,0.4235,0.9565,0.49,0.5714,0.6046,0.1740,11.73,-4.25
786,1533,2,6,62,15.18,2.08,5.31,1.06,0.10,2.65,28.87,0.4514,0.3947,0.8485,-3.82,0.5168,0.5470,0.2515,14.63,2.07
787,1555,2,14,64,4.09,3.36,1.70,0.41,0.91,0.83,15.52,0.4536,0.4098,0.7200,1.39,0.5825,0.6065,0.1181,13.74,0.73
788,1561,2,27,65,11.02,4.66,1.35,0.69,0.62,1.00,20.88,0.4204,0.3813,0.8039,2.00,0.5048,0.5320,0.2370,16.48,0.77
789,1573,2,13,60,20.98,5.98,4.67,1.03,0.40,2.98,30.35,0.4669,0.4111,0.8684,7.20,0.5567,0.5976,0.3033,22.14,4.74
790,1587,2,20,58,4.16,4.31,0.62,0.53,0.84,0.38,16.14,0.6266,0.2000,0.7273,2.22,0.6361,0.6614,0.0981,15.72,-1.11
791,1593,2,25,59,1.83,2.25,0.49,0.14,0.22,0.34,5.89,0.4330,0.3478,0.5926,-1.32,0.4742,0.4960,0.1593,15.82,1.79
792,1594,2,21,42,19.76,3.95,4.93,0.64,0.55,2.52,28.08,0.5080,0.4176,0.8079,-4.40,0.5708,0.6233,0.2867,23.14,5.45
793,1595,2,30,71,1.13,0.72,0.15,0.14,0.06,0.11,3.07,0.5000,0.2917,0.8125,-0.24,0.5583,0.5967,0.1431,14.41,-1.48
794,1600,2,28,20,5.55,4.85,0.45,0.65,1.00,0.60,19.60,0.5238,,0.6970,-3.90,0.5238,0.5633,0.1239,13.45,-2.84
795,1621,2,29,71,14.30,13.52,1.25,0.56,2.68,1.66,30.80,0.6753,0.0000,0.6230,10.25,0.6753,0.6825,0.1709,28.22,4.78
796,1635,2,1,70,3.26,0.99,1.36,0.24,0.00,0.51,8.85,0.3767,0.3107,0.6512,-0.87,0.4484,0.4712,0.1963,10.53,0.38
797,1638,2,8,25,10.16,4.72,2.24,0.68,0.56,1.20,25.93,0.5000,0.2656,0.7045,3.80,0.5413,0.5635,0.1716,15.13,-0.71
798,1638,2,22,29,12.55,5.72,3.62,0.55,0.69,2.31,25.36,0.4369,0.3750,0.6286,-1.21,0.5085,0.5366,0.2395,17.74,2.74
799,1641,2,11,36,13.36,1.61,1.97,0.39,0.36,1.42,21.91,0.4332,0.3286,0.8246,-1.89,0.5272,0.5765,0.2543,14.43,-1.96
800,1651,2,4,66,12.36,2.24,4.47,0.73,0.09,1.27,25.13,0.3767,0.3753,0.8418,1.48,0.5105,0.5525,0.2153,15.28,3.91
801,1669,2,9,59,20.42,4.24,2.58,0.59,0.98,1.85,31.00,0.4292,0.3495,0.8455,-1.98,0.4909,0.5564,0.2865,17.43,0.52
802,1694,2,23,70,9.34,3.71,1.69,1.31,0.80,0.96,27.64,0.4118,0.4051,0.7750,4.44,0.5726,0.5823,0.1408,12.01,-2.30
803,1696,2,10,67,6.63,6.69,8.33,1.57,0.78,2.81,29.58,0.4474,0.2698,0.7955,3.57,0.4921,0.5302,0.1320,17.78,9.83
804,1699,2,8,63,7.48,4.40,0.84,0.41,0.35,0.84,17.78,0.4626,0.3990,0.8070,1.57,0.5682,0.5901,0.1765,13.94,-2.37
805,1701,2,2,39,2.69,1.33,0.28,0.46,0.05,0.33,8.85,0.5493,0.3182,0.6667,-1.00,0.5986,0.6235,0.1223,10.81,-5.51
806,1701,2,5,29,1.41,0.66,0.21,0.34,0.14,0.21,4.42,0.4516,0.3750,1.0000,1.97,0.5000,0.5791,0.1428,12.00,-2.80
807,1702,2,3,70,10.71,3.76,1.54,0.51,0.39,0.77,26.22,0.4925,0.4120,0.7764,1.61,0.5896,0.6241,0.1561,13.79,-2.90
808,1704,2,7,66,1.53,1.18,0.42,0.24,0.05,0.26,6.74,0.4516,0.1600,0.5652,0.26,0.4731,0.4897,0.1199,9.33,-4.33
809,1732,2,3,28,9.29,4.32,2.25,0.64,0.46,1.07,20.01,0.4921,0.3827,0.7818,4.64,0.5741,0.6098,0.1910,17.16,2.13
810,1732,2,9,21,11.67,4.95,3.67,0.67,0.10,1.52,29.83,0.3649,0.3145,0.7097,-3.43,0.4527,0.4914,0.1973,12.24,0.17
811,1763,2,26,57,1.53,0.61,0.56,0.11,0.00,0.19,4.13,0.3295,0.2826,0.8000,-0.26,0.4034,0.4494,0.1977,10.15,0.52
812,1766,2,30,57,13.84,5.47,1.44,0.77,0.12,1.19,31.53,0.4784,0.3285,0.7702,-1.95,0.5131,0.5488,0.1821,13.47,-3.46
814,1784,2,26,58,12.98,2.98,5.33,1.33,0.48,1.59,30.10,0.4717,0.4088,0.8571,-3.10,0.5695,0.5850,0.1826,16.73,4.39
815,1787,2,22,15,4.87,4.13,0.73,0.33,0.67,0.53,11.95,0.7143,,0.6765,-1.27,0.7143,0.7306,0.1411,23.46,2.82
817,1789,2,21,32,2.69,1.84,0.88,0.13,0.03,0.78,10.50,0.3030,0.1081,0.5000,-3.13,0.3232,0.3633,0.1813,3.89,-6.25
818,1811,2,8,37,1.73,1.35,0.38,0.14,0.05,0.30,6.31,0.4167,0.2778,0.7500,-1.97,0.4583,0.4902,0.1430,9.85,-4.29
819,1811,2,22,27,10.74,4.78,2.70,0.59,0.30,1.56,24.26,0.4387,0.3188,0.6571,-7.81,0.4822,0.5109,0.2157,15.09,0.47
820,1831,2,7,71,16.38,3.23,1.77,0.44,0.15,0.90,27.97,0.4468,0.3913,0.8161,1.00,0.5604,0.5888,0.2357,15.28,-1.69
821,1832,2,3,39,22.69,7.87,10.05,1.18,0.69,3.67,33.82,0.4708,0.3664,0.8555,3.62,0.5509,0.6191,0.2885,29.06,14.99
822,1832,2,11,9,22.00,4.56,9.22,0.78,0.67,3.78,32.23,0.4444,0.3472,0.8833,-4.33,0.5370,0.6134,0.2936,25.21,11.37
823,1840,2,16,42,0.36,0.31,0.17,0.05,0.10,0.07,2.94,0.3846,0.4545,0.0000,-0.71,0.5769,0.5403,0.0618,4.29,-7.00
824,1840,2,26,27,6.63,2.81,1.37,1.04,0.59,0.70,24.00,0.4211,0.2466,0.8049,-0.52,0.4803,0.5263,0.1280,8.29,-4.18
826,1852,2,14,72,12.93,5.94,1.01,0.64,0.68,1.03,21.95,0.6219,0.0000,0.7070,0.58,0.6219,0.6505,0.2182,23.57,1.34
827,1864,2,8,20,9.20,2.35,1.60,0.85,0.20,0.70,29.07,0.4423,0.3200,0.7333,4.90,0.5192,0.5437,0.1366,8.58,-5.30
828,1864,2,22,20,10.20,1.60,2.30,0.55,0.35,1.15,24.94,0.3651,0.3636,0.8750,-9.05,0.4286,0.4854,0.2025,8.45,-3.39
829,1865,2,28,34,2.82,0.53,0.50,0.24,0.00,0.41,5.06,0.5000,0.4722,0.7778,-0.03,0.6181,0.6319,0.2247,14.86,-1.95
830,1866,2,3,69,14.12,3.59,1.88,0.67,0.20,0.90,31.04,0.5050,0.4752,0.7778,5.10,0.6542,0.6628,0.1625,13.94,-3.07
831,1873,2,23,63,19.21,6.65,3.49,0.87,0.81,1.70,31.97,0.5119,0.3942,0.8922,5.14,0.5563,0.5968,0.2412,22.04,3.85
832,1879,2,8,17,3.29,2.29,0.94,0.88,0.29,0.35,16.26,0.3448,0.2143,0.8125,-1.18,0.3707,0.4305,0.1116,7.05,-3.77
833,1879,2,29,31,0.55,0.29,0.29,0.06,0.00,0.16,1.80,0.3000,0.0000,0.8333,-1.77,0.3000,0.3754,0.2134,9.12,-0.13
834,1881,2,19,47,9.23,8.02,2.32,0.81,0.26,1.04,28.71,0.4390,0.3264,0.7753,0.00,0.5305,0.5663,0.1375,15.77,0.32
835,1882,2,6,24,5.50,4.00,1.67,0.33,0.79,0.96,11.95,0.5824,0.3333,0.6857,-1.46,0.5934,0.6203,0.2015,22.48,6.39
836,1882,2,8,44,2.36,1.93,0.34,0.25,0.45,0.48,6.18,0.5125,,0.6111,0.77,0.5125,0.5426,0.1881,14.13,-0.38
838,1911,2,19,71,6.32,3.62,0.49,0.35,0.54,0.55,13.57,0.6250,0.4286,0.7750,-0.30,0.6357,0.6746,0.1629,19.87,-0.57
839,1912,2,9,26,6.77,2.65,5.31,1.04,0.38,3.19,25.78,0.3532,0.2778,0.8235,-5.00,0.4030,0.4221,0.1887,7.76,-0.45
840,1915,2,4,48,17.98,5.38,3.77,1.08,0.29,1.90,31.17,0.4726,0.4146,0.8432,0.40,0.5372,0.5836,0.2388,19.73,2.84
841,1959,2,18,64,5.86,3.20,0.55,0.30,0.11,0.42,14.06,0.4348,0.3274,0.6186,-1.11,0.5268,0.5488,0.1725,14.65,-2.37
842,1960,2,19,72,5.07,4.64,0.69,0.31,0.32,0.47,11.75,0.5634,0.1000,0.6667,-0.19,0.5653,0.5908,0.1714,23.22,3.30
843,1964,2,16,69,11.81,3.88,2.67,0.51,0.25,1.46,23.70,0.4392,0.3603,0.8034,-1.23,0.5157,0.5430,0.2364,15.95,0.53
844,1978,2,26,71,16.56,4.70,3.62,0.89,0.42,1.83,34.26,0.4063,0.3911,0.8462,-0.79,0.5484,0.5666,0.2077,13.80,-0.21
845,1991,2,21,31,5.32,0.94,1.39,0.39,0.06,0.39,11.90,0.5083,0.3860,0.8400,-0.52,0.6000,0.6298,0.1707,15.78,0.34
846,1991,2,23,16,6.00,2.00,1.88,0.69,0.19,1.19,18.93,0.4416,0.3913,0.7600,0.44,0.5000,0.5455,0.1557,10.21,-3.57
847,1996,2,1,72,4.40,2.97,1.04,0.69,0.15,0.58,21.03,0.3591,0.3208,0.7609,0.35,0.4732,0.4981,0.1040,7.24,-5.73
848,2006,2,7,46,0.89,0.20,0.17,0.15,0.04,0.11,2.02,0.3571,0.2105,0.7000,-1.17,0.4048,0.4418,0.2449,9.65,-0.62
849,2010,2,21,23,5.04,2.83,1.04,0.57,0.22,0.74,13.90,0.5000,0.0000,0.6829,-2.70,0.5000,0.5470,0.1575,15.03,-1.35
850,2023,2,12,71,6.69,1.25,1.73,0.65,0.18,0.93,16.56,0.3899,0.3681,0.8193,0.04,0.4667,0.5026,0.1960,9.33,-2.40
851,2024,2,17,63,16.60,4.25,5.67,1.52,0.59,2.02,30.27,0.5030,0.3922,0.7868,6.02,0.5705,0.5924,0.2222,21.24,7.04
852,2025,2,12,72,10.50,3.56,1.65,1.03,0.57,0.75,30.33,0.4128,0.3819,0.7882,-0.63,0.5512,0.5707,0.1404,10.93,-3.45
853,2034,2,25,21,1.29,1.24,0.62,0.10,0.19,0.10,5.11,0.5000,0.0000,0.5625,-0.33,0.5000,0.5391,0.1085,14.00,2.68
854,2035,2,26,65,13.37,7.75,1.55,0.60,1.48,1.15,27.41,0.6365,0.1818,0.7941,0.14,0.6383,0.6687,0.1757,21.54,1.66
855,2048,2,25,39,4.62,1.87,1.21,0.51,0.10,0.79,18.63,0.3632,0.2976,0.7500,-2.33,0.4254,0.4363,0.1423,5.04,-6.43
856,2048,2,28,25,2.64,1.20,0.24,0.16,0.12,0.20,8.66,0.3559,0.3103,0.9375,-1.60,0.4322,0.4997,0.1431,8.17,-6.16
857,2057,2,21,33,12.06,5.70,2.85,0.76,0.79,0.88,23.69,0.4500,0.3684,0.8182,-3.06,0.5278,0.5383,0.2244,20.34,5.72
858,2064,2,14,70,8.36,2.41,2.59,0.90,0.30,1.50,18.63,0.4581,0.2824,0.7752,0.20,0.4959,0.5359,0.2180,13.67,0.76
859,2068,2,11,56,5.63,2.36,1.23,0.36,0.29,0.64,16.65,0.4044,0.3462,0.6508,-3.96,0.5037,0.5255,0.1538,10.41,-3.19
860,2074,2,23,71,6.79,8.17,0.86,0.42,0.87,1.58,16.84,0.5875,0.2500,0.5762,-0.93,0.5957,0.6095,0.1837,21.64,1.50
861,2079,2,8,65,1.62,0.32,0.28,0.06,0.02,0.28,3.15,0.3774,0.2769,0.7778,-1.08,0.4623,0.4774,0.2731,7.03,-4.90
862,2092,2,1,70,11.74,3.30,3.44,1.17,0.26,1.13,30.37,0.4323,0.3627,0.7813,1.01,0.5280,0.5414,0.1723,12.00,-0.20
863,2098,2,29,43,0.72,0.21,0.14,0.02,0.02,0.14,1.49,0.3333,0.3478,0.7500,-0.86,0.4667,0.4880,0.2568,11.26,-3.20
864,2114,2,1,24,14.33,4.58,1.83,0.79,0.50,1.21,28.24,0.4839,0.3263,0.8588,3.50,0.5464,0.6027,0.1972,15.89,-1.31
865,2128,2,5,22,0.59,0.91,0.18,0.05,0.00,0.23,2.88,0.2778,0.3333,1.0000,0.50,0.3056,0.3443,0.1621,6.07,-5.49
866,2128,2,30,29,3.24,2.00,0.45,0.38,0.17,0.52,9.73,0.4000,0.3684,0.8261,-2.38,0.4412,0.4941,0.1611,11.06,-3.87
867,2133,2,13,42,10.81,6.55,1.76,0.21,1.12,1.05,22.73,0.5096,0.3391,0.8113,3.74,0.5630,0.5846,0.2010,20.37,2.43
868,2135,2,16,72,3.82,3.07,1.97,0.79,0.49,0.93,18.59,0.3831,0.3297,0.6579,-1.14,0.5040,0.5194,0.1125,10.83,-1.40
869,2138,2,29,35,1.86,0.83,0.11,0.29,0.09,0.23,4.21,0.3889,0.4390,1.0000,0.43,0.5556,0.5783,0.1893,9.73,-3.69
870,2141,2,29,67,12.07,3.64,4.75,0.67,0.18,1.75,27.86,0.4893,0.4507,0.8444,6.78,0.6521,0.6724,0.1669,16.84,2.67
871,2144,2,19,62,23.39,4.82,4.77,0.68,0.58,2.48,33.75,0.4659,0.3813,0.8781,0.69,0.5309,0.5838,0.2836,20.74,3.79
872,2148,2,3,55,26.38,4.67,5.89,1.38,0.67,2.36,34.30,0.5055,0.4021,0.9220,4.16,0.5755,0.6138,0.3051,24.69,7.81
874,2155,2,7,42,1.17,1.05,0.24,0.21,0.07,0.14,6.85,0.3269,0.1304,0.8571,-1.07,0.3558,0.4213,0.0997,5.73,-6.60
875,2155,2,19,28,1.79,1.64,0.29,0.21,0.04,0.46,8.98,0.3400,0.1111,0.8235,-1.75,0.3600,0.4349,0.1164,5.66,-8.22
876,2163,2,9,49,7.96,1.76,0.73,0.31,0.02,0.69,15.06,0.4573,0.4067,0.8133,-0.27,0.5614,0.5982,0.2146,13.08,-4.31
877,2170,2,9,65,12.74,3.91,2.20,0.82,0.72,2.18,23.99,0.4187,0.2996,0.7294,-1.86,0.4731,0.5156,0.2661,12.75,-1.55
879,2171,2,21,49,4.82,1.45,1.04,0.31,0.04,0.63,11.11,0.4057,0.3063,0.8571,-0.94,0.4858,0.5189,0.2071,11.88,-2.18
880,2183,2,13,71,10.07,2.70,2.89,0.58,0.10,1.04,21.75,0.4496,0.4326,0.8171,3.46,0.5538,0.5756,0.2009,14.29,1.06
881,2190,2,15,11,14.36,5.64,1.09,1.09,1.64,1.36,23.49,0.4240,0.2833,0.8333,-5.82,0.4920,0.5506,0.2608,17.60,1.87
882,2204,2,26,72,1.93,0.42,0.31,0.11,0.04,0.21,4.31,0.4685,0.3684,0.5833,-0.78,0.5315,0.5479,0.1975,11.09,-3.83
883,2205,2,14,45,25.02,7.69,7.78,1.07,0.56,3.73,33.42,0.5128,0.3649,0.6980,6.38,0.5759,0.6020,0.3197,28.44,11.11
884,2207,2,3,13,7.69,2.46,4.15,0.46,0.08,1.54,18.15,0.3696,0.3548,0.7778,1.54,0.4293,0.4813,0.2342,15.18,5.51
885,2229,2,11,20,3.20,2.10,0.80,0.40,0.30,0.30,13.06,0.4127,0.2821,1.0000,-4.00,0.5000,0.5044,0.1123,9.11,-3.37
886,2229,2,26,25,2.52,1.16,0.24,0.28,0.16,0.32,9.27,0.4211,0.3214,0.8571,0.96,0.5000,0.5243,0.1274,6.73,-7.29
887,2241,2,21,37,9.54,2.46,3.24,0.54,0.16,1.27,21.30,0.4460,0.4226,0.7647,-3.65,0.5697,0.5845,0.1854,14.19,1.42
888,2245,2,23,68,2.25,0.53,0.29,0.18,0.06,0.16,5.63,0.3609,0.3679,0.7500,0.03,0.5075,0.5329,0.1749,8.44,-4.42
889,2249,2,3,25,3.76,3.60,0.56,0.20,0.20,0.36,7.54,0.5882,0.1667,1.0000,-0.72,0.5956,0.6375,0.1918,28.77,6.60
890,2259,2,24,60,9.55,3.32,1.43,0.62,0.27,0.67,23.96,0.4203,0.3493,0.8475,2.85,0.5414,0.5629,0.1716,12.22,-2.78
891,2288,2,7,37,4.49,2.32,1.35,0.65,0.62,0.73,13.62,0.4621,0.2500,0.5862,-1.19,0.5138,0.5261,0.1625,12.48,0.16
892,2288,2,19,25,8.08,3.64,1.92,0.72,0.76,1.12,21.56,0.4341,0.2667,0.5957,-3.36,0.4780,0.4983,0.1779,11.53,-0.95
893,2292,2,27,69,12.77,5.97,1.75,0.58,0.35,1.13,28.52,0.4794,0.3315,0.7398,-2.49,0.5220,0.5567,0.1924,15.45,-1.43
894,2315,2,28,72,3.71,2.13,1.24,0.72,0.25,0.75,13.97,0.3820,0.3285,0.8000,-2.19,0.4785,0.5191,0.1346,9.05,-2.74
895,2320,2,3,61,3.44,1.26,0.77,0.23,0.00,0.28,11.21,0.3934,0.3636,0.8571,0.77,0.5246,0.5462,0.1343,8.99,-4.44
896,2327,2,8,72,26.36,10.83,8.32,1.32,0.67,3.08,34.55,0.5661,0.3882,0.8680,5.33,0.6017,0.6472,0.2969,34.08,15.28
897,2343,2,14,9,4.78,2.89,0.11,0.11,0.78,0.56,12.40,0.9412,,0.9167,-1.00,0.9412,0.9650,0.1071,15.54,-5.10
898,2343,2,24,24,0.92,0.75,0.17,0.04,0.21,0.25,3.90,0.5000,0.0000,0.5455,-1.50,0.5000,0.5278,0.1303,5.54,-7.08
899,2343,2,26,21,5.62,3.67,1.14,0.43,0.81,0.71,16.21,0.6571,0.2500,0.7143,-1.05,0.6643,0.6909,0.1293,17.03,-0.40
900,2372,2,11,35,4.34,1.46,1.11,0.17,0.03,0.80,8.78,0.4123,0.3594,0.6140,-2.46,0.5132,0.5464,0.2315,13.93,-0.87
902,2384,2,27,65,1.45,0.32,0.60,0.12,0.00,0.20,4.13,0.4744,0.6000,0.8947,-1.28,0.4936,0.5442,0.1619,12.26,-0.33
903,2385,2,15,72,6.14,1.94,3.60,0.89,0.08,0.67,16.98,0.4310,0.3214,0.9111,-1.18,0.4855,0.5106,0.1669,17.04,7.20
904,2393,2,25,68,5.82,3.01,0.69,0.54,0.79,0.47,19.38,0.4836,0.3162,0.6484,-0.94,0.5543,0.5755,0.1234,10.86,-4.04
905,2395,2,3,71,6.00,6.01,1.31,0.24,0.92,1.20,17.55,0.7631,0.0000,0.5000,-0.59,0.7631,0.7358,0.1317,21.00,0.71
906,2406,2,9,25,9.12,2.40,4.20,0.88,0.36,1.40,20.08,0.5057,0.3684,0.8780,0.16,0.5455,0.5875,0.2011,18.04,6.10
907,2406,2,26,44,6.57,2.25,2.45,0.89,0.20,1.00,21.46,0.4440,0.3298,0.7660,-4.50,0.5060,0.5338,0.1426,9.57,-1.84
908,2413,2,6,21,3.24,2.19,0.57,0.29,0.48,0.43,8.87,0.4211,0.2813,0.7857,-3.52,0.5000,0.5383,0.1712,15.16,0.12
909,2413,2,13,43,0.63,0.33,0.12,0.05,0.07,0.14,2.17,0.2813,0.2222,0.8333,-0.42,0.3438,0.3897,0.1941,1.33,-6.99
911,2420,2,24,67,4.63,2.81,1.18,0.21,0.25,0.33,10.66,0.4708,0.3647,0.6167,0.84,0.5311,0.5469,0.1914,18.12,3.79
912,2453,2,13,71,7.32,2.27,1.46,0.32,0.13,0.68,17.36,0.4758,0.4464,0.8387,-0.35,0.5966,0.6080,0.1724,13.03,-2.25
913,2495,2,26,7,6.29,2.57,1.29,1.00,0.43,0.57,12.19,0.5000,0.3636,1.0000,-0.43,0.5588,0.6004,0.2068,20.93,5.44
914,2511,2,7,60,5.88,4.33,1.13,0.40,0.58,0.50,22.35,0.4218,0.4104,0.9189,2.27,0.5800,0.6059,0.1069,11.61,-3.35
915,2524,2,1,62,2.00,1.16,0.13,0.15,0.16,0.24,4.50,0.3700,0.1818,0.8000,-0.27,0.4000,0.4992,0.2181,14.83,-2.00
916,2532,2,20,72,2.26,0.85,0.26,0.17,0.08,0.24,6.45,0.3916,0.3933,0.8000,-0.46,0.5140,0.5369,0.1632,8.91,-5.47
917,2541,2,15,72,2.56,1.78,0.65,0.42,0.13,0.25,7.99,0.5000,0.3750,0.8333,0.22,0.5761,0.6085,0.1249,16.36,0.79
918,2544,2,23,61,8.21,1.85,1.34,0.80,0.15,0.75,17.40,0.4009,0.3755,0.7317,2.34,0.5200,0.5445,0.2063,12.54,-1.58
919,2546,2,2,28,2.86,1.86,0.71,0.07,0.89,0.21,9.06,0.4730,0.2500,0.5000,1.57,0.5338,0.5342,0.1380,15.81,1.95
920,2546,2,5,40,0.65,0.38,0.10,0.05,0.18,0.03,2.35,0.3333,0.2609,0.5000,0.23,0.4444,0.4520,0.1370,12.35,-1.13
922,2579,2,11,24,0.54,0.46,0.17,0.25,0.17,0.38,3.13,0.2381,0.1333,0.5000,-0.08,0.2857,0.2971,0.1753,2.59,-7.56
924,2582,2,14,70,12.49,5.96,1.81,0.50,0.59,1.61,27.92,0.4425,0.3605,0.6907,-0.04,0.5330,0.5465,0.2041,14.77,-1.86
925,2591,2,5,58,27.43,4.98,4.86,0.79,0.47,3.50,35.07,0.5067,0.4193,0.8490,-0.16,0.5957,0.6343,0.3107,22.72,2.97
926,2599,2,11,38,3.50,1.84,0.61,0.16,0.13,0.50,10.93,0.3898,0.3239,0.8571,-2.34,0.4873,0.5226,0.1498,9.33,-5.09
927,2601,2,12,38,9.55,3.45,1.39,0.89,0.61,0.58,20.14,0.4348,0.4063,0.9467,-0.37,0.5290,0.5874,0.1855,16.11,0.81
928,2617,2,2,22,2.55,1.59,0.59,0.27,0.23,0.45,12.85,0.3559,0.2778,0.7500,-3.05,0.3983,0.4356,0.1139,5.16,-7.15
929,2642,2,18,71,3.25,0.94,0.39,0.41,0.27,0.37,8.84,0.4946,0.2949,0.7027,-1.14,0.5571,0.5767,0.1520,11.50,-4.17
930,2644,2,3,12,18.50,4.33,6.00,1.08,0.50,2.17,27.80,0.4350,0.3492,0.7647,3.75,0.4900,0.5164,0.3060,21.24,9.49
931,2644,2,12,36,20.17,4.50,4.81,1.47,0.67,2.11,31.99,0.4430,0.3179,0.8219,-1.39,0.4935,0.5352,0.2750,18.95,5.21
934,2656,2,10,60,6.22,3.00,1.22,0.63,0.13,0.50,17.98,0.4672,0.3969,0.9091,0.68,0.6077,0.6357,0.1280,13.15,-2.16
935,2667,2,9,59,4.53,1.64,2.95,0.54,0.22,0.93,13.23,0.4714,0.3478,0.6854,-1.51,0.4905,0.5358,0.1714,14.74,5.42
936,2673,2,28,10,1.60,1.10,0.30,0.10,0.60,0.80,7.58,0.5000,0.5000,0.5000,-2.30,0.6500,0.6329,0.1164,5.86,-9.45
937,2673,2,30,61,6.67,4.08,0.75,0.31,0.95,0.77,14.80,0.6194,0.2632,0.6364,-1.21,0.6287,0.6432,0.1675,19.20,0.34
938,2677,2,13,58,22.28,5.81,4.64,1.40,0.36,1.81,30.56,0.5121,0.3976,0.8847,7.69,0.5677,0.6225,0.2895,26.76,7.95
940,2701,2,19,69,4.97,1.03,1.80,0.55,0.14,0.49,13.11,0.3858,0.3333,0.8431,0.33,0.4451,0.4771,0.1844,9.81,0.70
941,2707,2,25,70,27.54,4.04,7.21,0.89,0.24,2.90,34.26,0.4513,0.3906,0.9277,2.83,0.5543,0.6232,0.3153,25.44,8.66
942,2711,2,25,57,3.86,2.25,0.40,0.09,0.23,0.32,11.24,0.4671,0.3500,0.8000,-0.70,0.5509,0.5889,0.1377,12.41,-4.29
943,2738,2,10,71,3.54,4.54,1.68,0.30,0.31,0.52,16.35,0.5482,0.2353,0.6458,1.83,0.5584,0.5754,0.0943,14.04,0.40
944,2739,2,17,72,11.93,4.82,0.69,0.56,1.43,0.89,26.41,0.5031,0.3381,0.8451,4.33,0.5773,0.6114,0.1693,15.80,-2.38
945,2742,2,30,71,9.04,3.83,0.77,0.21,0.62,1.06,19.07,0.6329,0.2778,0.7226,-0.18,0.6388,0.6615,0.1720,17.36,-3.35
946,2747,2,19,6,1.33,0.50,0.50,0.33,0.00,0.50,9.40,0.2308,0.2500,,-1.83,0.3077,0.3077,0.1159,-1.24,-10.20
947,2750,2,6,29,10.52,6.41,2.17,0.55,0.07,1.31,21.45,0.4087,0.3654,0.8235,-2.48,0.5218,0.5557,0.2229,19.98,2.77
948,2756,2,28,49,16.14,5.04,6.90,0.92,0.29,2.57,32.68,0.4362,0.3958,0.8750,-0.12,0.5461,0.5935,0.2157,17.95,5.85
949,2772,2,3,69,5.36,1.87,1.00,0.48,0.09,0.62,15.22,0.3652,0.3138,0.8140,-0.38,0.4705,0.4934,0.1741,7.85,-4.38
950,2774,2,27,45,2.56,1.91,0.31,0.13,0.02,0.13,7.95,0.4778,0.3500,0.6522,-2.40,0.5556,0.5743,0.1298,14.92,-2.65
952,2813,2,6,12,2.50,1.50,0.33,0.17,0.33,0.25,6.37,0.5556,0.0000,0.9091,-1.50,0.5556,0.6567,0.1489,18.12,-0.37
953,2815,2,21,71,9.27,2.97,3.20,0.79,0.15,1.99,25.04,0.3681,0.3355,0.7481,-8.75,0.4536,0.4886,0.1958,9.71,-2.08
954,2825,2,22,31,0.35,0.45,0.13,0.00,0.06,0.10,2.85,0.2308,0.5000,0.8000,-0.71,0.2692,0.3618,0.0895,3.00,-8.20
955,2828,2,13,71,6.65,3.41,1.46,0.41,0.18,0.56,17.79,0.5086,0.4176,0.8298,0.44,0.5629,0.6030,0.1525,14.27,-1.03
956,2833,2,10,45,2.73,1.02,1.56,0.36,0.02,0.69,8.08,0.3421,0.3667,0.8214,-1.69,0.4386,0.4869,0.1862,11.43,2.15
957,2845,2,7,72,2.17,1.78,0.14,0.03,0.08,0.17,3.77,0.5082,0.1250,0.8158,0.32,0.5123,0.5623,0.2470,25.53,3.83
958,2846,2,5,52,13.37,5.15,0.87,0.50,0.29,1.00,25.33,0.4798,0.4020,0.8261,-0.92,0.5940,0.6189,0.2029,17.11,-2.38
959,2855,2,19,52,4.73,2.85,1.69,0.50,0.19,0.73,13.46,0.3923,0.3494,0.7067,-0.54,0.4617,0.5083,0.1683,14.27,1.72
960,2863,2,4,72,3.67,1.96,0.93,0.51,0.17,0.46,11.37,0.3750,0.2480,0.6406,-1.39,0.4355,0.4645,0.1679,10.94,-1.30
961,2865,2,4,64,3.23,2.52,1.34,0.58,0.19,0.63,13.27,0.4415,0.2759,0.5814,-0.06,0.4840,0.5002,0.1264,12.29,-0.90
962,2874,2,6,11,2.00,0.64,0.36,0.45,0.18,0.55,6.83,0.2727,0.2500,0.2000,-2.36,0.3182,0.3125,0.2377,3.37,-5.90
963,2875,2,11,50,8.38,4.84,0.96,0.60,0.82,0.76,21.35,0.5094,0.3646,0.7143,-5.66,0.5645,0.5902,0.1565,15.95,-1.28
964,2876,2,12,72,2.18,1.08,0.24,0.14,0.14,0.22,4.48,0.4493,0.4000,0.9000,1.31,0.5362,0.5513,0.2100,15.68,-0.47
965,2890,2,22,4,6.25,3.00,3.00,0.00,0.00,1.25,19.83,0.3750,0.4000,0.7143,-4.75,0.4167,0.4616,0.1722,9.32,-1.18
966,2895,2,30,69,5.13,1.26,0.38,0.42,0.10,0.14,15.05,0.4093,0.3838,0.8842,-1.96,0.5696,0.6349,0.1156,8.16,-6.52
967,2897,2,23,14,3.43,0.50,0.93,0.07,0.21,0.07,8.82,0.3958,0.3077,0.3333,-2.21,0.4792,0.4739,0.1761,9.42,-0.72
968,2901,2,14,70,3.99,1.33,0.77,0.54,0.24,0.37,16.14,0.3532,0.3350,0.8537,0.54,0.4841,0.5166,0.1145,6.49,-6.09
969,2904,2,23,72,6.78,1.44,1.67,0.36,0.18,0.57,13.00,0.4615,0.3010,0.8714,-0.72,0.4977,0.5307,0.2316,14.81,1.82
970,2918,2,1,64,1.94,0.55,0.47,0.22,0.03,0.14,4.21,0.4490,0.3500,0.8800,0.20,0.5204,0.5688,0.1916,16.33,2.04
972,2951,2,25,70,15.53,2.64,3.19,0.63,0.30,0.93,22.85,0.4581,0.4024,0.8120,2.96,0.5537,0.5766,0.2716,20.08,5.05
973,2954,2,12,72,8.28,3.56,6.33,1.78,0.32,1.88,24.94,0.5592,0.3125,0.6875,0.97,0.5745,0.5830,0.1539,19.26,9.06
974,2968,2,18,70,6.10,3.31,1.01,0.50,0.86,0.67,21.58,0.4469,0.3636,0.6000,-1.47,0.5450,0.5520,0.1210,9.15,-4.36
975,2969,2,4,62,5.58,2.73,0.85,0.45,0.31,0.73,14.58,0.4683,0.3333,0.7031,-2.90,0.5299,0.5542,0.1716,12.22,-3.01
976,2972,2,12,67,13.42,3.30,1.27,0.30,0.09,0.79,24.17,0.5323,0.3881,0.8163,-0.72,0.6158,0.6348,0.2020,16.04,-2.72
977,2973,2,15,40,0.98,0.48,0.10,0.05,0.08,0.10,3.94,0.3939,0.2273,1.0000,-1.43,0.4697,0.5340,0.1093,7.77,-7.48
978,2983,2,6,43,6.16,3.95,0.77,0.37,0.93,1.05,11.70,0.5209,0.2500,0.6545,-2.51,0.5326,0.5539,0.2466,20.02,2.33
979,2983,2,8,27,2.67,2.56,0.22,0.11,0.52,0.56,6.50,0.4776,0.0000,0.6667,0.70,0.4776,0.4981,0.2170,14.22,-1.02
980,2992,2,9,45,2.02,0.49,0.36,0.18,0.02,0.16,4.30,0.5286,0.4583,0.7500,-0.38,0.6071,0.6189,0.1835,15.39,-0.99
981,3010,2,14,71,1.72,0.76,0.08,0.10,0.00,0.07,3.64,0.5161,0.4103,0.5556,0.10,0.6022,0.6044,0.1792,14.85,-2.97
982,3012,2,18,54,4.74,2.00,3.57,0.94,0.11,0.94,17.37,0.4132,0.3587,0.7667,-2.46,0.4814,0.5016,0.1371,13.95,4.76
983,3013,2,11,44,5.41,1.50,0.64,0.45,0.07,0.64,12.20,0.3571,0.3313,0.7188,-2.07,0.4799,0.4998,0.2123,8.35,-4.62
984,3013,2,14,21,8.00,1.62,0.52,0.14,0.29,0.67,17.51,0.3901,0.3684,0.7619,-0.38,0.5390,0.5591,0.1957,7.88,-6.75
985,3053,2,7,29,3.14,2.24,0.66,0.17,0.07,0.17,11.20,0.3780,0.3333,0.7222,0.03,0.4756,0.5060,0.1294,10.11,-3.08
986,3053,2,19,43,1.00,1.33,0.58,0.21,0.02,0.16,5.61,0.2542,0.1892,0.8571,0.53,0.3136,0.3463,0.1222,8.06,-0.52
987,3055,2,15,60,7.87,2.68,2.20,1.00,0.52,1.10,17.42,0.4377,0.4123,0.8039,1.98,0.5483,0.5681,0.1955,16.06,2.65
988,3066,2,17,60,1.48,0.50,0.35,0.13,0.02,0.17,3.87,0.4444,0.4468,1.0000,-0.63,0.5903,0.6033,0.1508,12.35,-2.02
989,3068,2,26,46,4.91,2.43,0.61,0.30,0.39,0.63,10.62,0.5084,0.3514,0.7209,-1.26,0.5447,0.5709,0.2018,15.53,-1.30
990,3075,2,17,70,19.79,5.80,5.29,1.06,0.13,2.54,32.41,0.4758,0.4137,0.8983,4.13,0.5461,0.5879,0.2513,20.56,4.74
991,3097,2,21,51,1.43,0.47,0.41,0.25,0.10,0.16,3.86,0.4583,0.4048,1.0000,0.73,0.6354,0.6851,0.1354,15.83,1.26
992,3113,2,27,71,10.37,1.63,2.28,0.59,0.04,0.93,23.73,0.4124,0.3753,0.9103,0.38,0.5442,0.5703,0.1841,11.42,-2.45
993,3116,2,8,61,8.23,4.30,1.61,0.84,0.59,0.84,19.06,0.4763,0.3427,0.7245,1.67,0.5374,0.5652,0.1860,17.02,1.68
994,3117,2,23,66,12.38,2.24,2.92,0.59,0.27,1.56,22.13,0.4498,0.3498,0.8295,1.98,0.5030,0.5487,0.2514,14.42,0.56
995,3132,2,29,53,26.43,4.43,5.23,0.98,0.28,2.77,33.42,0.4381,0.3861,0.8449,5.42,0.5197,0.5695,0.3358,21.37,5.22
996,3152,2,5,37,0.41,0.14,0.14,0.05,0.03,0.14,1.52,0.3684,0.1000,0.0000,-0.22,0.3947,0.3858,0.1889,3.47,-6.78
997,3159,2,4,57,8.60,1.77,1.53,0.33,0.07,0.96,15.41,0.4336,0.4009,0.8194,0.58,0.5401,0.5689,0.2381,14.63,-1.18
998,3173,2,24,72,1.85,0.63,0.56,0.21,0.07,0.32,5.40,0.4545,0.3143,0.8571,0.10,0.5000,0.5230,0.1729,10.46,-2.49
999,3184,2,15,63,19.11,4.00,7.38,0.90,0.21,3.22,32.58,0.4493,0.3029,0.7285,1.71,0.4875,0.5372,0.2733,19.26,6.39
1000,3188,2,29,53,0.66,0.53,0.17,0.08,0.02,0.08,2.78,0.4667,0.3077,0.4286,-2.02,0.5333,0.5290,0.1087,8.14,-4.25
1001,3196,2,14,71,5.73,3.75,1.03,0.31,0.27,0.76,16.91,0.4048,0.3110,0.7200,0.30,0.4907,0.5088,0.1652,11.57,-2.92
1002,3198,2,8,48,8.00,1.56,2.48,0.58,0.23,0.60,19.54,0.4871,0.3619,0.8148,1.29,0.5484,0.5753,0.1691,14.50,0.80
1003,3201,2,13,65,11.77,3.60,0.89,0.52,0.23,0.88,23.11,0.4726,0.4730,0.8202,2.05,0.5925,0.6138,0.2020,14.38,-3.44
1004,3222,2,10,72,4.68,0.83,0.36,0.17,0.17,0.22,10.63,0.4491,0.3972,0.6364,0.89,0.6094,0.6134,0.1628,10.31,-5.42
1005,3246,2,27,70,15.01,6.76,5.19,1.44,0.10,1.67,30.56,0.4528,0.3166,0.7910,1.26,0.4851,0.5087,0.2344,19.60,6.84
1006,3248,2,8,49,20.78,3.96,4.71,1.31,0.27,2.20,34.77,0.4773,0.4082,0.8693,6.14,0.5587,0.5923,0.2491,18.37,2.57
1007,3258,2,21,59,5.75,2.24,0.47,0.14,0.19,0.36,10.94,0.4457,0.3696,0.9167,0.29,0.5730,0.5993,0.2030,15.93,-1.66
1008,3264,2,9,37,6.73,2.00,1.54,0.73,0.16,1.05,17.15,0.3767,0.3333,0.8000,-0.81,0.5045,0.5271,0.1904,11.00,-2.59
1009,3264,2,21,33,9.39,2.70,1.61,0.73,0.18,1.48,20.92,0.4382,0.3357,0.7000,-6.03,0.5230,0.5312,0.2043,12.24,-3.39
1010,3270,2,24,37,4.32,1.68,0.51,0.27,0.24,0.51,9.60,0.4914,0.4186,0.7568,0.76,0.5690,0.6048,0.1901,14.20,-2.91
1011,3277,2,6,44,7.43,5.34,2.43,1.39,0.39,1.25,24.81,0.4706,0.3596,0.6122,-3.09,0.5460,0.5570,0.1416,14.99,0.53
1012,3310,2,2,71,3.07,1.79,0.32,0.21,0.13,0.32,9.42,0.4382,0.3704,0.7857,-0.10,0.5506,0.5727,0.1382,9.39,-5.28
1013,3313,2,30,66,8.44,2.36,2.21,1.11,0.09,0.80,21.26,0.4676,0.3902,0.8824,-0.32,0.5391,0.5749,0.1592,13.31,-0.27
1014,3326,2,29,72,6.94,2.44,0.82,0.35,0.11,0.71,16.03,0.4370,0.4247,0.9565,4.90,0.5901,0.6022,0.1753,11.30,-4.33
1015,3340,2,8,68,2.00,0.96,0.15,0.12,0.06,0.10,5.84,0.4808,0.4068,0.8000,-1.21,0.5962,0.6148,0.1294,11.60,-5.07
1016,3345,2,20,68,4.76,5.99,0.68,1.03,2.07,0.96,22.74,0.6143,0.0000,0.7143,-0.03,0.6143,0.6383,0.0925,14.76,-1.46
1017,3365,2,18,59,6.42,1.61,1.05,0.37,0.20,0.47,12.87,0.4239,0.3333,0.8182,-1.68,0.4985,0.5276,0.2150,12.57,-0.87
1018,3369,2,20,55,1.62,0.56,0.35,0.33,0.07,0.20,5.85,0.3671,0.4792,0.4444,-0.62,0.5127,0.5120,0.1369,5.50,-5.01
1019,3370,2,16,70,11.66,2.56,2.11,0.74,0.20,1.14,23.58,0.4848,0.3813,0.9333,-0.10,0.5775,0.5961,0.2110,14.43,-1.40
1021,3372,2,25,68,6.24,4.88,1.84,0.56,0.57,1.07,12.94,0.5135,0.4000,0.6195,1.82,0.5315,0.5539,0.2236,23.91,7.79
1022,3374,2,11,37,7.46,3.19,0.84,0.81,0.57,0.46,18.35,0.4862,0.2698,0.6912,-0.76,0.5252,0.5566,0.1662,14.32,-1.29
1023,3375,2,17,55,3.11,1.09,0.13,0.31,0.15,0.44,4.98,0.4593,0.4516,0.7600,-0.05,0.5630,0.5856,0.2595,18.08,-1.92
1024,3394,2,29,71,6.99,6.83,2.55,0.80,0.45,1.17,31.56,0.4442,0.3849,0.8478,6.63,0.5799,0.5987,0.0963,11.93,-2.32
1025,3411,2,2,66,3.94,2.23,0.56,0.26,0.00,0.32,14.39,0.4027,0.3671,0.7500,0.08,0.5339,0.5530,0.1168,9.15,-5.83
1026,3413,2,9,43,3.37,1.53,0.30,0.14,0.12,0.49,8.07,0.6176,0.2222,0.7083,-1.93,0.6275,0.6441,0.1688,13.40,-5.56
1027,3415,2,22,50,6.98,3.62,2.02,0.96,0.44,0.76,22.65,0.4167,0.3475,0.7500,-3.64,0.4923,0.5108,0.1460,13.03,-0.49
1028,3417,2,18,62,5.10,2.52,1.02,0.87,0.45,0.69,19.30,0.4016,0.2685,0.7685,-3.10,0.4587,0.5240,0.1214,8.42,-4.62
1029,3418,2,1,58,3.93,2.81,0.31,0.40,0.57,0.50,10.37,0.6443,0.0000,0.6316,-1.53,0.6443,0.6549,0.1485,15.94,-1.79
1030,3419,2,6,67,9.64,3.07,1.91,0.93,0.36,1.28,32.43,0.4204,0.2897,0.7261,-6.09,0.4758,0.5143,0.1447,7.28,-5.93
1031,3420,2,16,61,1.51,1.11,0.31,0.16,0.18,0.25,7.33,0.3750,0.2400,0.5333,-1.10,0.4375,0.4483,0.1195,4.93,-6.60
1032,3422,2,11,26,16.31,3.65,3.81,0.92,0.38,1.96,25.74,0.4068,0.3203,0.7831,-3.04,0.4711,0.5078,0.2985,16.84,3.87
1033,3422,2,12,10,18.00,5.10,3.80,1.50,0.20,1.80,29.96,0.4211,0.3623,0.7297,2.20,0.5033,0.5348,0.2697,17.83,3.86
1034,3422,2,16,7,6.86,2.00,2.00,1.00,0.29,2.00,15.90,0.3721,0.2353,0.6667,-2.00,0.4186,0.4713,0.2687,8.92,-2.62
1035,3432,2,11,4,10.75,5.25,1.25,0.50,1.00,0.75,21.85,0.5758,0.3077,0.2500,-2.75,0.6364,0.6185,0.1848,18.29,0.88
1036,3439,2,11,28,18.32,8.14,4.00,1.39,0.57,2.54,30.01,0.5452,0.3920,0.8444,-5.86,0.6215,0.6743,0.2283,24.90,5.46
1037,3439,2,16,45,9.60,5.80,2.02,0.89,0.58,1.22,25.71,0.4309,0.3169,0.7750,1.42,0.5332,0.5488,0.1748,13.73,-0.50
1038,3442,2,29,72,1.46,1.17,0.39,0.15,0.11,0.22,7.21,0.3535,0.3409,0.8333,1.28,0.5051,0.5165,0.0984,6.38,-5.77
1039,3451,2,6,72,8.51,2.79,2.42,0.74,0.13,1.11,20.98,0.3737,0.3056,0.8000,-4.49,0.4582,0.4882,0.2060,11.02,-0.49
1040,3457,2,13,53,1.02,0.91,0.19,0.08,0.13,0.17,3.04,0.4231,0.2000,0.7500,0.19,0.4327,0.4714,0.1842,12.76,-0.86
1041,3458,2,10,68,12.49,4.84,1.07,0.84,0.62,1.03,24.82,0.4392,0.3158,0.6949,-2.79,0.5014,0.5294,0.2216,15.13,-1.33
1042,3499,2,2,16,4.00,2.25,0.63,0.06,0.25,0.44,8.64,0.5417,0.2000,0.7692,0.56,0.5625,0.5957,0.1879,19.17,0.20
1044,3509,2,10,58,6.57,2.21,0.88,0.21,0.12,0.74,11.98,0.4966,0.3333,0.7128,-1.95,0.5268,0.5614,0.2363,15.41,-1.75
1046,3519,2,13,67,2.94,1.12,0.43,0.21,0.12,0.16,8.68,0.4364,0.3571,0.7647,0.34,0.5576,0.5711,0.1405,10.36,-4.02
1047,3524,2,11,20,3.50,2.45,0.70,0.60,0.70,0.20,12.34,0.4143,0.2647,0.7500,-4.05,0.4786,0.4877,0.1324,11.28,-0.10
1048,3526,2,24,72,15.96,4.33,8.64,1.38,0.26,2.17,30.55,0.4994,0.3953,0.9337,4.31,0.5575,0.5993,0.2269,22.82,12.19
1049,3536,2,24,69,7.32,2.09,3.14,0.52,0.23,0.87,15.65,0.4835,0.4398,0.8929,2.57,0.5759,0.6017,0.1990,17.97,6.22
1050,3539,2,20,64,9.98,3.38,3.17,0.73,0.14,1.61,23.20,0.4325,0.2857,0.6822,-1.53,0.4550,0.4775,0.2334,12.43,0.45
1053,3552,2,20,23,0.48,0.48,0.04,0.04,0.26,0.00,2.25,0.7143,,0.5000,1.26,0.7143,0.6980,0.0701,15.95,-0.61
1055,3568,2,3,56,1.39,1.30,0.25,0.11,0.11,0.27,3.76,0.4103,0.1905,0.7692,-0.64,0.4359,0.4658,0.2051,12.41,-0.72
1057,3620,2,9,56,10.38,9.27,3.61,0.77,0.89,1.88,26.76,0.6142,0.0000,0.6686,-2.68,0.6142,0.6380,0.1643,21.78,5.04
1058,3625,2,27,72,8.24,7.60,1.86,0.65,1.71,1.15,25.62,0.6163,,0.5081,1.51,0.6163,0.6119,0.1343,18.92,1.77
1060,3627,2,21,45,8.16,4.71,2.16,0.44,0.93,2.20,24.22,0.3407,0.2802,0.7381,-8.73,0.4118,0.4303,0.2059,9.87,-3.19
1061,3637,2,10,57,10.74,1.61,1.74,0.46,0.16,0.89,17.33,0.4325,0.3514,0.8824,0.53,0.5348,0.5814,0.2502,15.09,-0.08
1062,3644,2,15,42,0.52,0.33,0.02,0.07,0.02,0.17,1.28,0.5333,0.3750,0.6000,0.02,0.6333,0.6395,0.1908,9.17,-8.62
1063,3648,2,11,35,12.31,2.83,4.69,0.54,0.23,2.60,23.87,0.4251,0.3106,0.7340,-6.40,0.4932,0.5277,0.2544,14.54,2.37
1064,3649,2,8,61,19.05,7.30,1.15,0.66,0.89,1.26,31.35,0.5422,0.4450,0.7910,5.90,0.6463,0.6633,0.2190,21.63,0.06
1065,3650,2,5,25,9.88,5.52,2.00,0.48,0.16,1.00,21.61,0.4406,0.4000,0.8378,-2.12,0.5347,0.5658,0.1918,17.71,1.43
1066,3650,2,22,5,4.80,2.80,1.00,0.80,0.00,0.00,13.30,0.3600,0.1111,1.0000,2.20,0.3800,0.4412,0.1787,14.21,2.25
1067,3651,2,17,68,11.09,6.85,1.04,0.76,0.38,0.82,20.18,0.5234,0.4713,0.7397,2.00,0.5853,0.5983,0.2096,23.08,3.09
1068,3653,2,7,51,16.96,7.47,1.33,0.39,1.14,1.00,26.01,0.4758,0.3760,0.8551,0.16,0.5469,0.5815,0.2657,22.67,3.20
1069,3662,2,7,63,5.43,3.71,1.00,0.57,0.48,0.63,15.33,0.6186,0.2381,0.7823,1.19,0.6314,0.6880,0.1332,16.10,-0.72
1070,3666,2,25,28,16.43,3.18,1.86,1.25,0.36,1.50,33.14,0.4432,0.3605,0.8796,3.50,0.5185,0.5757,0.2037,12.83,-3.45
1071,3666,2,28,42,19.60,3.00,1.83,1.12,0.19,1.83,30.40,0.4982,0.4387,0.8650,-0.45,0.6025,0.6453,0.2431,16.78,-2.48
1072,3684,2,3,12,8.08,2.83,0.58,0.67,0.67,0.92,18.16,0.4054,0.3514,0.8889,-1.67,0.4932,0.5647,0.1884,12.32,-3.87
1073,3684,2,6,36,8.11,3.00,1.92,0.56,0.42,1.00,19.10,0.3992,0.4153,0.8367,-3.03,0.4960,0.5318,0.1985,13.16,-0.30
1074,3688,2,2,66,7.73,2.39,1.82,0.56,0.14,0.80,19.20,0.4402,0.4113,0.8889,0.61,0.5622,0.5825,0.1678,12.17,-1.71
1075,3707,2,20,64,11.42,2.14,1.98,0.47,0.19,0.91,19.43,0.3948,0.3894,0.8908,2.84,0.4966,0.5567,0.2578,14.23,0.25
1076,3731,2,26,39,1.03,0.26,0.15,0.10,0.03,0.08,2.43,0.3947,0.2632,1.0000,0.05,0.4605,0.4975,0.1981,9.99,-2.74
1077,3734,2,22,43,6.19,1.91,1.72,0.51,0.12,1.07,19.47,0.3882,0.3385,0.7917,-6.16,0.4810,0.5153,0.1589,7.93,-4.73
1078,3735,2,20,71,24.11,10.20,6.01,0.90,0.25,3.39,37.55,0.4557,0.4113,0.8112,2.15,0.5163,0.5670,0.2950,22.64,5.98
1079,3765,2,1,30,9.73,3.47,1.17,1.10,0.30,1.13,25.01,0.3650,0.2619,0.8171,-1.63,0.4278,0.4882,0.1903,9.21,-4.28
1080,3767,2,7,16,3.56,0.75,0.69,0.13,0.06,0.69,9.17,0.3585,0.3947,0.8000,2.06,0.5000,0.5163,0.1994,5.86,-7.01
1081,3767,2,19,36,7.50,1.44,1.11,0.25,0.06,0.69,16.02,0.4065,0.3643,0.9574,-0.86,0.5257,0.5753,0.1932,11.12,-4.14
1082,3772,2,23,46,1.91,1.33,0.26,0.22,0.28,0.26,3.85,0.5385,0.0000,0.5000,0.78,0.5385,0.5397,0.2300,20.79,4.37
1083,3787,2,18,72,10.89,4.47,1.00,0.47,1.06,0.96,18.70,0.5232,0.3506,0.6928,-4.06,0.5757,0.5994,0.2262,19.25,1.16
1085,3809,2,4,62,0.24,0.18,0.03,0.00,0.00,0.05,1.01,0.4444,0.0000,0.6364,-0.19,0.4444,0.5419,0.1174,6.30,-9.04
1086,3814,2,7,60,11.92,3.25,2.55,1.02,0.40,1.32,29.83,0.4272,0.3296,0.9167,-0.77,0.4984,0.5372,0.1858,11.36,-2.33
1088,3843,2,8,15,8.73,2.33,2.60,1.20,0.13,0.93,26.87,0.4182,0.3750,0.7059,3.60,0.5409,0.5575,0.1425,9.79,-2.35
1089,3843,2,20,30,5.13,1.57,1.40,0.40,0.00,0.73,14.74,0.4296,0.3636,0.7143,-1.47,0.5333,0.5455,0.1652,9.68,-3.56
1090,3848,2,3,7,0.86,2.14,0.57,0.43,0.14,0.29,8.99,0.1429,0.1250,0.5000,-2.71,0.1786,0.2016,0.1218,5.88,-3.02
1091,3871,2,16,72,13.08,3.47,1.76,0.60,0.28,1.13,31.41,0.4393,0.4078,0.8267,1.64,0.6137,0.6280,0.1669,11.02,-4.52
1092,3878,2,30,50,1.66,0.76,0.50,0.24,0.12,0.38,6.10,0.2947,0.2619,0.8000,-2.00,0.3526,0.3998,0.1683,5.19,-4.63
1093,3879,2,21,11,1.91,0.64,0.82,0.27,0.00,0.18,7.98,0.3333,0.2857,0.6000,-4.09,0.4286,0.4526,0.1171,5.23,-3.42
1094,3881,2,20,31,8.26,8.13,0.55,1.13,1.45,0.84,27.51,0.6534,,0.4906,-0.55,0.6534,0.6422,0.1166,17.25,-1.21
1095,3889,2,26,28,4.32,1.61,0.71,0.14,0.11,0.39,13.19,0.4242,0.3636,0.9130,-4.68,0.5051,0.5544,0.1390,9.58,-5.37
1096,3893,2,21,69,7.72,4.94,1.55,0.75,0.54,1.64,20.66,0.4825,0.2936,0.7436,-6.33,0.5198,0.5547,0.1778,13.75,-2.18
1097,3916,2,1,30,3.53,1.83,3.17,0.63,0.07,1.30,13.38,0.4000,0.3778,0.5000,-1.63,0.4773,0.4780,0.1624,12.78,4.20
1098,3916,2,13,22,6.18,2.50,4.73,0.82,0.09,1.82,16.71,0.4857,0.4318,1.0000,3.23,0.5762,0.6093,0.1850,18.38,8.25
1099,3918,2,9,16,13.31,1.81,3.94,1.13,0.25,1.81,21.36,0.4293,0.3333,0.8400,-4.44,0.4647,0.5170,0.2971,17.67,5.16
1100,3918,2,20,35,14.89,2.89,4.17,0.89,0.43,1.40,26.78,0.4871,0.4111,0.8831,5.83,0.5304,0.5652,0.2465,18.79,4.24
1101,3927,2,22,66,10.86,2.39,1.64,0.71,0.32,1.12,20.40,0.4123,0.3371,0.8696,-3.56,0.4846,0.5298,0.2418,13.49,-1.33
1102,3944,2,4,71,19.82,4.25,4.13,1.23,0.37,1.80,33.57,0.4497,0.3888,0.8168,-1.25,0.5476,0.5753,0.2456,18.03,2.63
1103,3945,2,18,70,8.31,3.19,6.19,1.40,0.06,1.59,25.31,0.3876,0.3084,0.8667,-2.66,0.4538,0.5160,0.1604,15.33,7.46
1104,3966,2,18,43,18.51,2.58,5.67,1.05,0.42,2.60,27.82,0.4310,0.3871,0.7651,-4.53,0.5230,0.5547,0.2925,18.95,6.09
1105,3973,2,12,63,20.00,11.78,6.59,1.21,0.52,3.38,35.42,0.5354,0.3210,0.7317,-1.44,0.5642,0.6010,0.2424,25.90,8.65
1106,3983,2,27,59,2.07,1.15,0.25,0.14,0.14,0.34,5.22,0.4476,0.2791,0.5517,-0.34,0.5048,0.5180,0.1958,10.71,-3.98
1107,3986,2,12,63,2.13,1.22,0.06,0.03,0.22,0.24,5.02,0.4956,0.2000,0.6552,0.06,0.5088,0.5328,0.1912,11.35,-4.88
1108,4006,2,24,63,5.79,2.44,0.83,0.43,0.03,0.81,11.37,0.4539,0.3727,0.8293,2.76,0.5266,0.5738,0.2312,15.23,-1.60
1109,4012,2,5,59,7.58,2.41,4.59,0.68,0.24,1.63,22.15,0.5137,0.3559,0.8481,0.00,0.5775,0.6144,0.1543,15.10,3.35
1110,4049,2,14,61,15.43,3.46,5.75,1.15,0.21,2.67,32.07,0.4368,0.3349,0.8477,1.38,0.4836,0.5427,0.2297,14.67,2.47
1111,4061,2,23,58,3.67,2.07,0.69,0.41,0.24,0.33,14.68,0.3602,0.3419,0.6667,-0.14,0.4858,0.4924,0.1199,7.53,-5.00
1112,4065,2,13,5,7.00,2.80,0.20,0.80,0.00,1.40,16.86,0.3889,0.2222,1.0000,0.40,0.4167,0.4581,0.2389,8.30,-8.07
1113,4093,2,6,68,21.47,2.75,3.85,0.91,0.15,2.46,31.10,0.4751,0.3712,0.8146,-5.54,0.5195,0.5732,0.2989,17.31,0.72
1114,4100,2,3,66,8.59,1.70,1.50,0.47,0.15,0.73,21.25,0.4079,0.3874,0.8462,0.86,0.5493,0.5782,0.1685,10.05,-4.12
1116,4137,2,28,58,20.62,6.98,4.31,1.10,0.64,2.24,34.58,0.4547,0.2967,0.8272,2.24,0.4927,0.5469,0.2666,19.21,3.70
1117,4150,2,16,30,1.00,0.83,0.20,0.03,0.17,0.30,2.76,0.6923,1.0000,0.7333,-0.03,0.7308,0.7653,0.1558,13.63,-3.60
1119,4152,2,23,59,14.05,7.07,6.80,1.58,0.59,2.93,31.81,0.5575,0.3000,0.6132,5.58,0.5600,0.5844,0.2042,20.97,7.50
1120,4162,2,25,70,7.17,2.00,1.27,0.26,0.11,0.61,15.78,0.4190,0.4255,0.8070,0.60,0.5686,0.5891,0.1831,12.05,-2.43
1121,4182,2,9,68,0.60,0.43,0.07,0.03,0.00,0.07,1.95,0.3500,0.3571,0.5000,-0.34,0.4750,0.4808,0.1579,9.40,-5.15
1122,4201,2,10,34,0.82,0.47,0.12,0.09,0.15,0.15,2.46,0.4074,0.4000,0.3333,-0.94,0.4815,0.4723,0.1793,9.29,-3.30
1123,4205,2,2,50,12.54,3.34,5.46,1.44,0.46,1.92,31.63,0.3980,0.3298,0.7901,1.86,0.4892,0.5393,0.1853,13.68,3.05
1124,4232,2,30,44,6.70,3.41,3.91,0.73,0.30,0.93,20.99,0.4343,0.3673,0.5758,1.16,0.4646,0.4735,0.1577,14.59,4.96
1125,4235,2,24,58,0.91,0.64,0.07,0.02,0.07,0.12,2.69,0.4400,0.2353,0.7143,-0.28,0.4800,0.4992,0.1721,10.57,-5.23
1126,4268,2,9,26,5.58,2.04,2.85,0.77,0.54,0.96,15.09,0.4148,0.3519,0.7000,-0.50,0.4852,0.5042,0.1917,14.84,5.39
1128,4275,2,1,50,4.98,2.24,1.18,0.26,0.22,0.42,19.84,0.5146,0.5688,1.0000,1.28,0.6959,0.7080,0.0874,9.35,-5.52
1130,4321,2,12,54,0.67,0.37,0.02,0.02,0.04,0.02,1.73,0.3023,0.2308,0.7778,0.33,0.3372,0.3833,0.2182,5.30,-4.54
1131,4339,2,6,57,2.89,1.68,0.44,0.30,0.23,0.40,8.75,0.4559,0.1600,0.7255,-2.02,0.4706,0.5207,0.1604,11.21,-3.56
1132,4344,2,9,71,7.56,6.38,0.83,0.55,1.21,0.94,20.49,0.5526,0.3333,0.6957,-0.85,0.5782,0.5974,0.1561,17.51,-0.11
1133,4382,2,16,65,3.63,0.63,0.37,0.17,0.03,0.12,7.79,0.4545,0.3378,0.6667,-0.62,0.5882,0.5973,0.1848,10.88,-4.12
1134,4390,2,12,66,6.05,1.42,0.74,0.50,0.15,0.77,13.05,0.5248,0.3977,0.8193,-0.50,0.5869,0.6263,0.1837,12.41,-4.56
1135,4422,2,11,72,11.03,5.19,2.47,1.18,0.50,1.36,28.36,0.5056,0.3077,0.6939,-2.63,0.5536,0.5756,0.1647,14.02,-0.65
1136,4424,2,2,66,25.64,7.15,4.18,1.14,0.47,2.59,34.69,0.4590,0.3856,0.8676,2.44,0.5300,0.5765,0.3109,23.24,4.80
1137,4444,2,2,42,5.55,1.36,1.74,0.62,0.17,0.93,14.67,0.4149,0.4643,0.8361,1.36,0.4840,0.5423,0.1789,11.34,-1.57
1138,4444,2,17,24,5.75,1.29,2.46,0.33,0.21,1.04,13.91,0.4688,0.3846,0.8636,-0.04,0.5208,0.5981,0.1758,15.66,1.79
1139,4449,2,5,58,7.29,2.76,2.14,0.74,0.52,1.00,26.35,0.4147,0.3350,0.8000,0.83,0.5026,0.5248,0.1315,8.44,-3.96
1140,4459,2,7,24,0.46,0.25,0.25,0.21,0.00,0.08,2.35,0.3125,0.0000,0.3333,0.00,0.3125,0.3176,0.1524,7.54,-0.72
1141,4463,2,2,42,9.45,5.24,1.60,0.60,1.02,0.98,24.45,0.5521,0.3474,0.6866,1.62,0.6094,0.6252,0.1515,15.43,-0.82
1142,4463,2,5,23,10.00,5.91,1.78,0.70,0.61,1.09,24.95,0.5225,0.2807,0.6512,-4.26,0.5674,0.5840,0.1721,16.67,-0.16
1143,4472,2,6,36,3.19,1.36,0.72,0.39,0.25,0.50,10.42,0.3663,0.2830,0.6667,-1.61,0.4406,0.4866,0.1616,8.43,-3.91
1146,4486,2,11,5,16.40,3.60,5.00,1.80,1.20,1.20,30.58,0.4848,0.3333,1.0000,2.80,0.5530,0.5860,0.2105,21.06,7.56
1147,4490,2,28,44,1.61,0.48,0.20,0.05,0.00,0.14,4.37,0.3871,0.4146,0.8571,-0.66,0.5242,0.5455,0.1604,8.84,-6.00
1148,4490,2,29,28,2.43,0.82,0.36,0.07,0.00,0.29,4.79,0.4000,0.2564,0.8571,-1.36,0.4769,0.4994,0.2484,12.40,-2.53
1149,4515,2,2,54,7.57,8.13,1.24,0.44,0.61,1.15,23.83,0.5184,0.0000,0.5917,0.44,0.5184,0.5399,0.1479,16.66,-0.81
1150,4521,2,19,38,0.45,0.13,0.11,0.13,0.03,0.11,1.93,0.3333,0.3333,0.0000,0.34,0.4048,0.3885,0.1512,4.83,-6.31
1151,4521,2,22,7,3.43,1.86,2.43,1.14,0.14,0.43,20.51,0.3200,0.2857,0.6667,-3.00,0.4000,0.4342,0.0905,7.34,-1.34
1152,4526,2,23,68,3.75,1.82,0.93,1.54,1.04,0.47,19.08,0.4198,0.3007,0.4444,1.43,0.5082,0.5081,0.0942,8.46,-2.96
1153,4529,2,15,45,1.27,0.53,0.18,0.11,0.18,0.04,4.04,0.3333,0.3030,0.8182,0.89,0.4211,0.4609,0.1486,7.92,-3.07
1154,4531,2,15,70,5.57,3.66,1.07,0.63,0.47,0.64,15.49,0.5585,0.3385,0.6415,0.47,0.5953,0.6050,0.1438,16.03,-0.13
1155,4541,2,23,18,0.94,0.56,0.11,0.17,0.11,0.17,5.49,0.2353,0.2857,0.8333,1.67,0.3529,0.4328,0.1010,3.74,-8.85
1156,4554,2,20,62,4.08,2.23,0.47,0.27,0.24,0.37,11.02,0.4976,0.3059,0.7308,0.40,0.5598,0.5739,0.1604,13.62,-2.98
1157,4558,2,10,60,5.02,3.92,2.50,0.68,0.43,1.02,18.46,0.5789,0.4022,0.7097,1.62,0.6675,0.6760,0.1098,15.46,1.60
1158,4561,2,17,12,1.17,0.50,0.33,0.17,0.25,0.00,5.12,0.3636,0.5000,0.7143,-0.25,0.4091,0.4972,0.0978,8.62,-2.28
1159,4566,2,18,50,24.78,10.58,4.50,0.78,1.14,3.20,33.78,0.4857,0.3873,0.8585,0.22,0.5554,0.6123,0.2926,26.39,6.80
1160,4575,2,25,41,14.95,2.22,1.41,0.90,0.15,0.76,30.78,0.4141,0.3967,0.7733,-0.15,0.5296,0.5503,0.2022,11.00,-4.04
1161,4575,2,28,20,13.75,3.05,1.10,0.95,0.20,0.60,27.01,0.3946,0.3548,0.8065,-2.55,0.4789,0.5007,0.2302,11.62,-2.68
1162,4591,2,11,35,4.03,4.23,1.29,0.83,0.51,0.94,27.40,0.3664,0.3140,0.7826,-4.71,0.4695,0.4996,0.0777,6.27,-6.59
1163,4591,2,17,21,2.48,2.67,0.76,0.48,0.10,0.33,18.88,0.3913,0.3939,0.6000,-0.67,0.5326,0.5394,0.0579,5.84,-7.23
1164,4592,2,23,24,1.42,0.46,0.25,0.08,0.00,0.17,2.84,0.5000,0.2857,0.7368,-0.50,0.5556,0.6449,0.1970,15.32,-1.72
1165,4606,2,12,47,12.60,6.51,1.02,0.85,3.38,1.43,30.96,0.4769,0.3350,0.7817,0.53,0.5567,0.5986,0.1682,16.20,-0.35
1166,4630,2,15,67,15.79,11.58,1.67,0.52,0.85,1.49,26.20,0.5922,0.3684,0.7734,2.00,0.6063,0.6356,0.2248,28.63,5.58
1167,4632,2,5,72,5.64,2.74,1.46,0.42,0.10,0.58,14.39,0.3726,0.3306,0.9412,0.63,0.4688,0.4794,0.1958,12.56,0.33
1168,4642,2,28,53,19.23,4.15,6.19,1.64,0.70,1.79,35.82,0.3885,0.3655,0.8848,2.66,0.4885,0.5340,0.2418,17.24,6.03
1169,4645,2,18,72,4.78,5.11,1.06,0.89,0.64,0.74,15.82,0.6059,0.2000,0.5588,-0.74,0.6081,0.6124,0.1235,18.72,1.82
1171,4654,2,27,66,5.17,2.64,0.85,0.65,0.27,0.33,16.00,0.4059,0.3467,0.8431,-0.98,0.4917,0.5239,0.1431,11.22,-2.44
1172,4669,2,16,66,3.67,0.85,1.02,0.32,0.03,0.52,9.92,0.3777,0.3087,0.8696,-1.15,0.4764,0.4977,0.1926,6.88,-3.48
1174,4687,2,5,27,20.70,11.11,3.78,0.85,0.74,1.59,31.40,0.4713,0.3882,0.8696,-2.33,0.5318,0.5499,0.2879,26.52,8.74
1175,4687,2,22,44,24.55,11.75,3.80,0.95,0.64,1.89,34.10,0.4802,0.4063,0.8273,-6.32,0.5446,0.5646,0.3012,27.80,8.34
1176,4688,2,6,72,5.22,2.99,1.03,0.49,0.29,0.42,16.83,0.4309,0.3662,0.7692,-3.08,0.5563,0.5729,0.1300,12.48,-2.34
1177,4697,2,2,12,0.92,1.58,0.50,0.00,0.08,0.75,5.08,0.2857,0.3333,0.5000,-1.67,0.3571,0.3696,0.1723,4.35,-7.83
1178,4697,2,22,11,11.00,4.91,1.09,0.36,0.82,1.18,25.95,0.4086,0.3721,0.8788,-12.00,0.4946,0.5627,0.1809,11.55,-3.85
1179,4697,2,30,42,4.24,1.74,0.76,0.52,0.19,0.50,8.94,0.5082,0.3095,0.7885,0.24,0.5615,0.6143,0.1842,15.40,0.47
1180,4714,2,2,43,19.28,3.95,4.93,1.12,0.28,2.05,31.85,0.4201,0.3598,0.8993,2.16,0.5141,0.5590,0.2648,18.49,4.21
1181,4720,2,27,64,10.45,2.42,1.58,0.45,0.23,1.02,23.78,0.4204,0.3546,0.8143,-3.27,0.5025,0.5228,0.2027,10.22,-4.00
1182,4721,2,11,53,15.53,2.43,5.19,0.79,0.58,2.66,24.30,0.4036,0.3173,0.7488,-3.13,0.4580,0.5025,0.3199,17.84,5.96
1183,4743,2,4,29,5.21,1.34,2.59,0.59,0.17,1.17,14.76,0.4286,0.1250,0.8889,-4.17,0.4405,0.5178,0.1850,11.43,0.74
1184,4743,2,10,44,4.20,1.50,2.25,0.59,0.14,0.84,14.21,0.3526,0.2131,0.8929,-0.23,0.3902,0.4680,0.1599,9.82,0.47
1185,4757,2,12,4,15.50,3.50,1.25,0.50,0.00,1.00,29.35,0.5294,0.0000,0.8000,0.25,0.5294,0.5596,0.2146,11.37,-4.71
1186,4770,2,4,69,11.94,6.06,2.33,1.00,1.14,1.86,28.31,0.4402,0.3862,0.7448,0.51,0.5219,0.5495,0.1945,15.26,-0.08
1187,4776,2,28,68,3.21,2.34,0.59,0.38,0.28,0.28,10.62,0.4389,0.4000,0.8276,-0.60,0.5389,0.5655,0.1277,13.70,-1.37
1188,4777,2,2,69,1.43,0.30,0.90,0.22,0.01,0.39,3.44,0.4048,0.3947,0.9412,-0.14,0.4940,0.5411,0.2160,15.25,6.20
1189,4786,2,28,53,2.09,0.85,0.32,0.11,0.06,0.17,5.60,0.4634,0.4688,0.6250,-0.08,0.6463,0.6490,0.1380,10.82,-3.92
1190,4795,2,27,39,1.18,0.28,0.21,0.21,0.05,0.26,3.11,0.4571,0.1667,0.8125,-1.51,0.4714,0.5471,0.1875,7.70,-5.78
1191,4836,2,30,67,21.57,11.19,11.39,1.33,0.34,4.66,35.36,0.4394,0.3150,0.6562,-1.31,0.4742,0.5089,0.3033,26.77,16.06
1192,4846,2,5,69,15.09,4.12,4.75,0.55,0.22,2.26,31.24,0.4157,0.3590,0.9014,-1.55,0.5061,0.5397,0.2263,13.60,1.03
1193,4848,2,27,39,14.18,2.74,3.26,0.67,0.92,1.15,27.27,0.4106,0.3457,0.8509,2.44,0.5033,0.5495,0.2271,14.43,1.70
1194,4870,2,26,54,5.43,3.98,0.37,0.17,0.85,0.74,10.11,0.5625,0.0000,0.5190,-1.94,0.5625,0.5662,0.2358,22.77,2.46
1196,4882,2,10,72,18.33,4.82,2.32,0.93,0.97,1.75,32.84,0.4773,0.3804,0.7143,0.00,0.5435,0.5676,0.2338,16.33,-0.62
1197,4931,2,2,71,4.14,2.51,0.90,0.45,0.34,0.79,16.02,0.4372,0.3721,0.5882,-0.68,0.5344,0.5456,0.1241,6.98,-5.82
1198,4948,2,21,72,7.31,3.79,2.11,0.76,0.24,1.06,19.81,0.5328,0.4444,0.5714,-2.50,0.5961,0.5995,0.1543,14.73,0.02
1199,4951,2,1,24,9.96,2.08,3.38,0.33,0.08,1.75,21.06,0.3889,0.4444,0.8704,-0.25,0.4444,0.4984,0.2451,12.67,0.22
1200,4951,2,13,45,11.33,1.96,3.20,0.87,0.09,1.47,20.40,0.4209,0.3782,0.8655,1.84,0.4733,0.5287,0.2665,16.05,2.76
1201,4964,2,5,71,9.23,4.61,1.39,0.90,0.65,1.38,27.94,0.4830,0.3913,0.7280,-4.11,0.5341,0.5617,0.1497,11.98,-4.25
1202,4987,2,2,54,7.72,6.63,1.74,0.80,1.69,0.96,18.24,0.7209,0.0000,0.6164,0.15,0.7209,0.7187,0.1511,27.07,7.43
1203,4994,2,19,62,26.56,7.11,3.65,0.92,0.63,2.69,32.68,0.6114,0.2941,0.6975,1.44,0.6162,0.6485,0.3009,28.24,4.80
1204,5000,2,11,28,5.00,3.11,0.71,0.36,0.43,0.64,11.72,0.4160,0.3390,0.6957,-2.54,0.4960,0.5181,0.1999,15.35,-0.09
1205,5000,2,17,40,1.08,0.63,0.08,0.03,0.10,0.10,2.61,0.3721,0.3571,0.5000,-0.88,0.4884,0.4900,0.1926,10.57,-3.22
1206,5015,2,6,36,4.47,2.97,0.92,0.53,0.33,0.89,14.24,0.4385,0.3377,0.7778,-1.72,0.5385,0.5674,0.1480,12.79,-3.06
1207,5022,2,15,33,5.39,3.58,1.52,0.45,0.36,1.12,15.37,0.3524,0.1852,0.5714,-2.33,0.3762,0.3949,0.2169,10.10,-0.83
1208,5024,2,30,45,0.91,0.20,0.27,0.04,0.02,0.11,2.18,0.4242,0.4706,0.8333,-1.09,0.5455,0.5752,0.1728,11.63,-1.19
1209,5029,2,10,50,8.96,4.52,0.52,0.22,0.72,1.20,16.71,0.5190,0.3158,0.6279,-3.66,0.5353,0.5519,0.2382,15.70,-2.64
1210,5042,2,11,54,15.93,7.31,1.31,0.63,0.89,1.48,24.55,0.5141,0.3738,0.6313,-1.83,0.5742,0.5914,0.2603,23.68,2.58
1212,5065,2,9,36,10.39,4.56,5.03,1.61,0.53,1.33,29.22,0.4642,0.3483,0.7889,-1.64,0.5171,0.5622,0.1586,17.89,5.48
1213,5065,2,26,27,10.04,3.89,3.59,1.59,0.41,1.30,25.77,0.4622,0.3976,0.8333,-1.81,0.5356,0.5626,0.1739,17.02,3.45
1214,5099,2,5,69,11.93,6.13,4.22,1.07,0.58,1.99,23.95,0.5589,0.2667,0.6283,2.12,0.5680,0.5782,0.2246,22.27,6.97
1215,5101,2,1,66,24.15,3.71,9.00,0.80,0.18,3.95,32.19,0.4379,0.3426,0.8864,4.05,0.4991,0.5894,0.3318,24.28,10.20
1216,5106,2,4,57,7.91,5.75,1.51,0.47,0.30,0.89,17.64,0.5586,0.1429,0.7143,0.72,0.5648,0.5992,0.1843,20.16,2.37
1217,5123,2,13,72,9.03,7.21,1.25,0.33,0.86,1.13,22.34,0.6523,0.2500,0.7895,2.54,0.6536,0.6926,0.1526,20.11,0.11
1218,5126,2,8,72,1.18,0.69,0.19,0.15,0.03,0.19,3.91,0.4583,0.2727,0.7692,-1.44,0.5208,0.5468,0.1427,11.16,-4.68
1219,11,3,28,74,8.97,6.39,1.11,0.50,0.55,1.14,23.31,0.4395,0.3590,0.5954,0.97,0.4859,0.5025,0.1862,14.71,-1.58
1220,23,3,15,76,6.95,10.00,3.37,0.86,0.79,1.51,26.29,0.5469,0.0000,0.5427,4.64,0.5469,0.5598,0.1213,21.51,5.27
1221,25,3,16,56,19.07,10.07,3.39,1.43,0.79,2.64,32.60,0.5569,0.0000,0.7529,5.36,0.5569,0.6078,0.2528,25.13,4.58
1222,42,3,15,59,2.24,1.47,0.36,0.10,0.17,0.27,6.10,0.4015,0.1250,0.6250,0.27,0.4242,0.4518,0.1870,12.05,-1.72
1223,45,3,3,53,11.45,4.87,0.79,0.26,0.89,0.83,19.82,0.5502,0.3043,0.8725,0.36,0.5655,0.6035,0.2256,21.86,0.62
1224,56,3,19,50,12.78,3.28,2.78,0.82,0.38,1.70,26.34,0.3750,0.3115,0.7216,-2.54,0.4502,0.4736,0.2510,11.60,-0.59
1225,56,3,29,27,1.96,0.85,0.63,0.19,0.15,0.30,5.51,0.3333,0.3030,0.9167,0.56,0.4375,0.4974,0.1806,11.32,0.10
1226,60,3,17,70,10.47,3.17,1.43,0.66,0.26,0.61,25.78,0.4482,0.4087,0.8649,3.33,0.5879,0.6092,0.1541,13.27,-2.90
1227,61,3,6,57,15.86,10.56,1.61,0.77,1.32,1.65,31.75,0.6771,0.1000,0.7082,2.37,0.6780,0.6980,0.1834,26.41,2.36
1228,78,3,19,76,4.34,1.32,2.00,0.93,0.09,0.53,10.98,0.4456,0.2909,0.6792,1.88,0.5000,0.5200,0.1850,16.34,6.47
1231,96,3,12,13,6.85,3.08,2.08,0.54,0.46,0.46,20.72,0.3678,0.2453,0.8000,-3.77,0.4425,0.4754,0.1604,11.92,0.36
1232,99,3,15,69,7.55,5.33,2.65,1.12,0.65,1.03,21.50,0.4456,0.3303,0.6381,0.86,0.4840,0.5056,0.1630,18.02,4.41
1233,115,3,17,68,29.44,11.44,5.71,1.06,1.34,3.22,32.42,0.5534,0.2934,0.7219,5.84,0.5819,0.6327,0.3503,36.96,13.62
1234,117,3,17,80,2.14,1.26,0.28,0.20,0.15,0.33,5.92,0.5469,0.1429,0.6304,-1.44,0.5547,0.5768,0.1579,12.43,-3.62
1235,118,3,14,70,13.13,4.11,0.97,0.67,0.74,0.84,25.63,0.4412,0.3753,0.8302,-1.26,0.5443,0.5795,0.2048,14.80,-2.00
1236,119,3,22,72,14.75,4.83,5.13,0.64,0.24,2.36,28.60,0.3914,0.3376,0.8538,-3.21,0.4638,0.5189,0.2519,16.35,4.03
1237,123,3,28,48,17.13,5.50,2.60,1.48,0.52,1.67,36.00,0.4433,0.3628,0.7542,2.81,0.5258,0.5488,0.2076,14.56,-0.86
1238,129,3,20,25,0.64,0.32,0.16,0.04,0.00,0.12,3.04,0.5000,0.4444,,-0.48,0.6667,0.6667,0.0864,7.14,-7.93
1239,132,3,14,46,2.09,1.78,0.59,0.28,0.13,0.24,10.05,0.3333,0.2703,0.5556,-1.22,0.4343,0.4489,0.1110,9.67,-3.54
1240,159,3,11,48,3.79,0.85,1.54,0.21,0.00,0.94,10.62,0.4044,0.4063,0.8684,-2.50,0.5478,0.5959,0.1654,11.49,-2.71
1241,159,3,14,21,5.33,1.29,1.57,0.33,0.05,0.52,17.79,0.4535,0.4265,1.0000,-2.71,0.6221,0.6349,0.1143,9.69,-4.11
1242,164,3,30,82,8.35,5.18,2.04,0.72,0.54,1.06,24.20,0.4318,0.3166,0.7574,-0.77,0.5026,0.5361,0.1635,13.86,-0.43
1244,172,3,24,74,13.47,8.01,1.14,0.54,0.54,1.23,23.14,0.6341,0.3684,0.7465,4.64,0.6392,0.6564,0.2153,26.43,2.47
1245,174,3,29,36,2.22,1.97,0.00,0.03,0.31,0.33,5.41,0.7551,,0.5455,0.11,0.7551,0.7429,0.1499,20.79,-2.95
1246,185,3,9,18,14.56,6.83,1.06,0.72,0.39,1.00,27.22,0.5550,0.2286,0.5926,-4.89,0.5750,0.5854,0.2169,19.53,-0.32
1247,185,3,26,44,6.32,4.89,0.39,0.20,0.25,0.48,14.92,0.4634,0.2419,0.7447,-1.00,0.4939,0.5212,0.1873,17.75,-0.87
1248,204,3,4,76,19.84,6.59,7.51,1.57,0.39,3.22,31.87,0.4290,0.3894,0.8724,1.30,0.5167,0.5540,0.2820,22.68,10.23
1249,205,3,5,36,12.64,5.28,4.94,1.78,0.86,2.28,33.68,0.4230,0.4231,0.7500,2.25,0.5666,0.5755,0.1726,15.73,2.86
1250,208,3,22,72,10.50,7.94,1.18,0.53,1.64,1.07,25.32,0.4797,0.3808,0.7808,-5.18,0.5665,0.5823,0.1731,19.50,1.57
1251,210,3,15,78,17.74,4.28,2.67,1.18,0.37,1.42,29.05,0.4614,0.4359,0.9032,4.63,0.5649,0.5919,0.2334,18.22,1.67
1252,215,3,28,77,2.66,1.61,1.29,0.36,0.13,0.69,9.04,0.4109,0.2549,0.5909,0.44,0.4431,0.4630,0.1697,11.35,0.29
1254,228,3,26,77,16.43,5.61,2.42,0.69,0.18,1.53,33.59,0.4688,0.3944,0.8257,-4.86,0.5540,0.6227,0.1894,17.68,-1.30
1255,233,3,28,76,14.92,7.33,3.37,1.05,0.72,1.79,34.44,0.4925,0.3005,0.7349,0.87,0.5236,0.5523,0.1917,17.37,1.26
1256,245,3,20,71,19.75,5.75,2.93,0.61,0.23,2.13,34.05,0.4079,0.3416,0.7143,-2.06,0.4657,0.5107,0.2784,15.36,-0.45
1257,254,3,8,73,14.29,4.66,3.78,0.75,0.42,1.74,31.18,0.4375,0.3651,0.8031,1.34,0.5251,0.5479,0.2073,15.73,1.07
1259,260,3,23,64,1.08,0.97,0.11,0.08,0.27,0.13,2.62,0.6383,0.0000,0.7500,-0.53,0.6383,0.6599,0.1633,21.94,3.27
1260,265,3,27,67,5.00,3.45,0.61,0.40,0.21,0.67,14.28,0.5171,0.3091,0.7541,0.06,0.5494,0.5779,0.1485,15.45,-2.87
1261,274,3,13,63,7.79,4.03,1.59,0.92,0.67,0.63,23.22,0.4625,0.4000,0.6579,-2.03,0.6021,0.6081,0.1340,15.13,-0.52
1262,283,3,14,76,1.74,0.91,0.45,0.33,0.12,0.28,7.17,0.3237,0.3625,0.7647,-1.55,0.4281,0.4506,0.1332,5.47,-4.71
1263,284,3,21,69,10.80,6.32,1.41,0.84,1.01,1.30,27.88,0.4222,0.2974,0.6882,-6.84,0.4838,0.5146,0.1835,15.99,-1.00
1264,286,3,30,41,22.63,4.61,6.46,0.88,0.37,3.29,35.10,0.4514,0.3000,0.8325,-2.49,0.4922,0.5393,0.3064,19.25,4.76
1265,290,3,18,80,11.91,2.84,1.45,0.54,0.15,0.54,24.70,0.3906,0.3768,0.8167,1.03,0.5318,0.5437,0.1954,12.77,-2.05
1267,312,3,3,53,5.25,2.87,1.13,0.89,0.47,0.57,17.90,0.5681,0.4167,0.6000,-0.32,0.6033,0.6086,0.1184,12.58,-2.10
1268,312,3,17,9,0.67,1.22,0.67,0.22,0.00,0.11,8.56,0.3750,,,-1.11,0.3750,0.3750,0.0491,4.70,-5.20
1269,337,3,7,22,5.32,2.55,0.68,0.27,0.27,0.23,13.89,0.3750,0.3605,0.8000,2.86,0.5240,0.5397,0.1711,11.74,-2.02
1270,337,3,30,39,4.97,1.56,0.41,0.28,0.15,0.36,12.84,0.3509,0.3194,0.9333,-0.85,0.4854,0.5266,0.1763,7.74,-5.59
1271,340,3,18,60,8.88,4.00,4.47,1.12,0.87,1.22,24.60,0.4060,0.3430,0.7218,1.87,0.5011,0.5389,0.1610,15.64,5.97
1272,341,3,9,82,16.11,5.38,2.84,0.89,0.20,1.17,32.98,0.3961,0.3459,0.8268,-6.09,0.4890,0.5293,0.2146,15.46,0.41
1273,355,3,28,57,4.33,4.19,0.98,0.53,0.46,0.51,17.38,0.4850,0.0000,0.7465,0.37,0.4850,0.5341,0.1123,12.94,-1.89
1274,361,3,12,70,4.99,2.53,0.79,0.30,0.60,0.66,10.42,0.5198,0.2875,0.6809,-0.46,0.5655,0.5948,0.1997,17.72,1.08
1275,363,3,24,47,4.47,3.55,0.49,0.26,0.55,0.53,10.77,0.5931,,0.5352,1.13,0.5931,0.5958,0.1719,19.28,0.69
1276,364,3,10,77,5.62,3.82,2.06,0.53,0.34,1.13,14.84,0.4678,0.3624,0.7284,1.69,0.5468,0.5733,0.1777,17.31,2.99
1277,387,3,13,54,9.89,3.37,4.17,1.28,0.35,2.15,25.20,0.4209,0.3129,0.7607,-0.74,0.4754,0.5140,0.2061,14.49,2.25
1279,388,3,25,46,2.07,0.98,0.41,0.28,0.02,0.37,7.59,0.3063,0.2917,0.5455,-4.52,0.4009,0.4100,0.1650,4.96,-6.01
1280,404,3,29,69,18.09,4.29,1.74,0.49,0.01,1.71,30.88,0.4547,0.3868,0.8577,3.17,0.5523,0.5986,0.2387,16.02,-2.99
1281,405,3,1,65,14.62,3.85,2.98,1.05,0.22,1.08,28.44,0.4307,0.3682,0.8435,2.95,0.5372,0.5624,0.2170,15.94,1.52
1282,409,3,8,30,1.10,0.67,0.17,0.03,0.07,0.13,2.69,0.5556,0.2500,0.4000,0.17,0.5741,0.5651,0.1854,17.80,-1.00
1283,414,3,18,61,0.82,0.70,0.34,0.10,0.00,0.21,3.95,0.3148,0.2778,0.8462,0.05,0.3611,0.4186,0.1265,6.47,-4.59
1284,423,3,28,34,0.35,0.21,0.12,0.24,0.06,0.06,2.02,0.2308,0.2500,0.6250,-0.94,0.2692,0.3632,0.1166,5.09,-2.35
1285,427,3,24,78,23.36,4.38,4.22,0.99,0.33,2.08,30.06,0.4659,0.3828,0.8678,6.01,0.5303,0.5763,0.3213,22.76,5.48
1286,443,3,13,66,5.20,1.68,0.77,0.39,0.20,0.47,11.52,0.3846,0.3063,0.8194,-0.56,0.4369,0.4808,0.2255,12.59,-1.38
1287,446,3,28,81,9.31,6.10,0.31,0.60,0.93,0.52,20.86,0.4645,0.2969,0.7772,2.33,0.5234,0.5696,0.1794,18.27,-0.18
1288,447,3,4,59,2.41,0.88,0.44,0.12,0.02,0.25,5.16,0.3475,0.3469,0.8710,-0.85,0.4078,0.4591,0.2367,10.73,-1.26
1289,473,3,14,74,5.32,1.84,0.64,0.72,0.12,0.51,19.00,0.4229,0.3905,0.8889,-2.45,0.5400,0.5504,0.1220,7.21,-6.64
1290,480,3,5,76,2.14,2.45,0.36,0.13,0.43,0.45,7.22,0.5854,,0.6552,0.92,0.5854,0.6003,0.1370,17.65,-0.72
1291,497,3,22,75,2.80,0.96,0.49,0.13,0.04,0.23,7.14,0.4309,0.3103,0.6563,-2.32,0.5027,0.5196,0.1776,10.48,-3.14
1292,515,3,24,82,14.17,4.23,2.26,1.17,0.44,0.83,34.81,0.5338,0.3686,0.8344,7.02,0.6008,0.6267,0.1508,15.17,-1.80
1293,516,3,4,80,20.16,6.99,3.75,0.93,0.84,1.88,35.46,0.4909,0.3312,0.8018,1.78,0.5544,0.5928,0.2273,20.71,2.99
1294,522,3,12,82,7.48,4.37,0.88,0.54,0.35,0.66,19.08,0.4111,0.3502,0.6951,-2.68,0.4931,0.5301,0.1741,14.49,-1.61
1295,532,3,12,46,14.93,4.02,4.61,0.65,0.30,1.67,26.23,0.4475,0.3118,0.8563,0.00,0.5009,0.5572,0.2493,20.09,5.68
1296,536,3,11,49,5.18,1.65,1.00,0.43,0.16,0.47,14.08,0.3466,0.3005,0.8421,-1.41,0.4741,0.4897,0.1752,8.64,-3.00
1297,536,3,28,19,1.79,1.16,0.68,0.37,0.16,0.21,8.08,0.2895,0.2778,1.0000,-0.58,0.4211,0.4372,0.1201,8.01,-1.86
1298,537,3,15,32,18.44,3.19,2.75,1.13,0.25,1.56,27.65,0.4316,0.3087,0.8491,6.44,0.4753,0.5152,0.2914,14.85,1.26
1299,548,3,3,79,8.19,4.37,1.87,0.97,0.66,0.71,22.46,0.5059,0.4043,0.7578,-0.57,0.5435,0.5753,0.1511,15.78,0.91
1300,563,3,2,66,23.62,6.12,3.50,1.06,0.27,2.70,33.65,0.4733,0.3578,0.7579,6.86,0.5415,0.5745,0.3065,20.64,2.08
1301,575,3,6,17,5.29,4.35,0.00,0.24,0.41,0.35,10.32,0.6379,,0.5517,-3.00,0.6379,0.6360,0.1980,24.19,1.29
1302,575,3,7,55,1.47,1.11,0.02,0.05,0.16,0.25,3.06,0.5400,,0.6279,0.04,0.5400,0.5876,0.2219,17.82,-2.93
1303,584,3,7,55,2.91,2.71,0.62,0.25,0.13,0.42,11.42,0.3806,0.3043,0.9333,0.58,0.4710,0.4950,0.1329,10.87,-3.36
1304,587,3,25,79,2.85,1.71,0.44,0.33,0.30,0.46,8.10,0.4263,0.3115,0.6769,-3.05,0.4763,0.5146,0.1732,11.36,-2.48
1306,588,3,23,36,0.78,0.86,0.14,0.22,0.08,0.14,4.50,0.2647,0.1111,0.9000,0.25,0.2794,0.3646,0.1211,6.38,-5.27
1307,589,3,1,5,5.80,2.80,0.80,0.40,0.00,0.00,16.60,0.3600,0.4000,0.8333,-3.80,0.4800,0.5246,0.1446,11.15,-2.32
1309,590,3,5,80,3.54,2.54,0.83,0.45,0.06,0.33,13.18,0.4186,0.3534,0.7692,-0.55,0.5097,0.5252,0.1243,12.10,-2.40
1310,593,3,7,79,16.27,3.91,4.77,0.84,0.04,1.57,31.95,0.5020,0.3730,0.8404,2.92,0.5486,0.5832,0.2206,17.90,2.91
1311,602,3,30,39,5.15,2.77,0.59,0.15,0.54,0.49,11.26,0.5203,0.2857,0.8750,-1.92,0.5608,0.6069,0.1885,18.46,-0.14
1313,618,3,7,68,8.57,3.54,1.22,0.60,0.21,0.59,27.96,0.4012,0.3597,0.8333,3.97,0.5419,0.5583,0.1339,9.66,-5.00
1314,624,3,7,65,3.29,0.51,0.88,0.18,0.00,0.40,6.79,0.3907,0.3171,0.8696,-0.15,0.4512,0.4753,0.2578,9.74,-0.73
1315,626,3,20,81,11.65,4.90,2.95,1.05,0.32,1.12,28.61,0.3915,0.4036,0.8220,1.54,0.4993,0.5591,0.1781,14.39,0.81
1316,651,3,29,70,2.30,0.64,0.90,0.24,0.11,0.47,5.14,0.4040,0.3182,0.6875,-0.16,0.4967,0.5094,0.2320,12.26,2.60
1317,654,3,16,57,21.39,5.89,5.47,1.65,0.47,2.12,33.88,0.4801,0.2328,0.8703,4.30,0.4964,0.5922,0.2671,24.79,7.29
1318,667,3,27,21,2.19,2.00,0.29,0.38,0.33,0.14,5.77,0.6774,,0.5714,-0.05,0.6774,0.6749,0.1292,23.52,4.63
1319,677,3,30,77,13.22,3.39,1.88,1.08,0.34,1.26,30.24,0.4355,0.3897,0.8896,-2.97,0.5314,0.5676,0.1906,12.77,-2.94
1320,688,3,8,81,4.10,1.44,2.72,0.78,0.28,0.83,14.61,0.3615,0.3005,0.7692,-2.62,0.4595,0.5025,0.1466,11.23,3.17
1321,692,3,22,5,10.00,1.20,2.00,1.00,0.60,1.00,28.90,0.3409,0.4054,0.7143,-2.20,0.5114,0.5310,0.1601,7.55,-4.48
1322,694,3,1,74,11.08,11.85,1.24,0.74,1.26,0.59,27.59,0.6126,0.0000,0.4734,1.72,0.6126,0.6044,0.1548,25.78,4.91
1325,728,3,3,58,2.84,1.16,0.79,0.24,0.17,0.45,9.52,0.3333,0.3307,0.7000,-0.52,0.4540,0.4624,0.1609,7.45,-3.66
1326,728,3,17,22,5.09,1.95,2.27,0.45,0.18,0.36,16.05,0.5063,0.5581,1.0000,-1.05,0.6582,0.6786,0.1085,15.37,2.08
1327,733,3,22,66,14.11,9.82,2.59,0.55,0.65,1.77,28.05,0.5249,0.3271,0.6908,-2.05,0.5760,0.6006,0.2097,23.26,3.71
1328,738,3,5,42,7.24,3.52,3.93,1.69,0.36,1.36,27.31,0.3984,0.3333,0.7945,2.62,0.4805,0.5276,0.1335,11.98,1.44
1329,749,3,7,19,1.79,2.00,0.47,0.32,0.16,0.37,9.33,0.4571,0.5000,0.5000,1.11,0.4714,0.4738,0.1080,9.51,-4.38
1333,766,3,28,61,1.33,1.18,0.18,0.13,0.07,0.13,4.60,0.4627,0.3571,1.0000,0.85,0.5373,0.5707,0.1210,12.89,-2.84
1336,788,3,10,50,1.34,0.72,1.30,0.26,0.00,0.64,7.44,0.2963,0.3208,0.6667,-0.98,0.4012,0.4069,0.1352,5.80,-2.10
1337,792,3,7,40,3.85,2.58,0.43,0.33,0.30,0.43,8.64,0.4627,0.3200,0.6667,-0.25,0.4925,0.5184,0.2177,14.79,0.13
1338,802,3,11,80,7.34,2.33,1.88,0.81,0.16,1.43,16.67,0.4480,0.2963,0.7345,-3.40,0.5040,0.5339,0.2125,13.59,-1.04
1339,810,3,19,58,1.74,1.55,0.31,0.22,0.12,0.17,6.52,0.3750,0.4000,0.7000,-0.31,0.5341,0.5465,0.1172,13.66,-1.87
1340,814,3,15,68,9.79,5.03,1.26,0.57,1.00,0.50,18.33,0.6443,0.2273,0.6538,2.59,0.6499,0.6605,0.1773,25.16,4.63
1341,816,3,29,81,15.63,3.37,2.40,0.81,0.20,1.59,26.43,0.4187,0.3183,0.8276,4.73,0.5040,0.5321,0.2703,14.83,-0.30
1342,820,3,3,57,7.19,4.63,0.75,0.42,0.89,0.67,17.09,0.6742,,0.5806,-0.47,0.6742,0.6723,0.1515,20.10,0.22
1344,837,3,13,75,8.25,2.63,1.65,0.51,0.20,0.60,20.90,0.4528,0.3780,0.8632,-0.63,0.5558,0.5981,0.1593,13.83,-1.73
1345,857,3,1,54,16.22,7.81,1.81,0.61,1.04,1.11,30.79,0.5264,0.3636,0.7929,0.67,0.5761,0.6097,0.2065,20.48,1.47
1346,861,3,27,29,7.52,5.28,2.10,0.45,0.79,1.55,17.31,0.4903,0.3415,0.8000,1.31,0.5355,0.5937,0.1919,19.56,3.05
1347,874,3,29,72,13.69,3.01,5.35,1.33,0.29,1.71,28.59,0.4349,0.4082,0.7963,4.82,0.5417,0.5717,0.2102,17.21,5.29
1348,877,3,17,66,9.77,4.14,1.24,0.89,0.23,0.53,25.62,0.4577,0.3946,0.8333,-0.39,0.6048,0.6205,0.1415,14.56,-2.20
1349,891,3,5,44,1.52,1.20,0.07,0.09,0.09,0.16,4.53,0.6053,,0.6563,-0.61,0.6053,0.6432,0.1311,13.83,-4.46
1352,926,3,8,35,7.89,4.91,1.51,0.54,0.37,1.97,12.30,0.4563,0.3243,0.7356,-0.34,0.5146,0.5649,0.3089,20.93,3.13
1353,926,3,17,18,8.56,5.44,1.00,0.89,0.44,0.89,15.92,0.4661,0.2708,0.8158,2.78,0.5212,0.5716,0.2246,20.96,3.57
1354,928,3,13,23,10.39,5.09,1.04,1.26,1.22,0.74,22.12,0.5000,0.4495,0.8485,3.87,0.6512,0.6770,0.1682,19.84,1.95
1355,928,3,25,48,7.60,5.71,1.42,1.54,1.31,1.21,29.81,0.3810,0.3435,0.8333,-1.06,0.4985,0.5187,0.1263,11.22,-2.49
1356,935,3,12,54,6.09,3.61,1.07,0.44,0.35,0.72,19.14,0.4555,0.3333,0.7714,-3.67,0.5374,0.5550,0.1411,11.71,-3.33
1357,935,3,24,27,6.93,4.26,1.22,0.81,0.63,1.04,20.83,0.4500,0.3229,0.7059,0.52,0.5469,0.5583,0.1497,12.86,-2.22
1358,961,3,24,76,8.32,4.66,1.63,1.25,0.39,0.72,24.81,0.3989,0.3479,0.7889,5.18,0.5156,0.5415,0.1470,12.89,-0.85
1359,965,3,15,74,1.76,0.65,0.45,0.27,0.07,0.27,4.57,0.3778,0.2553,0.4706,-0.24,0.4222,0.4334,0.2068,8.79,-0.87
1360,971,3,9,72,15.47,4.92,4.94,1.08,0.60,3.25,29.00,0.4161,0.3140,0.8452,-3.82,0.4714,0.5041,0.2776,15.56,2.94
1361,985,3,3,26,10.92,1.88,1.88,0.65,0.12,0.96,21.87,0.4929,0.4677,0.8571,3.04,0.6303,0.6448,0.1850,14.11,-1.96
1362,985,3,23,50,13.52,3.02,3.62,0.72,0.22,1.68,31.31,0.4848,0.4000,0.8767,2.28,0.5795,0.6034,0.1876,13.74,-1.19
1363,986,3,10,64,25.47,5.23,6.31,1.33,0.36,3.22,34.55,0.4371,0.3800,0.9228,7.95,0.5535,0.6014,0.3097,23.61,6.96
1364,1019,3,14,44,21.07,8.95,2.77,1.11,2.05,1.86,31.91,0.5324,0.1857,0.7131,-2.09,0.5417,0.5777,0.2731,27.00,6.47
1365,1033,3,6,79,0.35,0.81,0.09,0.04,0.11,0.06,2.55,0.6875,,0.4286,0.20,0.6875,0.6318,0.0605,11.59,-3.12
1366,1054,3,26,40,7.78,2.35,1.00,0.63,0.28,0.83,13.41,0.4232,0.3289,0.8182,1.50,0.5150,0.5430,0.2539,14.88,0.20
1368,1076,3,5,76,27.87,5.16,4.92,0.89,0.32,2.38,36.09,0.5042,0.3521,0.8769,1.01,0.5205,0.5897,0.3200,24.07,4.91
1369,1079,3,21,35,0.51,0.17,0.14,0.03,0.00,0.06,1.59,0.5714,0.5000,,-0.40,0.6429,0.6429,0.1255,13.02,-3.22
1370,1080,3,16,69,6.12,5.59,0.68,0.35,0.61,1.01,15.44,0.5655,0.4043,0.7500,0.70,0.5983,0.6317,0.1710,18.35,-0.61
1372,1109,3,17,17,7.18,3.53,1.71,0.65,0.18,1.65,20.06,0.3305,0.2838,0.8519,-1.94,0.4195,0.4697,0.2003,9.58,-3.69
1373,1109,3,26,25,10.32,4.40,3.56,1.48,0.20,1.76,26.58,0.3624,0.3681,0.8393,-1.68,0.4839,0.5317,0.1890,14.65,1.86
1374,1111,3,21,14,4.00,4.21,0.14,0.36,0.64,0.50,13.41,0.5319,0.0000,0.5455,-1.00,0.5319,0.5401,0.1374,12.88,-3.11
1376,1114,3,9,69,9.22,4.01,1.06,1.03,0.25,0.84,18.39,0.4962,0.2473,0.6500,-3.06,0.5181,0.5412,0.2196,16.73,0.30
1377,1128,3,1,75,2.05,1.61,0.45,0.15,0.17,0.27,4.95,0.4732,0.4265,0.7308,-0.84,0.6027,0.6238,0.1703,19.42,3.10
1378,1139,3,7,23,15.78,3.13,3.91,0.74,0.26,1.35,28.27,0.4979,0.4038,0.7248,2.48,0.5844,0.6238,0.2285,18.86,2.85
1379,1139,3,30,44,12.64,4.70,5.82,0.61,0.16,1.66,30.24,0.3760,0.3097,0.8112,-2.36,0.4472,0.5010,0.2105,15.08,4.91
1380,1155,3,7,65,28.42,9.12,8.74,1.15,0.55,4.49,35.40,0.4569,0.3533,0.7444,2.25,0.5285,0.5707,0.3773,29.35,12.55
1381,1160,3,21,52,16.87,4.08,1.69,0.88,0.35,1.69,32.02,0.4036,0.3325,0.8429,-5.67,0.4931,0.5413,0.2349,12.13,-3.43
1382,1161,3,5,78,8.71,2.74,3.28,0.77,0.37,1.38,27.04,0.5196,0.3763,0.6795,-2.55,0.5850,0.5963,0.1424,11.67,-1.55
1384,1163,3,5,21,1.38,0.43,0.71,0.05,0.00,0.24,4.06,0.4783,0.2222,0.5556,-0.10,0.5217,0.5378,0.1660,10.29,0.40
1388,1176,3,22,5,2.60,2.20,1.40,1.00,0.00,0.80,15.46,0.2632,0.1429,1.0000,-7.80,0.2895,0.3270,0.1355,7.02,-3.18
1389,1179,3,8,18,5.39,3.50,1.61,0.61,0.33,0.72,18.93,0.3636,0.3125,0.7692,-5.00,0.4394,0.4631,0.1545,10.17,-1.53
1390,1181,3,3,17,6.88,3.00,4.53,0.82,0.18,1.94,23.99,0.3761,0.2449,0.7391,1.65,0.4274,0.4602,0.1701,10.33,1.38
1391,1181,3,28,22,1.82,0.64,0.41,0.23,0.05,0.05,4.08,0.3824,0.2857,1.0000,-1.00,0.4412,0.5208,0.1883,15.72,3.29
1392,1194,3,3,26,10.85,9.50,1.31,0.85,0.88,1.38,20.58,0.6103,0.0000,0.5366,2.04,0.6103,0.6102,0.2142,27.62,5.80
1393,1194,3,23,50,5.96,8.66,1.94,1.12,0.90,1.58,18.05,0.5378,0.0000,0.5122,-0.26,0.5378,0.5436,0.1774,24.13,6.80
1394,1196,3,12,62,11.61,3.65,1.84,0.90,0.16,1.45,24.85,0.4316,0.3686,0.8036,-0.85,0.5072,0.5371,0.2122,13.59,-2.14
1395,1208,3,3,37,2.81,1.81,0.46,0.38,0.19,0.24,9.21,0.3611,0.2432,0.8095,-0.27,0.4028,0.4435,0.1584,9.90,-2.29
1396,1217,3,25,15,7.07,3.27,5.27,1.53,0.20,2.13,22.42,0.4314,0.0909,0.9444,-6.13,0.4363,0.4822,0.1815,14.16,5.92
1397,1222,3,3,55,29.87,7.40,6.38,0.87,0.95,3.47,37.23,0.5184,0.3833,0.9095,4.93,0.5700,0.6344,0.3163,29.06,8.06
1399,1255,3,18,73,21.00,4.70,3.77,1.44,0.63,2.60,33.78,0.4410,0.3571,0.7857,2.58,0.5273,0.5602,0.2653,17.99,1.77
1400,1258,3,9,4,5.75,1.50,3.50,0.50,0.00,1.25,19.80,0.3000,0.2500,1.0000,-3.00,0.3667,0.3778,0.1904,6.86,0.16
1401,1267,3,3,59,4.81,2.92,0.53,0.49,0.41,0.71,16.73,0.4120,0.3529,0.8421,-1.02,0.5019,0.5157,0.1384,9.34,-5.47
1403,1282,3,25,78,4.35,2.91,1.12,0.45,0.24,0.72,15.06,0.3929,0.2937,0.7143,-4.46,0.4529,0.4914,0.1486,10.40,-2.81
1404,1285,3,14,76,3.78,1.01,0.39,0.30,0.07,0.25,10.66,0.4135,0.3886,0.8182,-0.78,0.5865,0.5934,0.1393,9.88,-5.45
1405,1303,3,23,70,29.70,11.37,4.06,1.10,1.41,3.06,32.80,0.4993,0.3705,0.8144,5.24,0.5341,0.6161,0.3752,34.79,10.47
1409,1329,3,25,23,13.83,8.09,1.52,0.78,0.43,1.52,28.25,0.6462,0.2667,0.7843,-10.96,0.6557,0.6782,0.1787,21.80,-0.01
1410,1329,3,27,54,4.22,3.63,0.93,0.24,0.56,0.85,11.01,0.5283,0.1250,0.7468,-1.37,0.5314,0.5884,0.1714,19.86,1.45
1411,1350,3,6,24,0.50,0.96,0.08,0.00,0.25,0.13,2.45,0.4167,,0.2857,0.21,0.4167,0.3979,0.1362,17.12,0.40
1412,1361,3,21,65,3.17,2.83,0.38,0.26,0.18,0.14,10.04,0.5165,0.1250,0.6400,-2.20,0.5220,0.5337,0.1344,15.59,-0.86
1413,1382,3,2,43,0.44,0.35,0.09,0.00,0.07,0.12,1.35,0.5000,1.0000,0.8000,-0.77,0.5357,0.5864,0.1633,14.11,-3.38
1414,1382,3,11,27,2.56,1.48,0.11,0.04,0.30,0.33,3.49,0.7073,0.0000,0.5789,0.00,0.7073,0.6989,0.2655,30.13,3.39
1415,1400,3,7,81,10.86,4.63,1.85,1.09,0.48,0.99,32.64,0.4711,0.3954,0.6747,2.98,0.5954,0.6040,0.1389,12.20,-3.26
1418,1420,3,28,67,2.82,0.94,1.04,0.30,0.06,0.19,8.01,0.3934,0.3333,0.6250,-0.39,0.4754,0.4882,0.1659,11.67,1.61
1419,1428,3,8,39,7.69,0.77,0.87,0.21,0.05,0.59,15.65,0.4239,0.4097,0.9211,1.67,0.5453,0.5775,0.1975,9.30,-5.51
1420,1428,3,27,44,8.25,1.43,0.93,0.39,0.07,0.75,15.36,0.4324,0.4172,0.8980,-0.91,0.5389,0.5715,0.2197,12.95,-3.45
1421,1430,3,22,5,2.80,3.00,0.40,0.20,0.00,0.80,14.72,0.3000,0.1333,,-7.00,0.3500,0.3500,0.1482,3.44,-8.75
1422,1443,3,29,70,2.79,1.41,1.51,0.43,0.09,0.69,10.94,0.4903,0.1852,0.7917,1.11,0.5065,0.5536,0.1289,12.37,-0.75
1423,1453,3,20,81,13.89,2.59,2.11,0.98,0.25,1.30,29.11,0.4166,0.3893,0.7080,-1.15,0.5415,0.5543,0.2095,11.40,-2.80
1424,1457,3,26,64,21.36,3.61,5.16,1.06,0.39,2.63,32.56,0.4725,0.2972,0.7500,-3.00,0.5064,0.5489,0.2909,18.53,3.70
1426,1469,3,22,10,3.70,1.90,3.30,0.30,0.10,1.30,19.95,0.3023,0.3529,0.5556,-7.00,0.3721,0.3940,0.1342,4.40,-2.43
1427,1473,3,21,3,10.67,4.33,0.33,0.33,0.00,1.00,39.87,0.2708,0.0476,0.7143,-30.67,0.2813,0.3132,0.1986,0.04,-9.54
1428,1477,3,2,51,2.51,3.14,0.16,0.10,0.27,0.39,8.07,0.5258,0.4000,0.8571,1.37,0.5361,0.5854,0.1393,18.06,-1.86
1429,1498,3,22,18,10.83,2.72,5.50,1.11,0.28,2.22,19.98,0.4743,0.2353,0.8065,-2.06,0.4857,0.5169,0.2767,21.28,10.38
1432,1504,3,14,21,6.05,3.90,0.57,0.19,0.43,0.62,14.82,0.5052,0.2609,0.6053,2.10,0.5361,0.5584,0.1753,12.72,-2.75
1434,1507,3,30,74,9.15,5.50,0.92,0.41,1.34,0.88,19.51,0.6934,0.0000,0.6993,-2.84,0.6934,0.7077,0.1681,22.56,1.35
1435,1516,3,1,67,11.51,4.60,1.51,0.42,0.18,0.57,24.96,0.4338,0.3810,0.9038,1.60,0.5276,0.5791,0.1852,16.12,-0.91
1436,1518,3,3,5,2.40,1.60,1.00,0.00,0.00,1.00,11.62,0.3846,0.2500,,1.80,0.4615,0.4615,0.1330,4.36,-8.49
1437,1533,3,6,68,21.66,3.29,8.57,1.31,0.10,3.65,35.74,0.4621,0.3833,0.8921,5.53,0.5362,0.5758,0.2806,20.41,7.07
1438,1546,3,16,14,0.93,1.64,0.50,0.36,0.21,0.14,9.15,0.2381,0.2500,0.4000,1.21,0.2619,0.2802,0.0886,4.43,-4.35
1439,1552,3,11,44,1.09,1.89,0.39,0.23,0.25,0.14,5.44,0.4318,0.2500,0.7143,0.75,0.4886,0.5098,0.0944,16.51,2.46
1440,1554,3,9,55,3.38,1.82,0.36,0.16,0.11,0.33,7.07,0.4490,0.3265,0.6230,-1.15,0.5034,0.5350,0.2131,14.61,-1.15
1441,1561,3,29,59,7.56,4.10,0.95,0.42,0.32,0.80,17.60,0.4142,0.3448,0.7848,3.10,0.5066,0.5390,0.1947,14.52,-1.49
1442,1573,3,13,32,23.56,6.66,5.50,2.09,0.41,3.94,33.67,0.4214,0.3541,0.8581,2.88,0.4929,0.5377,0.3385,21.70,5.85
1443,1587,3,20,75,3.05,3.05,0.43,0.29,0.53,0.36,12.61,0.5181,0.3947,0.8077,0.57,0.5633,0.6062,0.1007,11.62,-3.48
1444,1590,3,21,54,12.48,7.80,6.39,0.94,0.37,3.17,31.49,0.4194,0.2629,0.7089,-5.54,0.4612,0.4782,0.2239,18.16,5.70
1445,1594,3,21,56,24.48,4.96,5.91,1.27,0.82,2.75,34.68,0.4534,0.2997,0.8099,-4.71,0.4957,0.5572,0.3082,22.22,6.71
1446,1595,3,30,70,2.57,1.21,0.39,0.07,0.16,0.26,6.62,0.5688,0.5385,0.8077,0.86,0.6330,0.6824,0.1452,14.10,-3.14
1447,1600,3,22,10,2.10,3.60,0.50,0.30,0.90,0.50,11.87,0.4091,0.0000,0.4286,-2.90,0.4091,0.4187,0.1132,11.05,-1.70
1448,1621,3,29,68,15.10,14.24,1.06,0.66,2.01,1.75,31.18,0.7126,0.0000,0.6902,6.13,0.7126,0.7324,0.1691,29.85,4.21
1449,1635,3,6,46,3.72,1.46,1.98,0.54,0.02,0.78,10.91,0.4156,0.3455,0.6316,-1.15,0.4773,0.5008,0.1859,13.26,2.86
1451,1638,3,8,75,15.01,5.85,2.51,0.59,0.59,1.77,31.68,0.5204,0.3346,0.7435,4.28,0.5725,0.6020,0.1963,17.28,-0.97
1452,1641,3,11,63,12.14,1.79,2.44,0.44,0.29,1.70,26.50,0.4752,0.4120,0.7778,-2.79,0.5851,0.6136,0.1869,12.98,-3.68
1453,1651,3,19,78,11.56,2.27,4.05,0.91,0.15,1.35,27.71,0.3632,0.3410,0.8429,0.51,0.4810,0.5145,0.1966,12.55,1.26
1454,1669,3,9,50,18.08,3.82,2.22,0.88,0.98,1.70,29.99,0.4263,0.3583,0.8378,-4.38,0.4914,0.5560,0.2588,16.60,-0.14
1455,1677,3,22,9,5.56,2.33,2.22,0.56,0.11,1.00,19.00,0.4737,0.4231,0.7500,-0.22,0.6184,0.6288,0.1271,11.55,-2.00
1456,1694,3,23,65,5.63,2.42,0.98,0.92,0.57,0.69,20.83,0.3938,0.3801,0.7857,1.23,0.5547,0.5611,0.1242,9.06,-4.53
1457,1696,3,10,46,7.52,7.30,6.96,1.33,1.09,3.02,28.89,0.5253,0.2963,0.6593,4.15,0.5564,0.5824,0.1435,19.13,7.84
1458,1699,3,8,71,6.08,3.96,0.83,0.61,0.37,0.80,15.29,0.4862,0.2661,0.8710,-1.25,0.5367,0.5871,0.1701,15.10,-1.23
1459,1700,3,11,68,17.01,3.32,2.59,0.65,0.26,1.99,31.44,0.4256,0.3428,0.7966,-7.63,0.5079,0.5469,0.2371,13.78,-2.41
1460,1701,3,5,65,7.20,4.25,0.92,1.03,0.49,0.46,23.37,0.5415,0.3564,0.8333,0.31,0.5969,0.6372,0.1162,13.94,-2.59
1461,1702,3,8,75,10.29,3.08,1.28,0.37,0.36,0.95,24.65,0.5236,0.3155,0.8333,0.79,0.5737,0.6265,0.1621,13.03,-4.35
1462,1704,3,7,78,4.09,2.06,1.01,0.58,0.18,0.56,13.32,0.5078,0.3590,0.6889,0.90,0.5625,0.5783,0.1398,11.39,-2.63
1463,1732,3,3,81,4.43,2.81,1.30,0.33,0.17,0.38,11.83,0.4249,0.2621,0.7237,-1.16,0.4856,0.5181,0.1706,15.78,2.53
1464,1739,3,20,62,4.44,1.52,0.71,0.50,0.18,0.45,12.68,0.4043,0.3810,0.6842,-0.87,0.5574,0.5650,0.1534,9.78,-3.90
1465,1763,3,16,31,2.39,0.55,0.55,0.23,0.03,0.42,6.00,0.4000,0.3500,0.6667,-1.55,0.5077,0.5265,0.1999,9.78,-3.79
1466,1766,3,30,45,10.56,3.56,1.07,0.51,0.20,0.73,20.97,0.4908,0.4472,0.6970,-2.82,0.5630,0.5792,0.2107,16.35,-1.69
1467,1784,3,12,26,17.46,4.31,9.58,1.85,0.58,3.23,36.06,0.5015,0.4161,0.8488,-3.88,0.5898,0.6291,0.2000,22.29,9.87
1468,1784,3,26,51,14.25,3.90,7.43,1.69,0.67,2.25,34.45,0.4573,0.4127,0.8365,-4.43,0.5461,0.5754,0.1829,18.83,7.03
1470,1811,3,22,64,7.64,3.03,2.47,0.66,0.20,1.36,21.90,0.3829,0.3497,0.6410,-6.48,0.4530,0.4808,0.1847,10.52,-1.60
1471,1831,3,7,42,14.24,3.71,2.19,0.90,0.14,0.81,29.64,0.3943,0.3355,0.7573,0.86,0.4906,0.5197,0.2207,13.09,-0.91
1472,1832,3,3,49,20.20,7.16,9.12,1.14,0.63,4.33,33.21,0.4136,0.3322,0.8686,0.51,0.4858,0.5756,0.2878,25.00,11.09
1473,1832,3,23,21,21.05,7.10,10.48,1.24,0.24,3.43,37.74,0.4021,0.3262,0.8925,7.14,0.4825,0.6008,0.2484,24.77,11.85
1474,1840,3,26,76,2.86,1.47,0.30,0.38,0.32,0.41,11.36,0.4586,0.3069,0.7143,-1.18,0.5442,0.5612,0.1121,8.20,-6.58
1476,1852,3,4,26,10.96,4.69,1.88,0.42,0.46,0.85,20.13,0.6453,0.0000,0.6923,1.69,0.6453,0.6720,0.1927,23.14,2.89
1477,1852,3,30,46,14.07,6.72,2.09,0.39,0.67,1.09,24.28,0.6449,0.2667,0.7268,0.87,0.6501,0.6836,0.2100,26.01,3.75
1478,1864,3,22,79,8.59,1.54,1.37,0.75,0.11,0.77,21.90,0.4340,0.3841,0.8737,-2.63,0.5389,0.5708,0.1650,10.16,-4.42
1479,1866,3,3,14,11.29,4.00,1.00,0.50,0.14,1.14,30.19,0.4516,0.4659,0.8333,1.14,0.6169,0.6238,0.1514,10.41,-6.25
1480,1873,3,23,76,16.54,6.53,3.32,0.62,0.57,1.53,33.46,0.4824,0.3673,0.8416,2.25,0.5318,0.5658,0.2183,18.11,1.43
1483,1881,3,19,42,13.05,7.57,4.00,1.07,0.26,1.93,32.72,0.5052,0.3231,0.7532,-2.69,0.5596,0.6038,0.1690,18.00,1.99
1484,1881,3,25,16,16.19,4.38,3.50,1.00,0.13,2.06,26.06,0.5027,0.3735,0.7719,-5.31,0.5874,0.6224,0.2500,20.95,3.04
1485,1882,3,13,70,8.04,4.74,2.29,0.71,1.10,1.20,17.37,0.6257,0.4667,0.6894,2.41,0.6448,0.6638,0.1843,23.10,5.96
1486,1888,3,16,76,0.42,0.33,0.05,0.01,0.01,0.07,1.09,0.4516,0.2500,1.0000,-0.20,0.4677,0.4950,0.2019,11.31,-3.32
1487,1895,3,2,43,1.51,0.67,0.23,0.02,0.05,0.05,3.67,0.4600,0.4318,,0.02,0.6500,0.6500,0.1472,16.31,-0.83
1488,1911,3,19,82,7.98,3.84,0.52,0.40,0.67,0.66,17.05,0.6156,0.3509,0.7660,0.26,0.6407,0.6802,0.1654,18.61,-1.73
1489,1912,3,9,69,6.57,3.04,4.01,1.13,0.51,1.61,23.88,0.3834,0.2635,0.7703,-5.32,0.4314,0.4608,0.1582,10.30,1.66
1490,1915,3,4,50,15.56,4.48,3.54,0.94,0.44,1.62,31.27,0.4587,0.3909,0.8456,-0.40,0.5284,0.5699,0.2077,17.08,1.35
1492,1959,3,2,41,0.46,0.61,0.07,0.10,0.05,0.15,2.34,0.1852,0.1667,0.6667,-0.93,0.2407,0.3068,0.1711,6.30,-5.24
1493,1959,3,27,9,0.78,1.67,0.33,0.11,0.11,0.22,5.62,0.3333,0.0000,0.7500,-0.22,0.3333,0.4510,0.0831,14.71,-2.22
1494,1959,3,29,27,3.89,2.22,0.52,0.33,0.26,0.30,11.05,0.5068,0.4375,0.4762,1.30,0.6507,0.6384,0.1328,15.55,-1.81
1495,1960,3,19,78,5.81,4.33,0.81,0.27,0.24,0.65,10.76,0.5199,0.3333,0.7730,-0.56,0.5260,0.5822,0.2261,24.81,4.37
1496,1964,3,16,71,19.25,4.63,3.70,0.62,0.11,2.45,30.30,0.4465,0.3986,0.8676,3.38,0.5245,0.5610,0.2891,18.65,1.37
1497,1978,3,12,26,18.19,5.08,4.77,0.96,0.38,2.42,35.57,0.4469,0.3620,0.8857,-0.65,0.5457,0.5626,0.2203,15.82,1.50
1498,1978,3,26,55,14.40,4.02,1.91,0.87,0.27,1.64,28.62,0.3824,0.3677,0.8696,-2.67,0.5137,0.5399,0.2248,12.53,-2.50
1499,1985,3,16,30,1.43,0.87,0.20,0.07,0.10,0.10,5.44,0.3478,0.3214,0.4000,-1.23,0.4457,0.4461,0.1409,7.25,-5.23
1500,1991,3,17,55,6.07,2.82,2.18,0.76,0.11,0.75,22.78,0.4291,0.3060,0.9194,5.69,0.5036,0.5525,0.1182,11.18,-2.24
1502,1995,3,5,31,1.77,0.94,0.23,0.10,0.06,0.10,5.37,0.4318,0.3226,0.7000,-1.32,0.5455,0.5682,0.1371,10.81,-3.87
1503,1996,3,1,24,0.33,0.96,0.50,0.17,0.08,0.04,5.81,0.1500,0.1538,,1.71,0.2000,0.2000,0.0662,3.90,-3.30
1505,2010,3,21,8,12.88,10.50,2.13,0.75,0.63,1.00,29.93,0.4889,0.3600,0.4286,-10.88,0.5389,0.5356,0.1918,21.70,3.60
1506,2023,3,24,26,5.73,2.12,2.88,0.69,0.00,1.08,13.78,0.4113,0.4444,0.9394,1.81,0.4758,0.5378,0.1998,16.48,5.63
1507,2023,3,30,47,5.34,1.43,1.66,0.51,0.19,0.83,14.10,0.4673,0.3433,0.8000,-1.83,0.5210,0.5471,0.1814,11.63,-1.27
1508,2024,3,17,70,17.50,4.30,6.53,1.54,0.41,2.61,31.54,0.5010,0.4112,0.7611,6.09,0.5702,0.5928,0.2367,21.47,7.22
1509,2025,3,12,49,11.04,2.76,1.84,0.73,0.37,1.00,28.89,0.4148,0.3780,0.8293,-1.96,0.5535,0.5682,0.1612,10.10,-4.00
1510,2025,3,26,25,8.32,2.20,1.52,0.84,0.60,0.84,25.64,0.3480,0.3425,0.7619,-4.40,0.4706,0.4877,0.1596,7.44,-4.38
1511,2035,3,26,51,9.18,6.22,0.94,0.33,0.80,1.10,21.06,0.6600,0.4000,0.7778,-2.67,0.6633,0.6890,0.1591,20.09,-0.81
1512,2048,3,13,25,1.36,0.40,0.32,0.12,0.08,0.16,5.13,0.4615,0.5455,0.8000,1.08,0.5769,0.6028,0.1118,9.76,-5.33
1513,2048,3,17,52,2.48,1.29,0.58,0.23,0.08,0.13,11.17,0.3511,0.3000,0.9286,-0.35,0.4427,0.4703,0.1075,7.64,-5.17
1515,2057,3,2,70,10.01,7.57,3.31,0.70,1.31,0.93,28.64,0.4675,0.3358,0.8421,5.51,0.5457,0.5738,0.1500,19.85,4.66
1516,2064,3,14,65,9.18,2.97,2.45,0.91,0.45,1.26,23.24,0.4164,0.2692,0.8000,-1.38,0.4619,0.5034,0.1936,11.55,-0.74
1517,2068,3,11,18,4.28,2.39,1.06,0.28,0.28,1.00,12.92,0.3378,0.2941,0.8947,-1.11,0.4054,0.4675,0.1859,10.14,-3.65
1519,2068,3,29,29,5.90,2.34,0.86,0.55,0.41,0.52,16.93,0.4472,0.4146,0.6923,2.83,0.5854,0.6100,0.1392,12.44,-3.22
1520,2074,3,14,77,4.83,4.62,0.45,0.44,0.47,0.61,12.61,0.6119,0.5333,0.6575,-1.66,0.6301,0.6567,0.1468,21.03,0.66
1521,2079,3,8,68,1.85,0.18,0.10,0.13,0.00,0.10,2.59,0.3861,0.4000,0.8696,-0.18,0.5248,0.5670,0.2920,13.69,-2.07
1522,2092,3,1,75,11.89,3.39,2.71,0.73,0.35,1.21,29.19,0.4539,0.3893,0.8077,2.24,0.5592,0.5697,0.1752,12.15,-1.76
1524,2098,3,25,25,3.32,1.64,0.64,0.40,0.28,0.40,12.89,0.2963,0.2239,0.6667,-6.40,0.3657,0.3751,0.1611,4.28,-5.13
1525,2098,3,29,36,1.19,0.47,0.17,0.11,0.03,0.19,3.11,0.4167,0.3571,1.0000,-1.94,0.5556,0.5761,0.1726,11.63,-4.64
1528,2114,3,1,55,12.89,3.20,1.24,0.65,0.38,1.25,28.68,0.4417,0.3795,0.7651,0.51,0.5061,0.5470,0.1992,10.28,-5.06
1530,2131,3,8,75,9.31,2.51,2.55,0.55,0.27,1.15,17.47,0.4028,0.3659,0.8560,0.56,0.5175,0.5575,0.2363,15.20,2.76
1531,2133,3,13,40,5.80,3.75,0.90,0.18,0.65,0.83,13.46,0.4896,0.3871,0.6897,-1.00,0.5521,0.5665,0.1955,17.48,0.13
1532,2133,3,17,23,5.78,4.35,0.57,0.17,0.30,0.43,14.74,0.5192,0.3514,0.8000,-0.61,0.5817,0.6013,0.1509,15.98,-1.45
1533,2135,3,10,40,3.10,2.50,2.85,0.68,0.55,0.70,15.07,0.3802,0.2297,0.7500,2.85,0.4504,0.4777,0.1141,14.88,5.39
1535,2141,3,29,46,7.07,2.85,3.43,0.50,0.11,1.00,24.39,0.4035,0.3467,0.7727,4.04,0.5404,0.5514,0.1331,11.03,-0.25
1536,2144,3,19,60,20.77,5.33,5.12,0.57,0.43,2.52,31.16,0.4608,0.3274,0.8261,2.05,0.4985,0.5539,0.2977,21.46,5.23
1537,2148,3,3,29,27.45,4.38,5.76,1.41,0.59,2.52,37.64,0.4692,0.4184,0.9147,4.17,0.5503,0.5916,0.2951,21.96,5.62
1538,2155,3,1,3,7.33,4.33,0.00,0.33,0.00,0.33,27.40,0.4444,0.6000,0.7500,0.00,0.5278,0.5567,0.1126,7.29,-8.27
1539,2163,3,9,63,8.89,1.38,0.87,0.43,0.14,0.60,18.48,0.4017,0.3082,0.8269,-2.94,0.4907,0.5295,0.2099,9.77,-4.60
1540,2166,3,12,53,5.60,2.81,0.19,0.47,0.98,0.75,10.21,0.5631,0.3125,0.6818,-0.74,0.5752,0.6068,0.2245,19.98,0.27
1541,2170,3,9,45,6.13,2.73,1.09,0.47,0.40,0.84,15.71,0.4104,0.2655,0.7143,-3.11,0.4701,0.5007,0.1930,11.42,-2.34
1542,2170,3,26,24,2.17,0.75,0.21,0.21,0.17,0.38,5.12,0.3469,0.1765,0.7143,-0.67,0.3776,0.4464,0.2393,6.89,-5.28
1545,2183,3,13,77,16.40,3.52,4.66,0.71,0.19,2.25,30.35,0.3920,0.3262,0.8466,-0.91,0.4603,0.4881,0.2777,13.59,1.96
1546,2190,3,15,78,16.31,5.82,1.10,0.94,2.27,1.67,27.26,0.4151,0.3192,0.8232,4.63,0.4768,0.5354,0.2558,17.49,1.02
1548,2205,3,14,60,28.25,7.65,5.82,1.22,0.98,3.27,34.75,0.5242,0.3594,0.7560,-1.95,0.5901,0.6191,0.3249,29.54,8.98
1552,2241,3,21,59,5.76,1.32,1.85,0.51,0.08,0.63,13.58,0.3780,0.2903,0.8085,-0.12,0.4604,0.4876,0.2094,11.03,0.98
1553,2245,3,23,77,2.57,0.73,0.45,0.18,0.04,0.25,7.91,0.3503,0.3333,0.9355,0.30,0.4774,0.5193,0.1559,7.38,-5.45
1554,2249,3,5,27,1.04,1.33,0.30,0.11,0.00,0.30,4.46,0.5217,0.0000,0.5714,-2.26,0.5217,0.5368,0.1249,11.93,-3.78
1557,2256,3,22,4,6.50,3.75,0.00,0.00,0.25,0.00,16.13,0.4400,0.4000,,-3.00,0.5200,0.5200,0.1729,13.47,-3.74
1558,2259,3,24,69,11.91,3.96,1.43,0.83,0.23,0.68,25.08,0.4596,0.4246,0.8596,3.17,0.5964,0.6254,0.1761,16.15,-1.12
1560,2287,3,1,48,1.08,0.54,0.06,0.06,0.04,0.19,2.51,0.5366,0.2308,0.7143,-0.40,0.5732,0.5898,0.1949,14.46,-5.54
1561,2288,3,3,73,4.66,2.95,1.78,0.41,0.47,0.66,16.32,0.4691,0.2706,0.5273,-0.81,0.5065,0.5133,0.1381,11.08,-0.31
1563,2292,3,27,75,17.04,6.09,2.11,0.77,0.19,1.23,31.89,0.4659,0.3985,0.7564,1.00,0.5445,0.5736,0.2137,17.56,-0.18
1564,2295,3,13,21,2.52,1.00,0.62,0.33,0.10,0.33,6.42,0.3333,0.2727,0.7619,-0.38,0.3627,0.4399,0.2221,8.54,-0.67
1565,2295,3,25,25,8.56,2.40,2.52,0.84,0.40,1.56,22.46,0.3575,0.3483,0.8333,-11.16,0.4276,0.4569,0.2093,8.82,-1.87
1566,2315,3,14,48,6.67,3.23,1.67,0.90,0.29,0.73,22.81,0.4661,0.3143,0.7162,-1.02,0.5319,0.5643,0.1261,10.74,-2.81
1567,2320,3,27,6,1.00,1.00,0.83,0.33,0.33,0.17,8.87,0.2000,0.3333,,-2.50,0.3000,0.3000,0.0871,6.12,-2.15
1568,2327,3,8,75,26.72,13.59,7.79,1.45,0.84,3.75,33.01,0.5828,0.3368,0.8098,5.92,0.6198,0.6605,0.3157,39.79,17.07
1570,2343,3,26,78,5.82,3.15,0.88,0.33,0.60,0.76,13.04,0.6579,0.3448,0.7176,-2.23,0.6767,0.7014,0.1625,19.43,0.00
1571,2355,3,19,80,9.28,3.70,2.09,1.63,0.75,1.25,29.19,0.4757,0.3373,0.8405,0.85,0.5252,0.5728,0.1385,11.53,-2.37
1573,2365,3,4,54,0.41,0.20,0.07,0.02,0.04,0.11,1.16,0.6429,0.5000,0.3750,-0.26,0.6786,0.6279,0.1595,10.85,-6.30
1574,2372,3,14,8,3.38,1.25,0.50,0.25,0.00,0.13,6.33,0.4667,0.2500,0.8000,2.88,0.5000,0.6250,0.1883,17.66,1.60
1575,2384,3,27,73,5.66,2.12,3.19,0.58,0.10,0.63,15.73,0.4897,0.1961,0.7802,-0.22,0.5044,0.5448,0.1572,17.16,6.20
1576,2385,3,15,74,8.54,2.38,4.38,0.89,0.03,0.62,20.94,0.4511,0.3902,0.8182,3.45,0.5236,0.5439,0.1670,19.01,7.82
1577,2393,3,5,61,4.69,2.77,0.49,0.41,0.54,0.49,14.74,0.5385,0.3279,0.8000,0.67,0.5897,0.6333,0.1255,12.56,-3.91
1578,2395,3,14,60,2.20,2.87,0.22,0.17,0.43,0.35,6.81,0.6742,,0.4615,-1.80,0.6742,0.6571,0.1285,21.88,1.31
1579,2395,3,23,20,3.70,4.60,0.40,0.10,0.45,0.80,10.70,0.5926,,0.7143,-1.95,0.5926,0.6150,0.1593,21.03,-0.58
1580,2406,3,9,74,7.04,2.35,3.20,0.57,0.23,1.15,21.61,0.4450,0.4140,0.8850,-2.76,0.5263,0.5792,0.1451,12.02,0.12
1582,2417,3,21,4,17.50,3.25,3.00,2.50,0.25,4.00,41.40,0.4643,0.3636,0.4762,-21.25,0.5357,0.5365,0.2167,9.65,-5.69
1583,2420,3,24,13,7.31,3.15,1.00,0.62,0.54,0.38,13.91,0.5455,0.3333,0.9000,3.00,0.5833,0.6350,0.1898,22.85,3.70
1584,2453,3,13,71,11.73,3.23,2.06,0.59,0.08,0.85,27.03,0.4491,0.4492,0.8961,2.59,0.5978,0.6190,0.1688,13.95,-2.10
1585,2469,3,9,9,8.56,5.33,1.11,1.00,1.22,1.00,21.21,0.4571,0.3000,0.5385,3.56,0.5000,0.5085,0.1928,15.24,0.69
1588,2495,3,26,23,1.96,0.52,0.39,0.09,0.04,0.00,4.50,0.3191,0.2963,0.7000,-1.26,0.4043,0.4377,0.2122,7.58,-0.11
1589,2506,3,30,82,7.73,2.55,1.04,0.43,0.27,0.61,21.96,0.4553,0.3500,0.8710,0.46,0.5642,0.5856,0.1467,11.23,-4.70
1590,2511,3,7,62,6.63,5.65,1.10,0.48,0.94,0.76,23.38,0.3983,0.3255,0.7077,1.94,0.5155,0.5371,0.1349,12.78,-2.09
1591,2522,3,7,6,5.33,1.33,1.33,0.17,0.00,0.67,10.77,0.4000,0.2353,1.0000,-1.00,0.4800,0.5610,0.2261,14.01,-0.43
1592,2524,3,18,77,1.79,1.10,0.29,0.09,0.10,0.23,3.47,0.5114,0.3077,0.7333,0.29,0.5341,0.6031,0.2077,20.29,2.17
1593,2532,3,1,41,1.12,0.54,0.17,0.05,0.02,0.05,2.72,0.3556,0.1923,0.7500,-0.59,0.4111,0.4574,0.2061,10.29,-1.22
1594,2532,3,20,37,1.27,0.59,0.08,0.05,0.03,0.14,3.00,0.3750,0.3571,0.7000,-1.24,0.5000,0.5293,0.1988,12.60,-4.48
1595,2541,3,15,75,4.65,4.39,1.45,0.60,0.29,0.39,17.22,0.5153,0.4127,0.5510,1.23,0.6145,0.6154,0.0998,16.77,1.15
1596,2544,3,23,76,6.70,2.30,1.67,0.43,0.12,0.63,18.60,0.3872,0.2895,0.8095,0.42,0.4691,0.5020,0.1772,11.58,-1.83
1597,2546,3,2,23,1.13,1.09,0.35,0.13,0.09,0.00,3.71,0.5714,0.0000,0.6667,0.35,0.5714,0.5824,0.1160,20.16,4.63
1600,2561,3,21,41,4.56,2.46,1.39,0.46,0.20,0.71,16.83,0.4072,0.3265,0.8636,-4.37,0.5030,0.5292,0.1285,9.32,-3.44
1602,2575,3,10,72,9.06,3.25,0.89,0.43,0.31,1.03,16.45,0.5130,0.3356,0.6842,0.49,0.5674,0.5997,0.2295,16.28,-2.04
1603,2582,3,30,67,16.87,8.37,3.48,0.63,0.85,2.52,32.89,0.4519,0.3413,0.7123,-4.19,0.5203,0.5473,0.2437,19.47,2.08
1604,2591,3,5,67,24.40,4.60,4.52,0.61,0.34,2.55,34.75,0.4764,0.3895,0.8533,-0.39,0.5544,0.6051,0.2908,21.36,2.76
1606,2601,3,12,45,6.13,2.09,1.13,0.51,0.31,0.53,13.63,0.3728,0.3333,0.8375,0.98,0.4583,0.5243,0.2045,14.24,0.23
1607,2601,3,26,20,6.70,3.00,1.50,0.40,0.40,0.65,16.11,0.4034,0.3019,0.8462,-1.15,0.4706,0.5136,0.1949,15.65,0.93
1608,2607,3,27,69,3.84,2.00,0.65,0.14,0.20,0.45,8.53,0.4951,0.3258,0.8293,-0.25,0.5662,0.5967,0.1818,17.34,-0.18
1609,2617,3,2,51,4.06,2.04,0.37,0.41,0.31,0.31,14.28,0.4293,0.3494,0.5882,-0.16,0.5082,0.5202,0.1305,9.64,-5.29
1611,2642,3,18,82,0.99,0.44,0.11,0.09,0.06,0.12,2.81,0.4110,0.2286,0.7222,-0.13,0.4658,0.5005,0.1655,11.11,-4.42
1612,2644,3,6,19,13.58,3.37,3.95,0.84,0.26,1.74,29.84,0.4353,0.3134,0.7447,-2.26,0.4806,0.5105,0.2293,13.33,0.61
1613,2644,3,12,39,18.67,3.85,4.44,0.90,0.46,1.92,31.11,0.4469,0.3228,0.7603,-0.49,0.4960,0.5304,0.2729,17.26,3.37
1614,2656,3,10,72,6.49,2.82,0.88,0.54,0.08,0.53,17.46,0.4413,0.3369,0.8800,1.31,0.5235,0.5613,0.1587,12.30,-3.33
1615,2667,3,9,52,4.00,1.67,2.06,0.69,0.23,0.69,11.61,0.3898,0.2333,0.7887,-1.54,0.4294,0.4994,0.1749,15.31,4.81
1616,2673,3,26,73,3.22,2.21,0.62,0.18,0.34,0.59,8.50,0.5341,0.2857,0.6508,-1.04,0.5511,0.5768,0.1714,14.26,-1.51
1618,2701,3,19,27,5.22,1.44,1.81,0.41,0.04,0.96,12.64,0.4041,0.2241,0.8333,-3.96,0.4486,0.4660,0.2244,11.68,-0.07
1619,2707,3,25,29,23.97,4.14,7.31,0.59,0.38,2.86,36.41,0.4022,0.3239,0.8785,-1.03,0.4855,0.5502,0.2959,20.41,6.44
1620,2711,3,25,42,9.76,5.62,1.29,0.60,0.86,0.95,25.91,0.4603,0.3312,0.7340,-0.55,0.5413,0.5753,0.1592,15.23,-1.61
1621,2713,3,9,21,5.76,2.71,1.00,0.62,0.33,0.71,18.25,0.4556,0.4219,0.8571,-0.48,0.6056,0.6292,0.1264,11.06,-4.04
1622,2738,3,10,82,5.99,7.27,2.01,0.61,0.63,0.82,21.13,0.5714,0.0000,0.6000,2.05,0.5714,0.5859,0.1231,18.68,2.97
1623,2739,3,17,14,11.50,3.79,0.43,0.57,1.07,0.86,21.32,0.4656,0.3585,0.8696,-0.50,0.5382,0.5704,0.2179,15.24,-2.23
1624,2742,3,22,76,3.34,1.66,0.71,0.03,0.24,0.58,8.05,0.5528,0.3333,0.5926,-0.86,0.5578,0.5701,0.1898,14.45,-2.18
1626,2747,3,25,12,2.92,1.25,0.33,0.17,0.17,0.42,10.20,0.4000,0.4500,1.0000,-6.42,0.5500,0.5667,0.1273,6.51,-7.59
1627,2750,3,6,74,13.61,7.24,2.16,0.35,0.24,1.32,22.49,0.4297,0.3920,0.8384,1.28,0.5526,0.5937,0.2538,23.92,4.42
1628,2756,3,16,64,13.19,4.41,7.41,1.05,0.27,2.63,33.33,0.4402,0.3770,0.8506,3.91,0.5550,0.5998,0.1830,16.57,5.28
1630,2772,3,1,76,2.99,1.08,0.53,0.24,0.08,0.26,9.01,0.3978,0.3607,0.8537,-0.67,0.5161,0.5563,0.1436,8.58,-4.53
1631,2774,3,9,51,10.43,4.78,1.14,0.43,0.51,1.06,19.40,0.4557,0.3014,0.7841,-3.10,0.5130,0.5765,0.2256,18.70,0.15
1632,2774,3,26,25,10.16,5.40,1.20,0.28,0.24,0.76,21.86,0.4888,0.3651,0.8507,-2.80,0.5534,0.6121,0.1815,18.92,-0.55
1633,2815,3,21,72,5.01,1.82,1.54,0.43,0.15,0.90,12.61,0.3754,0.2933,0.7900,-2.76,0.4448,0.5000,0.2039,12.19,-0.50
1634,2822,3,17,59,2.61,1.39,0.37,0.15,0.15,0.25,6.90,0.4957,0.4231,0.8182,-2.46,0.5913,0.6176,0.1474,15.41,-2.08
1635,2828,3,13,81,10.77,5.25,2.58,0.68,0.26,1.04,28.60,0.4841,0.3654,0.7805,0.84,0.5391,0.5721,0.1617,14.82,-0.52
1636,2829,3,21,68,9.19,2.51,1.34,0.69,0.18,1.04,20.10,0.3929,0.3603,0.7927,-4.09,0.4762,0.5007,0.2205,10.82,-2.99
1637,2845,3,7,76,1.29,0.51,0.04,0.00,0.04,0.20,1.68,0.6000,0.2500,0.5909,0.46,0.6071,0.6150,0.3354,20.37,-3.82
1638,2846,3,6,61,14.75,5.66,1.33,0.74,0.49,0.89,30.77,0.4452,0.3579,0.8679,2.82,0.5420,0.5822,0.1957,15.77,-1.68
1639,2855,3,19,79,3.96,1.80,0.78,0.42,0.10,0.58,9.31,0.4052,0.2000,0.7957,-0.63,0.4442,0.5050,0.2090,13.51,-0.83
1640,2863,3,16,64,8.61,3.59,1.00,0.91,0.47,0.81,21.44,0.5073,0.4129,0.7634,2.45,0.5854,0.6110,0.1642,14.91,-2.33
1641,2865,3,4,73,7.45,3.90,2.45,1.21,0.44,0.84,25.56,0.4823,0.3836,0.7009,-0.34,0.5544,0.5786,0.1222,13.93,-0.18
1642,2875,3,11,80,8.70,3.71,1.26,0.43,0.50,0.75,20.70,0.5335,0.3571,0.6341,-2.98,0.5908,0.6030,0.1643,15.98,-1.55
1644,2876,3,12,28,6.11,1.89,0.75,0.46,0.32,0.50,15.86,0.4167,0.2973,0.6923,-1.61,0.4821,0.4922,0.1866,9.56,-3.92
1645,2895,3,11,65,10.00,2.92,0.98,0.88,0.37,0.63,26.34,0.3991,0.3601,0.7944,-3.35,0.5499,0.6016,0.1454,10.21,-4.63
1647,2901,3,17,52,4.79,1.77,0.69,0.44,0.15,0.35,19.27,0.3955,0.3376,0.7857,2.65,0.5159,0.5359,0.1064,6.05,-7.04
1648,2904,3,23,77,17.03,3.12,4.17,0.71,0.42,1.14,34.42,0.4854,0.4272,0.8659,2.48,0.5518,0.5942,0.2040,16.23,1.21
1649,2918,3,1,67,1.19,0.37,0.25,0.10,0.00,0.15,3.28,0.5000,0.3200,0.8889,-0.79,0.5625,0.5886,0.1560,12.76,-3.46
1650,2928,3,20,75,1.19,0.56,0.55,0.19,0.01,0.07,4.97,0.2963,0.2500,0.6667,1.35,0.3750,0.3928,0.1402,5.76,-1.14
1652,2951,3,19,26,24.27,4.46,5.85,1.31,0.04,2.19,33.78,0.4930,0.3944,0.6667,1.69,0.5641,0.5801,0.2924,23.29,7.03
1653,2951,3,25,36,20.53,4.25,4.53,1.00,0.58,1.94,35.19,0.4361,0.3841,0.7059,-3.14,0.5195,0.5317,0.2650,16.61,2.71
1654,2954,3,12,28,8.18,3.21,4.68,1.04,0.36,1.04,23.29,0.4808,0.3030,0.8261,-2.64,0.5048,0.5249,0.1644,16.50,6.37
1655,2968,3,18,70,9.24,4.19,1.13,0.74,0.77,1.07,25.75,0.4603,0.3175,0.8028,0.03,0.5325,0.5528,0.1536,10.46,-4.08
1656,2969,3,4,63,5.40,2.70,0.92,0.41,0.35,0.57,14.21,0.4843,0.3796,0.7361,0.73,0.5650,0.5951,0.1535,14.06,-1.69
1657,2972,3,27,51,11.33,2.25,1.25,0.25,0.12,0.84,23.98,0.4624,0.4219,0.7843,-0.75,0.5785,0.5929,0.1841,11.81,-4.63
1658,2983,3,24,74,9.19,6.70,0.57,0.30,1.09,1.32,15.84,0.6288,0.2222,0.6986,1.62,0.6310,0.6510,0.2294,26.34,2.54
1659,2992,3,9,74,3.69,1.50,0.65,0.28,0.09,0.32,10.19,0.4356,0.3973,0.7308,-0.76,0.5644,0.5773,0.1493,11.90,-2.92
1660,3010,3,5,28,2.11,1.18,0.18,0.07,0.11,0.25,7.37,0.3934,0.3333,0.2500,-1.96,0.4672,0.4572,0.1531,5.15,-7.42
1662,3012,3,18,78,2.99,1.21,2.31,0.73,0.13,0.49,11.56,0.4400,0.3176,0.7500,0.47,0.5075,0.5354,0.1190,14.68,5.34
1663,3013,3,25,80,8.19,1.29,0.74,0.48,0.13,0.69,16.06,0.4007,0.3621,0.8182,-4.41,0.5408,0.5669,0.2148,10.62,-4.57
1664,3055,3,15,73,10.84,4.49,2.66,1.42,0.53,1.53,22.70,0.4043,0.3737,0.7500,3.03,0.5043,0.5289,0.2135,17.23,3.33
1665,3066,3,15,15,1.67,0.47,0.27,0.00,0.00,0.13,3.86,0.3333,0.3043,0.5000,-0.60,0.4792,0.4852,0.2022,8.83,-3.87
1666,3068,3,26,77,6.94,4.35,0.78,0.66,0.42,0.79,16.61,0.4521,0.3065,0.7802,-2.01,0.5156,0.5460,0.1858,17.08,-0.45
1667,3075,3,17,70,18.93,5.09,5.11,1.09,0.26,2.71,30.59,0.4427,0.3733,0.8900,4.37,0.5220,0.5766,0.2669,20.29,4.70
1669,3113,3,3,81,11.40,1.93,2.26,0.63,0.21,0.90,28.96,0.4081,0.3996,0.8136,1.47,0.5510,0.5628,0.1651,10.34,-3.49
1670,3116,3,3,33,2.48,2.70,0.73,0.15,0.33,0.33,8.18,0.3765,0.2222,0.7059,0.12,0.4118,0.4433,0.1672,12.99,1.84
1671,3116,3,23,24,1.38,1.04,0.21,0.21,0.08,0.33,4.40,0.4333,0.2500,0.7143,-1.13,0.4667,0.4988,0.1746,8.61,-4.84
1672,3117,3,23,57,7.89,2.49,2.44,0.49,0.30,0.77,20.69,0.4293,0.3233,0.8356,-0.51,0.4826,0.5171,0.1833,12.21,0.06
1673,3131,3,26,75,11.48,2.21,4.17,0.73,0.32,1.52,27.68,0.4176,0.3156,0.6588,-3.67,0.4775,0.4890,0.2069,11.52,0.87
1674,3132,3,29,67,25.87,4.21,5.34,1.48,0.18,2.99,33.82,0.4484,0.3547,0.8530,4.12,0.5327,0.5724,0.3311,21.42,5.17
1675,3144,3,6,69,14.99,8.26,2.52,0.81,1.67,1.93,33.79,0.5084,0.2500,0.6627,1.38,0.5223,0.5495,0.2071,19.00,1.17
1676,3159,3,14,77,13.61,3.32,2.83,0.79,0.38,1.58,27.77,0.4734,0.3914,0.7949,0.69,0.5781,0.5972,0.2019,15.34,-0.57
1677,3161,3,17,5,5.40,4.20,0.40,0.60,0.40,0.60,13.92,0.5000,,0.5556,1.00,0.5000,0.5200,0.1774,16.77,-0.81
1678,3161,3,18,7,4.14,3.43,2.29,0.57,0.86,1.00,11.63,0.5909,,0.4286,-0.29,0.5909,0.5781,0.1659,23.23,9.62
1681,3166,3,10,71,3.21,1.13,0.32,0.10,0.14,0.18,8.56,0.4372,0.3636,0.7778,-0.59,0.5464,0.5733,0.1533,11.05,-4.65
1682,3168,3,13,19,3.05,0.74,1.26,0.37,0.16,0.32,7.23,0.4902,0.3571,0.6000,0.11,0.5392,0.5451,0.1931,16.91,5.34
1685,3184,3,15,57,27.44,5.70,6.74,1.16,0.39,3.44,33.14,0.4928,0.3438,0.7614,3.32,0.5302,0.5752,0.3390,27.57,9.34
1689,3196,3,16,24,5.38,1.88,0.96,0.25,0.04,0.83,12.43,0.4737,0.3333,0.8889,0.79,0.5307,0.5468,0.2070,10.99,-4.05
1690,3198,3,8,75,3.56,0.80,1.20,0.28,0.03,0.29,7.96,0.5071,0.4103,0.8750,1.87,0.5829,0.6025,0.1785,17.44,3.12
1691,3201,3,13,58,14.31,4.12,1.95,0.48,0.31,1.19,26.97,0.4342,0.3673,0.8716,-2.47,0.5072,0.5489,0.2335,14.92,-1.19
1693,3222,3,22,29,1.90,0.72,0.10,0.14,0.03,0.28,6.73,0.2985,0.2826,1.0000,-1.86,0.3955,0.4051,0.1678,3.15,-9.08
1694,3245,3,19,76,4.39,1.93,0.50,0.30,0.09,0.21,11.36,0.3935,0.3817,0.8824,-0.01,0.5217,0.5577,0.1579,12.67,-2.67
1695,3246,3,27,69,20.84,8.16,9.09,2.00,0.33,2.61,34.30,0.4617,0.3265,0.7935,0.71,0.5004,0.5327,0.2748,27.24,14.95
1696,3258,3,21,47,7.32,2.74,0.47,0.38,0.55,0.30,12.61,0.4556,0.4294,0.8421,0.49,0.5968,0.6299,0.2118,20.04,1.42
1697,3264,3,28,80,3.19,1.15,0.56,0.33,0.05,0.40,8.95,0.3889,0.3060,0.8649,-0.98,0.4765,0.5094,0.1701,9.65,-4.03
1698,3270,3,24,24,1.42,1.13,0.29,0.33,0.17,0.46,6.05,0.3429,0.2857,0.6000,-0.08,0.4000,0.4315,0.1510,6.04,-5.88
1699,3277,3,19,9,7.33,4.33,0.89,0.56,0.78,1.11,20.18,0.5510,0.5000,1.0000,-1.11,0.5918,0.6283,0.1473,15.15,-3.05
1700,3277,3,25,38,6.71,5.50,1.92,1.00,0.34,0.71,22.60,0.5152,0.3065,0.6531,-1.32,0.5631,0.5807,0.1260,16.46,0.98
1701,3308,3,6,44,0.34,0.16,0.27,0.02,0.00,0.07,1.43,0.3333,0.0000,0.7500,-0.16,0.3333,0.3796,0.1617,10.12,2.02
1702,3310,3,2,68,2.88,1.31,0.32,0.29,0.07,0.46,8.44,0.3956,0.2696,0.8077,0.32,0.4808,0.5066,0.1730,7.49,-6.17
1703,3313,3,30,76,6.92,1.76,2.86,0.72,0.04,1.04,18.06,0.4626,0.2917,0.7685,-1.14,0.5023,0.5384,0.1851,13.29,1.40
1705,3326,3,23,77,9.09,2.64,1.32,0.39,0.17,0.77,22.55,0.4369,0.4031,0.8814,0.88,0.5755,0.5943,0.1684,9.98,-4.42
1706,3337,3,11,33,2.33,1.00,1.21,0.45,0.00,0.79,7.92,0.4030,0.2692,0.5333,-1.39,0.4552,0.4800,0.1737,9.95,-1.27
1707,3340,3,8,53,5.09,2.77,0.32,0.30,0.25,0.43,13.17,0.5161,0.4625,0.6308,-0.85,0.6156,0.6291,0.1497,13.51,-4.06
1708,3345,3,20,31,2.74,4.55,0.74,0.97,1.00,0.65,18.13,0.5333,0.0000,0.7000,-2.19,0.5333,0.5806,0.0727,12.31,-2.24
1709,3365,3,18,80,6.59,1.54,1.63,0.34,0.13,0.45,12.19,0.4746,0.3938,0.7826,0.88,0.5508,0.5811,0.2110,17.91,3.33
1710,3369,3,7,73,3.29,1.08,0.95,0.37,0.10,0.42,9.38,0.3991,0.3423,0.9600,0.86,0.4843,0.5128,0.1755,10.34,-1.61
1712,3372,3,25,57,14.77,10.86,2.75,1.09,0.60,2.51,27.70,0.5350,0.2679,0.6903,0.23,0.5475,0.5864,0.2395,24.45,4.47
1713,3374,3,11,82,2.84,1.84,0.43,0.34,0.24,0.26,7.43,0.4830,0.3061,0.7164,-1.43,0.5256,0.5670,0.1589,17.34,0.76
1714,3375,3,17,81,6.01,2.73,0.73,0.31,0.21,0.70,14.64,0.4026,0.3480,0.8372,-0.98,0.4881,0.5063,0.1947,12.06,-3.34
1715,3394,3,29,79,7.22,4.66,2.42,1.09,0.41,1.00,30.45,0.4572,0.3889,0.8036,2.94,0.5912,0.6081,0.0998,11.12,-2.78
1716,3411,3,13,17,2.41,0.94,0.24,0.12,0.06,0.24,5.79,0.4138,0.4444,0.8125,-0.94,0.4828,0.5688,0.1808,13.86,-3.99
1717,3411,3,17,33,1.73,1.76,0.15,0.15,0.15,0.15,9.32,0.2571,0.2683,0.7692,-3.88,0.3357,0.3764,0.1142,5.38,-6.75
1718,3415,3,22,70,8.64,4.96,1.69,1.39,0.60,0.81,24.98,0.3757,0.3181,0.8462,-4.50,0.4783,0.5012,0.1643,14.36,0.32
1719,3417,3,18,71,1.87,0.99,0.35,0.37,0.17,0.32,7.26,0.4038,0.2979,0.6863,0.55,0.4712,0.5259,0.1213,8.49,-4.93
1720,3418,3,1,48,8.17,5.90,1.10,0.65,1.25,0.92,20.67,0.6903,,0.7273,2.29,0.6903,0.7143,0.1409,19.80,0.86
1721,3419,3,6,67,8.78,3.00,1.81,0.84,0.33,0.87,29.56,0.4803,0.3503,0.7677,1.48,0.5441,0.5889,0.1265,9.62,-4.77
1722,3420,3,16,35,2.20,1.17,0.40,0.11,0.20,0.14,6.97,0.4348,0.3462,0.7273,0.17,0.5000,0.5214,0.1445,10.78,-2.70
1723,3422,3,16,13,7.62,1.77,2.15,0.38,0.08,1.23,13.31,0.4795,0.4167,0.7368,-0.38,0.5822,0.6084,0.2541,18.16,2.35
1725,3439,3,9,49,7.45,3.61,2.27,0.63,0.39,1.18,15.59,0.4476,0.3361,0.7753,-1.43,0.5175,0.5613,0.2160,17.92,4.17
1729,3451,3,6,71,9.99,2.06,1.90,0.73,0.14,0.94,20.59,0.4318,0.3565,0.6641,-0.80,0.5437,0.5630,0.2136,12.72,-1.22
1731,3458,3,4,78,14.58,3.87,1.08,0.99,0.40,0.86,25.63,0.4399,0.3454,0.6667,-0.33,0.5424,0.5600,0.2310,14.95,-1.30
1733,3489,3,6,55,0.71,0.20,0.55,0.05,0.00,0.13,3.01,0.3261,0.2308,0.7500,-0.64,0.3913,0.4083,0.1478,7.33,0.36
1734,3499,3,2,33,1.61,0.85,0.18,0.12,0.03,0.24,3.41,0.4737,0.5000,1.0000,-0.21,0.5789,0.6316,0.1959,16.41,-2.29
1735,3509,3,29,78,4.28,1.36,0.46,0.12,0.06,0.35,9.44,0.4851,0.3704,0.7674,-0.37,0.5702,0.6121,0.1790,13.88,-3.91
1736,3526,3,24,67,14.30,4.22,10.48,1.81,0.30,2.28,31.93,0.4932,0.3166,0.8366,6.87,0.5360,0.5807,0.1972,23.85,15.02
1737,3536,3,24,69,9.07,2.54,4.09,0.58,0.25,1.49,18.52,0.4089,0.3365,0.8427,2.14,0.4693,0.4999,0.2467,16.00,6.46
1738,3539,3,24,82,1.83,1.07,1.21,0.30,0.07,0.57,6.70,0.3829,0.2222,0.3750,-0.51,0.3943,0.3967,0.1860,10.96,2.00
1739,3542,3,10,73,6.88,3.38,0.88,1.32,0.30,0.55,17.09,0.6163,0.3583,0.6034,2.45,0.6788,0.6793,0.1440,17.93,0.18
1742,3568,3,25,11,8.18,4.18,1.09,0.82,0.55,1.00,16.14,0.5000,0.1875,0.6000,-6.73,0.5192,0.5319,0.2412,16.39,1.15
1743,3600,3,9,28,1.79,1.14,0.25,0.00,0.25,0.18,6.31,0.3600,0.3333,0.5000,0.00,0.4900,0.4914,0.1368,9.54,-4.46
1744,3609,3,7,30,1.60,0.70,0.57,0.17,0.07,0.17,4.93,0.3590,0.3333,1.0000,-1.37,0.4872,0.5530,0.1475,12.47,0.30
1745,3620,3,4,73,6.53,7.74,3.10,0.84,0.71,1.37,24.55,0.6406,0.0000,0.3918,0.07,0.6406,0.6034,0.1176,18.10,3.35
1746,3625,3,27,69,13.26,9.19,2.74,0.65,1.71,1.58,28.54,0.6184,1.0000,0.4947,1.70,0.6192,0.6128,0.1837,23.62,4.81
1747,3627,3,21,70,6.63,4.54,1.87,0.56,0.54,1.34,17.61,0.4079,0.2893,0.7000,-0.63,0.4704,0.4854,0.2018,15.61,1.19
1748,3636,3,15,31,0.42,0.39,0.03,0.03,0.13,0.03,2.29,0.3125,0.3333,0.0000,-0.97,0.4063,0.3851,0.1039,6.17,-5.73
1749,3637,3,10,76,18.49,3.42,4.00,0.79,0.30,2.46,30.04,0.4480,0.3638,0.9248,4.28,0.5477,0.5979,0.2612,16.90,1.02
1750,3648,3,11,62,15.31,4.31,6.06,1.11,0.35,3.10,30.76,0.4146,0.3753,0.6425,-4.53,0.5105,0.5314,0.2421,15.79,4.03
1751,3649,3,8,9,9.89,6.56,1.89,1.11,0.22,1.33,29.46,0.3592,0.2083,0.5556,6.44,0.4078,0.4160,0.1977,11.09,-1.75
1752,3650,3,10,69,7.46,5.25,1.36,0.99,0.42,0.54,20.23,0.4639,0.3704,0.8033,3.35,0.5601,0.5815,0.1503,18.67,1.91
1753,3651,3,17,73,14.41,9.00,1.18,0.73,0.70,1.23,27.78,0.4788,0.3935,0.7522,4.26,0.5551,0.5713,0.2141,20.86,1.41
1754,3653,3,7,35,18.69,7.46,1.97,0.71,1.69,1.51,28.62,0.4508,0.2832,0.8647,1.40,0.4990,0.5611,0.2872,23.05,4.19
1755,3653,3,30,18,20.89,8.33,2.78,0.67,1.39,1.56,26.61,0.4749,0.3671,0.8707,-0.89,0.5309,0.6064,0.3164,29.73,8.76
1757,3662,3,7,82,8.74,4.93,1.18,0.45,0.48,0.78,21.93,0.6708,0.3514,0.7830,0.90,0.6870,0.7253,0.1409,17.27,-1.76
1758,3665,3,23,23,0.57,0.26,0.13,0.04,0.00,0.13,2.26,0.2941,0.1667,1.0000,-0.78,0.3235,0.3635,0.1818,0.00,-8.44
1759,3666,3,13,6,17.83,2.33,2.33,0.33,0.67,1.17,20.90,0.5079,0.5417,0.8571,-2.17,0.6111,0.6824,0.2960,25.06,4.24
1760,3666,3,25,40,18.65,3.28,2.05,1.00,0.43,1.55,33.32,0.4557,0.4061,0.8030,-5.18,0.5415,0.5929,0.2296,14.93,-2.36
1762,3683,3,27,56,5.14,2.02,1.45,0.36,0.41,1.02,17.23,0.3741,0.3066,0.7458,-1.45,0.4519,0.4866,0.1547,8.00,-4.43
1763,3684,3,18,76,6.61,2.29,0.89,0.62,0.30,0.70,15.48,0.4538,0.3755,0.7561,-0.07,0.5641,0.5891,0.1706,13.02,-2.54
1764,3688,3,2,78,5.67,1.72,1.78,0.32,0.08,0.53,12.83,0.4290,0.4122,1.0000,0.82,0.5643,0.5782,0.1866,15.59,2.25
1765,3704,3,11,16,2.69,1.00,0.25,0.31,0.06,0.44,4.64,0.4545,0.3750,1.0000,0.50,0.5909,0.6185,0.2404,18.51,-1.22
1766,3705,3,26,39,1.15,0.79,0.15,0.03,0.21,0.15,3.07,0.4474,,0.6471,-0.18,0.4474,0.4947,0.1876,13.12,-1.32
1767,3707,3,20,78,11.31,3.17,3.53,0.69,0.04,1.27,23.11,0.3923,0.3460,0.8806,3.38,0.4869,0.5428,0.2232,14.95,2.79
1768,3731,3,26,45,1.33,0.29,0.16,0.02,0.02,0.11,2.98,0.4138,0.2778,0.5000,-0.47,0.4569,0.4676,0.2224,8.07,-5.14
1769,3735,3,20,73,19.82,9.81,5.07,0.73,0.53,3.36,34.85,0.4109,0.3077,0.7556,-2.25,0.4591,0.5086,0.2886,19.89,4.40
1770,3759,3,14,75,5.92,2.57,1.47,0.39,0.27,0.53,18.90,0.4591,0.3174,0.8390,0.72,0.5425,0.6001,0.1253,12.48,-2.60
1771,3765,3,1,35,11.60,2.40,1.09,1.00,0.31,1.26,22.77,0.4023,0.3791,0.9000,-4.74,0.4869,0.5368,0.2318,12.56,-3.53
1772,3765,3,20,19,4.79,1.11,0.53,0.63,0.21,0.68,11.34,0.4154,0.2581,0.9063,-2.68,0.4769,0.5754,0.1826,11.87,-4.58
1773,3769,3,8,59,3.54,1.83,0.90,0.41,0.15,0.27,11.31,0.5031,0.4302,0.6667,-0.44,0.6180,0.6235,0.1185,13.11,-1.24
1774,3772,3,23,62,1.87,1.48,0.26,0.53,0.23,0.16,4.88,0.5625,0.2500,0.4286,-0.65,0.5729,0.5677,0.1670,18.96,4.36
1775,3787,3,18,79,8.06,3.81,0.90,0.51,0.90,1.04,15.38,0.4895,0.3434,0.7651,-1.16,0.5494,0.5881,0.2156,18.10,0.58
1776,3809,3,4,81,1.85,1.06,0.16,0.11,0.26,0.30,4.53,0.6667,,0.6977,-1.35,0.6667,0.6886,0.1545,16.59,-3.02
1777,3814,3,2,44,9.70,2.84,1.50,0.77,0.52,0.89,24.70,0.4431,0.3974,0.8592,1.59,0.5335,0.5705,0.1692,11.95,-3.09
1778,3814,3,27,23,10.39,2.61,2.13,0.96,0.26,1.17,22.29,0.4293,0.4444,0.9459,2.96,0.5340,0.5765,0.1927,14.48,-0.55
1779,3843,3,8,72,5.60,1.58,1.25,0.71,0.08,0.75,20.56,0.4171,0.3420,0.7273,0.74,0.5300,0.5455,0.1245,6.84,-6.10
1780,3871,3,16,79,10.92,2.57,1.63,0.53,0.18,0.76,25.86,0.3994,0.3718,0.8361,1.34,0.5592,0.5732,0.1790,9.74,-3.79
1781,3879,3,9,5,5.60,1.40,1.80,0.20,0.20,1.00,18.20,0.3214,0.3810,0.3333,-10.40,0.4643,0.4569,0.1653,4.87,-4.98
1782,3879,3,17,20,2.40,0.65,1.05,0.40,0.00,0.55,9.89,0.3158,0.2703,1.0000,-2.55,0.4035,0.4147,0.1519,4.21,-4.69
1784,3881,3,20,76,8.03,8.12,0.50,0.76,1.75,0.79,24.32,0.7609,,0.4862,-1.04,0.7609,0.7217,0.1153,21.11,0.51
1785,3890,3,21,54,6.78,5.07,0.91,0.54,0.28,0.72,20.14,0.4136,0.3515,0.7407,-4.41,0.5031,0.5262,0.1547,14.07,-2.11
1786,3893,3,21,67,6.78,3.24,1.06,0.54,0.51,0.64,14.16,0.5139,0.4444,0.6724,-2.76,0.5820,0.6069,0.1906,18.56,1.58
1787,3916,3,6,22,5.95,2.68,4.68,0.82,0.05,1.55,18.57,0.4286,0.3966,0.7500,-1.95,0.5381,0.5668,0.1661,16.34,6.84
1788,3916,3,14,33,1.67,1.48,2.03,0.36,0.15,1.03,8.77,0.3239,0.2667,0.5000,-2.03,0.3803,0.3826,0.1569,10.08,2.72
1789,3918,3,20,27,11.52,2.89,3.81,0.81,0.44,1.44,23.55,0.4453,0.4022,0.9677,3.41,0.5128,0.5406,0.2284,18.20,4.21
1790,3927,3,22,76,8.28,2.12,1.53,0.37,0.16,0.99,19.05,0.3971,0.2917,0.8615,-4.58,0.4666,0.5146,0.2058,11.53,-3.11
1791,3944,3,4,75,18.77,4.20,4.35,1.24,0.33,1.28,32.77,0.4439,0.3744,0.8523,0.99,0.5390,0.5657,0.2331,19.03,4.27
1792,3945,3,6,34,13.09,4.15,6.62,1.44,0.21,2.65,28.54,0.3625,0.3391,0.8544,5.41,0.4343,0.4876,0.2480,16.17,7.05
1793,3966,3,18,65,18.09,3.32,7.08,0.95,0.34,2.54,31.94,0.4113,0.3398,0.8250,3.23,0.5015,0.5441,0.2526,18.28,6.85
1795,3973,3,12,47,18.89,12.06,5.02,0.98,0.47,3.04,34.71,0.5797,0.3241,0.7403,0.28,0.6103,0.6486,0.2226,26.64,6.29
1796,3973,3,26,16,17.69,11.56,5.44,0.81,0.31,3.25,31.51,0.5545,0.2353,0.7432,-1.69,0.5644,0.6033,0.2451,26.25,7.48
1797,4008,3,21,28,5.46,3.32,0.68,0.21,0.54,0.79,15.03,0.5743,0.4483,0.8276,-1.00,0.6386,0.6725,0.1404,14.35,-3.62
1798,4012,3,19,49,1.80,1.31,1.55,0.29,0.02,0.47,9.81,0.2991,0.1613,0.7600,-3.06,0.3224,0.3729,0.1277,8.23,-0.08
1800,4012,3,30,22,4.86,2.77,4.91,0.68,0.18,1.05,18.91,0.4762,0.2727,0.8400,-0.73,0.5119,0.5632,0.1272,16.38,8.11
1802,4045,3,22,48,3.04,1.85,0.52,0.08,0.10,0.44,9.77,0.4186,0.3291,0.8000,-2.67,0.5194,0.5383,0.1462,8.77,-5.25
1803,4049,3,2,49,14.37,3.35,4.24,0.84,0.10,2.12,29.24,0.4401,0.3490,0.8483,1.39,0.4974,0.5434,0.2328,14.28,0.82
1804,4049,3,11,16,10.19,3.13,5.50,0.75,0.19,2.44,25.28,0.3929,0.3276,0.8718,-6.38,0.4607,0.5186,0.2101,13.59,3.59
1806,4065,3,13,29,1.69,0.55,0.28,0.14,0.10,0.24,4.19,0.3913,0.2857,0.7000,0.55,0.4565,0.4861,0.2071,10.33,-3.31
1808,4087,3,11,72,9.61,5.46,2.57,0.82,0.94,2.01,20.69,0.4743,0.2479,0.7112,-4.29,0.5019,0.5518,0.2221,17.80,2.71
1809,4093,3,6,11,16.00,3.27,2.09,0.91,0.00,2.82,28.75,0.4503,0.2444,0.7436,-2.73,0.4868,0.5233,0.2736,11.63,-4.92
1810,4100,3,24,70,8.19,1.80,1.54,0.40,0.13,0.59,20.53,0.3938,0.3683,0.8395,1.96,0.5206,0.5503,0.1690,10.36,-3.26
1811,4107,3,3,57,3.47,2.81,0.30,0.18,0.26,0.53,6.85,0.5772,0.2857,0.5854,1.00,0.5839,0.5927,0.2180,22.19,1.32
1812,4137,3,28,68,22.81,8.53,5.29,1.25,0.62,2.66,37.91,0.4938,0.3440,0.7493,3.78,0.5249,0.5645,0.2608,21.90,5.19
1813,4150,3,16,12,2.17,2.92,0.58,0.00,0.08,0.67,7.32,0.5333,,0.8333,-1.92,0.5333,0.6410,0.1419,13.66,-2.78
1816,4162,3,25,58,17.03,2.60,3.81,0.52,0.10,1.98,28.98,0.4429,0.4050,0.8879,-1.47,0.5552,0.5825,0.2514,15.53,0.39
1817,4167,3,21,4,11.00,5.25,7.50,1.25,1.00,2.50,43.53,0.3654,0.1250,1.0000,-23.75,0.3750,0.4059,0.1629,9.57,1.57
1818,4174,3,20,70,1.29,2.41,0.30,0.16,0.31,0.29,7.93,0.7222,,0.4138,1.09,0.7222,0.6741,0.0688,13.34,-3.21
1820,4203,3,17,19,1.63,1.00,0.74,0.21,0.11,0.47,8.43,0.2558,0.2222,0.8333,-1.53,0.3023,0.3396,0.1460,3.97,-5.42
1821,4205,3,2,71,12.13,3.80,5.87,1.68,0.25,2.24,32.33,0.4178,0.3306,0.7933,6.23,0.5007,0.5403,0.1839,14.69,3.48
1822,4232,3,4,51,3.29,1.12,1.92,0.39,0.20,0.71,10.02,0.3946,0.4000,0.6316,-1.86,0.4216,0.4344,0.1900,11.90,3.34
1823,4232,3,30,28,8.64,2.96,5.21,0.96,0.46,1.50,21.96,0.4571,0.3571,0.6000,-2.14,0.4878,0.4895,0.2109,17.14,8.19
1824,4235,3,12,26,11.35,6.46,0.69,0.35,0.88,0.77,20.87,0.5305,0.3735,0.7600,-0.92,0.6033,0.6277,0.1981,22.93,1.52
1825,4235,3,24,52,3.37,2.67,0.12,0.12,0.35,0.42,7.34,0.4599,0.2308,0.7692,1.06,0.4927,0.5473,0.2065,18.09,-1.03
1826,4268,3,25,53,3.89,1.66,2.49,0.85,0.23,0.96,12.05,0.4180,0.2222,0.6563,-2.58,0.4339,0.4743,0.1844,14.76,5.57
1829,4275,3,19,28,3.14,1.11,0.29,0.29,0.07,0.29,9.88,0.4459,0.3962,1.0000,1.00,0.5878,0.5911,0.1271,8.11,-6.68
1830,4275,3,25,47,2.11,1.53,0.43,0.17,0.15,0.23,11.62,0.3711,0.3200,1.0000,-3.09,0.4948,0.5035,0.0885,5.97,-7.13
1832,4321,3,9,11,4.73,1.73,0.36,0.45,0.18,0.55,14.09,0.4130,0.2353,1.0000,-1.36,0.4565,0.5159,0.1569,7.47,-6.79
1835,4334,3,1,6,1.83,2.50,1.83,0.00,0.00,0.67,11.58,0.3846,0.0000,0.5000,1.33,0.3846,0.3963,0.1148,8.63,-0.80
1836,4334,3,12,45,8.29,2.49,3.42,0.53,0.09,1.51,16.54,0.4581,0.3103,0.7949,-2.69,0.5016,0.5416,0.2359,16.34,4.81
1837,4339,3,6,71,5.39,2.31,0.62,0.44,0.25,0.58,14.29,0.4890,0.2769,0.7067,-0.56,0.5172,0.5440,0.1738,11.43,-4.08
1839,4344,3,9,73,8.07,8.45,1.12,0.30,1.07,1.16,24.87,0.5102,0.3261,0.7184,-5.03,0.5255,0.5501,0.1475,16.73,-0.72
1840,4382,3,16,73,9.88,2.77,1.26,0.38,0.22,0.78,21.74,0.4415,0.4095,0.7925,2.34,0.6020,0.6138,0.1826,12.91,-3.28
1841,4386,3,22,48,11.75,3.56,4.35,1.23,0.40,2.98,27.22,0.3613,0.2143,0.7730,-4.29,0.3996,0.4550,0.2537,10.27,0.21
1843,4412,3,12,46,3.91,0.98,1.35,0.26,0.09,0.72,12.32,0.3632,0.3000,0.8824,-1.50,0.4342,0.4557,0.1730,6.21,-3.99
1844,4422,3,11,78,11.78,5.38,2.85,0.92,0.53,1.78,26.36,0.4979,0.3119,0.7065,-5.18,0.5412,0.5673,0.1970,15.13,0.57
1845,4424,3,2,76,26.92,8.01,4.39,0.99,0.64,2.86,35.94,0.4527,0.3533,0.8529,8.78,0.5262,0.5778,0.3230,24.33,5.22
1846,4440,3,12,45,7.07,3.82,0.91,0.31,0.18,0.51,15.86,0.6136,0.3158,0.7059,-2.53,0.6409,0.6558,0.1581,19.14,-0.51
1847,4449,3,19,78,3.96,1.83,0.95,0.55,0.29,0.54,14.08,0.3763,0.3189,0.6829,-4.17,0.4763,0.4935,0.1396,9.21,-3.44
1851,4463,3,2,24,6.92,4.08,0.88,0.38,0.58,0.63,16.40,0.5982,0.3571,0.6875,5.46,0.6429,0.6583,0.1605,17.90,-0.45
1852,4463,3,11,51,4.27,2.55,0.39,0.22,0.33,0.61,11.46,0.4693,0.2911,0.6750,-4.29,0.5335,0.5544,0.1667,12.53,-4.18
1853,4472,3,2,30,0.70,0.33,0.37,0.03,0.03,0.20,1.99,0.4444,0.2222,0.6000,0.10,0.5000,0.5198,0.1932,12.18,1.02
1854,4473,3,3,78,7.31,2.06,1.00,0.42,0.10,0.71,15.08,0.4334,0.2701,0.8286,-1.76,0.4801,0.5189,0.2221,13.42,-2.29
1855,4478,3,4,19,7.42,1.11,1.26,0.37,0.16,0.53,11.54,0.4333,0.3966,0.9333,0.74,0.5292,0.5569,0.2732,15.78,1.82
1856,4478,3,14,5,7.40,1.60,1.20,0.00,0.40,1.00,20.20,0.3077,0.2273,0.7273,-4.60,0.3718,0.4220,0.2025,2.75,-6.99
1857,4490,3,5,75,2.15,0.67,0.27,0.11,0.04,0.11,6.13,0.4104,0.3846,0.8000,0.43,0.5410,0.5637,0.1457,10.65,-4.73
1858,4509,3,10,34,19.18,3.68,2.59,0.47,0.50,1.26,27.67,0.4293,0.3851,0.9020,1.94,0.5288,0.5475,0.2972,18.15,2.08
1859,4515,3,5,23,5.65,4.74,0.61,0.52,0.30,0.52,16.34,0.5652,0.0000,0.5417,0.17,0.5652,0.5746,0.1488,16.50,-1.27
1860,4515,3,12,4,7.25,4.50,0.50,0.00,0.50,1.00,16.43,0.5417,,0.3750,-4.00,0.5417,0.5269,0.1998,14.77,-3.66
1861,4515,3,26,52,3.56,3.10,0.35,0.21,0.23,0.56,8.73,0.5033,1.0000,0.5333,-1.02,0.5066,0.5214,0.1955,17.43,-0.89
1862,4516,3,4,59,1.14,0.73,0.32,0.14,0.19,0.17,4.44,0.4364,0.2593,0.6000,-0.12,0.5000,0.5251,0.1208,10.71,-2.34
1863,4526,3,23,67,5.66,2.25,1.12,1.72,1.06,0.58,25.15,0.5000,0.3125,0.7907,1.28,0.5750,0.5942,0.0964,9.45,-3.76
1864,4529,3,15,58,2.03,1.03,0.38,0.40,0.26,0.22,7.94,0.3386,0.3140,0.6250,0.50,0.4449,0.4520,0.1291,6.42,-3.99
1865,4531,3,15,73,3.45,2.21,0.85,0.67,0.21,0.47,9.60,0.4537,0.2041,0.6479,-0.36,0.4769,0.5096,0.1659,16.17,1.94
1866,4537,3,30,39,0.51,0.31,0.10,0.10,0.05,0.10,1.90,0.2692,0.2500,0.3333,-0.62,0.3462,0.3492,0.1959,6.46,-3.65
1867,4554,3,20,74,8.76,3.62,1.04,0.34,0.45,0.76,16.62,0.5307,0.3077,0.7581,2.23,0.5856,0.6141,0.2093,19.36,0.19
1868,4558,3,10,81,3.68,2.17,1.57,0.59,0.21,0.84,12.27,0.4894,0.3218,0.5714,0.57,0.5489,0.5606,0.1473,12.74,0.11
1869,4566,3,18,75,24.24,9.69,3.59,0.96,1.11,3.01,33.01,0.5288,0.4098,0.8223,3.67,0.5906,0.6404,0.2792,27.31,5.37
1870,4575,3,28,71,18.07,2.69,1.99,1.72,0.27,1.03,34.48,0.4144,0.3835,0.8529,2.39,0.5106,0.5456,0.2196,13.16,-1.77
1871,4591,3,16,75,7.19,5.16,1.99,0.77,0.20,0.88,26.41,0.4836,0.4145,0.7377,3.07,0.5771,0.5925,0.1181,12.66,-2.24
1873,4606,3,12,42,12.86,7.07,1.05,0.67,2.81,1.29,29.40,0.5089,0.3333,0.7524,-0.33,0.5865,0.6148,0.1761,19.05,0.66
1874,4630,3,19,75,17.52,11.24,2.53,0.55,0.80,2.39,29.87,0.5437,0.3608,0.8201,0.89,0.5741,0.6168,0.2406,25.39,3.75
1875,4632,3,6,35,1.83,1.09,0.31,0.20,0.00,0.29,5.81,0.3710,0.4091,,-0.71,0.5161,0.5161,0.1560,9.61,-4.43
1877,4642,3,28,67,19.70,4.31,6.48,1.66,0.52,2.54,36.75,0.4029,0.3769,0.8739,3.16,0.5132,0.5524,0.2394,17.49,5.09
1878,4645,3,18,75,6.83,8.32,1.25,1.32,0.61,0.97,25.07,0.5873,0.1429,0.6565,2.17,0.5900,0.6115,0.1096,18.33,0.49
1879,4654,3,27,72,12.11,4.25,1.89,1.06,0.57,0.81,26.91,0.4267,0.3605,0.8384,0.44,0.5164,0.5399,0.1888,14.67,0.00
1880,4669,3,16,72,8.21,1.75,2.92,0.86,0.17,1.36,22.07,0.4172,0.3684,0.8148,1.38,0.5331,0.5505,0.1793,10.06,-1.24
1881,4687,3,5,73,17.64,11.01,3.23,0.96,0.97,1.86,33.12,0.4731,0.3142,0.7603,-0.71,0.5182,0.5334,0.2467,22.93,5.26
1882,4688,3,6,60,4.48,2.50,0.87,0.48,0.12,0.27,16.33,0.4562,0.3592,0.6667,0.62,0.5737,0.5843,0.1120,10.37,-3.77
1883,4695,3,22,79,15.15,4.51,2.92,0.86,0.43,1.51,30.75,0.4677,0.3542,0.8630,-3.09,0.5169,0.5586,0.2134,15.96,0.08
1884,4697,3,22,66,8.55,3.52,1.32,0.30,0.20,0.85,14.54,0.4975,0.3284,0.8062,-2.26,0.5808,0.6228,0.2311,19.88,1.75
1885,4698,3,24,73,1.48,0.74,0.21,0.27,0.08,0.18,4.92,0.3942,0.3220,0.5833,0.53,0.4856,0.4941,0.1474,7.65,-4.34
1886,4714,3,20,47,9.17,2.36,2.79,0.55,0.15,1.02,20.17,0.4027,0.3668,0.8451,-3.87,0.5014,0.5371,0.2089,15.09,1.74
1888,4720,3,27,72,11.79,2.51,2.11,0.61,0.26,0.99,22.40,0.4071,0.3144,0.7838,-1.11,0.4797,0.5120,0.2368,13.67,-0.13
1889,4729,3,19,9,1.89,0.89,0.11,0.33,0.11,0.22,8.32,0.3500,0.2500,0.2000,-2.00,0.4000,0.3829,0.1373,3.02,-8.12
1890,4742,3,9,3,6.33,3.33,7.00,2.33,1.33,3.67,36.07,0.2308,0.2308,1.0000,-1.00,0.2885,0.3422,0.1451,7.36,1.06
1891,4743,3,12,34,2.24,1.03,1.41,0.15,0.18,0.68,8.60,0.3611,0.2353,0.9091,-1.65,0.3889,0.4652,0.1574,7.19,-1.33
1892,4770,3,4,68,9.82,4.96,2.16,0.84,0.90,1.21,26.00,0.4699,0.3654,0.7160,2.07,0.5733,0.5884,0.1571,15.23,-0.11
1893,4774,3,12,64,7.39,1.30,1.33,0.41,0.05,0.89,15.13,0.4052,0.3767,0.7541,-1.95,0.5000,0.5211,0.2260,10.71,-3.00
1894,4776,3,28,56,2.91,1.64,0.38,0.20,0.29,0.34,7.96,0.4058,0.3418,0.6000,-0.96,0.5036,0.5238,0.1694,12.75,-2.41
1895,4778,3,21,28,7.11,2.61,0.86,0.68,0.29,0.39,16.62,0.4057,0.3630,0.8000,-1.39,0.5571,0.5615,0.1745,13.74,-1.23
1896,4779,3,25,54,6.74,3.69,1.50,0.46,0.52,0.81,16.09,0.5318,0.2368,0.7553,-6.48,0.5487,0.5902,0.1763,16.74,1.08
1897,4786,3,21,30,1.03,0.90,0.27,0.10,0.10,0.13,5.21,0.3429,0.2308,0.5000,-1.87,0.4286,0.4320,0.1125,8.01,-4.68
1898,4795,3,10,19,1.58,0.74,0.26,0.05,0.05,0.16,3.87,0.5714,0.2000,1.0000,-0.53,0.5952,0.6466,0.1583,11.82,-3.13
1899,4836,3,14,79,18.24,7.34,6.96,0.95,0.25,3.73,33.89,0.4444,0.2981,0.6667,-2.67,0.4765,0.5115,0.2753,18.83,5.74
1900,4846,3,5,64,12.06,2.84,2.75,0.45,0.17,1.09,26.17,0.4332,0.3853,0.8571,-0.53,0.5388,0.5643,0.1999,12.80,-0.97
1901,4848,3,2,26,11.00,3.38,3.54,0.58,0.62,1.23,27.43,0.4087,0.3063,0.8533,6.54,0.4826,0.5437,0.1841,13.61,0.93
1902,4848,3,27,49,14.41,3.53,5.59,1.00,0.86,1.78,30.32,0.4263,0.3140,0.8688,0.65,0.4974,0.5512,0.2083,17.17,5.45
1903,4870,3,29,67,7.97,7.37,0.39,0.33,1.54,0.79,17.35,0.6515,,0.6228,3.43,0.6515,0.6617,0.1711,25.05,3.27
1904,4880,3,27,50,1.22,0.28,0.18,0.08,0.06,0.04,4.10,0.3571,0.3256,0.5385,0.00,0.4821,0.4942,0.1313,6.41,-5.67
1905,4881,3,21,62,6.71,2.87,1.10,0.48,0.16,0.87,19.50,0.4629,0.3043,0.7294,-3.79,0.5252,0.5556,0.1542,10.90,-4.60
1906,4882,3,10,74,16.97,4.39,2.18,1.03,0.69,1.50,31.48,0.4661,0.3935,0.6340,3.59,0.5432,0.5595,0.2319,15.82,-0.70
1907,4884,3,17,25,3.20,1.00,0.92,0.20,0.04,0.48,7.95,0.4262,0.3462,0.5429,-1.88,0.5000,0.5236,0.1892,11.47,-1.43
1908,4914,3,25,25,12.36,2.96,3.76,0.96,0.40,2.32,25.59,0.3723,0.2925,0.7010,-10.88,0.4273,0.4759,0.2580,11.95,0.66
1909,4931,3,2,77,7.82,3.56,1.01,0.49,0.74,0.81,24.35,0.4745,0.4109,0.9053,1.90,0.5972,0.6353,0.1268,11.01,-4.71
1910,4948,3,21,63,5.76,3.49,1.71,0.70,0.16,0.73,17.02,0.4606,0.3388,0.5455,0.40,0.5252,0.5319,0.1573,14.72,0.63
1911,4951,3,1,64,5.53,1.36,1.64,0.44,0.05,0.67,12.48,0.3906,0.3627,0.8590,0.23,0.4484,0.4995,0.2180,12.97,0.76
1912,4964,3,5,17,9.00,4.06,0.88,0.53,0.53,0.94,24.85,0.5294,0.5172,0.7317,-3.29,0.6029,0.6373,0.1450,13.55,-4.56
1913,4986,3,15,64,7.83,2.02,1.02,0.55,0.19,0.64,21.04,0.4505,0.3140,0.7818,1.91,0.5401,0.5589,0.1490,9.40,-5.13
1914,4987,3,2,62,9.79,9.48,1.95,0.90,2.16,1.02,29.10,0.7364,0.0000,0.7222,5.97,0.7364,0.7446,0.1156,24.04,3.79
1915,5000,3,28,5,6.00,3.20,1.00,1.00,0.20,0.40,10.80,0.7333,0.0000,0.8000,-3.20,0.7333,0.7732,0.1665,29.58,7.59
1916,5015,3,6,65,1.69,1.37,0.52,0.22,0.05,0.25,7.07,0.3776,0.3000,0.8333,-0.14,0.4847,0.5193,0.1195,9.83,-3.02
1917,5022,3,13,47,3.32,2.83,1.11,0.45,0.38,0.79,10.21,0.4468,0.1724,0.6098,0.81,0.4645,0.4904,0.1801,16.00,1.71
1918,5022,3,25,25,4.72,2.76,1.28,0.56,0.28,0.48,11.80,0.4052,0.2703,0.5600,-0.40,0.4483,0.4646,0.2027,16.34,3.63
1920,5042,3,11,69,17.65,9.94,2.25,0.78,0.94,1.83,30.34,0.5011,0.3899,0.6235,-5.88,0.5757,0.5947,0.2352,24.00,3.76
1923,5065,3,1,79,4.33,2.78,2.38,1.18,0.24,0.57,18.39,0.4535,0.3793,0.8571,0.76,0.5353,0.5763,0.1034,15.20,2.30
1927,5099,3,27,52,3.04,1.79,1.13,0.44,0.13,0.58,7.12,0.5781,0.0000,0.4545,-0.58,0.5781,0.5738,0.1923,20.79,5.61
1928,5099,3,28,27,6.07,4.26,1.67,1.15,0.41,0.81,17.59,0.4653,0.3953,0.4815,1.85,0.5243,0.5260,0.1609,16.60,2.47
1929,5101,3,1,76,28.36,3.74,9.70,0.95,0.09,3.99,34.89,0.4605,0.3820,0.9042,2.09,0.5359,0.6029,0.3455,26.86,11.41
1930,5103,3,16,78,3.83,3.77,0.63,0.22,0.26,0.53,9.05,0.5263,0.0909,0.6230,0.81,0.5283,0.5459,0.1999,21.90,3.20
1931,5106,3,25,29,4.83,4.31,0.76,0.28,0.21,0.66,12.22,0.5667,0.0000,0.7755,-0.97,0.5667,0.6275,0.1609,18.60,0.24
1932,5123,3,13,76,10.33,8.47,1.58,0.47,1.01,1.50,24.36,0.6263,,0.7269,-1.71,0.6263,0.6598,0.1690,22.15,1.47
1933,5126,3,8,19,3.26,1.63,0.89,0.11,0.16,0.47,9.28,0.5610,0.5833,0.6429,0.21,0.6463,0.6573,0.1414,13.91,-1.93
1934,11,4,28,64,7.94,5.13,0.78,0.48,0.47,0.92,17.82,0.4851,0.2685,0.7016,-0.58,0.5210,0.5539,0.1947,17.19,-0.82
1935,23,4,15,42,8.60,11.55,2.31,0.86,1.10,1.88,26.98,0.5970,0.0000,0.3643,5.79,0.5970,0.5645,0.1436,21.74,3.50
1936,25,4,16,79,19.35,8.71,3.04,1.11,0.77,2.37,32.88,0.5404,0.0833,0.8060,1.48,0.5408,0.5922,0.2547,22.36,2.79
1937,30,4,29,76,6.14,1.59,0.88,0.21,0.20,0.54,15.91,0.4275,0.3553,0.8116,-0.25,0.5324,0.5608,0.1588,9.21,-5.18
1938,42,4,15,77,9.04,4.82,1.26,0.58,0.62,0.78,21.84,0.4705,0.3534,0.7500,1.18,0.5600,0.5915,0.1611,15.77,-0.75
1939,56,4,18,24,5.63,1.75,1.33,0.33,0.29,0.42,14.83,0.3840,0.3611,0.6190,-1.38,0.4880,0.5028,0.1747,10.15,-1.43
1940,56,4,29,55,4.15,1.07,1.38,0.44,0.25,0.82,9.60,0.4882,0.4023,0.6923,-0.33,0.5912,0.6091,0.1859,13.59,0.41
1941,60,4,17,73,10.27,3.25,2.23,0.85,0.19,0.99,27.01,0.4399,0.3989,0.9048,3.11,0.5709,0.6123,0.1469,12.74,-2.28
1942,61,4,6,71,13.65,9.38,1.59,0.76,1.18,1.31,31.28,0.6438,0.1000,0.7330,4.86,0.6446,0.6699,0.1657,21.86,0.95
1943,78,4,19,61,9.02,2.31,3.05,1.10,0.16,1.33,21.48,0.4110,0.3360,0.8125,1.69,0.4959,0.5246,0.1977,12.08,1.06
1944,99,4,18,72,8.99,5.11,4.65,1.08,0.88,1.43,27.18,0.5091,0.4095,0.7353,1.26,0.5525,0.5831,0.1442,17.53,5.09
1945,115,4,17,63,31.10,11.78,5.70,0.83,0.81,3.90,32.13,0.5532,0.2749,0.6451,5.41,0.5716,0.6055,0.3877,34.97,12.25
1947,117,4,17,80,0.64,0.55,0.19,0.04,0.04,0.15,2.58,0.4348,0.0000,0.5000,-1.43,0.4348,0.4580,0.1388,8.65,-4.59
1948,119,4,22,64,12.20,4.50,3.67,0.58,0.48,1.42,24.24,0.4541,0.3641,0.8941,-0.41,0.5156,0.5702,0.2153,17.59,3.99
1949,123,4,28,68,16.53,4.88,1.93,1.88,0.74,1.94,35.08,0.4757,0.3869,0.8383,1.94,0.5559,0.5863,0.1960,14.00,-2.43
1951,129,4,25,13,1.77,0.85,1.62,0.23,0.00,0.46,11.24,0.2500,0.3500,,-3.38,0.3594,0.3594,0.1128,3.34,-3.23
1953,164,4,30,76,9.17,6.41,2.78,0.86,0.38,1.62,26.58,0.4370,0.2974,0.7394,-0.67,0.4965,0.5348,0.1652,14.03,0.09
1954,172,4,24,72,16.71,9.26,1.60,0.51,0.74,1.67,28.27,0.5885,0.2917,0.7600,-0.10,0.5924,0.6169,0.2303,23.64,1.89
1955,174,4,29,75,1.67,1.59,0.15,0.08,0.20,0.24,4.78,0.8194,,0.3500,-1.11,0.8194,0.7735,0.1159,19.98,-1.67
1957,185,4,9,49,10.29,5.49,0.73,0.39,0.61,0.94,20.21,0.5288,0.2879,0.7500,-4.67,0.5537,0.5867,0.2066,19.00,-0.74
1958,201,4,10,60,2.03,0.67,0.18,0.10,0.07,0.18,3.76,0.3945,0.3810,0.6667,-0.85,0.5413,0.5464,0.2282,14.08,-1.86
1959,204,4,4,37,22.65,6.24,8.22,1.24,0.30,3.49,34.27,0.4105,0.3760,0.8430,-4.05,0.5104,0.5412,0.2975,20.63,9.49
1960,208,4,14,12,2.75,3.42,0.33,0.08,0.42,0.67,7.32,0.4074,0.3125,0.5455,-0.75,0.5000,0.5182,0.1899,15.42,-0.29
1961,208,4,22,52,5.58,3.54,0.81,0.23,0.73,0.42,13.09,0.4953,0.3981,0.6863,0.33,0.5958,0.6133,0.1650,17.59,1.40
1962,209,4,22,73,19.68,6.81,3.68,0.82,0.53,2.74,33.29,0.4269,0.2982,0.7378,-2.95,0.4648,0.5295,0.2771,17.77,1.46
1963,210,4,15,59,21.14,4.93,4.31,0.95,0.37,2.14,31.22,0.4792,0.4079,0.8829,6.03,0.5676,0.6058,0.2641,20.73,4.09
1964,215,4,28,47,3.02,0.96,0.77,0.28,0.28,0.38,5.92,0.4231,0.2941,0.7083,-0.72,0.4808,0.5051,0.2433,14.91,3.55
1965,227,4,27,32,3.44,3.19,0.75,0.31,0.59,0.47,12.73,0.5349,0.0000,0.7200,-3.38,0.5349,0.5670,0.1134,12.93,-1.61
1966,228,4,26,82,15.00,4.46,1.56,0.70,0.12,1.05,32.47,0.4728,0.3739,0.8475,3.11,0.5563,0.6322,0.1712,15.17,-3.40
1967,233,4,28,78,15.12,6.56,4.76,1.06,0.78,1.97,34.33,0.4557,0.2813,0.7724,2.24,0.4867,0.5244,0.2046,17.00,3.28
1968,245,4,20,75,19.08,4.91,2.68,0.41,0.20,2.19,33.01,0.4337,0.3103,0.7398,-0.83,0.4851,0.5306,0.2638,13.98,-2.08
1969,254,4,28,17,4.24,1.53,1.00,0.65,0.18,0.18,12.41,0.3544,0.3333,1.0000,-2.00,0.4430,0.4507,0.1689,9.59,-0.46
1970,254,4,30,52,5.90,2.13,1.83,0.33,0.19,0.87,15.04,0.3860,0.3768,0.7778,-2.58,0.4772,0.5036,0.1903,12.34,-0.33
1971,260,4,27,37,5.38,5.22,1.30,0.43,0.89,1.11,13.72,0.6444,0.3750,0.5946,-0.86,0.6556,0.6577,0.1578,21.96,3.71
1972,265,4,27,75,8.63,3.29,1.37,0.61,0.27,0.75,19.37,0.5075,0.3944,0.7933,-3.55,0.5677,0.6092,0.1675,16.85,-0.83
1973,274,4,13,79,6.05,3.78,1.53,0.68,0.56,0.63,21.64,0.4199,0.3912,0.7083,2.09,0.5827,0.5943,0.1163,11.63,-2.09
1974,284,4,21,47,4.17,2.60,0.68,0.40,0.62,0.47,11.82,0.4494,0.4000,0.5538,-0.70,0.5063,0.5252,0.1578,15.15,-0.28
1975,284,4,24,23,1.22,0.70,0.26,0.13,0.22,0.22,2.66,0.4800,0.2500,0.4000,-1.61,0.5200,0.5147,0.2255,16.95,3.39
1976,286,4,30,54,21.48,3.63,5.02,0.83,0.61,2.69,30.98,0.5057,0.3653,0.8421,0.78,0.5513,0.5929,0.2886,20.93,4.21
1977,290,4,14,26,11.12,3.31,1.19,0.81,0.04,1.15,23.88,0.3918,0.3529,0.6190,-0.62,0.5149,0.5212,0.2109,11.21,-3.82
1978,290,4,29,55,13.38,3.58,1.69,0.80,0.15,1.09,26.77,0.3961,0.3588,0.8409,-1.29,0.5224,0.5346,0.2149,12.70,-2.15
1979,294,4,17,77,3.45,1.49,0.45,0.27,0.09,0.58,9.11,0.3951,0.3310,0.7297,-1.29,0.4918,0.5130,0.1837,8.79,-5.51
1980,337,4,7,57,3.61,0.93,0.37,0.19,0.14,0.18,8.63,0.4313,0.3901,0.8667,-0.65,0.6031,0.6182,0.1638,10.22,-4.32
1981,340,4,5,22,5.77,4.86,3.45,1.05,0.73,0.82,27.52,0.3950,0.3086,0.5333,0.45,0.5000,0.5056,0.1092,11.12,1.00
1982,340,4,14,51,5.65,2.75,2.31,0.78,0.49,0.82,23.75,0.4025,0.3481,0.7800,-1.76,0.5166,0.5475,0.1063,8.53,-2.76
1983,341,4,1,25,11.64,4.80,1.36,0.80,0.04,0.68,25.14,0.4696,0.4000,0.8621,4.00,0.5783,0.5994,0.1718,16.01,-1.20
1984,341,4,9,52,14.83,4.65,1.62,0.96,0.23,1.04,28.85,0.4043,0.3447,0.8612,-4.75,0.4876,0.5523,0.2131,15.01,-1.34
1985,355,4,28,50,0.86,0.50,0.14,0.10,0.10,0.16,3.24,0.5938,0.5000,0.8000,0.12,0.6094,0.6287,0.1117,8.53,-6.21
1986,361,4,12,56,1.23,0.88,0.32,0.16,0.18,0.21,3.61,0.5192,0.2857,0.4583,0.27,0.5577,0.5515,0.1552,13.51,0.53
1987,361,4,22,23,4.26,3.83,0.91,0.30,0.70,0.43,11.07,0.5753,0.1667,0.6667,0.48,0.5890,0.6055,0.1510,21.42,4.46
1988,363,4,24,82,3.21,3.17,0.68,0.22,1.07,0.62,10.66,0.5777,,0.3571,0.59,0.5777,0.5553,0.1409,16.50,1.00
1989,401,4,9,22,0.73,0.27,0.18,0.09,0.00,0.00,4.10,0.1852,0.1600,1.0000,0.14,0.2593,0.2869,0.1337,0.00,-7.22
1990,404,4,9,59,21.58,3.78,2.58,0.58,0.14,2.29,32.08,0.4875,0.4108,0.8845,-5.59,0.5697,0.6269,0.2584,17.97,-1.73
1991,405,4,1,55,13.75,3.00,2.73,0.78,0.33,1.18,27.43,0.4468,0.4056,0.8312,1.16,0.5663,0.5862,0.1994,14.74,-0.20
1992,409,4,22,78,8.13,5.19,0.88,0.38,1.09,1.44,19.30,0.5460,0.2655,0.7593,-1.87,0.5774,0.6032,0.1829,18.32,-1.64
1993,414,4,29,43,0.14,0.16,0.16,0.07,0.02,0.16,1.59,0.1500,0.0000,,0.05,0.1500,0.1500,0.1656,-5.10,-8.81
1994,427,4,24,56,26.27,4.29,5.23,0.91,0.32,2.59,32.78,0.4939,0.3513,0.8547,4.41,0.5459,0.6006,0.3194,22.93,5.59
1995,443,4,13,43,3.33,0.70,0.47,0.21,0.00,0.28,5.78,0.4180,0.4138,0.7632,-1.02,0.4672,0.5154,0.2646,13.21,-1.02
1996,446,4,28,78,9.13,5.40,0.37,0.60,0.82,0.53,19.54,0.4934,0.3280,0.7619,-0.23,0.5520,0.5905,0.1807,18.40,-0.26
1997,447,4,4,55,3.47,1.31,0.75,0.25,0.09,0.58,9.37,0.3575,0.3028,0.6667,-1.76,0.4430,0.4631,0.1943,7.69,-4.10
1998,449,4,16,5,3.00,1.00,0.80,0.80,0.40,0.80,13.00,0.4615,0.4000,0.5000,-4.20,0.5385,0.5403,0.1263,7.28,-5.95
2001,488,4,27,72,9.35,2.51,1.76,0.46,0.10,1.06,21.53,0.4403,0.3020,0.8286,-5.06,0.5033,0.5243,0.1918,10.87,-3.19
2003,496,4,8,82,4.39,2.21,0.72,0.50,0.21,0.43,14.40,0.4948,0.3542,0.6250,-1.39,0.5536,0.5675,0.1305,10.80,-4.05
2004,515,4,3,27,26.15,4.48,2.67,0.96,0.59,1.81,34.19,0.4751,0.3757,0.8939,-0.26,0.5427,0.6068,0.3033,21.76,1.75
2005,515,4,24,56,17.23,4.34,3.59,1.16,0.80,1.39,36.43,0.4634,0.3870,0.8966,0.77,0.5295,0.5740,0.1929,15.53,0.48
2006,522,4,12,82,4.85,2.66,0.54,0.40,0.16,0.41,13.21,0.3856,0.3097,0.7172,0.27,0.4608,0.5199,0.1625,12.21,-3.09
2007,532,4,2,69,14.49,4.06,3.59,0.65,0.26,1.42,25.28,0.4836,0.4444,0.8696,2.64,0.5738,0.6150,0.2298,19.92,3.80
2008,537,4,15,76,13.78,3.21,2.49,0.86,0.21,1.37,29.14,0.3956,0.3257,0.7792,2.70,0.4677,0.4944,0.2192,9.50,-2.33
2009,548,4,8,80,11.54,4.10,3.35,1.09,0.64,1.54,28.50,0.4831,0.3583,0.7582,0.39,0.5445,0.5709,0.1788,14.46,0.64
2010,563,4,2,68,26.24,6.75,3.41,1.10,0.38,2.90,35.37,0.4910,0.3347,0.7645,3.76,0.5499,0.5813,0.3151,21.29,2.06
2013,575,4,13,50,3.10,2.78,0.08,0.06,0.28,0.28,5.76,0.6354,,0.4583,0.66,0.6354,0.6070,0.2157,25.55,2.80
2015,587,4,25,41,0.68,0.46,0.07,0.10,0.12,0.15,2.27,0.3929,0.1429,0.4167,-0.12,0.4107,0.4207,0.1848,7.47,-4.73
2016,590,4,14,77,7.03,4.00,1.23,0.77,0.21,0.64,24.15,0.4301,0.3808,0.8718,-0.19,0.5452,0.5610,0.1216,10.94,-3.85
2017,593,4,20,71,23.00,3.39,5.93,0.86,0.21,2.00,33.51,0.4912,0.4161,0.8291,2.14,0.5473,0.5971,0.2749,21.12,5.81
2018,602,4,8,26,3.19,2.31,0.08,0.08,0.27,0.38,7.88,0.4853,0.4444,0.7222,-2.19,0.5147,0.5466,0.1848,13.93,-4.10
2019,602,4,14,42,11.81,6.64,0.69,0.33,0.55,0.67,20.88,0.6545,0.4400,0.7407,-0.86,0.6910,0.7116,0.1822,24.66,1.34
2020,618,4,7,78,7.19,3.63,1.38,0.69,0.17,0.46,30.32,0.4085,0.3804,0.7027,-1.12,0.5691,0.5768,0.1006,7.88,-5.85
2021,626,4,9,51,12.78,3.10,2.24,0.75,0.16,1.14,22.00,0.4357,0.4142,0.8138,-0.14,0.5436,0.6018,0.2289,16.78,0.93
2023,651,4,21,11,3.36,0.36,0.73,0.45,0.00,0.45,6.95,0.4688,0.5000,,-0.09,0.5781,0.5781,0.2024,12.32,-1.66
2024,654,4,16,65,22.55,5.77,5.23,1.80,0.32,1.55,32.89,0.5394,0.3495,0.8505,0.72,0.5597,0.6474,0.2589,27.63,8.72
2025,655,4,25,40,1.13,0.43,0.28,0.18,0.23,0.03,5.53,0.3208,0.2286,0.7500,-1.75,0.3962,0.4109,0.1105,4.67,-4.77
2026,670,4,16,41,2.39,1.27,0.29,0.27,0.02,0.15,5.85,0.5606,0.3500,0.7727,0.54,0.6136,0.6475,0.1508,16.84,-0.95
2027,677,4,8,76,10.82,2.74,2.41,1.47,0.46,1.13,31.33,0.4620,0.4232,0.8240,6.49,0.5688,0.5983,0.1423,11.42,-2.87
2028,688,4,7,17,0.59,0.12,0.53,0.35,0.00,0.18,3.07,0.2308,0.2727,0.5000,0.65,0.3462,0.3602,0.1493,7.06,1.84
2029,694,4,1,67,11.63,10.70,0.87,0.67,1.18,0.81,25.82,0.6530,0.0000,0.6031,-0.45,0.6530,0.6561,0.1573,25.74,3.55
2031,728,4,17,81,8.04,2.49,2.43,0.81,0.36,0.96,22.37,0.4230,0.4214,0.8158,0.78,0.5487,0.5595,0.1545,11.17,-1.00
2032,733,4,22,60,14.47,8.28,2.20,0.50,0.55,1.77,28.16,0.5253,0.3556,0.7385,-0.68,0.5905,0.6211,0.2059,20.27,1.13
2034,738,4,5,67,5.58,2.93,2.88,1.46,0.69,1.15,23.51,0.4545,0.3642,0.8082,2.97,0.5507,0.5878,0.1117,11.27,-0.03
2037,765,4,27,16,10.31,3.75,0.63,0.31,0.31,0.69,19.59,0.4609,0.4074,0.8235,-4.38,0.5898,0.6089,0.1934,15.33,-2.76
2039,768,4,15,77,1.01,0.49,0.75,0.16,0.06,0.23,3.66,0.4217,0.1333,0.4615,-0.53,0.4337,0.4396,0.1579,13.24,4.61
2040,798,4,14,73,1.75,1.03,0.29,0.12,0.10,0.18,7.02,0.4151,0.4194,0.8750,-1.05,0.5377,0.5662,0.1046,8.92,-5.87
2041,802,4,11,79,4.71,0.90,0.92,0.42,0.19,0.76,9.95,0.4650,0.2360,0.7500,-2.85,0.4970,0.5234,0.2206,11.65,-2.72
2042,814,4,15,56,9.98,5.54,1.29,0.61,0.66,0.98,19.47,0.6562,0.1667,0.7194,-0.25,0.6576,0.6814,0.1773,22.05,1.76
2043,816,4,29,62,20.50,3.97,4.35,0.53,0.21,3.00,32.08,0.4442,0.3377,0.8163,0.56,0.5194,0.5580,0.2801,16.39,0.50
2044,820,4,3,77,12.48,9.12,1.87,0.84,2.45,1.25,29.49,0.7053,0.0000,0.5407,1.55,0.7053,0.6911,0.1567,23.52,3.68
2045,837,4,13,82,2.10,0.65,0.65,0.09,0.06,0.26,7.63,0.3862,0.2750,0.7778,-1.39,0.4241,0.4979,0.1360,6.91,-5.13
2046,857,4,1,71,13.11,6.51,1.20,0.59,1.03,1.11,30.00,0.5078,0.2917,0.8034,-0.30,0.5573,0.5928,0.1717,15.25,-2.09
2047,861,4,27,67,10.91,6.00,2.69,0.55,0.73,1.93,21.51,0.5182,0.3741,0.7606,-3.57,0.5684,0.5987,0.2124,19.18,2.87
2048,874,4,18,24,14.04,3.13,5.00,1.21,0.17,1.21,31.36,0.4596,0.4203,0.8630,1.33,0.5830,0.6308,0.1696,16.67,3.48
2049,874,4,29,43,10.72,2.49,7.67,1.02,0.23,1.72,29.66,0.4080,0.3615,0.8125,0.65,0.5107,0.5524,0.1625,15.16,7.51
2050,877,4,17,62,7.52,4.56,1.24,0.60,0.18,0.53,23.27,0.3919,0.3385,0.6585,2.16,0.5214,0.5307,0.1387,12.33,-2.54
2051,896,4,30,12,3.17,3.17,0.50,0.50,0.33,0.67,10.47,0.6071,0.0000,0.4000,1.58,0.6071,0.5864,0.1370,15.94,-1.66
2052,928,4,13,76,3.79,2.18,0.75,0.50,0.43,0.42,10.24,0.4454,0.3971,0.7500,-0.09,0.5633,0.5839,0.1568,14.91,0.61
2053,935,4,24,79,7.44,5.39,1.48,0.63,0.78,0.92,24.66,0.4560,0.3953,0.7111,-2.24,0.5560,0.5656,0.1304,12.78,-2.08
2054,961,4,17,18,6.89,3.83,1.50,0.67,0.33,0.39,18.87,0.4787,0.4364,0.8333,0.00,0.6064,0.6245,0.1338,15.83,0.65
2055,965,4,1,22,2.00,1.73,0.27,0.27,0.09,0.32,6.22,0.3953,0.0833,0.6923,-0.86,0.4070,0.4516,0.1713,12.05,-2.38
2056,971,4,9,12,19.92,6.17,6.00,0.83,0.58,3.25,33.33,0.4152,0.2787,0.8372,-5.00,0.4531,0.4919,0.2951,17.00,4.84
2057,985,4,3,62,9.05,1.61,1.60,0.58,0.11,0.82,19.53,0.4633,0.4052,0.9273,-1.11,0.5679,0.5928,0.1943,11.91,-2.84
2058,986,4,10,56,29.43,6.09,6.29,0.93,0.36,3.20,34.67,0.4934,0.4272,0.9146,4.79,0.6139,0.6557,0.3104,27.54,8.13
2059,998,4,19,68,3.34,2.76,1.97,0.63,0.16,0.84,15.33,0.4183,0.3140,0.6500,-0.10,0.4832,0.5031,0.1166,10.71,-0.54
2060,1019,4,14,57,25.46,12.32,2.60,1.04,2.00,2.14,33.41,0.5634,0.2568,0.7838,3.60,0.5733,0.6269,0.2845,31.95,8.20
2061,1042,4,30,46,3.54,1.41,0.61,0.22,0.17,0.37,9.19,0.3860,0.2429,0.5185,-1.17,0.4357,0.4456,0.2051,8.11,-3.11
2062,1054,4,26,80,5.39,1.74,0.84,0.54,0.15,0.66,10.52,0.4231,0.3663,0.7907,0.59,0.5453,0.5628,0.2226,13.31,-0.80
2063,1059,4,2,29,0.66,0.31,0.38,0.07,0.07,0.14,2.26,0.4211,0.2857,0.5000,-0.21,0.4737,0.4779,0.1594,12.02,2.17
2065,1076,4,5,74,24.54,4.64,5.09,1.12,0.49,2.07,36.24,0.5042,0.3239,0.8719,0.91,0.5219,0.5923,0.2804,21.35,4.45
2066,1080,4,16,43,3.98,2.53,0.37,0.16,0.33,0.44,8.14,0.4961,0.2973,0.7273,-2.35,0.5388,0.5763,0.2123,16.62,-0.26
2067,1080,4,23,21,1.33,1.19,0.48,0.10,0.24,0.29,3.64,0.5909,0.5000,0.2000,-1.10,0.6136,0.5785,0.1797,17.92,4.25
2068,1092,4,26,75,0.63,0.17,0.55,0.09,0.00,0.13,2.84,0.3400,0.3333,0.5714,-0.68,0.4300,0.4427,0.1279,7.17,0.81
2069,1109,4,10,72,9.42,4.51,3.50,1.35,0.14,1.56,26.32,0.4352,0.3968,0.8169,1.72,0.5741,0.5934,0.1515,14.85,1.46
2070,1110,4,13,37,1.59,1.35,0.11,0.19,0.22,0.24,5.28,0.5106,0.5000,0.6250,-0.59,0.5213,0.5459,0.1415,13.99,-3.51
2071,1111,4,6,46,1.24,0.65,0.17,0.09,0.20,0.26,3.82,0.4800,0.3333,1.0000,-0.20,0.5500,0.5601,0.1610,8.73,-5.63
2072,1114,4,9,70,7.46,2.77,0.79,0.76,0.23,1.01,14.23,0.5733,0.2381,0.5878,-0.23,0.5800,0.5930,0.2183,16.05,-1.99
2073,1128,4,27,75,1.61,1.43,0.71,0.05,0.19,0.43,4.77,0.3846,0.2800,0.7692,-2.03,0.4744,0.4930,0.1791,13.33,2.23
2074,1129,4,21,41,4.71,2.56,1.12,0.34,0.17,0.63,13.87,0.4199,0.2653,0.6522,0.95,0.4917,0.5049,0.1590,11.56,-2.17
2075,1139,4,3,27,15.89,3.96,8.74,1.04,0.30,2.04,33.96,0.4045,0.2886,0.7967,2.48,0.4649,0.5230,0.2260,17.77,9.28
2076,1139,4,7,53,17.74,3.08,5.26,0.74,0.30,1.70,34.12,0.4553,0.4047,0.8213,-1.42,0.5548,0.5987,0.2209,15.99,2.42
2077,1155,4,7,66,32.39,8.62,8.02,1.36,0.50,3.58,36.21,0.4962,0.3420,0.7421,1.94,0.5600,0.6093,0.3800,31.36,13.06
2079,1160,4,21,75,13.51,4.59,2.05,1.00,0.31,1.23,30.29,0.3883,0.3301,0.7722,0.45,0.4656,0.5132,0.1993,10.97,-2.22
2080,1161,4,5,80,8.59,2.75,2.58,0.78,0.33,1.24,26.22,0.4930,0.3122,0.8049,-0.96,0.5447,0.5668,0.1494,10.38,-2.97
2081,1163,4,30,14,0.21,0.71,0.57,0.36,0.00,0.21,3.79,0.1000,0.2500,,-0.21,0.1500,0.1500,0.1061,3.29,0.36
2082,1176,4,28,50,1.22,0.46,0.62,0.18,0.06,0.10,5.18,0.4386,0.3125,0.6667,-0.18,0.4825,0.5003,0.1084,10.20,-0.78
2083,1179,4,26,33,0.67,0.42,0.30,0.18,0.03,0.15,2.41,0.3030,0.1250,,-0.70,0.3333,0.3333,0.2069,7.90,1.07
2084,1181,4,5,51,6.39,1.35,2.73,0.22,0.08,1.10,15.44,0.4247,0.3516,0.6585,0.61,0.5000,0.5141,0.2086,11.16,0.71
2085,1181,4,17,10,3.90,1.20,1.20,0.20,0.00,0.70,8.29,0.3889,0.4118,1.0000,-2.60,0.4861,0.5164,0.2304,14.31,0.47
2086,1194,4,5,76,5.25,5.84,0.43,0.59,0.36,0.99,11.17,0.6058,0.0000,0.5360,0.33,0.6058,0.6064,0.2122,25.58,3.38
2087,1196,4,12,49,7.39,2.35,1.31,0.51,0.18,0.84,18.31,0.3694,0.3161,0.8472,-2.33,0.4520,0.4963,0.1911,9.88,-3.30
2088,1208,4,3,40,2.13,0.73,0.53,0.25,0.03,0.45,5.70,0.4615,0.0833,0.7059,-0.88,0.4679,0.4972,0.2008,8.09,-4.33
2089,1217,4,29,22,13.18,4.55,5.64,1.14,0.45,1.59,25.80,0.5370,0.4722,0.7736,-2.82,0.5764,0.6059,0.1995,21.56,9.09
2090,1222,4,3,39,29.69,6.72,5.31,0.82,1.46,3.49,35.97,0.5586,0.3757,0.9336,4.85,0.6069,0.6734,0.3220,28.75,6.50
2091,1222,4,24,9,23.11,5.67,3.11,0.22,1.11,2.22,29.91,0.5703,0.5366,0.8333,7.67,0.6563,0.6974,0.2757,27.67,3.79
2092,1223,4,9,74,8.27,8.04,1.01,0.59,0.80,1.24,22.57,0.6482,0.0000,0.6115,-3.77,0.6482,0.6551,0.1431,19.73,-0.16
2093,1239,4,11,82,9.27,6.05,1.07,1.17,0.57,1.23,21.56,0.4485,0.3430,0.7517,-1.91,0.4932,0.5250,0.1947,16.13,-0.03
2094,1255,4,18,80,24.33,5.73,4.38,1.56,0.73,3.24,35.52,0.4588,0.3685,0.7559,1.21,0.5279,0.5635,0.3002,19.81,2.96
2095,1267,4,3,32,0.47,0.44,0.06,0.09,0.03,0.13,2.48,0.2500,0.1667,0.5000,0.09,0.2917,0.3014,0.1622,4.20,-7.43
2096,1267,4,26,29,2.93,1.62,0.72,0.38,0.17,0.31,10.56,0.4348,0.3488,0.7692,0.07,0.5435,0.5688,0.1180,9.42,-3.26
2097,1293,4,26,33,0.73,0.24,0.18,0.15,0.03,0.03,2.15,0.4375,0.5000,0.5714,-0.64,0.6250,0.6289,0.1222,11.16,-0.15
2098,1303,4,23,69,31.64,9.71,3.97,0.96,1.62,3.28,33.10,0.5482,0.3300,0.8573,6.14,0.5730,0.6547,0.3755,34.00,8.98
2099,1329,4,25,81,6.40,5.16,1.27,0.49,1.26,0.83,19.55,0.6407,0.3889,0.6640,-1.62,0.6512,0.6658,0.1261,17.77,0.51
2102,1382,4,11,38,3.32,3.21,0.79,0.16,0.82,0.53,9.58,0.5161,0.0000,0.6818,-1.87,0.5161,0.5607,0.1517,16.86,2.62
2103,1400,4,3,26,7.15,4.92,1.58,0.65,0.62,1.00,27.75,0.3508,0.3058,0.7895,-0.92,0.4476,0.4665,0.1386,8.33,-4.19
2104,1400,4,7,40,9.13,4.70,1.48,0.95,0.50,0.90,32.19,0.4161,0.3548,0.7500,0.40,0.5403,0.5571,0.1287,9.99,-4.65
2105,1420,4,28,82,3.00,0.93,0.85,0.26,0.05,0.30,8.43,0.3595,0.3534,0.7576,-0.49,0.4566,0.4795,0.1744,8.51,-1.91
2106,1426,4,29,72,4.56,1.19,0.58,0.21,0.11,0.54,10.64,0.3686,0.3298,0.7955,-2.85,0.4696,0.4949,0.2022,8.06,-5.24
2107,1428,4,18,55,1.62,0.27,0.31,0.13,0.04,0.22,4.87,0.3614,0.3043,1.0000,-0.87,0.4458,0.4967,0.1625,5.61,-6.61
2108,1443,4,1,46,1.13,0.80,0.83,0.15,0.04,0.33,6.02,0.4167,0.0000,0.6667,-1.26,0.4167,0.4240,0.1162,8.64,-1.93
2109,1453,4,20,79,2.09,0.62,0.46,0.20,0.04,0.28,5.81,0.3373,0.3070,0.8571,-0.68,0.4428,0.4708,0.1855,6.82,-4.05
2110,1457,4,26,73,25.01,4.19,6.12,1.14,0.32,2.48,33.36,0.5124,0.3243,0.7795,2.41,0.5571,0.5988,0.3008,23.50,7.17
2111,1498,4,22,60,13.95,3.90,5.68,1.45,0.43,2.32,29.63,0.5140,0.3103,0.7832,-2.17,0.5339,0.5641,0.2135,17.89,5.06
2112,1504,4,14,76,4.89,3.76,0.47,0.34,0.46,0.61,13.47,0.5962,0.2778,0.6190,-0.42,0.6154,0.6263,0.1420,15.20,-2.41
2113,1507,4,30,79,8.92,5.48,1.06,0.42,1.25,1.08,20.31,0.7316,,0.6791,-1.13,0.7316,0.7386,0.1505,20.65,0.11
2114,1533,4,6,69,21.59,2.68,7.80,1.23,0.13,2.88,35.47,0.4624,0.4102,0.8629,6.35,0.5372,0.5865,0.2719,19.02,6.23
2115,1552,4,11,82,2.74,3.74,0.78,0.54,0.35,0.57,11.83,0.4859,0.4068,0.6170,-3.09,0.5537,0.5691,0.1053,13.96,-0.52
2116,1554,4,18,50,3.62,1.26,0.36,0.06,0.04,0.28,4.86,0.5431,0.3590,0.7885,0.36,0.6034,0.6516,0.2720,21.84,1.77
2117,1561,4,29,56,5.23,2.91,1.02,0.34,0.32,0.66,14.56,0.3798,0.2538,0.8571,1.02,0.4373,0.4748,0.1774,11.29,-2.05
2118,1573,4,13,56,23.79,6.11,5.14,1.48,0.36,3.14,34.63,0.4572,0.3709,0.8707,2.80,0.5359,0.5876,0.3003,21.02,4.50
2119,1587,4,30,77,2.18,1.21,0.44,0.19,0.16,0.34,6.24,0.5200,0.3333,0.7143,-0.05,0.5520,0.5854,0.1520,10.66,-3.10
2120,1590,4,21,76,16.58,7.88,6.17,0.75,0.41,2.78,31.15,0.4821,0.3248,0.7310,-1.38,0.5161,0.5331,0.2467,21.61,7.38
2121,1594,4,21,70,30.50,4.70,5.30,1.60,0.93,2.74,34.51,0.5098,0.3452,0.9053,2.13,0.5308,0.6257,0.3291,27.73,7.87
2122,1595,4,30,78,2.50,1.27,0.44,0.09,0.15,0.19,8.01,0.5379,0.1379,0.7313,-0.15,0.5530,0.6038,0.1215,10.79,-4.27
2123,1621,4,18,73,12.86,11.15,1.19,0.77,1.30,1.67,29.43,0.6593,0.0000,0.6441,-0.10,0.6593,0.6750,0.1635,23.06,1.28
2124,1636,4,30,74,5.50,2.77,2.27,0.78,0.35,0.77,14.94,0.4476,0.3220,0.7681,-1.58,0.5014,0.5308,0.1716,16.10,4.34
2125,1638,4,8,68,16.31,6.56,2.99,0.79,0.75,1.44,30.22,0.5637,0.3468,0.6083,7.62,0.6032,0.6167,0.2115,21.22,2.84
2126,1641,4,11,47,13.09,2.06,2.89,0.64,0.36,1.77,30.18,0.4393,0.3469,0.8148,-4.43,0.5282,0.5722,0.1819,12.01,-3.28
2127,1641,4,13,22,10.95,1.68,2.14,0.59,0.36,0.95,24.87,0.4629,0.4234,0.8421,-0.09,0.5971,0.6285,0.1691,12.46,-2.70
2128,1651,4,19,56,5.00,1.29,2.07,0.54,0.18,0.48,14.48,0.3680,0.3474,0.7458,0.48,0.5108,0.5448,0.1493,12.06,1.37
2129,1651,4,27,22,11.77,2.27,3.64,0.68,0.27,1.18,23.97,0.3800,0.3581,0.7500,-8.45,0.5125,0.5590,0.2038,14.63,2.52
2130,1669,4,25,63,20.48,4.49,2.38,0.81,0.84,1.84,35.63,0.4754,0.4011,0.8129,-0.56,0.5542,0.6065,0.2310,16.35,-1.55
2131,1693,4,17,50,3.08,0.90,0.44,0.12,0.00,0.18,6.89,0.4240,0.4190,1.0000,-0.52,0.6000,0.6074,0.1686,11.64,-3.06
2132,1694,4,6,20,2.60,0.50,0.20,0.25,0.15,0.35,4.76,0.5000,0.4483,1.0000,-0.70,0.6711,0.6764,0.2142,13.93,-4.09
2133,1696,4,10,75,8.23,7.00,6.67,0.99,0.81,2.72,30.64,0.5274,0.3053,0.7130,4.61,0.5696,0.5915,0.1329,16.80,5.49
2134,1699,4,10,68,5.38,3.01,0.75,0.37,0.34,0.76,11.71,0.5397,0.3784,0.7761,-2.29,0.6230,0.6501,0.1767,17.10,-0.86
2135,1700,4,11,76,22.14,3.74,3.70,0.78,0.24,2.63,34.24,0.4165,0.3375,0.7862,-5.88,0.4853,0.5385,0.2830,15.52,-0.28
2136,1701,4,5,39,4.23,2.26,0.59,0.62,0.54,0.51,12.32,0.5648,0.3714,0.6667,1.23,0.6250,0.6455,0.1357,14.20,-2.07
2137,1702,4,8,60,7.28,2.40,1.15,0.30,0.28,0.77,18.19,0.4878,0.2885,0.7436,-3.22,0.5335,0.5758,0.1703,11.48,-4.02
2138,1704,4,7,60,9.10,3.03,1.72,0.70,0.08,1.20,25.66,0.5366,0.4024,0.7234,1.28,0.6257,0.6448,0.1460,10.46,-5.05
2139,1730,4,1,82,7.79,1.87,0.89,0.51,0.15,0.51,17.09,0.4653,0.3900,0.8936,0.77,0.5600,0.5770,0.1795,12.52,-3.35
2140,1732,4,2,81,2.10,1.91,0.75,0.17,0.11,0.27,7.02,0.4846,0.3485,0.6563,1.30,0.5731,0.5900,0.1282,14.73,1.27
2141,1739,4,20,74,10.80,3.09,2.03,0.64,0.35,0.93,28.66,0.4684,0.3857,0.7959,2.51,0.5988,0.6193,0.1461,11.12,-3.60
2142,1766,4,14,34,9.32,4.56,0.68,0.24,0.41,0.50,21.70,0.4846,0.2958,0.7213,1.21,0.5250,0.5526,0.1743,15.39,-2.61
2143,1766,4,30,30,13.00,4.27,1.17,0.37,0.40,1.20,24.26,0.4877,0.3371,0.7586,-2.30,0.5340,0.5579,0.2256,15.77,-2.52
2144,1784,4,12,56,20.71,3.66,10.45,1.63,0.45,2.52,33.62,0.4899,0.4005,0.8706,-0.63,0.5856,0.6240,0.2423,26.24,14.95
2145,1788,4,27,15,1.87,0.80,0.73,0.07,0.00,0.47,5.52,0.3214,0.2000,0.7778,-1.60,0.3750,0.4380,0.1975,8.06,-2.93
2146,1811,4,9,22,6.95,2.18,0.91,0.50,0.23,0.95,17.67,0.4228,0.3651,0.6667,-4.73,0.5163,0.5458,0.1797,9.90,-5.28
2147,1811,4,22,44,3.39,0.89,0.77,0.36,0.09,0.48,8.19,0.4386,0.3396,0.8378,-0.82,0.5175,0.5718,0.1830,12.81,-1.94
2148,1831,4,7,71,14.35,3.54,1.82,0.69,0.17,0.85,30.32,0.4014,0.3855,0.7697,2.25,0.5266,0.5540,0.2077,12.26,-2.68
2149,1832,4,23,62,19.61,5.71,9.97,1.15,0.50,3.15,34.44,0.4406,0.3852,0.8670,4.47,0.5362,0.6075,0.2547,24.37,12.49
2150,1836,4,7,70,6.00,1.27,0.93,0.24,0.10,0.66,10.12,0.4384,0.4038,0.8228,-0.46,0.5330,0.5710,0.2650,14.52,-1.12
2152,1852,4,23,82,3.90,1.94,0.40,0.21,0.30,0.43,8.30,0.5981,0.0000,0.6931,0.23,0.5981,0.6313,0.1908,17.75,-1.30
2153,1864,4,22,52,7.63,1.88,1.13,0.87,0.23,0.54,22.78,0.4495,0.4312,0.9000,-1.62,0.6026,0.6199,0.1271,9.42,-4.95
2154,1866,4,3,76,7.39,2.16,1.33,0.45,0.17,0.54,20.10,0.4568,0.4264,0.6429,-0.32,0.6182,0.6212,0.1442,10.27,-3.91
2155,1867,4,22,47,3.00,1.49,0.34,0.36,0.11,0.45,9.73,0.4393,0.3721,0.7561,0.00,0.5140,0.5638,0.1378,8.44,-6.32
2156,1873,4,23,78,13.91,5.44,2.38,0.87,0.51,1.14,31.23,0.5006,0.3889,0.8760,3.79,0.5751,0.6016,0.1838,16.27,-0.45
2157,1879,4,25,5,8.80,4.40,6.00,2.20,0.40,1.20,23.98,0.4167,0.3000,0.7333,-0.20,0.4583,0.5164,0.1720,19.86,12.49
2158,1881,4,20,25,10.24,7.04,3.60,1.36,0.48,1.52,29.99,0.5860,0.5192,0.7895,7.64,0.6720,0.7030,0.1267,18.51,2.42
2159,1881,4,25,53,9.19,7.87,3.77,1.02,0.17,1.49,32.16,0.5041,0.3036,0.7311,2.34,0.5510,0.5862,0.1276,15.58,1.04
2160,1882,4,20,82,4.95,6.54,1.24,0.65,0.78,0.80,19.86,0.5352,0.2162,0.6761,1.84,0.5474,0.5667,0.1126,15.43,0.12
2161,1888,4,16,77,0.35,0.14,0.00,0.01,0.03,0.01,0.94,0.3448,0.3333,0.8000,-0.32,0.3966,0.4327,0.1988,4.61,-6.68
2162,1895,4,2,82,6.24,2.49,0.87,0.35,0.26,0.37,15.73,0.4545,0.4179,0.7059,2.67,0.6313,0.6345,0.1476,13.25,-2.46
2163,1911,4,19,82,2.84,1.61,0.41,0.24,0.23,0.38,7.44,0.5513,0.1034,0.6988,-0.85,0.5609,0.6051,0.1580,14.81,-2.13
2164,1912,4,9,82,9.59,2.70,5.73,1.27,0.34,2.11,26.26,0.3767,0.2797,0.8214,-6.10,0.4258,0.4547,0.2061,11.35,4.44
2165,1915,4,4,50,14.66,4.30,4.12,0.84,0.24,1.98,31.53,0.4750,0.3250,0.8113,-2.16,0.5198,0.5630,0.2002,15.95,0.79
2166,1959,4,28,58,2.10,2.12,0.43,0.28,0.10,0.26,10.58,0.4211,0.2537,0.5625,0.22,0.4956,0.5040,0.0946,9.38,-5.01
2167,1960,4,19,82,3.20,2.20,0.40,0.21,0.16,0.48,5.59,0.5266,0.2727,0.7788,0.23,0.5355,0.6100,0.2389,23.76,3.22
2168,1964,4,16,71,18.97,5.07,3.94,0.72,0.23,2.23,32.90,0.4391,0.3780,0.9341,2.39,0.5307,0.5664,0.2578,17.45,1.31
2169,1978,4,12,80,16.80,5.00,2.81,1.15,0.33,1.74,31.02,0.4576,0.4254,0.8217,-1.05,0.5963,0.6138,0.2101,17.14,0.39
2170,1985,4,16,82,2.88,2.29,0.52,0.44,0.21,0.55,11.82,0.4306,0.3394,0.4643,-1.26,0.5162,0.5168,0.1259,9.48,-5.02
2171,1991,4,12,24,2.38,0.75,0.88,0.29,0.13,0.29,6.93,0.5588,0.5238,0.8889,0.96,0.7206,0.7508,0.1149,14.60,0.36
2172,1991,4,17,50,3.50,1.34,1.78,0.38,0.06,0.54,13.34,0.4470,0.3108,0.7391,0.36,0.5341,0.5748,0.1140,10.81,-1.19
2174,2023,4,1,81,3.05,0.91,1.10,0.46,0.15,0.44,10.43,0.4182,0.4091,0.8438,0.21,0.5000,0.5276,0.1352,8.83,-2.39
2175,2024,4,17,67,19.25,5.09,7.39,1.18,0.37,2.94,32.57,0.4790,0.3844,0.8588,7.18,0.5562,0.5859,0.2532,21.95,8.28
2176,2025,4,1,53,2.38,0.43,0.47,0.09,0.19,0.23,7.75,0.3840,0.3448,,-1.25,0.5040,0.5040,0.1423,5.35,-6.16
2177,2025,4,7,23,3.43,1.39,0.70,0.61,0.39,0.43,12.83,0.3671,0.2857,0.6250,-2.74,0.4684,0.4787,0.1408,6.82,-4.47
2179,2035,4,26,77,1.69,1.04,0.12,0.04,0.14,0.18,4.51,0.6180,0.6250,0.7895,-0.90,0.6461,0.6676,0.1377,13.38,-4.66
2180,2057,4,2,66,9.33,5.91,2.86,0.45,0.92,0.56,29.11,0.4760,0.4462,0.7143,4.68,0.6273,0.6308,0.1198,15.88,1.32
2181,2064,4,29,78,8.95,2.69,3.15,0.53,0.37,1.62,16.83,0.4192,0.2857,0.7500,-0.10,0.4666,0.5081,0.2596,16.36,4.53
2182,2068,4,23,80,3.35,1.18,0.55,0.18,0.11,0.33,10.09,0.4721,0.3364,0.7500,-0.20,0.5660,0.5998,0.1393,9.66,-5.33
2183,2069,4,22,74,2.61,1.34,0.41,0.16,0.09,0.24,10.97,0.3626,0.3382,0.8333,-1.14,0.4890,0.5081,0.1104,6.13,-7.11
2185,2092,4,26,76,15.00,3.30,2.91,1.05,0.32,1.28,28.98,0.4850,0.4020,0.7252,2.92,0.6033,0.6171,0.1995,15.47,0.20
2186,2094,4,30,11,4.64,1.91,0.91,0.27,0.36,0.45,8.63,0.6000,0.5000,0.9375,-0.64,0.7200,0.7959,0.1676,21.53,3.19
2188,2114,4,1,70,14.70,4.06,1.34,0.50,0.24,1.17,30.36,0.4611,0.3497,0.8261,-0.26,0.5219,0.5635,0.1978,11.81,-4.38
2189,2131,4,8,49,10.37,1.76,2.55,0.57,0.27,1.37,16.73,0.3986,0.3776,0.8659,-2.94,0.5035,0.5403,0.2846,15.37,2.68
2190,2131,4,13,23,6.57,2.13,2.04,0.48,0.09,0.65,11.53,0.4015,0.3514,0.7500,0.65,0.4964,0.5178,0.2639,17.20,6.85
2191,2133,4,17,32,2.06,1.38,0.13,0.06,0.22,0.34,5.78,0.4815,0.3333,0.6154,-0.78,0.5370,0.5526,0.1598,11.09,-5.64
2192,2135,4,10,10,1.70,1.70,1.90,0.40,0.30,0.90,11.24,0.4667,0.1111,0.6667,3.50,0.5000,0.5208,0.0936,9.80,-0.40
2193,2141,4,17,48,6.60,2.67,3.13,0.69,0.13,1.15,21.74,0.4355,0.4089,0.8571,1.67,0.6028,0.6162,0.1264,12.16,-0.08
2194,2144,4,19,45,24.71,5.47,5.82,0.71,0.42,3.29,34.17,0.4838,0.3902,0.8824,2.13,0.5222,0.5824,0.3116,21.83,4.90
2195,2148,4,3,41,26.44,4.98,5.15,1.00,0.80,2.22,36.05,0.4860,0.3736,0.8827,3.07,0.5653,0.6037,0.3030,22.26,5.44
2196,2148,4,7,20,26.95,5.00,6.00,1.25,0.60,1.85,38.14,0.5104,0.3919,0.9468,4.80,0.5859,0.6336,0.2753,23.46,6.70
2197,2149,4,22,12,4.58,3.67,0.50,1.17,0.33,0.33,10.33,0.4151,0.4000,0.5556,-1.58,0.4717,0.4828,0.2116,22.86,6.70
2198,2153,4,9,76,15.84,3.79,5.09,0.80,0.22,3.12,30.33,0.4161,0.3429,0.7472,-8.45,0.4771,0.5282,0.2557,13.09,0.84
2200,2166,4,12,81,5.62,3.48,0.63,0.38,1.15,0.63,12.86,0.5629,0.1429,0.6507,-1.53,0.5660,0.5952,0.1755,18.27,1.37
2201,2171,4,2,55,0.36,0.31,0.16,0.07,0.07,0.04,1.96,0.2593,0.2500,0.5000,-1.29,0.3519,0.3587,0.1220,7.97,-1.20
2202,2180,4,30,13,4.31,0.62,1.15,0.31,0.08,0.31,10.34,0.4524,0.0833,0.7727,-1.31,0.4643,0.5418,0.1791,11.63,-1.04
2203,2183,4,8,23,5.52,1.22,2.17,0.39,0.04,0.83,13.87,0.3828,0.2794,0.8333,-2.26,0.4570,0.4764,0.2097,10.29,0.50
2204,2183,4,13,55,10.29,2.11,3.33,0.69,0.09,1.75,24.32,0.4180,0.3500,0.9242,-0.49,0.4932,0.5231,0.2098,10.95,-1.29
2205,2190,4,15,63,18.62,6.76,0.95,1.03,3.00,1.70,28.37,0.5061,0.3546,0.7876,5.81,0.5669,0.6131,0.2485,22.34,2.73
2206,2205,4,14,57,27.89,8.02,6.58,0.88,0.56,3.12,34.28,0.4996,0.3210,0.7676,3.75,0.5492,0.5833,0.3344,28.47,10.18
2208,2241,4,10,48,6.44,1.63,2.81,0.48,0.10,0.63,16.99,0.4876,0.3889,0.9268,-1.92,0.5599,0.5941,0.1511,14.15,2.48
2209,2245,4,21,81,8.53,2.16,1.09,0.59,0.10,0.48,17.23,0.4409,0.4086,0.8200,2.63,0.5994,0.6259,0.1776,14.35,-1.64
2211,2259,4,3,25,16.56,4.80,2.08,1.40,0.32,1.08,30.81,0.4684,0.3718,0.8506,2.32,0.5648,0.6101,0.2128,17.32,0.20
2212,2259,4,24,19,12.42,3.42,1.37,0.79,0.32,0.53,22.60,0.4740,0.4545,0.8182,5.11,0.6040,0.6293,0.1975,17.50,0.17
2213,2287,4,1,73,5.41,3.86,1.14,0.52,0.47,0.56,14.27,0.4907,0.2885,0.6282,-0.14,0.5373,0.5543,0.1616,16.79,1.70
2214,2288,4,12,79,0.65,0.38,0.19,0.09,0.08,0.10,2.05,0.4490,0.2000,0.5000,-0.09,0.4796,0.4855,0.1573,8.65,-1.13
2215,2292,4,27,70,19.79,4.54,2.61,0.66,0.16,1.91,29.47,0.4519,0.3292,0.7492,-7.01,0.5121,0.5510,0.2799,17.56,0.30
2216,2295,4,25,65,2.91,0.68,0.91,0.29,0.09,0.66,6.41,0.3764,0.3457,0.6585,-2.35,0.4551,0.4820,0.2518,9.54,-1.13
2217,2315,4,27,30,5.80,3.17,2.23,0.53,0.20,1.10,15.64,0.5328,0.4500,0.6667,-3.07,0.6066,0.6252,0.1525,15.93,1.60
2218,2327,4,8,69,24.49,11.84,9.83,1.26,0.68,3.58,33.67,0.6321,0.3826,0.8217,9.28,0.6600,0.7015,0.2731,37.39,18.26
2219,2336,4,5,21,0.95,0.24,0.29,0.10,0.00,0.10,2.67,0.4000,0.5000,0.6250,1.24,0.5000,0.5400,0.1621,11.64,-1.45
2220,2343,4,14,55,1.00,1.00,0.07,0.05,0.22,0.16,3.21,0.5405,0.0000,0.7500,-0.62,0.5405,0.6004,0.1316,16.57,-2.14
2221,2343,4,29,25,3.48,2.68,0.44,0.20,0.36,0.56,12.04,0.7143,0.7143,0.7778,-1.96,0.8163,0.8214,0.0919,12.99,-5.10
2222,2355,4,19,67,9.69,4.01,2.42,1.54,0.63,1.31,29.11,0.4691,0.3353,0.7640,2.24,0.5250,0.5675,0.1451,11.56,-1.81
2223,2365,4,4,68,2.31,1.81,0.22,0.25,0.44,0.46,8.09,0.5583,0.2105,0.7308,-0.47,0.5750,0.5972,0.1252,12.05,-4.64
2224,2384,4,27,70,12.50,3.50,6.40,1.27,0.13,1.57,28.34,0.4590,0.2848,0.8605,-4.64,0.4892,0.5344,0.1943,18.39,7.84
2225,2385,4,15,81,10.15,2.47,5.15,1.02,0.07,0.91,23.94,0.4380,0.3712,0.8061,1.17,0.5232,0.5457,0.1783,18.26,7.59
2226,2393,4,5,75,4.25,2.04,0.45,0.39,0.49,0.33,11.91,0.5000,0.3375,0.7381,1.63,0.5587,0.5975,0.1455,13.13,-2.81
2227,2395,4,8,82,2.43,2.46,0.41,0.15,0.28,0.59,7.15,0.7652,1.0000,0.4583,-1.45,0.7696,0.7310,0.1375,18.61,-1.68
2228,2406,4,9,73,5.85,1.45,2.97,0.47,0.12,0.77,16.82,0.4274,0.3889,0.7917,-1.51,0.5271,0.5579,0.1533,12.55,2.20
2229,2410,4,16,33,2.48,0.94,0.30,0.21,0.06,0.30,6.19,0.4058,0.2286,0.9474,-0.48,0.4638,0.5300,0.1909,10.51,-4.42
2230,2412,4,29,28,3.11,1.39,0.29,0.14,0.11,0.11,8.30,0.3365,0.2381,0.5000,-3.11,0.4087,0.4113,0.1931,8.28,-3.50
2232,2420,4,1,55,1.29,0.65,0.38,0.09,0.02,0.16,3.20,0.5682,0.4783,0.8333,0.02,0.6932,0.7204,0.1414,16.69,0.92
2233,2420,4,11,26,0.69,0.62,0.42,0.04,0.12,0.00,2.26,0.3158,0.2000,1.0000,-0.19,0.3684,0.4335,0.1477,20.77,11.28
2235,2453,4,13,42,6.52,1.98,0.88,0.45,0.10,0.71,17.26,0.4645,0.4470,0.9500,2.24,0.6043,0.6233,0.1519,10.90,-5.26
2236,2453,4,15,25,10.88,3.00,2.16,0.52,0.04,0.64,23.60,0.5263,0.5401,0.9474,4.68,0.7427,0.7583,0.1430,16.71,-0.58
2237,2467,4,29,74,9.18,8.38,0.93,0.35,2.34,0.78,23.03,0.7198,0.3333,0.5157,0.97,0.7210,0.7015,0.1333,24.37,3.67
2240,2506,4,30,74,11.08,2.80,1.18,0.43,0.12,0.74,28.29,0.4974,0.4245,0.8523,-1.68,0.6368,0.6573,0.1392,11.72,-5.57
2241,2511,4,7,37,5.95,3.65,1.41,0.32,0.81,0.73,25.13,0.4556,0.3482,0.7105,-1.16,0.5710,0.5923,0.1033,9.01,-4.93
2242,2524,4,18,82,1.70,0.68,0.16,0.12,0.07,0.26,3.54,0.5679,0.3636,0.6842,-0.11,0.6173,0.6552,0.1878,14.30,-4.17
2243,2532,4,9,56,4.23,1.93,0.27,0.25,0.21,0.57,10.59,0.4693,0.3707,0.7879,-1.54,0.5894,0.6123,0.1618,10.71,-5.98
2244,2532,4,25,26,6.85,2.65,0.69,0.38,0.00,0.69,13.79,0.4444,0.3143,0.7407,-5.38,0.5163,0.5398,0.2213,14.39,-2.67
2245,2537,4,28,74,2.46,2.31,0.42,0.28,0.77,0.27,10.84,0.4800,0.0833,0.6271,2.11,0.4833,0.5172,0.1042,9.85,-2.81
2246,2541,4,15,74,4.92,4.19,1.35,1.04,0.34,0.50,20.19,0.4313,0.3390,0.7778,2.82,0.5250,0.5419,0.1042,12.65,-1.14
2247,2544,4,23,76,1.84,0.55,0.29,0.13,0.04,0.32,4.65,0.4324,0.3913,0.7222,0.03,0.5135,0.5519,0.1920,10.62,-5.43
2248,2546,4,2,80,3.26,2.46,0.66,0.14,0.58,0.31,10.05,0.6647,0.2308,0.8205,0.76,0.6735,0.6973,0.1158,17.44,0.02
2249,2561,4,1,81,0.44,0.32,0.21,0.06,0.01,0.06,2.04,0.4054,0.2381,0.5000,-0.04,0.4730,0.4752,0.1097,8.56,-2.11
2250,2575,4,10,71,9.38,3.25,1.76,0.58,0.44,1.34,19.64,0.5252,0.3699,0.6522,-0.75,0.5795,0.5971,0.1978,14.64,-1.38
2251,2582,4,30,64,21.20,7.23,3.73,0.56,0.45,2.97,34.98,0.4483,0.3326,0.7300,0.16,0.5184,0.5444,0.2751,17.63,0.77
2252,2588,4,15,52,2.02,1.21,0.40,0.23,0.08,0.35,7.97,0.3895,0.3380,0.7778,-1.50,0.5158,0.5305,0.1177,6.66,-6.23
2253,2591,4,5,77,24.84,4.48,4.25,0.90,0.23,2.52,35.95,0.4849,0.3750,0.8481,0.23,0.5584,0.6068,0.2856,19.86,1.76
2254,2599,4,10,62,6.69,3.47,1.55,0.45,0.32,0.87,19.27,0.4713,0.3668,0.7667,0.52,0.5876,0.6096,0.1390,12.08,-2.39
2255,2607,4,24,80,5.70,3.50,0.85,0.20,0.38,0.74,12.23,0.5282,0.2500,0.7524,1.76,0.5593,0.5950,0.1933,17.64,0.00
2256,2617,4,27,50,5.94,2.28,1.00,0.48,0.26,0.60,16.89,0.4672,0.2623,0.6964,-3.60,0.4981,0.5236,0.1534,10.56,-3.81
2257,2639,4,7,25,2.16,0.80,0.08,0.08,0.00,0.12,4.26,0.4884,0.4000,0.2500,-1.64,0.6047,0.5804,0.2112,13.21,-4.19
2259,2644,4,6,76,11.80,3.71,3.78,0.95,0.32,1.53,29.44,0.4313,0.3920,0.7222,2.55,0.5168,0.5462,0.1890,12.98,0.36
2260,2656,4,24,82,7.37,2.74,1.21,0.37,0.09,0.95,18.37,0.4425,0.4453,0.9038,0.96,0.5642,0.6067,0.1636,11.88,-4.21
2262,2667,4,24,29,5.00,1.55,2.24,0.62,0.03,0.72,12.52,0.3932,0.3793,0.7368,-1.21,0.4402,0.5103,0.1920,13.87,3.79
2263,2673,4,26,77,0.56,0.78,0.16,0.05,0.14,0.21,2.09,0.5333,0.0000,0.6875,0.25,0.5333,0.5805,0.1418,15.11,-0.93
2264,2677,4,13,52,23.83,6.50,3.92,1.38,0.54,1.69,33.61,0.5121,0.4160,0.8710,4.23,0.5718,0.6234,0.2715,25.32,5.88
2265,2678,4,17,17,2.53,2.00,0.06,0.12,0.00,0.35,6.69,0.4828,0.3889,0.8889,-1.59,0.6034,0.6523,0.1469,13.06,-5.80
2266,2701,4,19,56,2.04,0.59,0.41,0.18,0.04,0.18,4.19,0.4545,0.4412,0.8636,1.11,0.5398,0.5835,0.1987,14.67,0.36
2268,2707,4,25,68,27.44,4.07,6.25,0.74,0.26,2.81,30.98,0.4626,0.3708,0.9140,1.54,0.5641,0.6446,0.3418,27.64,8.91
2269,2711,4,25,54,6.65,2.61,0.93,0.37,0.37,0.67,18.07,0.4422,0.3671,0.7174,-3.52,0.5380,0.5553,0.1629,11.20,-4.06
2270,2713,4,9,60,5.77,2.38,0.68,0.47,0.47,0.50,19.98,0.4167,0.3645,0.8205,-3.37,0.5451,0.5669,0.1202,8.21,-6.00
2271,2729,4,15,47,2.55,1.09,0.43,0.11,0.04,0.26,3.74,0.5269,0.3529,0.5926,-1.02,0.5591,0.5721,0.2809,21.64,4.80
2272,2738,4,10,82,7.05,9.27,2.52,0.63,0.61,0.55,23.88,0.6302,0.0000,0.6065,1.91,0.6302,0.6391,0.1070,21.55,5.41
2273,2739,4,17,78,15.88,6.67,1.27,0.47,2.47,1.37,30.42,0.5306,0.3736,0.7842,5.10,0.6062,0.6305,0.1945,19.68,0.53
2274,2742,4,6,81,1.38,0.63,0.23,0.02,0.10,0.31,3.68,0.6400,0.5000,0.7778,-0.72,0.6533,0.6753,0.1632,11.14,-6.35
2275,2750,4,6,50,6.94,5.60,1.52,0.14,0.14,0.94,16.42,0.3895,0.3538,0.8889,1.66,0.5105,0.5548,0.1974,18.19,1.71
2276,2750,4,16,21,7.71,5.67,1.90,0.43,0.24,1.10,19.94,0.3885,0.2970,0.8571,1.24,0.4964,0.5353,0.1901,16.11,1.02
2277,2756,4,16,57,10.79,3.95,4.93,1.00,0.37,1.81,30.13,0.4041,0.3452,0.8593,0.96,0.5144,0.5648,0.1683,13.32,1.94
2278,2774,4,26,79,7.11,3.80,0.84,0.34,0.39,0.81,15.79,0.4583,0.3625,0.8145,1.33,0.5650,0.6075,0.1819,16.61,-1.42
2279,2815,4,4,46,6.41,2.67,3.30,0.80,0.26,1.28,18.55,0.4016,0.2947,0.8514,-3.20,0.4567,0.5147,0.1697,13.99,3.17
2280,2822,4,17,42,1.36,1.33,0.38,0.10,0.12,0.21,5.17,0.3276,0.2188,0.6667,0.05,0.3879,0.4323,0.1463,10.99,-1.59
2281,2822,4,27,19,10.84,6.79,2.42,0.53,0.37,1.37,23.31,0.4535,0.3433,0.6923,-6.11,0.5203,0.5445,0.2006,18.89,2.72
2282,2828,4,13,81,8.80,3.41,2.27,0.52,0.27,0.99,23.12,0.5191,0.3889,0.7797,0.02,0.5926,0.6190,0.1537,13.87,-1.33
2283,2829,4,21,77,6.71,2.01,1.56,0.52,0.14,0.81,15.37,0.3932,0.3152,0.7636,0.74,0.4741,0.4922,0.2080,10.98,-1.01
2284,2845,4,11,81,1.26,0.74,0.11,0.06,0.02,0.17,2.11,0.6833,0.0000,0.7407,0.81,0.6833,0.7095,0.2096,26.94,1.07
2285,2846,4,29,66,25.62,8.64,1.86,0.64,0.58,1.92,34.42,0.4987,0.3914,0.8747,2.47,0.5860,0.6403,0.2673,24.64,1.93
2286,2855,4,19,77,9.06,3.62,2.45,0.70,0.18,1.26,23.27,0.4326,0.3028,0.7886,0.08,0.4904,0.5386,0.1795,13.32,-0.89
2287,2863,4,16,73,9.36,4.71,1.60,0.97,0.42,1.08,28.46,0.4635,0.3559,0.8053,-0.12,0.5401,0.5713,0.1459,12.06,-3.41
2288,2865,4,4,19,1.84,1.26,0.58,0.21,0.05,0.11,7.04,0.3889,0.2143,0.5714,-1.37,0.4306,0.4478,0.1296,9.57,-1.45
2289,2875,4,11,82,12.67,5.51,1.50,0.50,0.37,1.11,27.96,0.5694,0.3148,0.6802,-4.49,0.6167,0.6353,0.1654,16.83,-2.17
2290,2884,4,1,42,0.50,0.29,0.05,0.02,0.00,0.05,1.56,0.3913,0.1429,1.0000,0.02,0.4130,0.4397,0.1659,9.59,-5.53
2291,2895,4,1,26,1.65,0.42,0.12,0.04,0.04,0.04,3.24,0.4194,0.4000,0.8750,-0.15,0.5806,0.6228,0.1748,13.89,-2.97
2292,2895,4,11,50,4.28,1.24,0.46,0.46,0.08,0.36,12.04,0.3529,0.3419,0.9111,-1.66,0.5088,0.5638,0.1437,8.13,-5.66
2293,2898,4,12,78,16.69,4.08,1.49,0.62,0.17,1.95,28.49,0.4343,0.3226,0.8282,-2.29,0.4869,0.5657,0.2475,14.30,-3.85
2294,2901,4,17,67,2.67,1.69,0.51,0.30,0.19,0.27,12.25,0.3625,0.3145,0.8571,0.79,0.4844,0.5194,0.0982,7.07,-6.01
2295,2904,4,23,60,20.30,2.93,3.53,0.82,0.13,1.33,33.59,0.4808,0.4336,0.8451,4.02,0.5685,0.6049,0.2445,16.66,0.57
2296,2918,4,25,6,15.33,3.17,8.33,1.00,0.17,1.67,31.47,0.5000,0.4615,0.9231,-12.33,0.5882,0.6240,0.1864,20.80,10.09
2297,2928,4,20,82,2.71,0.61,0.88,0.45,0.10,0.30,9.27,0.3581,0.2985,0.6667,0.65,0.4512,0.4754,0.1470,7.34,-2.85
2298,2951,4,19,75,20.91,4.37,5.72,0.93,0.51,2.44,35.33,0.4368,0.3886,0.7689,0.79,0.5153,0.5412,0.2662,17.33,3.98
2299,2954,4,12,76,8.55,3.08,5.22,1.07,0.13,1.88,20.08,0.5432,0.4407,0.8529,-0.82,0.5681,0.5899,0.1921,20.15,8.68
2300,2968,4,18,80,11.91,3.84,1.85,0.93,0.95,1.40,30.21,0.5168,0.3978,0.7361,0.88,0.5915,0.6114,0.1586,11.71,-3.52
2301,2969,4,4,56,10.63,4.82,1.98,1.18,0.52,1.43,26.67,0.4474,0.3218,0.8462,-3.02,0.5132,0.5512,0.1737,12.92,-1.58
2302,2969,4,23,26,6.15,2.92,0.73,0.65,0.19,0.50,16.12,0.4878,0.4000,0.8235,0.77,0.5366,0.5799,0.1656,12.27,-3.00
2303,2972,4,27,67,9.76,2.06,1.36,0.19,0.09,0.87,19.61,0.4570,0.4128,0.7571,-3.54,0.5746,0.5905,0.1939,11.54,-3.90
2304,2983,4,7,77,2.42,1.39,0.14,0.05,0.34,0.47,4.60,0.6400,0.4000,0.5854,-0.74,0.6480,0.6502,0.2303,18.85,-2.75
2305,2988,4,4,70,3.51,1.33,0.77,0.21,0.09,0.61,11.24,0.3960,0.3250,0.7500,-2.14,0.4604,0.5185,0.1511,8.52,-5.77
2306,2992,4,9,81,2.26,0.91,0.35,0.20,0.01,0.14,6.47,0.4079,0.4227,0.8182,-0.54,0.5428,0.5659,0.1410,10.67,-3.62
2307,3012,4,18,45,3.58,1.38,3.29,0.71,0.09,0.73,15.08,0.4207,0.3077,0.8333,1.87,0.5034,0.5264,0.1171,13.41,4.70
2308,3055,4,23,79,9.87,3.95,2.49,1.59,0.52,1.29,27.21,0.4255,0.3896,0.7931,1.29,0.5461,0.5658,0.1664,12.68,-0.51
2309,3066,4,6,12,2.08,0.75,0.42,0.33,0.00,0.00,4.88,0.4091,0.2778,1.0000,-0.42,0.5227,0.5463,0.1749,16.08,2.88
2310,3068,4,26,81,3.96,2.44,0.49,0.27,0.26,0.40,8.50,0.5890,0.2368,0.7397,1.09,0.6096,0.6391,0.1771,19.80,0.87
2311,3075,4,17,33,15.06,4.24,4.94,0.70,0.15,2.15,24.28,0.4360,0.3148,0.9020,4.00,0.4988,0.5511,0.2742,19.85,6.75
2312,3113,4,3,80,3.08,0.55,0.70,0.19,0.04,0.38,7.08,0.4115,0.3657,0.8333,-0.83,0.5287,0.5536,0.1986,10.89,-2.76
2313,3117,4,23,82,7.77,2.33,2.93,0.30,0.16,1.15,19.11,0.4791,0.3784,0.8534,1.76,0.5348,0.5749,0.1862,13.79,0.71
2314,3118,4,25,4,4.25,3.75,1.00,0.50,1.25,1.00,22.20,0.3043,0.2500,0.0000,-5.00,0.3696,0.3626,0.1289,5.33,-5.33
2315,3125,4,18,57,0.81,0.44,0.09,0.07,0.11,0.05,1.69,0.5000,0.3333,1.0000,0.42,0.5278,0.5820,0.1898,19.97,2.74
2316,3131,4,26,81,5.56,1.30,2.28,0.54,0.19,0.77,17.87,0.4536,0.3198,0.8065,0.01,0.5326,0.5453,0.1411,9.75,-1.59
2317,3132,4,6,70,27.46,4.13,4.30,1.41,0.39,2.57,34.75,0.4843,0.3858,0.8668,4.83,0.5717,0.6145,0.3239,22.17,3.78
2318,3144,4,6,80,15.96,8.89,2.80,0.75,1.49,1.83,33.94,0.5544,0.2157,0.6743,4.24,0.5660,0.5908,0.2040,20.07,1.99
2319,3145,4,6,25,1.24,0.80,0.12,0.16,0.12,0.04,3.38,0.4286,0.3750,1.0000,1.24,0.4821,0.5208,0.1638,14.87,0.09
2321,3159,4,26,79,13.18,2.57,3.77,0.62,0.25,1.85,21.77,0.4485,0.3593,0.8889,0.86,0.5383,0.5868,0.2586,18.08,3.70
2322,3166,4,10,79,3.82,1.33,0.65,0.23,0.09,0.43,10.34,0.4758,0.3630,0.6981,-0.09,0.5837,0.6032,0.1466,11.49,-4.34
2324,3182,4,18,64,0.66,0.28,0.28,0.13,0.08,0.13,2.38,0.4186,0.1176,0.8000,-0.83,0.4419,0.4646,0.1498,10.19,-0.40
2325,3184,4,15,61,26.16,5.85,8.08,1.08,0.26,3.38,31.93,0.4662,0.3067,0.7485,4.95,0.5041,0.5570,0.3495,27.21,12.38
2326,3196,4,3,48,2.00,1.23,0.52,0.17,0.10,0.29,5.95,0.4024,0.4082,1.0000,0.63,0.5244,0.5556,0.1584,11.86,-1.42
2327,3196,4,7,24,1.50,0.50,0.25,0.04,0.00,0.17,2.90,0.4242,0.3636,,-0.83,0.5455,0.5455,0.2387,8.51,-2.80
2328,3198,4,30,64,0.59,0.19,0.34,0.03,0.00,0.06,1.69,0.5357,0.7778,1.0000,-0.47,0.6607,0.6681,0.1286,16.10,4.49
2329,3201,4,13,66,11.03,3.91,1.73,0.64,0.32,0.85,27.65,0.4261,0.3648,0.7816,-0.24,0.5132,0.5343,0.1778,11.35,-2.92
2330,3245,4,19,79,14.53,3.56,1.42,1.13,0.54,0.77,30.99,0.4838,0.4064,0.9053,0.48,0.6100,0.6496,0.1666,14.77,-2.55
2331,3246,4,1,74,20.47,5.26,6.05,1.51,0.26,2.16,36.40,0.4640,0.3437,0.8316,-0.84,0.5144,0.5401,0.2453,19.38,5.53
2332,3248,4,8,65,19.97,3.95,6.15,1.02,0.25,2.23,32.82,0.4544,0.3981,0.8333,4.62,0.5370,0.5713,0.2629,19.71,5.94
2333,3249,4,26,80,12.20,4.64,1.23,0.76,0.53,0.75,29.76,0.4527,0.4112,0.7654,1.24,0.5844,0.5968,0.1585,13.04,-3.16
2334,3258,4,2,26,4.54,2.62,0.46,0.15,0.19,0.35,12.43,0.4719,0.3846,0.6923,1.96,0.6124,0.6229,0.1408,13.09,-3.71
2335,3258,4,21,49,5.41,2.76,0.78,0.22,0.39,0.29,12.69,0.4384,0.3944,0.7949,3.12,0.5764,0.6018,0.1579,14.95,-0.20
2336,3264,4,4,24,8.38,1.92,2.17,0.58,0.17,0.92,17.83,0.4410,0.4045,0.6765,0.00,0.5528,0.5712,0.2003,14.53,0.51
2338,3277,4,19,66,6.68,5.36,1.80,0.85,0.56,0.64,20.93,0.6098,0.3333,0.6962,2.80,0.6328,0.6490,0.1197,17.74,1.65
2339,3305,4,12,80,8.86,2.49,4.26,0.88,0.16,1.58,25.93,0.4410,0.3498,0.7903,-3.29,0.5124,0.5281,0.1623,11.13,0.68
2340,3310,4,12,77,9.58,3.60,1.27,0.71,0.44,0.97,23.59,0.4271,0.3662,0.8380,-2.74,0.5246,0.5655,0.1691,10.45,-3.65
2341,3313,4,6,78,2.01,0.59,1.01,0.22,0.05,0.31,6.48,0.5182,0.2857,0.9118,0.14,0.5727,0.6282,0.1331,12.13,0.40
2342,3326,4,23,80,7.96,2.31,0.96,0.39,0.18,0.68,18.90,0.4422,0.4010,0.8667,0.94,0.5956,0.6104,0.1715,10.67,-4.57
2343,3337,4,11,81,2.79,1.21,1.63,0.38,0.09,1.06,11.29,0.3418,0.2857,0.6667,-1.86,0.4262,0.4469,0.1547,7.16,-3.37
2344,3340,4,8,62,4.47,2.23,0.29,0.27,0.37,0.50,11.74,0.5612,0.2615,0.6452,-1.56,0.6046,0.6203,0.1532,11.57,-5.10
2346,3345,4,9,55,0.58,0.67,0.13,0.24,0.16,0.15,2.76,0.4000,0.5000,0.7000,-1.13,0.4167,0.4651,0.1189,10.51,-1.32
2347,3365,4,18,68,10.35,2.50,1.94,0.62,0.07,0.96,18.41,0.4480,0.2888,0.7778,-0.12,0.5016,0.5265,0.2511,14.84,0.75
2348,3369,4,7,72,1.88,0.86,0.81,0.22,0.10,0.40,8.44,0.3636,0.2537,0.6667,0.49,0.4280,0.4607,0.1312,5.47,-4.90
2349,3370,4,14,47,5.57,1.17,0.72,0.23,0.06,0.66,11.23,0.4064,0.3254,0.8095,-0.45,0.4880,0.5034,0.2348,9.80,-4.42
2350,3370,4,30,36,6.50,1.50,1.56,0.47,0.11,0.97,12.10,0.4472,0.3918,0.9000,-0.92,0.5427,0.5630,0.2430,15.07,0.57
2351,3372,4,25,55,12.62,8.56,2.71,0.78,0.80,2.16,25.30,0.5188,0.3613,0.6615,0.16,0.5614,0.5887,0.2234,20.70,3.34
2352,3375,4,12,24,13.04,4.67,2.08,0.50,0.29,1.33,24.64,0.4758,0.4220,0.7209,-6.33,0.5685,0.5863,0.2147,16.92,-0.14
2353,3375,4,17,54,4.24,2.17,0.70,0.22,0.13,0.63,11.06,0.3858,0.3922,0.8605,-1.85,0.4873,0.5303,0.1768,12.35,-3.31
2354,3394,4,3,78,8.60,4.92,3.63,0.83,0.63,1.46,30.88,0.3862,0.3890,0.7246,1.00,0.5236,0.5382,0.1375,10.53,-0.87
2355,3415,4,22,44,2.91,2.18,0.84,0.43,0.25,0.39,11.77,0.3525,0.3023,0.7619,-2.68,0.4590,0.4877,0.1228,10.30,-2.29
2356,3417,4,24,80,6.61,3.14,1.31,0.70,0.43,0.79,16.88,0.3913,0.3350,0.7240,1.33,0.4710,0.5306,0.1781,13.51,-0.59
2357,3418,4,1,80,9.89,7.20,1.01,0.70,1.34,1.01,23.11,0.6378,0.3077,0.7806,0.79,0.6419,0.6781,0.1518,20.39,1.02
2358,3419,4,6,77,6.36,2.43,1.13,0.73,0.39,0.55,21.46,0.4944,0.3626,0.7573,1.64,0.5819,0.6135,0.1205,9.72,-4.62
2359,3420,4,26,50,0.92,0.68,0.26,0.14,0.14,0.14,4.96,0.4211,0.3333,0.8750,-0.22,0.5132,0.5539,0.0840,5.42,-5.99
2360,3422,4,16,51,8.80,2.51,2.86,1.12,0.24,1.71,21.68,0.3970,0.3302,0.7468,-0.69,0.4839,0.5128,0.2128,11.18,-0.42
2361,3439,4,29,68,12.46,6.18,3.71,0.88,0.54,2.47,28.55,0.4991,0.3941,0.8534,0.21,0.5826,0.6426,0.1787,16.57,0.83
2362,3441,4,9,19,8.68,3.11,0.89,0.74,0.16,0.95,19.62,0.4254,0.2931,0.7234,-1.58,0.4888,0.5334,0.2008,10.51,-4.10
2363,3441,4,21,32,3.53,1.63,0.34,0.44,0.00,0.50,8.52,0.4681,0.2581,0.6071,-0.34,0.5106,0.5314,0.1893,9.37,-4.81
2364,3451,4,6,81,8.26,2.17,1.42,0.43,0.14,0.64,19.11,0.4509,0.3718,0.6944,2.81,0.5604,0.5792,0.1833,11.87,-2.76
2365,3458,4,4,57,17.05,4.37,0.95,1.19,0.32,1.12,27.15,0.4310,0.3186,0.7596,-4.88,0.4969,0.5338,0.2653,15.06,-1.40
2366,3526,4,24,67,12.22,3.75,7.82,1.36,0.33,1.70,28.18,0.4401,0.3755,0.8313,1.25,0.5135,0.5546,0.1947,19.98,11.53
2367,3536,4,24,52,9.48,2.04,4.12,0.63,0.15,1.56,18.62,0.4150,0.3676,0.7656,1.48,0.4901,0.5123,0.2474,14.90,5.63
2368,3542,4,10,7,5.71,4.29,1.14,0.86,0.57,0.57,16.04,0.6071,0.4444,0.6667,2.14,0.6786,0.6821,0.1230,18.20,1.71
2369,3542,4,25,22,2.77,1.77,1.00,0.73,0.05,0.55,11.61,0.5854,0.5294,1.0000,1.09,0.6951,0.7133,0.0942,11.07,-2.86
2370,3609,4,7,82,1.16,0.77,0.56,0.07,0.01,0.15,3.94,0.3563,0.3548,0.8462,-0.61,0.4828,0.5123,0.1472,11.67,1.35
2372,3620,4,4,56,12.23,9.66,3.66,0.63,0.63,1.55,28.50,0.6692,,0.6055,-4.79,0.6692,0.6734,0.1562,23.56,5.33
2373,3620,4,13,23,7.48,6.91,1.74,0.48,0.52,1.30,19.86,0.7273,,0.7719,-0.04,0.7273,0.7605,0.1364,21.26,1.49
2374,3625,4,27,46,12.09,9.04,3.07,0.78,1.13,2.09,26.08,0.6160,0.0000,0.6047,-5.85,0.6160,0.6251,0.1876,23.73,4.89
2375,3625,4,28,26,13.12,9.12,2.15,1.15,1.31,1.12,27.18,0.6522,,0.5694,4.73,0.6522,0.6516,0.1769,24.61,5.24
2376,3627,4,21,38,7.26,4.18,1.68,0.53,1.13,1.13,18.46,0.4337,0.3654,0.6286,-5.16,0.5100,0.5219,0.1833,15.64,1.34
2377,3637,4,10,82,20.43,2.74,4.50,0.77,0.26,3.07,29.98,0.4304,0.3359,0.8699,-0.13,0.5141,0.5734,0.2937,16.12,0.97
2378,3648,4,11,59,19.15,5.32,5.73,1.39,0.29,3.19,34.30,0.4423,0.3662,0.7841,-5.81,0.5221,0.5649,0.2465,17.57,3.44
2379,3649,4,8,63,17.14,5.41,1.03,0.59,0.46,1.08,28.54,0.4871,0.4141,0.8000,6.63,0.6022,0.6208,0.2287,18.16,-1.40
2380,3650,4,28,9,4.89,2.11,0.89,1.22,0.00,0.44,16.27,0.5000,0.3529,1.0000,-2.33,0.6000,0.6563,0.1041,13.35,-2.66
2381,3651,4,17,71,13.90,9.46,1.48,0.41,0.23,1.14,25.61,0.4956,0.3696,0.7680,0.24,0.5548,0.5752,0.2193,22.94,2.70
2382,3653,4,30,68,22.13,8.03,2.56,0.85,1.47,2.01,31.17,0.4980,0.3848,0.8510,1.18,0.5653,0.6265,0.2720,24.89,4.42
2383,3658,4,29,24,1.00,0.67,0.17,0.04,0.00,0.08,2.18,0.6667,0.5714,,-0.13,0.8000,0.8000,0.1369,21.98,1.32
2384,3662,4,7,82,6.17,3.83,0.84,0.59,0.32,0.79,17.78,0.7323,0.0000,0.6667,2.02,0.7323,0.7378,0.1272,14.18,-3.60
2385,3666,4,13,60,16.98,2.92,1.82,0.83,0.30,1.68,26.12,0.4789,0.3972,0.8123,-2.07,0.5592,0.6125,0.2623,16.75,-1.73
2386,3673,4,13,33,1.24,0.67,0.82,0.06,0.00,0.30,3.75,0.4390,0.2778,0.0000,-0.33,0.5000,0.4895,0.1810,14.41,4.17
2387,3683,4,27,4,7.00,3.25,4.50,0.25,0.50,2.75,23.35,0.3462,0.2500,0.7778,-0.50,0.4038,0.4673,0.1777,9.39,-0.72
2388,3684,4,18,54,9.13,2.44,1.56,0.52,0.28,1.28,22.09,0.4670,0.3814,0.8442,0.00,0.5646,0.5970,0.1738,10.32,-4.74
2389,3688,4,2,69,3.91,1.28,0.93,0.20,0.01,0.58,9.32,0.4122,0.3636,0.7500,0.17,0.5265,0.5356,0.1996,11.63,-2.43
2390,3704,4,12,14,1.50,1.21,0.43,0.14,0.36,0.50,5.00,0.2414,0.1333,1.0000,1.00,0.2759,0.3365,0.2252,8.97,-1.52
2392,3707,4,20,82,14.74,4.11,3.40,0.98,0.17,1.22,28.59,0.4476,0.3700,0.8185,3.88,0.5374,0.5784,0.2111,16.62,2.05
2394,3735,4,20,77,25.14,9.96,4.10,0.64,0.27,2.81,35.54,0.4595,0.3428,0.7571,2.21,0.5356,0.5812,0.2980,23.07,4.38
2395,3759,4,14,65,12.82,2.97,3.31,0.51,0.29,1.52,28.35,0.5286,0.3981,0.8642,3.29,0.6163,0.6866,0.1626,15.89,-0.92
2396,3765,4,20,53,3.17,0.58,0.38,0.28,0.15,0.28,8.26,0.4485,0.3036,0.8788,-0.21,0.5110,0.5581,0.1633,9.42,-5.34
2397,3765,4,25,27,8.11,2.11,1.37,0.89,0.22,1.19,20.43,0.4432,0.3182,0.8333,-6.74,0.5227,0.5630,0.1784,10.75,-4.26
2398,3769,4,8,54,1.50,1.02,0.35,0.24,0.07,0.37,5.83,0.3125,0.3636,0.7500,-1.72,0.4125,0.4561,0.1508,6.52,-5.50
2400,3772,4,23,82,3.50,3.20,0.33,0.55,0.62,0.55,9.20,0.5933,0.1667,0.7451,-0.21,0.5957,0.6200,0.1650,19.12,1.23
2401,3787,4,18,75,10.41,4.44,1.03,0.56,0.71,1.23,16.68,0.5373,0.3456,0.6772,-1.71,0.6023,0.6170,0.2485,20.44,1.27
2402,3802,4,9,21,2.14,1.76,0.19,0.19,0.05,0.14,9.43,0.3864,0.2500,1.0000,1.00,0.4432,0.4824,0.1093,6.70,-6.68
2403,3809,4,4,80,6.65,5.20,0.48,0.14,0.89,0.74,15.23,0.6294,1.0000,0.7486,-1.41,0.6310,0.6760,0.1573,20.59,-0.16
2404,3814,4,19,24,7.21,2.33,1.54,1.21,0.38,0.96,22.21,0.4189,0.3837,0.7619,-1.04,0.5304,0.5501,0.1491,9.55,-3.46
2405,3814,4,27,43,11.19,2.77,3.19,0.93,0.26,1.47,23.18,0.4360,0.3575,0.8833,-3.16,0.5271,0.5562,0.2070,14.81,1.57
2406,3843,4,18,71,3.59,1.17,1.06,0.39,0.06,0.32,14.31,0.4354,0.3496,0.7692,-2.00,0.5383,0.5638,0.1053,7.56,-5.01
2407,3871,4,16,57,4.70,1.21,0.81,0.25,0.00,0.49,12.11,0.3713,0.3281,0.9063,-0.98,0.5042,0.5337,0.1814,7.16,-5.24
2408,3881,4,20,61,7.13,9.10,0.87,0.92,1.79,0.67,26.05,0.6714,,0.4836,3.03,0.6714,0.6518,0.1012,19.49,1.34
2409,3884,4,16,37,3.14,3.41,0.68,0.32,0.32,0.43,11.49,0.5281,0.0000,0.7097,0.73,0.5281,0.5651,0.1232,14.44,-1.04
2410,3890,4,21,54,5.41,3.33,0.80,0.44,0.20,0.35,15.07,0.4435,0.3333,0.8333,-0.19,0.5181,0.5479,0.1466,13.68,-1.50
2411,3893,4,27,56,3.07,1.93,0.68,0.32,0.13,0.55,8.46,0.4323,0.3000,0.4878,-1.96,0.4903,0.4970,0.1796,11.92,-1.73
2412,3898,4,15,78,5.97,2.47,0.76,0.37,0.24,0.73,16.14,0.4286,0.3066,0.6308,-0.78,0.5060,0.5194,0.1677,9.74,-4.89
2413,3913,4,10,40,0.58,0.30,0.15,0.03,0.03,0.40,1.56,0.3500,0.3333,1.0000,-1.18,0.4250,0.5080,0.2615,2.24,-14.30
2414,3918,4,20,75,2.03,0.53,0.61,0.09,0.07,0.29,4.50,0.3836,0.3016,0.9167,-0.39,0.4434,0.4626,0.2377,11.52,0.38
2415,3927,4,22,54,6.19,1.57,1.00,0.46,0.15,0.69,17.48,0.4314,0.3813,0.7500,-0.76,0.5334,0.5426,0.1590,9.01,-5.36
2416,3927,4,24,21,8.95,3.29,1.95,0.48,0.10,0.29,18.40,0.4277,0.3469,0.8571,-1.67,0.5301,0.5460,0.1957,14.82,2.48
2417,3944,4,4,66,20.14,3.92,4.83,1.12,0.24,2.03,33.65,0.4150,0.3267,0.8091,-4.36,0.4844,0.5172,0.2700,16.19,3.22
2418,3945,4,6,34,5.03,2.06,3.38,0.76,0.18,0.91,16.65,0.3427,0.2561,0.8000,1.32,0.4017,0.4421,0.1784,11.46,4.56
2419,3966,4,14,19,15.58,2.63,5.42,0.53,0.42,2.05,27.68,0.4842,0.4144,0.7347,7.53,0.5882,0.6102,0.2297,18.93,4.81
2420,3966,4,18,54,17.91,3.06,6.19,1.11,0.39,2.72,32.93,0.4649,0.3905,0.8563,-1.07,0.5667,0.6040,0.2282,17.34,3.78
2421,3971,4,14,20,2.35,0.70,0.20,0.10,0.00,0.15,6.46,0.3061,0.3714,0.8000,0.00,0.4388,0.4590,0.1767,4.21,-6.93
2422,3971,4,18,36,2.08,0.33,0.33,0.08,0.03,0.11,5.03,0.4237,0.3878,0.8571,0.58,0.5847,0.6041,0.1587,9.94,-4.21
2423,3973,4,26,79,19.11,12.32,7.25,0.82,0.49,2.91,34.63,0.6151,0.3735,0.7420,2.68,0.6317,0.6677,0.2141,28.58,10.78
2424,3983,4,29,7,9.86,4.29,2.14,0.86,0.29,1.43,22.97,0.4561,0.2581,0.6923,-0.86,0.5263,0.5501,0.1891,13.51,-0.87
2427,4008,4,21,17,2.12,1.82,0.24,0.06,0.29,0.24,6.68,0.5000,0.1250,0.7143,0.82,0.5167,0.5441,0.1369,12.32,-2.96
2429,4045,4,22,67,2.31,0.93,0.46,0.12,0.07,0.24,6.73,0.4508,0.3243,0.9130,-1.18,0.5492,0.5866,0.1418,8.98,-4.33
2430,4049,4,14,68,12.21,2.43,4.38,0.74,0.15,1.65,29.21,0.4154,0.3289,0.8571,1.84,0.4723,0.5454,0.1868,12.30,0.28
2433,4087,4,11,76,14.59,8.92,3.83,0.92,0.92,2.54,28.56,0.5532,0.3333,0.7153,-3.72,0.5651,0.5990,0.2156,22.09,4.74
2434,4093,4,29,51,13.43,2.06,2.71,0.53,0.12,1.67,22.46,0.5064,0.3934,0.8191,-0.55,0.5577,0.6165,0.2358,15.76,-0.70
2435,4100,4,24,46,7.52,1.46,2.02,0.57,0.11,0.78,17.54,0.3767,0.3769,0.8824,0.83,0.5017,0.5365,0.1905,10.83,-0.94
2436,4107,4,3,70,3.24,2.86,0.53,0.21,0.46,0.60,7.89,0.5439,0.5455,0.6364,-1.44,0.5614,0.5815,0.1911,18.52,1.28
2437,4108,4,25,81,9.74,2.91,1.16,0.47,0.30,1.02,21.96,0.4722,0.3604,0.7143,-3.67,0.5509,0.5683,0.1913,11.91,-4.21
2438,4137,4,28,71,24.23,7.83,5.85,0.92,0.51,2.38,37.35,0.4798,0.3240,0.7743,1.73,0.5152,0.5652,0.2744,21.91,6.28
2440,4152,4,3,44,6.61,5.98,5.82,1.23,0.55,2.20,25.12,0.5660,0.0000,0.4386,0.91,0.5660,0.5594,0.1457,16.92,7.00
2442,4162,4,25,62,21.06,2.60,4.08,0.68,0.23,2.06,35.01,0.4469,0.3772,0.8939,-1.21,0.5483,0.5811,0.2534,14.78,-0.27
2443,4174,4,20,82,2.17,2.95,0.30,0.18,0.34,0.33,9.90,0.7757,0.0000,0.7500,-1.38,0.7757,0.7804,0.0750,14.58,-3.45
2444,4205,4,2,61,11.52,3.13,6.26,1.52,0.38,2.34,32.08,0.4153,0.3363,0.7458,3.93,0.5108,0.5375,0.1778,12.69,3.14
2445,4226,4,3,14,2.36,1.07,1.21,0.43,0.07,0.14,6.54,0.4194,0.3077,1.0000,-0.79,0.4839,0.5105,0.1618,14.87,7.46
2446,4226,4,16,19,0.58,0.47,0.26,0.21,0.16,0.05,3.52,0.3571,0.1667,,-0.89,0.3929,0.3929,0.1002,6.26,-1.82
2447,4232,4,8,72,1.50,0.75,1.39,0.11,0.10,0.61,5.52,0.3969,0.1667,0.5000,-0.50,0.4046,0.4067,0.1944,10.54,3.61
2448,4235,4,12,79,8.13,4.99,0.84,0.27,0.76,0.91,16.19,0.4764,0.2827,0.7591,-1.20,0.5295,0.5649,0.2114,18.48,0.71
2449,4268,4,4,59,8.03,2.83,4.42,1.27,0.42,1.39,23.56,0.4115,0.2162,0.7358,-1.19,0.4381,0.4753,0.1771,13.05,4.32
2450,4269,4,11,79,12.78,7.20,1.28,0.54,0.94,1.32,31.02,0.4081,0.3069,0.7864,-7.03,0.4753,0.5139,0.1853,13.08,-2.44
2452,4282,4,27,59,10.41,5.00,2.41,0.73,0.39,1.64,24.70,0.4529,0.2463,0.6983,-3.98,0.4828,0.5091,0.1986,13.52,-0.69
2453,4312,4,23,47,0.89,0.30,0.17,0.15,0.06,0.06,1.90,0.4857,0.4000,0.7500,-0.06,0.5143,0.5452,0.2105,14.54,2.61
2454,4339,4,6,77,4.26,2.69,0.43,0.35,0.25,0.35,14.55,0.4479,0.3158,0.7018,0.08,0.5000,0.5238,0.1367,10.63,-4.78
2455,4344,4,9,54,10.50,7.46,1.30,0.37,0.63,1.26,26.19,0.4422,0.3268,0.7383,-4.19,0.5181,0.5597,0.1728,15.54,-1.53
2456,4382,4,16,80,11.54,3.23,2.14,0.53,0.15,0.86,28.40,0.4101,0.3499,0.8764,-1.81,0.5348,0.5566,0.1768,10.75,-3.02
2457,4386,4,22,54,9.70,2.98,2.87,1.24,0.50,1.74,23.07,0.4189,0.3267,0.7227,-0.74,0.4932,0.5278,0.2040,12.54,0.22
2458,4390,4,3,75,5.04,1.05,0.91,0.41,0.13,0.67,9.82,0.4610,0.3563,0.9167,0.33,0.5186,0.5971,0.2233,13.46,-1.90
2460,4422,4,11,32,8.84,3.69,2.63,0.66,0.22,1.47,21.18,0.4803,0.2826,0.7246,-2.94,0.5087,0.5456,0.1876,11.98,-0.42
2461,4424,4,2,74,30.07,8.77,4.62,1.05,0.69,2.88,36.92,0.4663,0.3499,0.8537,6.35,0.5433,0.6070,0.3292,26.82,6.58
2463,4440,4,12,54,1.28,0.72,0.19,0.06,0.09,0.17,4.22,0.4615,0.2222,0.7143,-0.28,0.4923,0.5068,0.1423,8.75,-5.49
2464,4449,4,19,80,0.63,0.21,0.16,0.11,0.03,0.05,2.02,0.4000,0.4231,0.7500,-0.21,0.5222,0.5346,0.1353,9.60,-1.96
2465,4456,4,5,79,1.08,0.47,0.28,0.14,0.06,0.10,2.71,0.4444,0.2593,0.6667,0.15,0.4931,0.5231,0.1855,13.85,1.59
2466,4463,4,12,28,1.75,0.79,0.32,0.07,0.21,0.11,3.88,0.4773,0.1818,0.4167,-0.68,0.5000,0.4972,0.2049,16.67,2.39
2467,4473,4,3,82,7.37,1.16,0.95,0.24,0.09,0.77,11.56,0.4408,0.3835,0.8678,-0.05,0.4967,0.5671,0.2808,15.50,-1.86
2468,4509,4,10,73,20.67,3.92,2.23,0.67,0.40,1.68,31.22,0.4361,0.4118,0.8788,2.23,0.5563,0.5759,0.2642,16.38,-0.71
2469,4516,4,4,79,3.32,1.92,0.46,0.28,0.29,0.56,12.26,0.3992,0.3171,0.7021,-2.06,0.4811,0.5064,0.1320,8.49,-6.23
2470,4526,4,23,51,2.55,1.24,0.45,0.88,0.27,0.16,11.59,0.4310,0.3333,0.7500,1.47,0.5216,0.5359,0.0975,7.95,-3.97
2471,4526,4,25,22,7.41,3.50,1.36,1.73,0.82,0.73,27.70,0.4380,0.3882,0.6250,-4.05,0.5584,0.5658,0.1148,10.44,-3.09
2472,4531,4,15,80,5.36,3.84,1.20,0.73,0.36,0.55,14.75,0.6144,0.2667,0.5506,-0.01,0.6209,0.6215,0.1378,19.00,1.96
2473,4537,4,30,19,0.47,0.63,0.21,0.05,0.00,0.11,3.23,0.1579,0.1000,1.0000,-0.37,0.1842,0.2264,0.1518,2.27,-5.37
2474,4554,4,20,69,7.20,2.71,0.96,0.33,0.17,0.55,15.22,0.4463,0.3441,0.8085,0.83,0.5477,0.5652,0.1960,14.72,-1.43
2475,4558,4,14,42,1.93,1.45,0.60,0.24,0.17,0.40,8.68,0.5000,0.2000,0.7333,-2.02,0.5303,0.5579,0.1037,8.25,-4.97
2476,4558,4,29,25,2.96,2.52,1.60,0.24,0.12,0.68,13.42,0.4026,0.1739,0.8889,-2.48,0.4286,0.4570,0.1207,9.21,-1.89
2477,4566,4,18,29,20.76,8.14,4.83,0.69,0.59,2.97,33.00,0.4953,0.3659,0.8741,1.34,0.5654,0.6176,0.2539,21.68,4.37
2478,4575,4,28,72,15.94,2.40,1.47,1.44,0.19,0.76,29.42,0.4332,0.3689,0.8390,-0.72,0.5219,0.5599,0.2180,13.90,-1.94
2479,4591,4,23,76,3.50,3.88,0.79,0.51,0.20,0.58,25.27,0.4267,0.3929,0.8261,1.78,0.5489,0.5657,0.0658,5.82,-7.95
2480,4606,4,12,67,16.61,6.96,1.33,0.54,2.09,1.54,27.24,0.5484,0.3735,0.7826,-0.70,0.6119,0.6513,0.2236,22.34,1.97
2482,4630,4,19,79,14.11,10.18,1.77,0.25,0.66,2.01,24.91,0.5466,0.3486,0.8259,-0.13,0.5699,0.6096,0.2348,23.76,2.56
2483,4642,4,28,71,18.80,3.94,6.97,1.73,0.54,1.97,35.70,0.3930,0.3416,0.8975,2.75,0.4861,0.5398,0.2334,17.21,6.86
2484,4645,4,14,26,7.19,6.65,1.62,1.15,0.23,1.12,24.05,0.5286,0.3030,0.7838,-1.27,0.5643,0.5983,0.1263,15.76,-0.72
2485,4645,4,29,52,8.31,7.87,2.73,1.02,0.29,1.31,24.12,0.5563,0.3333,0.6569,-1.31,0.5868,0.6069,0.1428,19.38,3.41
2486,4654,4,27,43,16.35,3.44,3.16,1.00,0.40,1.33,27.39,0.4387,0.3872,0.7800,-6.86,0.5252,0.5501,0.2443,17.46,2.67
2487,4669,4,16,74,8.66,1.96,2.26,0.84,0.07,1.24,23.77,0.4021,0.3343,0.8718,-0.38,0.5053,0.5330,0.1756,8.54,-3.71
2488,4678,4,2,38,0.66,1.26,0.18,0.05,0.21,0.29,4.52,0.4583,0.2500,1.0000,-0.34,0.4792,0.5024,0.0912,6.30,-6.51
2489,4687,4,5,82,17.65,11.01,3.23,0.73,0.70,1.70,33.49,0.5200,0.3487,0.8354,-0.24,0.5727,0.5942,0.2198,23.53,4.58
2490,4688,4,6,50,4.12,3.00,0.74,0.56,0.42,0.34,17.83,0.4124,0.3543,0.6522,2.16,0.5395,0.5504,0.1033,8.94,-4.45
2491,4695,4,22,81,18.33,4.06,3.49,0.95,0.21,2.06,32.21,0.4848,0.3611,0.8416,0.62,0.5429,0.5894,0.2364,16.62,0.10
2492,4697,4,22,62,9.68,4.18,1.35,0.60,0.21,1.10,17.89,0.5000,0.3129,0.8407,-0.44,0.5644,0.6301,0.2119,18.19,0.10
2493,4698,4,24,72,3.49,1.93,0.74,0.53,0.31,0.31,12.71,0.3700,0.3295,0.8387,1.28,0.4956,0.5215,0.1225,8.34,-3.24
2494,4711,4,25,82,2.63,1.60,0.41,0.12,0.16,0.35,7.55,0.4192,0.2857,0.7556,-1.40,0.4596,0.4959,0.1746,10.49,-3.62
2495,4714,4,7,15,4.80,1.07,1.27,0.13,0.13,0.27,9.59,0.4211,0.2500,0.8095,-0.07,0.4825,0.5435,0.2230,14.85,2.27
2496,4720,4,14,71,9.21,1.54,0.90,0.42,0.24,0.65,18.27,0.4478,0.3655,0.8585,-2.92,0.5342,0.5700,0.2024,12.36,-3.92
2497,4721,4,13,35,11.03,2.63,5.09,0.77,0.34,2.29,21.57,0.4071,0.3028,0.6814,-3.03,0.4558,0.4965,0.2710,15.68,6.11
2498,4757,4,3,27,9.15,2.67,1.07,0.56,0.26,0.63,18.15,0.5100,0.3333,0.8182,0.04,0.5500,0.5757,0.2114,14.76,-1.66
2499,4757,4,24,21,3.19,2.33,0.52,0.33,0.24,0.14,9.37,0.4286,0.3158,0.5000,2.57,0.4714,0.4726,0.1605,13.40,0.26
2500,4770,4,4,75,15.25,4.77,2.33,0.88,1.05,1.47,31.73,0.4438,0.3481,0.7299,-5.00,0.5199,0.5424,0.2065,13.99,-0.84
2501,4774,4,24,42,5.81,0.86,1.50,0.14,0.10,0.81,9.38,0.3672,0.3604,0.6667,-0.14,0.4453,0.4577,0.3261,11.56,1.71
2502,4775,4,11,47,3.09,0.96,1.00,0.32,0.04,0.30,9.20,0.3625,0.2375,0.5556,-1.00,0.4219,0.4318,0.1761,8.51,-1.19
2503,4776,4,3,68,4.74,2.07,0.71,0.37,0.25,0.32,13.64,0.4914,0.4444,0.7234,-0.10,0.6207,0.6372,0.1320,12.31,-3.27
2504,4778,4,21,50,4.28,1.50,0.56,0.28,0.22,0.20,10.61,0.3933,0.3580,0.8000,2.72,0.5562,0.5728,0.1563,11.85,-2.33
2505,4779,4,25,74,6.20,3.22,1.76,0.43,0.16,0.96,15.97,0.5604,0.3906,0.7200,-2.45,0.5991,0.6253,0.1626,15.58,-0.24
2506,4787,4,8,44,1.70,0.84,0.25,0.05,0.25,0.18,4.23,0.4915,0.4286,0.5500,-1.07,0.5424,0.5531,0.1788,15.02,-1.10
2507,4826,4,27,43,4.28,1.91,2.28,0.58,0.12,1.51,15.55,0.3209,0.3846,0.5909,-4.60,0.3674,0.3926,0.1844,5.64,-2.86
2508,4836,4,13,21,15.81,4.86,7.62,1.10,0.48,3.38,30.22,0.4885,0.3562,0.6579,1.10,0.5382,0.5619,0.2511,20.32,8.06
2509,4836,4,14,53,15.60,6.06,7.38,1.00,0.43,3.47,28.14,0.4170,0.2958,0.6555,-0.83,0.4602,0.4960,0.2890,19.86,9.53
2510,4846,4,5,74,9.66,2.86,2.76,0.73,0.08,1.00,23.39,0.4428,0.3721,0.8714,1.93,0.5505,0.5722,0.1801,13.31,-0.03
2511,4848,4,2,82,12.40,3.57,3.91,0.66,0.93,1.16,28.28,0.4617,0.3811,0.8750,5.95,0.5600,0.6036,0.1775,16.11,2.69
2512,4852,4,8,41,0.51,0.41,0.10,0.07,0.05,0.05,1.60,0.4211,0.3333,0.6667,-0.41,0.5000,0.5167,0.1487,13.02,-0.02
2514,4881,4,21,82,5.84,2.57,0.98,0.48,0.18,0.68,15.83,0.5124,0.3934,0.8310,0.11,0.5785,0.6075,0.1456,12.79,-3.37
2515,4882,4,10,40,15.83,4.65,2.13,1.13,0.70,1.20,29.76,0.4726,0.3956,0.6111,2.95,0.5567,0.5645,0.2166,15.56,0.11
2516,4884,4,17,10,5.00,0.70,1.40,0.00,0.20,1.20,8.67,0.4865,0.3333,0.8889,-3.90,0.5676,0.6104,0.2553,13.91,-2.45
2519,4931,4,2,82,7.82,4.43,1.60,0.50,0.38,1.00,24.94,0.4538,0.3952,0.7705,2.51,0.5746,0.6051,0.1314,11.28,-3.73
2520,4936,4,21,76,13.89,4.43,3.26,1.36,0.46,1.62,29.94,0.5214,0.3561,0.8115,-0.70,0.5674,0.6013,0.1848,16.40,0.90
2521,4940,4,21,66,4.36,3.65,1.15,0.42,0.18,0.56,13.85,0.4359,0.4071,0.7037,-1.36,0.5342,0.5587,0.1349,13.67,-0.25
2522,4948,4,21,55,7.73,4.75,1.91,0.82,0.25,0.58,21.93,0.5173,0.3731,0.4359,1.36,0.5896,0.5851,0.1372,15.32,0.69
2523,4955,4,4,63,6.14,4.83,0.29,0.44,0.71,0.63,13.14,0.6375,,0.6907,-1.25,0.6375,0.6589,0.1708,22.92,1.23
2524,4963,4,25,5,10.60,3.00,2.00,0.60,0.40,0.80,25.30,0.6154,0.3750,0.6667,-7.60,0.6538,0.6572,0.1470,13.95,-2.16
2525,4964,4,5,82,10.16,3.99,1.22,0.88,0.85,1.23,28.33,0.4638,0.4152,0.8571,-1.73,0.5487,0.5759,0.1579,11.78,-4.33
2526,4986,4,15,41,5.12,1.93,0.85,0.34,0.15,0.90,13.67,0.4286,0.2577,0.7727,-1.85,0.4923,0.5105,0.1799,8.40,-5.56
2527,4987,4,2,35,7.97,8.34,1.43,0.63,1.37,0.97,23.54,0.7471,0.0000,0.6098,4.94,0.7471,0.7419,0.1176,22.83,2.56
2528,4989,4,15,41,0.73,0.37,0.10,0.15,0.05,0.12,2.55,0.3000,0.1429,1.0000,-0.83,0.3500,0.3669,0.1838,4.01,-5.45
2529,4994,4,19,29,26.00,6.97,4.59,1.10,0.55,3.41,32.97,0.6077,0.3684,0.7137,5.14,0.6151,0.6521,0.2978,27.66,5.12
2531,5022,4,25,32,6.13,4.53,3.06,0.94,0.34,1.34,24.25,0.4091,0.3111,0.7143,-1.19,0.4444,0.4660,0.1438,10.23,-0.29
2532,5029,4,9,24,12.71,8.08,0.67,0.17,0.83,1.54,25.20,0.5306,0.1667,0.7119,-9.17,0.5367,0.5628,0.2214,17.92,-1.94
2533,5029,4,10,36,4.03,2.03,0.39,0.08,0.19,0.39,7.28,0.6277,0.5000,0.6842,-2.97,0.6330,0.6548,0.2016,19.79,-0.35
2534,5042,4,7,70,15.91,7.01,1.73,0.43,1.03,1.73,24.84,0.5150,0.3763,0.7722,-0.66,0.5832,0.6240,0.2645,22.82,2.26
2535,5065,4,30,51,7.24,3.53,3.80,1.80,0.33,0.86,23.95,0.4742,0.3445,0.8667,1.35,0.5447,0.5813,0.1279,16.93,5.00
2536,5075,4,7,44,2.59,1.07,1.32,0.18,0.11,0.43,7.61,0.4694,0.3214,0.6842,-2.50,0.5153,0.5359,0.1703,14.00,2.59
2537,5089,4,12,3,8.00,2.00,1.67,0.67,0.00,0.00,18.60,0.3810,0.3333,1.0000,8.00,0.5238,0.5484,0.1603,11.88,0.37
2538,5099,4,28,82,2.93,2.02,0.91,0.66,0.06,0.51,9.70,0.5455,0.1765,0.6923,-1.12,0.5606,0.5730,0.1353,13.88,-0.21
2539,5101,4,1,75,25.52,2.89,9.88,1.07,0.12,4.00,33.88,0.4295,0.3348,0.8858,1.33,0.4849,0.5727,0.3276,23.78,10.97
2540,5103,4,16,17,2.35,1.35,0.12,0.12,0.12,0.24,4.90,0.5926,0.4286,0.8333,0.59,0.6481,0.6748,0.1845,15.73,-2.92
2541,5106,4,16,17,5.76,3.76,0.59,0.18,0.24,0.82,12.75,0.6271,0.0000,0.6857,-2.82,0.6271,0.6586,0.1839,16.93,-2.63
2542,5123,4,13,77,10.62,9.82,1.00,0.38,1.27,1.52,28.17,0.6342,0.0000,0.6975,-0.43,0.6342,0.6610,0.1492,19.66,-0.89
2543,5126,4,8,77,3.86,1.66,1.04,0.29,0.18,0.48,11.55,0.4758,0.3739,0.9268,-0.86,0.5705,0.6060,0.1388,11.76,-2.34
2544,11,5,20,50,7.44,7.02,1.06,0.60,1.12,1.08,23.74,0.5251,0.2600,0.6429,0.12,0.5468,0.5640,0.1431,16.04,-1.49
2545,11,5,28,25,7.72,5.44,1.76,0.64,0.48,1.16,17.48,0.4588,0.2766,0.5714,-2.12,0.4971,0.5120,0.2133,18.31,2.71
2546,25,5,16,74,18.47,9.96,3.76,1.09,0.89,2.19,32.66,0.5211,0.3571,0.7545,0.68,0.5285,0.5757,0.2509,23.96,5.11
2547,30,5,28,28,6.46,3.21,1.29,0.71,0.54,1.07,22.80,0.3913,0.2174,0.6111,-4.61,0.4321,0.4529,0.1530,7.72,-5.40
2548,30,5,29,51,5.37,2.47,0.92,0.53,0.57,0.67,19.67,0.4257,0.3310,0.7500,-2.37,0.5201,0.5314,0.1216,8.86,-5.61
2549,42,5,15,74,8.84,4.76,1.86,0.58,0.73,0.93,21.87,0.4349,0.3487,0.6207,-3.72,0.5282,0.5394,0.1808,15.93,0.53
2550,56,5,18,82,7.99,2.04,2.49,0.78,0.51,0.93,23.42,0.4387,0.3910,0.8000,3.80,0.5604,0.5780,0.1483,10.87,-2.01
2551,60,5,24,75,13.52,3.93,3.03,0.92,0.60,1.27,33.52,0.4985,0.4607,0.8776,3.49,0.6488,0.6790,0.1461,14.37,-1.84
2552,61,5,6,77,16.51,10.53,2.73,0.69,1.05,1.57,31.71,0.6337,0.0000,0.7420,2.61,0.6337,0.6639,0.1962,25.73,4.01
2553,69,5,15,5,2.60,3.40,1.00,0.80,0.00,0.40,25.08,0.2609,0.0000,0.5000,-13.00,0.2609,0.2722,0.0864,0.43,-8.48
2554,78,5,19,65,6.11,1.97,1.80,0.91,0.23,0.62,15.83,0.4116,0.3768,0.6731,3.69,0.5246,0.5396,0.1740,12.62,0.65
2555,99,5,18,80,6.33,3.41,4.14,0.89,0.59,1.14,22.27,0.4596,0.2292,0.7080,2.09,0.4723,0.5129,0.1451,14.66,4.12
2556,115,5,17,73,30.44,11.52,6.52,1.19,1.08,3.42,35.17,0.6114,0.2742,0.6573,4.64,0.6238,0.6485,0.3302,34.85,12.36
2557,117,5,17,82,0.39,0.16,0.21,0.09,0.05,0.17,1.90,0.5333,0.0000,0.0000,-0.49,0.5333,0.5181,0.1251,4.46,-6.60
2558,119,5,22,81,11.57,3.84,2.91,0.79,0.46,1.56,22.43,0.4351,0.3382,0.8257,1.36,0.4961,0.5455,0.2387,15.87,1.78
2559,123,5,20,27,12.04,3.78,1.30,1.48,0.85,1.41,29.70,0.4883,0.3942,0.7907,13.07,0.5684,0.5911,0.1731,12.69,-4.01
2560,123,5,28,28,14.57,3.79,2.57,1.00,0.46,1.54,32.14,0.4891,0.3742,0.7174,1.32,0.5841,0.5978,0.1830,13.49,-2.56
2562,164,5,30,79,13.95,6.84,3.62,0.75,0.46,2.03,28.56,0.5056,0.3745,0.7399,-4.16,0.5604,0.5969,0.2028,19.09,2.26
2563,172,5,25,56,16.43,10.88,1.61,1.00,0.75,1.77,31.85,0.5701,0.1000,0.8228,-5.68,0.5708,0.5869,0.2140,22.83,1.39
2564,174,5,24,47,0.74,0.68,0.06,0.02,0.13,0.09,2.40,0.6957,,0.2308,-1.02,0.6957,0.6093,0.1274,13.64,-3.48
2565,180,5,25,41,0.83,1.24,0.32,0.07,0.49,0.37,5.50,0.6364,,0.5000,-2.20,0.6364,0.6232,0.0802,7.55,-5.35
2566,185,5,9,39,6.79,3.03,0.69,0.13,0.36,0.74,12.27,0.5912,0.1667,0.8197,-1.90,0.5939,0.6375,0.2091,20.26,-1.15
2567,185,5,30,24,13.25,8.08,1.17,0.63,0.79,1.25,23.95,0.5815,0.4706,0.7077,-2.63,0.5991,0.6221,0.2070,23.97,1.90
2568,187,5,4,30,0.77,0.30,0.23,0.10,0.00,0.13,2.16,0.3333,0.1250,0.8571,0.17,0.3542,0.4247,0.2117,10.42,-1.75
2569,201,5,30,60,2.80,2.05,0.48,0.30,0.25,0.32,8.23,0.3806,0.3196,0.6786,-0.38,0.4806,0.5020,0.1596,12.44,-1.27
2570,204,5,4,23,22.87,4.91,7.65,1.74,0.17,3.61,30.93,0.4326,0.3553,0.8654,-6.04,0.5154,0.5611,0.3303,21.85,9.68
2572,208,5,23,72,3.51,3.31,0.57,0.31,0.83,0.54,10.28,0.4899,0.3906,0.6800,-0.65,0.5530,0.5750,0.1516,17.04,0.91
2573,209,5,22,80,22.55,6.93,5.39,0.89,0.59,3.09,34.99,0.4549,0.3390,0.7245,0.01,0.4972,0.5457,0.2990,20.60,4.28
2574,210,5,15,43,23.19,4.30,5.35,1.00,0.51,2.60,33.55,0.4639,0.3806,0.8696,-4.67,0.5522,0.5887,0.2847,19.59,4.13
2575,215,5,2,49,1.14,0.71,0.39,0.10,0.06,0.20,3.49,0.3725,0.1250,0.8000,0.41,0.3922,0.4682,0.1767,10.94,-0.95
2576,215,5,25,30,16.70,4.77,3.60,0.93,0.57,2.23,29.19,0.4076,0.3115,0.7800,-8.07,0.4710,0.5081,0.2741,16.15,1.61
2577,227,5,27,47,3.06,2.40,0.77,0.26,0.30,0.19,8.93,0.4956,0.3333,0.6905,-0.68,0.5088,0.5476,0.1431,16.46,1.91
2578,228,5,26,82,12.20,3.04,1.21,0.66,0.15,0.71,29.03,0.4740,0.3870,0.8010,-0.98,0.5758,0.6111,0.1583,12.40,-5.03
2579,233,5,28,60,19.85,8.23,6.05,1.25,1.47,2.75,34.91,0.4745,0.3412,0.7809,-2.40,0.5281,0.5658,0.2491,23.19,7.62
2580,245,5,20,29,16.34,3.83,2.17,0.41,0.31,1.62,26.43,0.4227,0.3308,0.8306,-0.59,0.4781,0.5355,0.2724,15.46,-1.28
2581,245,5,28,36,19.33,5.67,3.61,0.53,0.36,2.19,29.77,0.5528,0.3917,0.6287,-3.78,0.6006,0.6154,0.2575,20.97,2.06
2582,260,5,27,21,3.00,3.62,1.00,0.38,0.81,0.71,9.78,0.7250,0.0000,0.8333,-2.19,0.7250,0.7387,0.1180,21.42,3.98
2583,264,5,6,32,1.28,0.44,0.31,0.03,0.06,0.25,4.15,0.3061,0.3030,0.2500,-2.63,0.4082,0.4039,0.1978,5.11,-6.47
2584,265,5,3,20,1.15,0.45,0.20,0.15,0.10,0.10,3.38,0.5000,0.2000,1.0000,-0.65,0.5313,0.6170,0.1379,14.81,-2.36
2585,265,5,24,51,3.41,1.98,0.67,0.43,0.39,0.25,11.71,0.4267,0.3125,0.7222,-0.82,0.4933,0.5246,0.1308,12.39,-2.22
2586,274,5,13,3,2.67,2.33,1.67,1.00,1.33,0.33,18.07,0.3750,0.2857,,0.00,0.5000,0.5000,0.0717,10.18,-0.14
2587,274,5,23,64,4.88,3.77,1.92,0.70,0.53,0.61,23.05,0.4556,0.3989,0.7143,2.77,0.5988,0.6064,0.0876,11.08,-2.64
2589,284,5,29,6,8.00,4.50,0.83,1.00,1.17,1.17,23.68,0.6207,0.2500,0.8333,-5.33,0.6552,0.7001,0.1238,17.26,-3.15
2590,286,5,24,53,18.19,4.38,5.00,0.98,0.51,2.47,33.33,0.5129,0.4298,0.8134,2.02,0.5816,0.6071,0.2304,17.82,2.05
2591,290,5,17,79,11.25,3.67,1.37,0.75,0.11,0.68,29.60,0.4432,0.4133,0.7143,3.68,0.5983,0.6028,0.1468,10.86,-4.83
2592,294,5,17,68,3.10,1.46,0.46,0.19,0.10,0.40,8.94,0.4880,0.4000,0.6786,-0.18,0.5783,0.5916,0.1459,10.84,-5.33
2593,333,5,30,36,2.06,0.72,0.44,0.08,0.03,0.22,4.15,0.4531,0.3793,0.5556,0.72,0.5391,0.5444,0.2151,14.14,-0.22
2594,337,5,4,32,7.69,1.59,0.81,0.72,0.28,0.53,18.23,0.3942,0.3750,0.8889,-3.06,0.5529,0.5697,0.1836,9.76,-4.65
2595,337,5,21,47,0.94,0.21,0.19,0.06,0.06,0.02,1.94,0.3846,0.4167,0.9333,0.51,0.5769,0.6748,0.1616,15.71,1.60
2596,340,5,17,26,6.04,3.62,2.62,0.73,0.50,0.62,20.90,0.3913,0.3611,0.8519,-1.77,0.4855,0.5238,0.1376,12.96,1.36
2597,340,5,23,48,6.13,3.02,3.00,0.50,0.38,1.02,19.15,0.4315,0.3211,0.8095,-0.31,0.5041,0.5470,0.1482,13.16,1.49
2598,341,5,1,63,13.70,6.52,1.46,0.81,0.17,0.86,32.72,0.4161,0.3156,0.8374,-0.30,0.4971,0.5488,0.1693,14.46,-2.64
2599,361,5,22,82,3.79,3.49,0.96,0.39,0.88,0.54,11.67,0.6029,0.1429,0.6552,0.32,0.6077,0.6288,0.1342,19.20,2.59
2600,362,5,5,36,2.22,0.89,0.36,0.08,0.06,0.28,7.44,0.3810,0.2727,0.8000,-1.25,0.4524,0.4640,0.1578,5.60,-7.31
2601,363,5,15,32,4.88,5.97,1.59,0.31,1.06,1.19,22.43,0.5630,,0.4783,-1.94,0.5630,0.5602,0.1066,12.46,-2.74
2602,363,5,21,28,0.64,0.64,0.07,0.04,0.11,0.14,2.62,0.5833,,0.5000,-0.11,0.5833,0.5799,0.1156,11.40,-6.10
2603,366,5,22,82,3.85,1.70,1.11,0.43,0.26,0.68,14.19,0.4656,0.3936,0.6125,-0.40,0.5405,0.5599,0.1281,8.60,-5.02
2604,368,5,4,49,1.41,0.98,0.49,0.16,0.22,0.12,5.80,0.4808,0.4500,0.6667,-0.55,0.5673,0.5887,0.0997,12.84,-1.16
2605,401,5,9,14,2.43,0.71,0.21,0.00,0.07,0.00,6.00,0.3103,0.3200,0.8000,1.50,0.4483,0.5090,0.1759,9.08,-4.70
2606,404,5,9,30,18.83,3.13,2.37,0.77,0.13,2.10,30.70,0.4682,0.4155,0.7788,-8.37,0.5694,0.6001,0.2490,15.01,-3.03
2607,404,5,20,30,10.10,1.93,0.87,0.23,0.03,1.27,18.57,0.4297,0.3701,0.8000,-3.17,0.5215,0.5493,0.2521,10.46,-6.63
2608,405,5,1,82,16.26,3.32,3.01,1.17,0.32,1.37,29.29,0.4282,0.3744,0.9207,1.55,0.5373,0.5686,0.2243,15.05,0.43
2609,409,5,24,71,3.14,1.93,0.24,0.14,0.35,0.27,6.60,0.6159,0.4231,0.7895,0.18,0.6887,0.6997,0.1657,21.41,0.19
2610,412,5,4,17,2.18,1.88,0.24,0.18,0.41,0.18,6.96,0.6800,0.0000,0.7500,-1.41,0.6800,0.6913,0.1156,18.23,-1.04
2612,427,5,24,68,27.07,4.53,6.94,0.90,0.41,2.62,35.98,0.4920,0.3636,0.8862,4.65,0.5502,0.6112,0.3012,23.11,7.05
2613,443,5,13,60,2.78,0.87,0.22,0.18,0.13,0.40,5.75,0.4037,0.2692,0.6970,-1.85,0.4472,0.4757,0.2575,8.65,-5.66
2614,446,5,28,69,4.67,3.00,0.33,0.20,0.35,0.41,10.21,0.5069,0.3298,0.7717,0.41,0.5783,0.6253,0.1739,18.48,-1.11
2615,447,5,4,37,1.35,0.24,0.16,0.03,0.03,0.05,2.19,0.4390,0.4333,0.5000,-0.30,0.5976,0.5969,0.2398,16.41,-0.36
2616,449,5,25,6,1.67,1.67,1.33,0.00,0.00,1.33,9.53,0.2381,0.0000,,-3.67,0.2381,0.2381,0.2187,0.60,-7.93
2618,488,5,27,81,8.52,1.83,1.93,0.33,0.10,1.12,19.68,0.4315,0.3470,0.8730,-4.60,0.5056,0.5261,0.1986,10.46,-3.66
2619,496,5,8,82,7.32,3.73,1.61,0.51,0.43,0.67,20.20,0.4596,0.3841,0.6940,-0.16,0.5248,0.5535,0.1585,13.40,-1.36
2620,515,5,3,82,19.59,4.54,3.65,0.99,0.37,2.00,34.81,0.4359,0.3716,0.8139,-2.26,0.5209,0.5602,0.2445,16.33,0.16
2621,516,5,4,74,19.58,6.82,3.12,0.88,0.45,1.86,34.88,0.4620,0.3489,0.8246,-8.55,0.5269,0.5561,0.2500,18.16,0.77
2622,522,5,2,80,2.51,2.00,0.55,0.24,0.10,0.25,7.88,0.4444,0.2727,0.6024,1.43,0.4935,0.5303,0.1456,14.14,-1.02
2624,532,5,25,44,13.93,3.36,4.86,0.61,0.18,1.36,25.47,0.4395,0.4121,0.8190,-1.84,0.5222,0.5603,0.2318,18.60,5.76
2625,536,5,3,18,2.33,1.00,0.28,0.06,0.06,0.17,5.78,0.3261,0.3438,0.5000,1.56,0.4457,0.4480,0.2048,9.79,-3.75
2626,537,5,11,73,12.53,3.37,1.63,0.88,0.14,1.21,30.51,0.4284,0.3595,0.8435,-0.29,0.5150,0.5494,0.1765,8.91,-5.43
2627,548,5,12,34,11.71,4.53,2.94,1.03,0.24,1.21,28.84,0.4745,0.3267,0.8171,2.35,0.5271,0.5684,0.1655,14.11,-0.52
2628,548,5,28,37,8.86,3.51,2.49,0.65,0.24,1.22,23.91,0.4813,0.3175,0.8333,-8.41,0.5187,0.5571,0.1641,12.77,-1.84
2629,563,5,2,71,22.68,5.45,3.51,1.17,0.52,2.34,32.99,0.4992,0.3537,0.7033,5.82,0.5569,0.5800,0.2904,19.82,2.00
2630,566,5,12,41,0.51,0.12,0.12,0.00,0.00,0.05,1.52,0.5333,0.0000,0.6250,-0.59,0.5333,0.5670,0.1391,6.44,-6.55
2631,567,5,13,64,1.39,0.97,0.39,0.19,0.09,0.14,6.16,0.4111,0.2917,0.5000,-1.44,0.4889,0.4897,0.1112,7.22,-4.54
2632,575,5,25,58,1.29,1.48,0.12,0.09,0.12,0.19,3.45,0.5077,,0.2903,-1.02,0.5077,0.4769,0.1909,17.28,0.23
2635,590,5,9,31,3.00,2.32,0.81,0.52,0.03,0.39,13.45,0.2963,0.2807,0.8667,-4.13,0.3704,0.4058,0.1319,8.45,-4.24
2636,590,5,18,51,3.02,1.41,0.69,0.16,0.04,0.35,8.04,0.4407,0.3690,0.8636,0.02,0.5720,0.6031,0.1577,13.43,-2.41
2637,593,5,20,82,26.98,3.39,6.33,0.85,0.16,2.27,33.25,0.4794,0.4011,0.8471,6.24,0.5434,0.5925,0.3278,23.65,7.34
2638,602,5,16,82,2.65,1.72,0.28,0.12,0.20,0.26,5.38,0.5772,0.1818,0.8723,0.13,0.5906,0.6394,0.1943,21.43,0.93
2639,615,5,1,27,3.00,1.22,1.00,0.26,0.19,0.37,7.27,0.3696,0.2250,0.5000,-1.30,0.4185,0.4240,0.2285,11.11,2.26
2640,618,5,11,74,1.30,0.99,0.20,0.16,0.07,0.14,5.64,0.4146,0.4030,1.0000,-0.72,0.5793,0.5822,0.0947,9.41,-5.78
2641,626,5,9,45,12.00,2.44,1.51,0.47,0.24,0.71,20.01,0.3941,0.4008,0.9030,-4.13,0.5160,0.5807,0.2348,15.40,-0.68
2642,626,5,20,29,5.14,1.38,0.69,0.24,0.03,0.55,10.72,0.3067,0.3012,0.7273,-2.41,0.3834,0.4197,0.2789,8.10,-3.84
2643,651,5,30,55,4.56,1.05,2.29,0.53,0.15,0.91,10.29,0.4876,0.3077,0.8611,-0.87,0.5473,0.5788,0.2001,15.77,4.93
2644,654,5,16,65,19.17,4.89,4.58,1.22,0.26,1.57,31.42,0.4994,0.4138,0.8584,3.31,0.5372,0.6262,0.2426,23.00,5.06
2646,670,5,16,50,1.94,0.74,0.20,0.20,0.10,0.16,5.18,0.4304,0.3548,0.7826,-0.54,0.5000,0.5442,0.1681,10.88,-4.39
2647,677,5,8,76,10.08,2.41,2.41,1.29,0.55,0.99,31.61,0.4600,0.4058,0.8938,7.53,0.5664,0.6015,0.1305,10.39,-3.84
2648,685,5,25,73,7.22,4.70,1.19,0.90,0.45,1.15,23.83,0.4498,0.3372,0.7576,-2.59,0.5160,0.5472,0.1398,10.83,-4.43
2649,694,5,1,76,11.00,10.21,1.20,0.57,1.39,0.97,24.78,0.5712,0.0000,0.6311,-0.22,0.5712,0.5899,0.1743,24.09,3.72
2650,728,5,5,82,4.35,0.73,1.15,0.45,0.20,0.44,12.23,0.3781,0.3291,0.5714,0.33,0.4836,0.4849,0.1778,7.86,-3.15
2651,733,5,22,61,9.89,6.25,1.56,0.57,0.46,1.11,23.06,0.5247,0.3743,0.6940,0.84,0.6000,0.6230,0.1750,17.97,-0.38
2653,738,5,5,78,9.17,3.50,3.17,1.54,0.90,1.31,26.16,0.4677,0.4084,0.7604,0.05,0.5933,0.6130,0.1482,14.26,1.12
2654,743,5,14,24,1.00,0.50,0.13,0.08,0.00,0.13,2.46,0.5625,,1.0000,-1.83,0.5625,0.6438,0.1591,11.67,-4.82
2656,765,5,27,81,6.22,2.54,1.27,0.59,0.52,0.70,18.12,0.4080,0.3646,0.8152,-1.74,0.5336,0.5695,0.1442,12.30,-2.73
2657,766,5,30,18,4.94,2.94,1.06,0.56,0.50,0.56,13.04,0.4103,0.2889,0.8000,-3.28,0.4936,0.5260,0.1681,15.96,0.99
2658,798,5,14,80,3.55,1.78,0.75,0.25,0.21,0.44,11.81,0.4274,0.3559,0.7826,-0.21,0.5145,0.5436,0.1361,10.53,-4.39
2659,806,5,27,21,2.14,1.05,0.48,0.33,0.14,0.14,6.71,0.4848,0.0833,0.8000,1.19,0.5000,0.5682,0.1293,11.67,-1.73
2660,814,5,15,10,6.80,3.20,0.90,0.50,0.60,0.30,13.45,0.5593,0.1667,0.1429,-0.80,0.5678,0.5477,0.2033,20.60,3.11
2661,816,5,29,56,16.82,3.36,4.95,0.63,0.11,2.61,30.04,0.4130,0.2945,0.8806,-3.41,0.4688,0.5208,0.2602,14.99,1.36
2662,820,5,3,75,11.21,9.41,1.96,0.61,1.95,1.24,28.21,0.6289,0.2000,0.5510,-3.71,0.6297,0.6293,0.1574,22.21,3.00
2663,833,5,3,32,4.16,2.53,0.56,0.25,0.50,0.47,11.57,0.5376,0.3636,0.7000,-1.69,0.6022,0.6262,0.1464,15.74,-2.32
2664,837,5,13,82,5.65,1.80,0.93,0.50,0.17,0.40,17.81,0.4716,0.3804,0.8592,-1.12,0.5710,0.6041,0.1260,9.83,-5.37
2665,857,5,29,70,14.67,8.21,1.10,0.57,0.87,1.40,27.16,0.5322,0.3707,0.7946,-4.39,0.5898,0.6206,0.2042,20.40,-0.12
2666,861,5,27,69,11.25,5.36,2.81,0.49,0.75,1.91,22.11,0.4838,0.3204,0.7531,-5.70,0.5308,0.5645,0.2271,17.00,1.78
2667,874,5,18,76,11.43,2.87,5.91,1.16,0.22,1.34,28.85,0.4565,0.4420,0.9107,3.61,0.5955,0.6267,0.1607,16.61,5.20
2668,877,5,17,76,5.63,3.14,2.12,0.53,0.25,0.64,22.05,0.4352,0.3445,0.7586,-0.18,0.5533,0.5745,0.1093,11.04,-2.55
2670,920,5,30,64,8.31,4.00,1.72,0.89,0.75,1.36,26.80,0.4352,0.3459,0.7023,-6.55,0.5093,0.5433,0.1420,10.41,-4.30
2671,921,5,23,44,3.93,1.05,0.36,0.18,0.02,0.11,6.56,0.4821,0.3750,0.7465,0.27,0.5357,0.6039,0.2261,18.64,-0.16
2672,928,5,13,3,3.00,2.67,2.33,2.00,0.67,0.00,23.10,0.3333,0.2500,0.5000,15.00,0.4444,0.4555,0.0615,9.23,0.52
2673,928,5,23,31,3.81,2.87,0.55,1.06,0.52,0.35,13.52,0.4494,0.3542,0.8750,1.90,0.5449,0.5926,0.1117,13.39,-1.20
2674,935,5,5,77,3.94,2.82,0.75,0.39,0.27,0.42,13.62,0.4303,0.3922,0.7500,-2.35,0.5498,0.5678,0.1257,11.18,-3.35
2675,961,5,17,51,6.12,3.16,1.29,0.75,0.18,0.45,22.65,0.4222,0.3494,0.7222,-1.35,0.5296,0.5458,0.1177,9.81,-4.35
2677,971,5,9,74,18.99,3.62,6.27,0.76,0.30,2.86,28.02,0.4490,0.3552,0.8686,-4.73,0.5000,0.5456,0.3100,19.80,6.70
2678,985,5,4,9,8.00,1.78,1.56,0.56,0.33,0.56,17.61,0.4407,0.3214,0.9167,-2.78,0.5169,0.5600,0.2011,14.04,-0.97
2679,985,5,7,47,3.28,1.11,0.64,0.36,0.06,0.34,9.71,0.3724,0.3625,0.8947,1.81,0.4724,0.5021,0.1577,8.77,-4.35
2680,986,5,10,74,26.43,4.46,5.12,0.73,0.38,2.84,32.72,0.4498,0.4075,0.9228,2.55,0.5734,0.6160,0.3142,22.98,4.82
2681,998,5,19,61,5.80,3.87,2.69,1.39,0.41,0.97,22.28,0.4469,0.3111,0.6415,1.16,0.5145,0.5294,0.1257,13.29,0.96
2682,1019,5,14,79,23.75,12.16,3.37,1.15,2.25,2.01,34.18,0.5557,0.2710,0.8159,1.91,0.5670,0.6212,0.2685,30.96,8.83
2683,1042,5,30,65,2.34,1.11,0.49,0.28,0.15,0.20,9.44,0.4026,0.3500,0.5833,-2.31,0.4481,0.4618,0.1228,6.61,-5.62
2685,1076,5,5,80,23.71,4.25,5.26,1.13,0.56,1.69,37.36,0.4797,0.3333,0.8529,-0.78,0.5074,0.5840,0.2601,20.22,4.04
2687,1109,5,20,82,15.35,3.62,2.63,1.30,0.44,1.38,28.78,0.4432,0.4014,0.7544,1.98,0.5842,0.5972,0.2153,15.55,0.06
2688,1110,5,13,24,1.21,1.00,0.17,0.21,0.04,0.08,2.67,0.5263,,0.6429,-0.08,0.5263,0.5763,0.1828,24.63,5.41
2692,1119,5,28,72,7.08,1.83,0.94,0.47,0.03,0.69,17.61,0.4247,0.3651,0.8627,-5.25,0.5236,0.5455,0.1750,9.52,-5.53
2693,1129,5,21,37,3.59,1.38,1.00,0.22,0.14,0.51,9.86,0.4224,0.3000,0.8750,0.03,0.5129,0.5405,0.1704,11.82,-2.29
2694,1139,5,3,48,12.58,3.29,6.00,0.79,0.19,1.29,30.70,0.3908,0.3201,0.7813,-0.56,0.4800,0.5304,0.1844,14.73,4.47
2695,1139,5,14,28,6.82,1.68,2.43,0.46,0.46,1.04,24.23,0.3972,0.3889,0.8800,3.36,0.5213,0.5859,0.1233,8.30,-4.52
2696,1155,5,7,70,33.86,9.24,9.80,1.41,0.54,4.03,37.48,0.4867,0.3817,0.7862,4.56,0.5726,0.6173,0.3575,32.90,15.28
2697,1160,5,21,79,10.89,3.59,1.43,0.90,0.59,0.94,28.43,0.4384,0.3939,0.8258,4.39,0.5571,0.5929,0.1558,10.63,-4.37
2698,1161,5,5,76,12.16,2.84,3.18,0.89,0.47,1.36,29.11,0.5007,0.4034,0.8095,-2.08,0.5834,0.6038,0.1733,13.23,-1.37
2699,1176,5,23,15,3.47,1.33,1.80,0.47,0.07,0.33,9.48,0.5556,0.4737,0.7500,1.40,0.6806,0.6886,0.1348,20.50,6.27
2701,1194,5,5,79,8.39,8.96,0.47,0.92,0.61,1.03,17.11,0.5563,0.0000,0.5917,0.33,0.5563,0.5756,0.2148,26.93,4.62
2702,1196,5,26,79,2.91,1.34,0.56,0.35,0.10,0.33,9.11,0.3810,0.3465,0.7879,-0.85,0.4857,0.5122,0.1496,8.48,-4.26
2703,1208,5,27,9,2.89,1.11,0.56,0.22,0.00,0.33,5.70,0.5556,0.5000,1.0000,0.67,0.6389,0.6729,0.1863,18.82,0.14
2704,1217,5,29,73,4.89,2.59,3.48,0.93,0.38,1.08,17.11,0.4696,0.3694,0.6875,0.19,0.5351,0.5457,0.1364,14.12,4.75
2705,1222,5,24,76,26.74,6.51,4.97,0.91,1.20,3.21,36.72,0.5230,0.4128,0.8558,3.83,0.5815,0.6263,0.2912,24.42,4.28
2706,1223,5,9,72,11.68,9.85,2.04,0.46,0.65,1.79,24.69,0.6188,0.0000,0.7901,-4.32,0.6188,0.6533,0.1861,23.75,2.54
2707,1239,5,11,23,9.35,6.65,1.17,1.35,0.83,0.87,20.87,0.4656,0.3600,0.6364,3.83,0.5132,0.5282,0.2017,19.23,3.00
2708,1255,5,18,79,25.94,5.44,5.13,1.28,0.53,3.05,35.07,0.4608,0.3571,0.8360,5.44,0.5218,0.5754,0.3233,22.01,4.45
2709,1267,5,26,80,1.16,0.53,0.19,0.13,0.05,0.05,3.43,0.4146,0.3846,0.5556,-0.56,0.5366,0.5409,0.1409,10.58,-2.86
2710,1293,5,26,79,3.92,1.57,1.08,0.65,0.37,0.47,12.38,0.4612,0.4167,0.7429,1.18,0.6121,0.6265,0.1250,11.31,-1.79
2711,1303,5,23,43,31.47,10.00,5.09,1.07,1.53,3.49,30.45,0.5288,0.3885,0.8827,6.21,0.5605,0.6444,0.3945,37.60,12.98
2712,1329,5,24,80,4.74,4.03,0.79,0.34,0.76,0.76,14.61,0.6008,1.0000,0.7742,-1.33,0.6067,0.6447,0.1325,16.69,-1.60
2713,1340,5,9,18,5.06,2.56,0.56,0.33,0.22,0.44,16.26,0.5714,0.4167,0.6800,-5.56,0.6607,0.6791,0.1124,12.19,-5.75
2714,1340,5,15,5,2.00,2.80,1.20,0.00,0.20,0.20,14.80,0.2667,0.2500,,-5.60,0.3333,0.3333,0.0947,6.52,-4.07
2715,1344,5,7,57,1.44,0.63,0.65,0.07,0.02,0.21,4.03,0.5000,0.4545,1.0000,0.54,0.5781,0.6072,0.1467,13.82,1.17
2716,1382,5,1,77,3.66,2.51,0.60,0.32,0.36,0.57,8.86,0.5829,0.0000,0.6667,-1.25,0.5829,0.6151,0.1684,16.72,-0.49
2717,1400,5,3,77,7.53,4.12,1.39,0.73,0.49,0.77,25.13,0.4207,0.3482,0.7174,-1.39,0.5352,0.5459,0.1336,10.46,-3.99
2718,1420,5,9,30,6.40,1.43,1.70,0.63,0.07,0.90,11.40,0.4303,0.3158,0.6842,-3.60,0.5030,0.5283,0.2657,16.10,2.63
2719,1420,5,20,17,1.82,0.35,0.35,0.06,0.00,0.18,3.55,0.3913,0.3077,0.8182,-0.24,0.4783,0.5568,0.2227,13.20,-2.11
2720,1420,5,28,31,5.06,2.10,2.35,0.58,0.19,1.06,15.31,0.4088,0.3500,0.7727,-2.16,0.5109,0.5352,0.1617,11.68,0.22
2721,1426,5,9,17,14.53,4.12,1.65,0.82,0.29,1.00,28.46,0.4789,0.4257,0.8462,-2.12,0.5921,0.6131,0.1931,15.48,-2.18
2722,1426,5,29,52,8.56,3.38,1.40,0.58,0.35,0.98,22.30,0.4497,0.3906,0.8000,0.17,0.5768,0.5924,0.1538,12.17,-3.76
2724,1443,5,1,74,1.12,0.69,1.24,0.15,0.04,0.27,5.59,0.3778,0.2000,0.7647,-1.27,0.3889,0.4257,0.1194,11.44,3.82
2725,1453,5,9,30,6.93,1.80,1.50,0.83,0.23,0.67,18.05,0.3731,0.2696,0.7941,-4.30,0.4502,0.4816,0.1898,9.29,-2.46
2727,1457,5,26,74,26.57,4.59,5.65,2.03,0.42,2.62,35.93,0.4648,0.3690,0.7376,3.15,0.5339,0.5665,0.3113,21.27,5.98
2728,1483,5,28,31,4.94,2.26,1.29,0.32,0.13,0.81,13.00,0.4435,0.2381,0.9167,-5.13,0.4839,0.5471,0.1756,13.14,-2.17
2731,1498,5,22,45,7.44,3.07,2.67,0.93,0.33,1.11,20.23,0.4724,0.2222,0.6970,0.29,0.4785,0.4919,0.1911,13.58,1.05
2733,1504,5,15,5,3.40,5.00,0.60,0.40,0.40,1.60,16.22,0.3636,0.1667,0.0000,-3.20,0.3864,0.3512,0.1753,6.29,-7.48
2734,1507,5,7,29,11.17,6.93,1.59,0.72,1.93,0.97,21.47,0.7796,,0.6071,2.93,0.7796,0.7691,0.1629,27.09,5.49
2735,1507,5,30,45,10.89,8.02,1.53,0.98,2.16,1.02,26.48,0.6905,,0.7059,-4.16,0.6905,0.7074,0.1396,22.03,2.80
2736,1516,5,9,10,5.20,1.40,1.20,0.20,0.20,0.10,8.95,0.5455,0.5833,0.8750,2.60,0.7045,0.7985,0.1642,23.37,5.51
2737,1516,5,17,26,1.81,0.69,0.46,0.23,0.04,0.38,5.95,0.3784,0.1765,0.8889,-1.85,0.4189,0.5232,0.1589,7.82,-5.85
2738,1516,5,30,32,5.66,2.38,0.97,0.19,0.09,0.38,12.04,0.4351,0.3125,0.8393,-2.41,0.5115,0.5815,0.1832,16.20,-0.41
2740,1533,5,6,57,18.04,2.67,6.54,1.30,0.12,3.09,33.35,0.4459,0.3708,0.8343,1.96,0.5244,0.5599,0.2581,16.04,3.00
2742,1554,5,18,50,1.98,0.62,0.08,0.08,0.02,0.12,2.44,0.4800,0.2813,0.7200,0.14,0.5400,0.5756,0.3338,18.91,0.42
2744,1571,5,29,77,12.65,2.74,4.31,0.47,0.09,2.44,26.26,0.3914,0.3341,0.8475,-4.86,0.4816,0.5333,0.2284,13.13,-0.29
2745,1573,5,13,74,22.58,5.24,3.54,1.53,0.50,2.07,33.81,0.4709,0.4133,0.9072,6.23,0.5692,0.6125,0.2690,19.98,2.38
2747,1587,5,20,21,0.76,1.33,0.43,0.10,0.29,0.24,7.88,0.3043,0.0000,1.0000,-1.14,0.3043,0.3350,0.0747,2.50,-7.27
2748,1590,5,21,80,12.33,6.43,4.83,0.65,0.55,2.10,25.15,0.4746,0.3374,0.8065,4.70,0.5230,0.5468,0.2322,21.38,6.85
2749,1593,5,3,50,1.08,0.52,0.12,0.02,0.06,0.12,1.63,0.5000,0.2727,0.5385,-0.16,0.5341,0.5430,0.2941,18.79,1.82
2751,1594,5,21,75,30.05,5.53,6.20,2.00,0.89,2.16,34.03,0.5353,0.3532,0.8737,8.17,0.5672,0.6358,0.3311,30.77,11.55
2752,1595,5,30,81,2.33,1.16,0.42,0.16,0.14,0.28,5.76,0.4688,0.2439,0.8056,0.06,0.5000,0.5374,0.1804,13.45,-1.84
2753,1599,5,8,49,1.78,0.43,0.55,0.27,0.00,0.29,4.60,0.4638,0.3947,0.6667,0.31,0.5725,0.5856,0.1715,10.90,-1.82
2755,1607,5,15,49,3.53,0.88,2.67,0.55,0.10,0.59,13.34,0.4167,0.4250,1.0000,-3.18,0.5938,0.5970,0.1154,12.19,2.72
2756,1621,5,18,79,13.43,12.43,1.29,0.66,2.05,1.49,32.83,0.6612,0.0000,0.6385,5.20,0.6612,0.6753,0.1543,23.04,1.60
2757,1636,5,15,18,9.44,7.56,4.28,1.39,0.50,1.50,27.61,0.3492,0.3115,0.6333,-3.94,0.3995,0.4204,0.1972,15.90,5.51
2758,1636,5,24,51,3.88,2.29,1.53,0.45,0.18,0.57,10.95,0.3886,0.2875,0.8621,-0.43,0.4482,0.4811,0.1837,14.40,2.68
2759,1638,5,8,73,13.88,6.45,3.55,0.77,0.62,1.44,31.47,0.5559,0.2899,0.6580,5.79,0.5838,0.6071,0.1802,18.59,1.68
2760,1641,5,24,68,11.01,1.79,2.04,0.97,0.44,1.07,27.84,0.4434,0.3778,0.7969,1.93,0.5647,0.5796,0.1664,11.01,-3.95
2761,1651,5,27,80,1.43,0.45,0.61,0.11,0.03,0.21,3.91,0.3519,0.3012,0.8125,0.29,0.4676,0.4955,0.1789,11.86,0.93
2762,1669,5,25,58,19.52,3.29,2.62,0.78,0.59,2.00,31.56,0.4506,0.4022,0.8173,-6.05,0.5159,0.5733,0.2599,15.61,-1.66
2764,1693,5,17,78,3.23,0.82,0.38,0.12,0.05,0.15,7.87,0.4235,0.4083,0.8947,0.64,0.5995,0.6166,0.1528,10.34,-4.99
2766,1696,5,10,75,6.33,5.31,4.43,0.73,0.63,1.80,19.87,0.4973,0.3953,0.7297,2.28,0.5659,0.5871,0.1533,18.74,7.11
2767,1700,5,11,82,19.63,5.16,3.55,0.80,0.34,2.33,31.72,0.4227,0.3322,0.8040,0.38,0.4981,0.5414,0.2754,17.40,0.98
2768,1701,5,5,11,10.00,6.09,0.45,0.91,0.73,0.64,20.95,0.6000,0.3704,0.7692,2.55,0.6667,0.6814,0.1692,21.34,0.07
2769,1702,5,11,79,6.44,2.25,0.89,0.20,0.39,0.58,16.55,0.4563,0.3313,0.8188,-0.97,0.5287,0.5897,0.1559,11.79,-4.51
2770,1704,5,7,58,8.09,3.17,2.24,0.81,0.16,1.03,25.95,0.4786,0.3850,0.6842,-1.72,0.5749,0.5876,0.1306,10.75,-3.64
2771,1730,5,1,46,1.04,0.39,0.11,0.02,0.04,0.17,3.71,0.2903,0.2564,1.0000,-1.11,0.3710,0.3817,0.1708,3.24,-9.34
2772,1739,5,9,9,3.56,1.33,1.56,0.56,0.44,0.78,12.81,0.2143,0.1429,0.9091,-4.89,0.2619,0.3416,0.2020,5.25,-1.68
2773,1739,5,20,45,7.27,1.96,1.16,0.67,0.07,0.47,20.21,0.3951,0.3632,0.7059,0.11,0.5297,0.5433,0.1521,8.93,-4.69
2774,1752,5,28,12,2.17,1.92,0.42,0.25,1.50,1.00,10.00,0.2895,0.0000,0.4444,-6.67,0.2895,0.3098,0.1913,5.40,-4.78
2775,1753,5,1,12,2.00,1.83,0.33,0.42,0.33,0.08,6.07,0.3478,0.3333,0.8333,-3.42,0.4130,0.4680,0.1516,14.00,2.94
2776,1766,5,14,70,13.19,4.20,1.16,0.59,0.36,0.66,26.08,0.5370,0.4224,0.7388,1.76,0.6095,0.6279,0.1853,16.78,-2.29
2777,1772,5,25,19,4.21,2.37,2.84,0.58,0.47,1.58,16.60,0.4085,0.3200,0.8235,-0.21,0.4648,0.5097,0.1481,9.37,-0.77
2778,1784,5,12,69,20.13,3.93,10.90,1.20,0.70,2.30,32.23,0.4771,0.3645,0.8546,4.26,0.5701,0.6050,0.2476,27.08,16.87
2779,1811,5,16,17,0.59,0.35,0.47,0.00,0.00,0.18,4.47,0.2857,0.1250,0.5000,1.24,0.3214,0.3360,0.1033,1.16,-7.47
2781,1831,5,7,79,14.42,3.22,1.76,0.53,0.08,0.87,26.84,0.4016,0.3534,0.8521,0.16,0.5097,0.5422,0.2249,13.17,-2.37
2782,1832,5,13,72,16.56,5.13,8.53,1.07,0.79,2.57,34.31,0.4282,0.3811,0.8779,4.04,0.5414,0.6123,0.2078,21.05,9.02
2783,1836,5,7,82,6.46,1.60,1.33,0.27,0.05,0.76,12.07,0.4071,0.3616,0.7763,-1.54,0.4916,0.5171,0.2472,12.63,-0.95
2785,1864,5,22,54,6.89,1.69,1.61,0.91,0.26,0.57,24.03,0.4411,0.3707,0.7556,1.69,0.5690,0.5871,0.1179,8.51,-5.04
2786,1866,5,9,38,1.03,0.34,0.26,0.08,0.05,0.11,4.48,0.3590,0.3333,0.5000,-1.26,0.4872,0.4890,0.1099,3.76,-7.35
2788,1873,5,23,76,15.84,5.96,2.86,0.92,0.61,1.22,31.16,0.4869,0.3527,0.8779,2.95,0.5347,0.5762,0.2084,18.67,1.46
2790,1881,5,20,81,9.40,8.33,4.09,0.93,0.28,1.46,33.42,0.4345,0.3101,0.7913,4.27,0.4934,0.5215,0.1364,15.05,1.22
2791,1882,5,20,78,7.46,8.03,2.41,1.12,1.09,1.19,24.32,0.6438,0.3333,0.7070,5.21,0.6452,0.6704,0.1206,20.26,3.38
2792,1895,5,2,79,9.01,3.49,1.04,0.51,0.32,0.41,22.03,0.4462,0.4237,0.8947,6.23,0.6228,0.6286,0.1508,13.75,-2.90
2793,1901,5,19,81,6.47,1.83,0.86,0.23,0.09,0.49,14.33,0.3816,0.3658,0.8375,0.15,0.5011,0.5334,0.2001,10.94,-3.84
2794,1911,5,14,79,3.84,2.67,0.42,0.43,0.37,0.54,11.11,0.7200,0.0000,0.6220,-1.35,0.7200,0.7177,0.1255,14.99,-3.53
2795,1912,5,9,50,5.78,2.38,4.10,0.72,0.40,1.02,20.16,0.4134,0.2973,0.6600,-4.88,0.4523,0.4738,0.1502,12.64,4.11
2796,1915,5,4,25,14.48,4.68,4.64,1.12,0.48,2.04,31.92,0.4680,0.3607,0.7654,-5.32,0.5051,0.5441,0.2064,16.05,1.94
2797,1915,5,21,26,5.31,2.46,1.62,0.46,0.04,0.58,17.21,0.4528,0.5172,0.6923,-0.04,0.5236,0.5602,0.1338,12.15,-2.43
2798,1939,5,25,66,13.15,2.94,5.09,0.73,0.20,3.21,26.75,0.3852,0.3246,0.8186,-7.50,0.4398,0.4894,0.2671,10.66,0.13
2799,1941,5,29,52,5.62,3.56,0.62,0.54,0.58,0.52,16.47,0.4500,0.3786,0.7931,-2.88,0.5604,0.5776,0.1381,13.22,-2.87
2800,1964,5,16,46,19.02,4.83,4.09,0.65,0.07,2.02,30.59,0.4408,0.3964,0.8559,0.67,0.5306,0.5581,0.2788,18.23,2.30
2801,1978,5,12,52,11.98,3.21,2.67,0.83,0.60,1.19,25.68,0.4429,0.3838,0.8485,1.75,0.5754,0.5861,0.1855,14.14,-0.15
2802,1978,5,23,32,12.19,3.19,3.03,0.84,0.34,1.28,25.75,0.4264,0.3886,0.9231,-0.84,0.5495,0.5661,0.2076,13.73,0.24
2803,1985,5,16,69,5.87,3.04,1.01,0.77,0.43,0.49,19.79,0.4650,0.3958,0.6389,0.10,0.5805,0.5872,0.1253,10.99,-3.74
2805,2006,5,11,31,1.06,0.71,0.32,0.10,0.06,0.10,2.41,0.4231,0.5000,0.8000,0.42,0.5577,0.5851,0.1787,18.75,5.86
2807,2023,5,11,82,6.27,1.50,1.71,0.51,0.07,0.65,15.47,0.4460,0.3871,0.9206,1.04,0.5468,0.5779,0.1674,11.24,-1.75
2808,2024,5,2,69,12.46,5.41,4.83,0.88,0.77,1.80,32.80,0.4804,0.4286,0.8333,6.19,0.5806,0.5967,0.1641,16.52,2.20
2809,2025,5,8,82,2.85,0.87,0.82,0.44,0.11,0.17,10.51,0.4536,0.4044,0.7500,0.67,0.5954,0.5977,0.1070,9.10,-3.66
2810,2035,5,7,48,1.63,1.63,0.31,0.06,0.19,0.25,4.93,0.5593,,0.5714,-0.71,0.5593,0.5715,0.1447,15.74,-0.91
2811,2035,5,30,28,4.32,3.71,0.36,0.29,0.36,0.43,11.34,0.5568,0.3333,0.8462,-2.00,0.5625,0.6084,0.1487,17.29,-1.36
2812,2037,5,21,82,16.55,7.90,2.44,0.65,2.32,1.60,29.43,0.5299,0.3696,0.7927,5.16,0.5976,0.6318,0.2181,23.53,4.22
2813,2049,5,14,45,0.76,0.29,0.18,0.07,0.04,0.20,2.42,0.2222,0.1333,0.6000,-1.20,0.2444,0.3160,0.2498,-0.16,-7.25
2814,2057,5,2,67,8.39,6.16,2.51,0.57,0.93,0.72,25.97,0.5107,0.4186,0.8667,6.28,0.6396,0.6502,0.1215,17.74,1.58
2815,2064,5,29,80,6.45,1.51,2.21,0.56,0.24,0.81,12.60,0.3957,0.3297,0.8073,-1.34,0.4602,0.5030,0.2411,14.66,4.36
2816,2068,5,23,45,3.20,1.29,0.62,0.33,0.11,0.42,11.32,0.4476,0.3000,0.7609,0.44,0.5190,0.5749,0.1217,8.34,-6.27
2817,2069,5,22,78,3.24,1.08,0.37,0.19,0.05,0.21,10.45,0.3883,0.3731,0.8077,-0.38,0.5631,0.5818,0.1262,7.60,-7.03
2818,2076,5,22,33,0.88,0.21,0.18,0.06,0.06,0.09,2.02,0.3333,0.2800,0.5000,0.12,0.4500,0.4565,0.2273,9.39,-1.53
2819,2092,5,26,64,10.23,3.50,2.59,0.70,0.36,0.83,24.42,0.4429,0.3607,0.7660,1.17,0.5527,0.5640,0.1739,13.42,0.02
2821,2114,5,1,58,15.36,3.83,1.50,0.69,0.28,1.43,28.99,0.4585,0.3849,0.8469,-0.84,0.5468,0.5946,0.2083,13.43,-4.01
2822,2124,5,15,11,2.91,1.45,0.36,0.27,0.27,0.18,10.30,0.3529,0.2500,1.0000,-1.09,0.4265,0.4530,0.1439,7.91,-5.10
2823,2131,5,13,78,3.28,0.71,1.19,0.33,0.05,0.56,6.93,0.3865,0.3259,0.7826,-0.83,0.4741,0.4902,0.2504,11.66,1.88
2824,2141,5,22,71,4.17,2.00,2.86,0.61,0.07,0.94,16.47,0.4361,0.4348,0.8235,2.32,0.5903,0.6117,0.1169,11.90,0.72
2825,2144,5,19,65,20.49,4.98,5.58,0.77,0.62,2.51,32.35,0.4916,0.3554,0.8013,2.69,0.5339,0.5781,0.2729,20.61,4.95
2826,2148,5,7,58,25.64,5.00,5.16,1.28,0.48,1.83,34.99,0.4969,0.4109,0.9048,4.78,0.5734,0.6077,0.2793,23.48,6.16
2827,2149,5,22,63,6.24,4.13,0.48,0.68,1.11,0.43,14.52,0.5105,0.3750,0.7195,2.89,0.5839,0.6101,0.1682,20.91,2.12
2828,2153,5,9,80,14.81,3.30,3.70,0.71,0.51,2.38,27.72,0.4286,0.3360,0.7492,-4.38,0.4923,0.5356,0.2506,13.36,-0.42
2829,2164,5,15,55,12.71,3.56,1.07,0.51,0.44,1.18,22.42,0.4281,0.3566,0.7516,-3.53,0.5187,0.5545,0.2440,15.05,-2.74
2830,2166,5,12,79,4.85,3.01,0.63,0.43,0.77,0.49,9.76,0.6652,0.0000,0.7157,0.37,0.6652,0.6891,0.1733,22.32,3.50
2833,2183,5,8,82,10.16,1.89,3.76,0.54,0.15,1.29,22.16,0.4312,0.3592,0.8061,0.96,0.4987,0.5212,0.2191,12.50,1.53
2834,2189,5,17,79,1.58,1.43,0.63,0.20,0.08,0.35,7.24,0.5000,0.3696,0.7273,-1.13,0.5850,0.5961,0.1006,8.36,-4.23
2835,2190,5,15,68,21.85,5.37,2.26,1.18,1.56,2.35,31.24,0.4444,0.3197,0.8082,-5.00,0.4948,0.5526,0.3074,18.11,0.93
2836,2191,5,10,79,6.84,4.32,1.04,0.37,0.96,0.62,14.31,0.7018,0.0000,0.5606,0.41,0.7018,0.6922,0.1643,23.99,3.47
2837,2205,5,14,73,24.96,7.10,8.07,1.22,0.52,3.36,34.30,0.5398,0.4105,0.7500,2.99,0.5985,0.6297,0.2934,28.98,11.12
2838,2214,5,16,76,11.70,3.75,2.57,1.01,0.26,1.45,27.81,0.4892,0.3218,0.8114,1.42,0.5359,0.5743,0.1879,13.35,-2.03
2839,2217,5,15,9,4.78,4.89,2.89,0.67,0.22,1.00,16.60,0.3400,0.3077,0.4545,-2.67,0.3800,0.3920,0.1808,14.39,5.41
2841,2231,5,15,24,7.13,5.54,1.13,0.50,1.17,1.38,23.86,0.5515,,0.8400,-4.71,0.5515,0.5816,0.1359,12.42,-4.14
2844,2245,5,21,78,8.15,2.31,1.27,0.59,0.28,0.60,18.53,0.4577,0.4164,0.8654,4.51,0.6093,0.6261,0.1674,13.91,-2.29
2845,2259,5,3,65,11.94,3.86,2.12,0.75,0.23,0.88,24.60,0.4459,0.3909,0.7890,-1.18,0.5574,0.5817,0.1974,15.39,-0.28
2846,2287,5,1,62,14.45,7.87,3.27,1.08,0.76,1.63,30.47,0.5114,0.3550,0.7279,-1.23,0.5620,0.5843,0.1925,20.19,3.14
2848,2292,5,27,69,15.71,5.46,2.83,0.74,0.29,1.45,29.54,0.4536,0.3460,0.7919,-5.03,0.5273,0.5650,0.2202,16.69,0.48
2849,2295,5,3,15,2.07,0.47,0.20,0.20,0.07,0.33,4.09,0.3810,0.4000,0.9167,-1.67,0.4762,0.5898,0.2294,12.13,-5.42
2850,2298,5,21,13,0.85,0.77,0.31,0.08,0.00,0.31,5.09,0.3125,0.3333,,-0.54,0.3438,0.3438,0.1315,3.12,-8.78
2851,2327,5,8,79,26.39,12.35,8.96,1.37,0.86,3.00,34.64,0.5826,0.3593,0.8174,8.63,0.6120,0.6501,0.2963,36.41,17.57
2852,2340,5,26,59,1.08,0.68,0.34,0.12,0.08,0.17,3.25,0.3944,0.0909,0.5455,0.15,0.4085,0.4219,0.1924,9.32,-0.49
2853,2343,5,6,82,1.30,0.76,0.18,0.09,0.16,0.16,3.29,0.5972,0.2143,0.8571,-1.11,0.6181,0.6585,0.1550,17.08,-1.47
2854,2355,5,19,77,10.87,3.53,2.58,1.36,0.81,1.21,30.15,0.4983,0.4176,0.8671,3.00,0.5952,0.6365,0.1418,12.68,-1.96
2857,2384,5,27,78,9.88,3.71,6.13,1.00,0.12,1.49,27.41,0.5050,0.3351,0.8559,-0.28,0.5583,0.5913,0.1525,17.94,6.25
2858,2385,5,30,71,11.13,2.52,6.83,1.00,0.25,0.93,27.22,0.4895,0.4141,0.8000,-7.00,0.5691,0.5778,0.1638,19.36,9.33
2859,2393,5,7,77,8.53,3.25,0.97,0.69,0.66,0.84,23.15,0.4828,0.3431,0.7132,0.71,0.5657,0.5921,0.1477,12.12,-4.48
2860,2395,5,8,82,1.73,1.91,0.32,0.07,0.20,0.28,4.82,0.6237,,0.4906,-1.07,0.6237,0.6104,0.1550,19.28,0.93
2861,2406,5,10,48,1.31,0.63,0.88,0.08,0.06,0.25,6.16,0.3594,0.3095,0.5714,-0.25,0.4609,0.4696,0.1130,7.31,-2.28
2862,2410,5,16,72,4.89,2.67,1.25,0.35,0.19,0.58,12.45,0.4520,0.3988,0.7021,2.07,0.5676,0.5834,0.1727,14.95,0.12
2863,2412,5,29,26,5.54,1.38,0.88,0.15,0.08,0.50,14.30,0.4636,0.4156,0.7143,-0.31,0.6091,0.6198,0.1487,9.85,-5.69
2864,2453,5,15,50,8.58,2.26,2.72,0.40,0.04,1.08,19.99,0.4476,0.4496,0.8889,-3.74,0.6175,0.6407,0.1681,14.86,-0.22
2865,2467,5,29,65,7.97,7.40,0.92,0.46,2.37,1.02,22.98,0.6543,0.2105,0.6022,-2.29,0.6600,0.6625,0.1285,20.96,1.34
2866,2469,5,8,50,0.44,0.36,0.18,0.04,0.02,0.02,1.20,0.4118,0.4000,0.7500,-0.22,0.4706,0.5361,0.1567,20.18,7.41
2867,2506,5,30,81,13.21,2.78,1.94,0.52,0.20,1.21,25.53,0.4861,0.3833,0.7261,-5.49,0.6020,0.6199,0.1964,14.07,-2.98
2868,2511,5,7,45,4.24,3.18,1.51,0.38,0.67,0.62,19.37,0.4315,0.3478,0.7021,2.76,0.5411,0.5730,0.0963,10.00,-3.44
2869,2532,5,9,40,5.58,1.88,0.58,0.33,0.18,0.55,14.01,0.4624,0.3298,0.9091,-2.13,0.5457,0.5698,0.1655,10.34,-5.64
2870,2541,5,15,67,3.51,3.84,1.64,0.76,0.76,0.69,17.52,0.4231,0.3167,0.8400,-2.25,0.5144,0.5365,0.0981,13.52,-0.08
2871,2544,5,23,47,1.87,0.64,0.53,0.30,0.06,0.21,6.38,0.3947,0.3500,0.7000,0.96,0.4868,0.5189,0.1355,9.69,-3.22
2872,2546,5,2,75,4.45,3.48,0.89,0.31,0.81,0.28,13.11,0.6995,1.0000,0.9074,2.91,0.7020,0.7365,0.1106,20.50,1.79
2873,2561,5,1,23,5.87,2.26,2.17,0.57,0.26,0.87,23.54,0.4904,0.4118,0.8333,0.04,0.6250,0.6330,0.1020,8.57,-4.69
2874,2575,5,10,75,15.84,4.73,2.17,0.73,0.48,1.63,25.99,0.5290,0.3212,0.7458,1.67,0.5597,0.5979,0.2420,18.86,0.10
2875,2582,5,30,71,21.87,6.54,4.17,0.52,0.69,2.70,32.13,0.4631,0.3356,0.7750,-7.92,0.5206,0.5474,0.2992,20.03,3.11
2876,2588,5,15,52,7.29,2.46,1.12,0.56,0.23,0.87,15.48,0.3894,0.3397,0.8257,-2.19,0.4769,0.5399,0.2114,12.79,-2.33
2877,2591,5,5,26,18.73,4.96,3.77,0.81,0.31,2.00,33.53,0.4521,0.3491,0.8544,-3.54,0.5306,0.5779,0.2433,16.66,0.46
2878,2607,5,11,78,3.51,2.21,0.83,0.26,0.42,0.40,9.79,0.5146,0.2500,0.8000,2.06,0.5388,0.5840,0.1483,15.95,0.29
2879,2639,5,7,59,2.31,0.85,0.34,0.17,0.05,0.24,5.27,0.4463,0.2600,0.6522,0.31,0.5000,0.5186,0.1984,12.47,-2.83
2880,2644,5,6,75,12.69,3.73,4.61,1.01,0.45,1.56,26.11,0.4207,0.3253,0.7662,1.60,0.4866,0.5240,0.2324,16.80,4.89
2881,2667,5,24,50,1.42,0.62,0.60,0.14,0.06,0.16,3.70,0.3636,0.1250,0.7436,0.30,0.3818,0.4920,0.1891,15.22,4.05
2882,2673,5,26,63,1.90,2.03,0.79,0.17,0.52,0.43,7.05,0.6173,0.0000,0.5882,2.25,0.6173,0.6253,0.1192,16.44,2.10
2883,2677,5,13,68,23.72,6.12,3.59,1.63,0.87,1.75,34.27,0.5250,0.4167,0.8846,5.76,0.5852,0.6262,0.2691,24.57,4.72
2884,2695,5,14,62,0.18,0.06,0.10,0.03,0.02,0.16,1.66,0.1905,0.1111,0.6667,-1.18,0.2143,0.2464,0.1362,-2.83,-13.69
2885,2701,5,19,32,1.38,0.44,0.56,0.16,0.03,0.25,4.48,0.3077,0.1000,0.9091,-0.59,0.3269,0.3871,0.1945,7.10,-2.21
2887,2701,5,29,29,1.55,0.41,0.66,0.14,0.03,0.21,4.11,0.4500,0.1538,0.7778,-1.52,0.4750,0.5118,0.1788,13.92,1.59
2889,2707,5,17,74,23.99,4.32,6.86,0.97,0.24,2.61,34.84,0.4236,0.3537,0.9202,5.26,0.5098,0.5904,0.2854,21.55,6.61
2890,2711,5,24,67,2.27,1.12,0.31,0.15,0.15,0.21,6.84,0.4597,0.3000,0.8500,-1.31,0.5444,0.5723,0.1397,11.03,-4.55
2891,2712,5,7,55,8.78,6.87,1.09,0.65,1.40,0.91,23.54,0.7466,0.0000,0.5062,2.62,0.7466,0.7282,0.1257,19.91,0.09
2892,2713,5,9,28,4.07,1.71,0.89,0.46,0.18,0.57,16.77,0.3448,0.2857,0.6667,-7.11,0.4397,0.4600,0.1263,4.95,-7.03
2894,2714,5,17,50,0.52,0.42,0.10,0.04,0.00,0.10,1.81,0.5000,0.2000,0.7500,-0.54,0.5227,0.5471,0.1366,8.58,-5.92
2895,2729,5,15,24,1.63,0.63,0.58,0.13,0.13,0.25,4.11,0.3784,0.3000,0.5333,0.21,0.4189,0.4472,0.2164,9.41,0.92
2897,2729,5,29,7,7.86,2.86,2.71,0.43,0.29,0.86,12.96,0.6000,0.3333,0.8182,-0.29,0.6571,0.6903,0.2187,26.27,9.67
2898,2738,5,10,82,4.07,5.11,1.62,0.34,0.35,0.61,14.57,0.5966,0.0000,0.6747,0.46,0.5966,0.6196,0.1133,18.24,2.81
2899,2739,5,17,79,12.53,5.18,1.61,0.54,2.39,1.00,30.52,0.4848,0.3663,0.8209,3.52,0.5828,0.6081,0.1605,15.57,-0.92
2900,2742,5,17,51,0.35,0.10,0.08,0.02,0.06,0.04,1.27,0.3684,0.2500,1.0000,-0.45,0.4211,0.4527,0.1438,5.33,-5.63
2901,2750,5,16,62,7.82,5.45,1.85,0.29,0.16,0.77,14.91,0.4401,0.3443,0.7870,1.76,0.5571,0.5965,0.2198,22.75,5.95
2902,2756,5,16,37,8.19,3.49,3.97,1.05,0.41,1.43,28.04,0.4256,0.3851,0.8333,0.35,0.5537,0.5816,0.1346,11.43,-0.23
2903,2756,5,23,23,8.00,2.83,4.61,0.87,0.26,1.39,28.37,0.4444,0.4045,0.8485,-0.48,0.5778,0.6153,0.1253,11.61,0.18
2904,2771,5,1,24,0.58,0.29,0.00,0.00,0.00,0.04,2.16,0.2353,0.2308,0.7500,-0.54,0.3235,0.3731,0.1601,0.37,-10.58
2905,2774,5,26,59,7.10,4.36,1.22,0.29,0.32,0.64,19.63,0.4455,0.3836,0.7000,3.03,0.5763,0.5955,0.1441,14.08,-2.27
2906,2815,5,4,22,2.45,1.05,1.27,0.32,0.00,0.68,9.10,0.2879,0.1667,0.9167,-2.59,0.3258,0.3788,0.1855,5.44,-3.00
2908,2822,5,27,82,2.32,1.79,0.60,0.09,0.15,0.23,5.50,0.4710,0.2969,0.7353,0.55,0.5323,0.5590,0.1776,20.26,3.96
2909,2828,5,13,75,8.77,3.39,1.59,0.57,0.20,0.64,24.97,0.5152,0.3480,0.8316,0.69,0.5872,0.6152,0.1378,11.97,-3.89
2910,2829,5,4,31,10.74,4.03,4.68,1.55,0.10,1.81,27.99,0.4529,0.3645,0.7586,-3.94,0.5236,0.5522,0.1894,15.73,2.97
2911,2829,5,21,46,1.07,0.52,0.43,0.07,0.00,0.20,2.59,0.5000,0.4211,1.0000,-0.11,0.6000,0.6058,0.1812,18.50,2.76
2912,2845,5,11,81,0.56,0.40,0.07,0.01,0.02,0.06,0.88,0.5294,0.0000,0.6429,-0.25,0.5294,0.5603,0.2713,28.07,6.18
2913,2846,5,29,55,23.24,8.16,2.00,0.91,0.47,1.40,33.09,0.4798,0.3986,0.8989,0.38,0.5781,0.6315,0.2495,23.88,2.45
2914,2855,5,19,69,6.75,3.48,1.86,0.71,0.17,0.94,18.22,0.4632,0.3867,0.7907,2.97,0.5422,0.5755,0.1638,14.65,-0.48
2915,2863,5,16,65,9.85,4.32,2.20,0.72,0.45,1.18,27.02,0.4311,0.3491,0.7778,1.02,0.5036,0.5311,0.1748,11.96,-2.46
2916,2865,5,4,30,7.03,3.63,3.47,1.07,0.60,1.47,25.10,0.3814,0.3140,0.6061,-5.23,0.4442,0.4597,0.1621,11.14,0.24
2919,2875,5,23,76,2.82,1.68,0.66,0.26,0.14,0.39,9.41,0.5439,0.3043,0.5385,-0.04,0.5643,0.5687,0.1324,10.13,-4.04
2920,2895,5,1,81,4.01,1.14,0.46,0.25,0.10,0.23,12.25,0.4558,0.4404,0.8095,-1.20,0.6438,0.6647,0.1115,7.70,-7.05
2921,2898,5,12,60,14.27,3.90,1.98,0.58,0.23,1.62,25.64,0.4465,0.3738,0.8214,-1.53,0.5068,0.5620,0.2338,14.78,-2.25
2922,2901,5,1,59,1.86,0.90,0.39,0.27,0.19,0.14,7.00,0.3505,0.3478,0.7500,-1.17,0.4742,0.5113,0.1180,8.04,-4.04
2923,2904,5,23,73,24.88,3.53,5.93,0.95,0.45,1.59,35.97,0.4496,0.3726,0.8677,4.15,0.5243,0.5728,0.2811,20.21,5.79
2924,2918,5,14,28,0.79,0.21,0.36,0.25,0.04,0.07,2.76,0.4762,0.4000,,-0.32,0.5238,0.5238,0.1302,12.06,1.68
2925,2918,5,25,33,4.03,1.12,2.27,0.42,0.09,0.55,10.78,0.3841,0.2857,0.7647,-2.85,0.4348,0.4571,0.1942,13.29,5.21
2926,2928,5,20,82,6.85,1.22,1.39,0.61,0.09,0.37,16.19,0.4515,0.4098,0.8600,-0.20,0.5716,0.5903,0.1660,11.50,-2.18
2927,2951,5,19,66,20.03,4.33,4.62,0.94,0.62,1.67,32.71,0.4588,0.4291,0.8273,2.95,0.5720,0.5922,0.2495,19.14,3.94
2928,2954,5,12,81,8.98,2.36,4.81,0.89,0.10,1.33,15.94,0.5565,0.4091,0.7903,1.17,0.5717,0.5860,0.2380,24.90,13.45
2929,2968,5,18,72,10.51,3.11,1.40,0.88,0.58,1.21,29.24,0.4889,0.3373,0.7215,2.17,0.5573,0.5711,0.1582,9.01,-5.93
2930,2969,5,28,82,2.06,0.96,0.45,0.23,0.07,0.37,6.56,0.3439,0.1690,0.7297,-1.98,0.3757,0.4116,0.1876,6.39,-5.03
2931,2972,5,12,19,3.95,0.58,0.68,0.26,0.00,0.21,10.75,0.4058,0.3214,0.5000,0.68,0.5362,0.5366,0.1546,7.19,-5.50
2932,2972,5,27,48,5.75,1.00,1.19,0.23,0.04,0.50,14.58,0.4419,0.4393,0.5882,-3.25,0.6186,0.6203,0.1481,9.80,-4.68
2933,2983,5,26,81,2.28,1.56,0.21,0.17,0.25,0.42,4.19,0.5985,0.1429,0.5778,0.09,0.6023,0.6094,0.2352,22.41,0.95
2934,2988,5,4,78,3.87,1.31,0.65,0.27,0.13,0.38,11.30,0.4391,0.3333,0.7765,-2.94,0.5130,0.5647,0.1504,9.57,-5.24
2935,3012,5,18,67,2.91,1.07,1.64,0.52,0.10,0.28,9.35,0.4828,0.4719,0.7222,2.31,0.6276,0.6376,0.1217,16.06,4.40
2936,3055,5,23,41,10.27,3.44,2.78,1.46,0.39,0.95,24.96,0.3861,0.3598,0.8354,5.32,0.4931,0.5332,0.1809,13.55,1.30
2937,3061,5,4,30,1.10,2.17,0.30,0.20,0.47,0.47,10.22,0.4286,,0.7500,-4.43,0.4286,0.4958,0.0683,3.56,-8.42
2938,3066,5,6,77,6.30,1.56,1.40,0.25,0.05,0.25,13.88,0.4020,0.4040,0.9286,0.36,0.5840,0.5983,0.1767,13.20,-0.43
2939,3068,5,9,14,10.50,6.00,1.93,1.71,0.50,1.79,29.39,0.5000,0.3023,0.9524,-5.14,0.5570,0.5964,0.1594,14.63,-2.26
2940,3068,5,24,51,3.63,2.16,0.37,0.37,0.18,0.53,8.78,0.5077,0.2941,0.8837,-0.73,0.5654,0.6211,0.1718,16.16,-2.83
2941,3073,5,4,31,10.42,2.06,6.00,0.71,0.13,2.26,26.28,0.4373,0.2936,0.8393,-5.94,0.4946,0.5319,0.2109,13.63,3.27
2942,3073,5,21,51,1.94,0.47,1.49,0.18,0.06,0.57,7.08,0.4066,0.2444,0.7368,2.16,0.4670,0.4982,0.1558,9.91,0.60
2943,3075,5,17,55,15.05,4.67,5.31,0.93,0.27,2.31,27.05,0.4930,0.3806,0.8333,2.27,0.5661,0.5950,0.2370,19.47,5.47
2944,3096,5,4,78,16.40,4.04,2.24,0.85,0.54,1.69,30.55,0.4395,0.3732,0.8266,-6.54,0.5245,0.5517,0.2414,13.61,-2.20
2946,3104,5,18,32,0.91,0.63,0.25,0.06,0.03,0.03,1.63,0.6500,0.4000,0.5000,0.25,0.7000,0.6944,0.1859,30.75,11.97
2947,3113,5,1,57,0.89,0.35,0.25,0.16,0.02,0.14,3.54,0.3725,0.3824,,-0.68,0.5000,0.5000,0.1203,6.49,-5.62
2948,3113,5,16,21,3.62,0.71,0.95,0.52,0.00,0.38,10.18,0.3375,0.2075,1.0000,2.14,0.4063,0.4479,0.2000,7.42,-3.01
2949,3117,5,9,8,3.38,2.25,0.75,0.25,0.13,0.38,7.89,0.4231,0.3333,0.6667,-3.38,0.4808,0.4941,0.2035,17.79,2.37
2950,3117,5,18,51,3.49,1.00,0.98,0.31,0.10,0.55,9.62,0.4000,0.2642,0.8182,-0.55,0.4438,0.4962,0.1875,9.03,-3.34
2952,3118,5,25,45,1.36,1.24,0.47,0.20,0.22,0.20,8.47,0.2973,0.2449,0.5556,-1.80,0.3784,0.3912,0.0980,5.36,-5.79
2953,3125,5,18,64,0.78,0.27,0.13,0.08,0.08,0.03,1.43,0.4722,0.4000,0.8571,0.31,0.5278,0.5930,0.2137,20.04,4.61
2954,3131,5,26,81,4.68,1.17,1.65,0.21,0.04,0.53,13.59,0.4520,0.3608,0.7143,-0.56,0.5402,0.5549,0.1502,9.95,-2.48
2955,3132,5,6,56,26.13,5.00,5.95,1.80,0.54,2.75,34.69,0.4619,0.3684,0.8648,5.80,0.5455,0.5952,0.3122,23.61,7.18
2956,3144,5,6,50,15.70,9.36,3.20,0.90,1.44,1.80,30.64,0.5797,0.3729,0.7193,0.66,0.5996,0.6258,0.2083,23.69,4.67
2957,3145,5,6,24,0.96,0.42,0.25,0.08,0.00,0.08,3.00,0.4167,0.3000,0.0000,-1.25,0.4792,0.4705,0.1616,8.90,-3.12
2958,3159,5,26,72,15.42,2.94,5.14,0.63,0.54,2.08,26.00,0.4434,0.3499,0.8293,0.14,0.5263,0.5645,0.2598,17.63,5.02
2959,3166,5,10,73,7.30,2.68,0.78,0.58,0.33,0.60,15.84,0.4619,0.3600,0.7849,1.36,0.5476,0.5782,0.1848,14.41,-2.37
2960,3168,5,13,34,0.97,0.53,0.62,0.09,0.09,0.15,3.51,0.3261,0.1176,0.5000,-1.09,0.3478,0.3520,0.1941,9.68,3.17
2962,3182,5,18,59,0.31,0.20,0.10,0.08,0.02,0.07,1.28,0.5000,0.0000,,-0.10,0.5000,0.5000,0.1294,10.99,-3.02
2963,3184,5,15,15,15.07,3.33,4.87,0.47,0.33,1.80,21.19,0.4706,0.2745,0.8125,0.73,0.5118,0.5702,0.3047,23.84,9.33
2964,3196,5,7,80,0.83,0.49,0.20,0.06,0.04,0.15,2.71,0.3382,0.3571,0.8333,-0.71,0.4485,0.4672,0.1626,9.48,-4.07
2966,3198,5,18,27,0.44,0.30,0.26,0.07,0.07,0.04,2.13,0.2500,0.3750,0.5000,0.48,0.3438,0.3555,0.1374,7.54,0.51
2967,3201,5,6,15,4.60,1.67,0.67,0.13,0.13,0.73,12.01,0.4407,0.4138,0.6250,-3.40,0.5424,0.5518,0.1852,9.51,-6.48
2968,3201,5,23,43,5.74,2.53,0.60,0.30,0.26,0.44,14.81,0.4390,0.4000,0.8611,-0.21,0.5268,0.5592,0.1612,11.30,-4.32
2969,3245,5,19,59,14.27,4.75,2.10,0.86,0.47,0.58,28.65,0.4428,0.3798,0.8146,4.49,0.5789,0.6124,0.1881,17.59,0.61
2970,3246,5,1,82,21.38,5.07,6.12,1.35,0.29,2.45,33.94,0.4593,0.3628,0.7939,-1.88,0.5280,0.5554,0.2681,20.47,6.11
2971,3248,5,8,59,21.19,4.10,6.51,0.97,0.66,2.12,31.55,0.4807,0.4252,0.8533,5.27,0.5543,0.5858,0.2829,22.58,8.29
2972,3249,5,26,77,15.22,5.45,1.68,1.03,0.77,0.83,33.62,0.4544,0.3581,0.8306,1.79,0.5482,0.5692,0.1817,13.97,-1.98
2973,3251,5,25,81,4.64,2.77,0.99,0.65,0.26,0.68,16.64,0.3962,0.2678,0.6607,-2.02,0.4631,0.4813,0.1419,9.66,-4.16
2974,3258,5,9,17,2.65,1.71,0.59,0.18,0.29,0.12,10.07,0.3409,0.3824,0.5000,2.71,0.4886,0.4917,0.1205,9.49,-3.06
2975,3258,5,21,23,0.74,0.91,0.17,0.04,0.04,0.17,3.97,0.3636,0.0909,0.0000,-0.09,0.3864,0.3788,0.1260,6.63,-6.67
2976,3258,5,30,38,2.50,1.97,0.61,0.13,0.18,0.42,8.88,0.3667,0.2745,0.7500,-3.53,0.4444,0.4808,0.1437,10.09,-3.69
2977,3264,5,2,79,2.05,0.65,0.44,0.14,0.01,0.15,5.23,0.4161,0.3889,0.6667,1.89,0.5693,0.5746,0.1624,12.32,-2.22
2979,3277,5,19,62,5.65,4.95,1.82,0.98,0.31,0.79,19.62,0.5726,0.4154,0.7705,1.15,0.6286,0.6534,0.1145,16.83,0.69
2980,3305,5,12,70,8.94,2.01,4.00,0.90,0.09,1.44,24.24,0.4981,0.3567,0.8036,0.93,0.5565,0.5726,0.1618,12.30,0.43
2981,3310,5,12,72,12.18,3.82,1.50,0.90,0.68,0.89,27.71,0.4961,0.4192,0.7810,2.24,0.6063,0.6307,0.1605,12.72,-3.06
2982,3326,5,6,82,9.37,3.39,1.20,0.37,0.22,0.88,22.33,0.4494,0.3763,0.8500,0.38,0.5672,0.5832,0.1770,10.85,-4.65
2984,3340,5,8,74,2.51,1.69,0.43,0.20,0.51,0.36,7.79,0.4631,0.2609,0.6774,-2.27,0.4832,0.5276,0.1552,11.92,-2.22
2986,3365,5,9,7,4.29,1.43,0.43,0.14,0.29,0.29,8.23,0.5217,0.3333,0.6667,-4.43,0.5652,0.5850,0.2128,18.03,-1.05
2987,3365,5,15,9,5.67,1.56,1.78,0.33,0.00,0.56,17.34,0.4000,0.1739,1.0000,-0.22,0.4364,0.4528,0.1746,7.29,-3.51
2990,3372,5,24,77,10.77,10.87,3.91,1.05,1.04,2.27,26.99,0.5104,0.2444,0.6398,5.25,0.5279,0.5587,0.1930,22.41,6.57
2991,3375,5,12,40,2.35,0.83,0.45,0.15,0.03,0.30,4.57,0.4512,0.3056,0.8182,-0.40,0.5183,0.5412,0.2254,14.18,-0.73
2992,3375,5,28,41,6.59,2.83,1.07,0.49,0.29,1.00,12.90,0.4654,0.3474,0.8333,-4.46,0.5415,0.5733,0.2240,17.80,-0.30
2993,3394,5,3,50,7.28,4.42,2.74,0.64,0.58,1.02,24.04,0.3877,0.3660,0.6818,-0.44,0.5369,0.5438,0.1378,11.76,-0.27
2994,3394,5,24,30,8.13,5.20,2.73,0.90,0.50,0.73,25.07,0.4112,0.3758,0.6923,4.63,0.5491,0.5553,0.1400,14.68,1.49
2995,3415,5,22,82,1.30,0.98,0.24,0.11,0.09,0.20,5.26,0.3571,0.2805,0.5714,-0.85,0.4598,0.4649,0.1339,9.16,-5.35
2996,3417,5,24,68,4.07,2.26,0.94,0.71,0.35,0.53,14.12,0.4175,0.3085,0.7451,0.09,0.4879,0.5521,0.1304,11.91,-2.63
2997,3418,5,1,64,8.77,5.88,1.16,0.41,0.94,0.70,21.95,0.6110,0.3333,0.7931,-0.53,0.6425,0.6742,0.1363,18.10,-0.45
2998,3419,5,6,71,9.11,2.90,1.86,0.80,0.48,0.76,26.57,0.4896,0.3907,0.6788,0.56,0.5771,0.5988,0.1397,11.29,-3.59
3000,3439,5,28,30,11.87,5.23,4.27,1.23,0.60,2.37,24.64,0.5481,0.3380,0.8235,-6.77,0.5983,0.6440,0.1994,19.23,4.20
3001,3439,5,29,51,7.96,4.98,4.29,0.73,0.24,1.59,19.98,0.5620,0.4286,0.8421,-1.16,0.6318,0.6771,0.1561,20.14,6.82
3002,3441,5,30,61,3.39,1.39,0.57,0.44,0.08,0.34,6.45,0.4850,0.2826,0.6531,-2.26,0.5240,0.5489,0.2259,15.99,1.75
3003,3451,5,27,72,6.79,2.50,1.65,0.50,0.15,0.65,17.63,0.4792,0.3891,0.6731,-4.90,0.5911,0.6009,0.1511,12.86,-1.72
3004,3458,5,23,71,14.77,4.80,1.42,1.08,0.66,1.23,28.95,0.4408,0.3108,0.7500,-0.35,0.4983,0.5352,0.2265,13.71,-2.13
3005,3526,5,10,59,9.03,3.81,6.66,1.19,0.10,1.29,25.95,0.4411,0.3714,0.8269,1.86,0.5246,0.5440,0.1571,17.52,9.10
3006,3536,5,17,50,5.82,1.24,2.18,0.44,0.06,0.62,14.04,0.4550,0.3969,0.8409,-0.28,0.5721,0.6028,0.1649,12.72,0.98
3007,3536,5,23,32,8.97,1.72,3.00,0.63,0.25,1.09,18.83,0.4131,0.3824,0.9130,0.09,0.5135,0.5332,0.2241,12.88,1.83
3008,3542,5,10,51,4.71,2.22,0.94,0.76,0.35,0.53,13.32,0.5628,0.3636,0.6087,1.63,0.6175,0.6214,0.1358,13.70,-1.54
3009,3560,5,15,9,5.33,4.11,0.22,0.67,0.44,0.56,13.50,0.5143,0.3846,0.7000,1.00,0.5857,0.6091,0.1534,18.07,-1.43
3013,3596,5,5,60,1.48,0.60,0.22,0.12,0.12,0.17,5.38,0.4156,0.3158,0.6842,-0.07,0.4935,0.5213,0.1301,5.81,-7.20
3014,3599,5,8,55,0.76,0.25,0.38,0.07,0.00,0.16,2.21,0.4286,0.3600,0.7500,-0.02,0.5571,0.5713,0.1646,10.91,-0.01
3015,3613,5,15,21,12.90,3.19,4.67,1.71,0.48,2.67,25.09,0.4926,0.4167,0.7455,-3.43,0.5665,0.5964,0.2315,16.81,3.63
3016,3620,5,13,57,4.28,4.11,0.96,0.25,0.30,0.63,11.83,0.5686,0.0000,0.7071,0.19,0.5686,0.6207,0.1536,19.49,1.15
3017,3624,5,10,79,8.63,5.41,3.46,0.77,0.18,1.11,24.91,0.4539,0.3846,0.6329,3.34,0.5293,0.5398,0.1552,15.91,2.44
3018,3625,5,28,50,11.10,8.58,2.54,0.70,1.52,1.54,26.38,0.6561,,0.5514,-0.34,0.6561,0.6528,0.1625,22.08,3.55
3019,3627,5,4,20,6.70,3.95,1.50,0.70,0.60,0.80,17.26,0.4286,0.3636,0.7568,-2.00,0.5048,0.5524,0.1844,17.19,1.22
3020,3627,5,21,38,0.32,0.26,0.13,0.03,0.03,0.08,1.59,0.2500,0.1818,0.5000,-0.89,0.3125,0.3378,0.1504,4.63,-5.19
3021,3637,5,30,82,16.54,2.59,4.18,1.05,0.30,2.29,28.60,0.4132,0.3262,0.8767,-6.73,0.4907,0.5287,0.2650,12.97,0.73
3022,3644,5,28,29,3.97,2.83,2.07,0.69,0.69,0.72,12.41,0.3846,0.3333,0.8333,-2.48,0.4808,0.5138,0.1598,16.83,6.23
3023,3647,5,6,71,4.01,1.54,1.66,0.30,0.21,0.63,9.15,0.5088,0.3529,0.7321,-0.35,0.5351,0.5640,0.2029,18.28,4.60
3024,3649,5,8,82,16.54,6.89,1.49,0.51,0.65,1.12,31.27,0.4838,0.3971,0.8364,5.76,0.5857,0.6014,0.2091,17.92,-1.05
3025,3650,5,28,42,0.93,0.69,0.19,0.12,0.12,0.05,4.14,0.4242,0.3478,1.0000,0.52,0.5455,0.5682,0.0897,9.11,-4.25
3027,3651,5,17,82,13.78,7.40,1.27,0.83,0.41,1.11,24.50,0.5076,0.4065,0.7903,-0.06,0.5621,0.5809,0.2296,20.59,1.31
3028,3653,5,2,58,19.74,7.05,1.98,0.72,1.91,1.53,29.13,0.5160,0.3754,0.8576,7.19,0.5891,0.6470,0.2533,24.36,3.59
3029,3658,5,29,25,2.12,1.72,0.24,0.16,0.24,0.20,7.45,0.4750,0.4286,0.7500,-1.12,0.5875,0.6089,0.1119,13.17,-3.77
3030,3662,5,7,79,2.63,2.71,1.06,0.33,0.25,0.41,10.58,0.6792,0.3333,0.7079,0.04,0.6840,0.7165,0.0904,14.91,-0.04
3031,3666,5,13,79,13.37,2.47,1.04,0.54,0.28,0.84,25.20,0.4857,0.4349,0.8314,2.68,0.5944,0.6258,0.2018,13.64,-4.42
3032,3673,5,29,15,0.80,1.13,1.07,0.13,0.07,0.13,4.74,0.3158,0.0000,,1.53,0.3158,0.3158,0.1254,14.55,8.04
3034,3684,5,14,79,8.82,2.91,1.51,0.73,0.44,0.92,26.69,0.4423,0.3961,0.7353,-1.49,0.5656,0.5790,0.1389,9.70,-5.18
3035,3688,5,2,82,9.60,3.23,3.43,0.48,0.07,0.74,22.26,0.4677,0.3848,0.8214,5.48,0.5835,0.5965,0.1730,16.40,2.97
3036,3691,5,7,64,1.89,1.23,0.34,0.11,0.06,0.13,5.25,0.3846,0.2889,0.6829,-1.34,0.4471,0.4957,0.1637,13.88,-1.00
3037,3704,5,22,21,1.90,0.95,0.86,0.33,0.24,0.33,7.83,0.3684,0.1765,0.7500,-0.43,0.4079,0.4621,0.1361,8.95,-1.75
3038,3705,5,2,49,3.14,2.49,0.41,0.27,0.43,0.27,6.80,0.6442,,0.7143,2.76,0.6442,0.6620,0.1688,23.43,4.15
3039,3707,5,20,31,14.52,2.48,2.39,0.52,0.10,1.00,23.23,0.4537,0.3951,0.8723,3.90,0.5493,0.5978,0.2408,17.08,0.40
3040,3707,5,28,38,18.58,4.79,6.76,0.89,0.18,1.84,33.29,0.4222,0.3948,0.8411,-4.08,0.5179,0.5644,0.2370,19.28,6.90
3041,3710,5,10,57,2.88,1.26,0.63,0.11,0.04,0.30,6.92,0.3972,0.3636,0.6897,0.30,0.5106,0.5333,0.1838,11.36,-1.91
3042,3731,5,28,9,5.22,2.44,0.89,0.78,0.00,0.78,13.44,0.4390,0.2727,0.8333,-3.11,0.5122,0.5385,0.1816,12.41,-2.94
3043,3735,5,20,50,22.04,8.46,4.58,0.50,0.24,3.18,32.60,0.4725,0.3115,0.7815,4.36,0.5179,0.5687,0.2977,21.93,3.59
3044,3758,5,25,71,8.69,3.52,0.94,0.46,0.54,0.73,17.10,0.4609,0.3592,0.7419,-2.65,0.5491,0.5714,0.2089,14.55,-1.27
3045,3759,5,14,82,15.85,4.29,5.49,0.80,0.30,2.12,32.06,0.4862,0.3667,0.8529,-0.50,0.5681,0.6134,0.2036,17.90,3.11
3046,3765,5,14,59,4.41,1.68,0.81,0.80,0.24,0.53,16.68,0.3889,0.3364,0.7593,-0.85,0.4679,0.5043,0.1274,7.86,-5.69
3047,3772,5,23,82,7.32,5.95,1.33,0.82,1.02,0.82,19.38,0.5396,0.3684,0.7176,1.17,0.5615,0.5798,0.1597,18.47,2.07
3048,3787,5,18,81,13.46,5.22,1.31,0.78,0.90,1.37,24.25,0.4771,0.4142,0.7365,3.09,0.5764,0.5949,0.2317,17.73,-0.54
3049,3802,5,9,26,3.19,1.27,0.54,0.12,0.50,0.27,9.43,0.5000,0.3871,0.6250,-1.50,0.5909,0.5970,0.1346,10.78,-3.66
3050,3809,5,4,70,9.31,7.70,0.77,0.37,1.06,1.04,25.12,0.6915,0.0000,0.7374,-6.13,0.6915,0.7169,0.1334,18.81,-2.05
3051,3814,5,16,46,9.24,2.63,2.28,0.52,0.30,0.78,23.98,0.4438,0.3474,0.9444,-2.33,0.5389,0.5731,0.1648,11.96,-2.11
3052,3871,5,16,69,12.68,2.51,2.78,0.67,0.23,1.38,27.61,0.4504,0.3953,0.8889,0.55,0.5889,0.6122,0.1902,12.10,-2.51
3053,3878,5,10,43,0.72,0.14,0.12,0.02,0.07,0.05,1.88,0.3333,0.1176,0.6364,0.63,0.3636,0.4096,0.2107,6.50,-4.14
3054,3881,5,20,33,5.24,7.97,0.55,1.12,1.06,0.76,23.26,0.5748,,0.4091,0.39,0.5748,0.5543,0.1027,16.83,-1.08
3055,3884,5,16,68,1.46,1.24,0.50,0.10,0.12,0.26,4.47,0.5000,0.5333,0.7600,0.18,0.5556,0.5964,0.1498,15.93,0.82
3056,3890,5,19,68,1.69,1.12,0.31,0.15,0.06,0.24,4.91,0.4737,0.3333,0.7500,-0.32,0.5421,0.5635,0.1552,13.85,-2.71
3057,3898,5,15,51,7.90,3.92,1.49,0.49,0.22,1.06,21.85,0.4016,0.3013,0.6866,-4.16,0.4624,0.4850,0.1822,10.92,-3.60
3058,3898,5,24,30,0.73,0.37,0.13,0.07,0.00,0.10,2.10,0.4348,0.1250,1.0000,-0.43,0.4565,0.4693,0.1831,10.41,-4.13
3060,3913,5,30,17,2.41,0.65,0.65,0.47,0.18,0.41,3.88,0.5200,0.6667,0.7647,3.35,0.5600,0.6312,0.2517,24.19,8.08
3061,3918,5,15,40,4.78,1.13,1.95,0.20,0.05,0.78,9.99,0.4606,0.3659,0.8889,-0.83,0.5061,0.5399,0.2281,15.68,3.02
3062,3944,5,4,31,22.45,3.77,6.39,1.03,0.39,2.10,34.37,0.4590,0.3578,0.8450,-9.42,0.5346,0.5745,0.2759,20.46,6.20
3063,3944,5,16,31,16.42,4.19,4.65,1.00,0.29,1.32,31.46,0.4232,0.3708,0.9130,0.00,0.4967,0.5309,0.2429,16.66,3.63
3064,3958,5,25,63,2.46,1.46,0.98,0.19,0.05,0.49,10.05,0.3354,0.3590,0.7600,-1.97,0.4224,0.4506,0.1380,6.93,-4.42
3065,3966,5,14,80,17.11,2.95,6.03,0.86,0.45,1.95,31.05,0.4556,0.4147,0.8281,2.30,0.5602,0.5878,0.2309,17.73,4.96
3066,3971,5,19,45,3.38,0.89,0.40,0.13,0.02,0.42,8.68,0.4336,0.4505,0.9286,0.29,0.6150,0.6378,0.1559,8.96,-7.40
3067,3973,5,26,82,19.43,13.66,8.21,0.90,0.59,3.32,35.71,0.5936,0.3793,0.7036,0.84,0.6091,0.6369,0.2236,29.41,12.02
3068,3983,5,29,80,2.21,1.28,0.24,0.06,0.09,0.35,5.05,0.3797,0.2031,0.7857,-0.64,0.4209,0.4846,0.2193,12.51,-3.98
3069,3990,5,11,34,0.59,0.38,0.09,0.03,0.06,0.00,1.77,0.6429,0.0000,1.0000,-0.38,0.6429,0.6720,0.1060,16.58,-0.97
3070,4000,5,5,22,1.64,1.64,0.00,0.05,0.00,0.23,2.99,0.5185,,0.6667,1.55,0.5185,0.5576,0.2436,25.31,0.09
3071,4003,5,10,42,1.95,1.17,0.33,0.10,0.05,0.17,4.57,0.5091,0.3704,0.9412,0.38,0.6000,0.6562,0.1546,16.79,-0.54
3072,4006,5,10,74,0.43,0.32,0.20,0.05,0.00,0.08,1.34,0.4800,0.2727,0.6250,0.16,0.5400,0.5610,0.1468,16.57,2.68
3073,4008,5,21,40,0.85,0.90,0.05,0.00,0.18,0.08,2.45,0.5789,0.3333,0.6667,0.03,0.6316,0.6641,0.1277,16.83,-1.13
3074,4011,5,9,78,7.51,1.60,3.03,0.56,0.15,1.15,17.32,0.4277,0.3750,0.8788,-3.21,0.5156,0.5415,0.1996,13.10,1.77
3075,4045,5,22,47,0.55,0.36,0.15,0.02,0.00,0.11,1.79,0.3846,0.3750,0.0000,-0.28,0.5000,0.4836,0.1671,8.23,-4.64
3076,4049,5,3,31,13.68,3.29,5.65,0.55,0.29,2.26,29.91,0.4239,0.4122,0.7969,-3.10,0.5068,0.5351,0.2257,14.14,2.40
3077,4049,5,28,51,13.69,2.75,6.14,0.90,0.16,1.63,30.55,0.4419,0.3500,0.8523,-0.59,0.5107,0.5588,0.1959,15.38,4.28
3078,4067,5,19,9,1.56,0.78,0.56,0.22,0.11,0.00,6.11,0.3077,0.5000,0.8333,3.11,0.3462,0.4476,0.1226,9.75,-0.79
3079,4087,5,11,63,21.13,9.35,4.95,1.21,0.73,2.57,32.47,0.5367,0.2973,0.6932,0.78,0.5535,0.5854,0.2713,24.91,7.24
3080,4088,5,29,46,5.24,2.22,1.20,0.28,0.13,1.02,12.70,0.3899,0.2957,0.9024,-3.76,0.4679,0.5105,0.2047,11.34,-3.34
3081,4093,5,29,78,18.69,2.63,4.91,0.79,0.23,2.12,26.60,0.4875,0.3938,0.8595,-1.83,0.5491,0.6071,0.2768,20.80,5.01
3082,4100,5,30,49,6.67,1.27,1.10,0.51,0.20,0.61,14.82,0.4307,0.3376,0.8261,-3.04,0.5274,0.5557,0.1873,10.09,-3.54
3083,4107,5,3,71,5.85,5.48,1.20,0.34,0.62,0.99,12.97,0.5714,0.2667,0.6098,0.90,0.5782,0.5961,0.1972,22.79,4.17
3084,4108,5,25,51,10.00,3.14,1.84,0.55,0.24,1.41,20.76,0.4055,0.3333,0.8235,-4.82,0.4747,0.5243,0.2245,12.27,-2.51
3085,4121,5,12,77,3.27,1.16,0.69,0.43,0.03,0.19,10.57,0.3930,0.3141,0.8846,0.90,0.5000,0.5240,0.1322,7.86,-4.18
3086,4137,5,12,41,21.27,7.78,3.71,0.76,0.37,1.41,31.80,0.5494,0.3861,0.6994,2.54,0.5795,0.6021,0.2559,24.07,5.23
3087,4137,5,28,40,21.63,6.15,4.75,0.80,0.25,2.08,33.86,0.5217,0.3172,0.7578,0.23,0.5586,0.5998,0.2545,21.67,3.97
3088,4152,5,3,16,5.75,7.44,5.38,0.75,0.56,1.69,22.44,0.5811,,0.4000,-2.38,0.5811,0.5707,0.1303,21.13,9.61
3089,4158,5,28,4,5.00,1.75,3.00,1.50,0.50,0.25,16.88,0.4286,0.2500,,-7.75,0.4762,0.4762,0.1441,14.81,7.06
3090,4162,5,25,51,20.37,3.27,5.00,0.45,0.10,2.47,31.02,0.4301,0.3852,0.9157,-6.47,0.5233,0.5676,0.2808,17.03,2.18
3091,4167,5,15,9,4.67,2.22,2.78,0.78,0.33,1.11,17.92,0.3148,0.2941,0.7500,-3.22,0.3611,0.3766,0.1722,8.24,0.24
3092,4174,5,20,76,1.21,1.93,0.33,0.11,0.25,0.21,7.69,0.6909,,0.6667,-0.13,0.6909,0.7016,0.0608,12.35,-4.52
3095,4205,5,15,20,14.45,2.65,4.30,2.05,0.25,3.10,30.24,0.4304,0.3134,0.7679,-1.00,0.5190,0.5523,0.2274,12.44,-0.77
3096,4226,5,16,15,2.60,0.93,0.93,0.60,0.20,0.33,8.73,0.4545,0.4118,1.0000,-2.87,0.5606,0.5756,0.1328,11.58,-0.47
3097,4232,5,4,46,3.02,1.65,3.15,0.37,0.09,1.02,16.11,0.4177,0.5000,0.7500,-6.09,0.4304,0.4350,0.1225,8.96,0.13
3098,4235,5,12,68,8.84,4.96,0.93,0.25,0.56,0.65,15.39,0.5924,0.4236,0.6923,-0.19,0.6696,0.6818,0.1957,23.49,2.49
3099,4261,5,23,29,1.79,0.14,0.41,0.28,0.00,0.24,2.92,0.3913,0.3714,0.6000,-0.24,0.5326,0.5394,0.2838,13.07,1.92
3101,4268,5,3,70,5.27,2.34,2.90,0.97,0.17,0.97,15.12,0.4349,0.2936,0.7414,-0.51,0.4822,0.5075,0.1773,13.99,4.68
3102,4269,5,11,79,13.22,7.80,1.53,0.66,0.77,1.13,30.68,0.4538,0.3632,0.8108,-1.06,0.5366,0.5709,0.1771,16.14,-1.16
3103,4270,5,4,72,4.19,1.00,0.82,0.14,0.10,0.54,10.12,0.3910,0.4315,0.8667,-2.69,0.5000,0.5108,0.2036,8.47,-4.79
3104,4282,5,27,74,11.64,6.43,3.36,0.84,0.54,1.89,29.64,0.4381,0.3084,0.7708,-4.65,0.4832,0.5129,0.1892,14.61,0.32
3106,4312,5,2,23,1.52,0.87,0.39,0.48,0.17,0.35,5.63,0.4333,0.1818,0.8750,1.65,0.4667,0.5221,0.1429,9.73,-3.00
3107,4312,5,23,41,3.12,1.41,0.85,0.61,0.27,0.63,9.20,0.3898,0.2162,0.8235,-1.61,0.4237,0.4813,0.1793,9.82,-1.88
3108,4339,5,2,49,1.08,0.63,0.16,0.12,0.10,0.18,2.49,0.4667,0.3750,0.7273,0.20,0.5000,0.5317,0.2088,15.47,-0.67
3109,4339,5,15,28,7.82,3.43,0.71,0.61,0.61,0.54,15.61,0.4462,0.2895,0.7907,-0.04,0.4744,0.5119,0.2271,16.65,0.19
3110,4344,5,9,56,8.98,5.45,1.30,0.30,0.68,1.18,25.40,0.4869,0.3829,0.7529,-2.38,0.5746,0.5997,0.1457,13.71,-3.78
3111,4372,5,8,67,3.39,0.91,0.70,0.25,0.10,0.34,8.14,0.3694,0.2971,0.7097,-1.54,0.4617,0.4817,0.2079,8.72,-2.71
3112,4382,5,6,70,12.19,4.83,4.04,0.91,0.41,1.60,31.99,0.4176,0.3507,0.7938,3.63,0.5330,0.5534,0.1733,13.12,0.15
3113,4386,5,22,76,12.41,3.01,2.70,1.39,0.62,1.74,26.64,0.4706,0.3974,0.7564,0.59,0.5777,0.6024,0.1987,13.60,-1.08
3114,4405,5,16,43,0.98,0.16,0.12,0.02,0.02,0.19,2.02,0.3947,0.3333,1.0000,-0.47,0.5263,0.5401,0.2445,8.33,-8.08
3115,4422,5,11,73,3.63,2.70,0.88,0.58,0.21,0.51,14.13,0.4716,0.2987,0.6667,1.07,0.5218,0.5383,0.1169,9.44,-3.90
3116,4424,5,2,75,26.49,8.01,4.85,1.00,0.57,2.51,35.27,0.4712,0.3760,0.8330,8.11,0.5515,0.6041,0.3042,25.37,6.30
3117,4440,5,5,75,0.61,0.49,0.13,0.07,0.03,0.09,2.50,0.5128,0.2222,0.8000,0.21,0.5385,0.5583,0.1136,10.39,-5.01
3118,4449,5,28,80,1.10,0.56,0.35,0.15,0.04,0.18,3.61,0.3718,0.3000,0.8182,-0.99,0.4487,0.5018,0.1510,9.94,-2.31
3119,4456,5,5,74,2.43,1.53,1.09,0.36,0.24,0.43,9.20,0.4395,0.2297,0.5814,0.49,0.4936,0.5116,0.1348,10.64,-0.58
3121,4463,5,13,70,5.34,3.49,0.87,0.30,0.73,0.60,14.38,0.5363,0.3714,0.7600,0.89,0.5813,0.6013,0.1556,15.20,-1.08
3122,4473,5,3,75,19.76,2.85,2.56,0.60,0.21,1.65,27.67,0.4420,0.3636,0.8563,-2.68,0.5025,0.5542,0.3077,16.65,-0.23
3124,4495,5,11,62,9.55,6.60,2.63,1.26,0.61,1.45,22.39,0.5359,0.1379,0.6839,0.73,0.5448,0.5757,0.1840,20.37,4.15
3125,4496,5,9,65,8.55,6.18,1.85,1.05,0.91,1.29,24.34,0.4833,0.1858,0.5966,-3.55,0.5052,0.5222,0.1653,14.75,-0.13
3126,4509,5,10,79,17.41,3.22,2.23,0.63,0.44,1.48,28.91,0.4325,0.3873,0.9270,0.09,0.5508,0.5761,0.2431,15.07,-1.56
3127,4515,5,6,62,2.60,2.81,0.82,0.19,0.23,0.47,8.86,0.6134,0.0000,0.2885,-0.21,0.6134,0.5674,0.1367,16.43,0.42
3128,4516,5,4,82,2.43,1.78,0.35,0.13,0.33,0.18,9.52,0.4372,0.3457,0.5500,-0.60,0.5137,0.5188,0.1180,10.16,-4.61
3129,4526,5,25,77,4.60,1.77,1.17,1.47,0.64,0.52,19.32,0.3975,0.3463,0.7586,-3.01,0.5237,0.5368,0.1063,9.62,-3.10
3130,4531,5,2,25,3.20,2.16,0.80,0.36,0.36,0.20,10.97,0.5152,0.2857,0.5714,1.68,0.5758,0.5790,0.1214,14.92,-0.45
3131,4531,5,15,39,5.23,4.03,1.46,1.08,0.90,0.74,17.95,0.4085,0.2264,0.4186,-2.62,0.4366,0.4398,0.1608,13.25,1.01
3133,4554,5,12,82,10.28,3.90,1.56,0.57,0.52,0.84,21.10,0.5734,0.4032,0.7700,1.72,0.6615,0.6766,0.1686,18.17,-0.38
3134,4558,5,26,17,0.41,0.82,0.24,0.06,0.06,0.12,3.09,0.2500,0.2500,,-0.53,0.2917,0.2917,0.1140,3.28,-4.27
3135,4566,5,18,62,21.76,8.31,3.05,0.69,0.66,2.85,32.67,0.5037,0.4159,0.8733,5.18,0.5752,0.6248,0.2753,21.58,1.29
3136,4575,5,28,78,12.49,2.41,1.53,0.99,0.13,0.60,25.56,0.4262,0.3929,0.7708,-2.49,0.5313,0.5477,0.2016,12.61,-2.48
3138,4591,5,13,76,0.61,0.93,0.21,0.17,0.07,0.08,5.52,0.3556,0.3667,1.0000,-0.68,0.4778,0.4965,0.0552,5.83,-6.89
3139,4591,5,23,3,2.00,4.67,0.00,1.00,0.67,0.67,22.13,0.4000,0.4000,,9.33,0.6000,0.6000,0.0466,5.71,-8.60
3140,4606,5,12,78,16.83,6.83,1.28,0.50,1.85,1.40,26.62,0.5237,0.3580,0.7729,2.82,0.5875,0.6261,0.2351,21.97,1.73
3142,4623,5,9,45,2.82,1.13,0.24,0.18,0.16,0.31,6.83,0.4405,0.4528,0.9063,-1.67,0.5833,0.6474,0.1562,11.40,-5.25
3143,4630,5,19,82,12.22,8.79,2.11,0.40,0.83,1.35,23.48,0.5591,0.3083,0.7854,1.93,0.5848,0.6191,0.2092,23.85,4.20
3144,4642,5,11,73,17.40,3.81,8.07,1.38,0.81,1.73,36.77,0.4155,0.3874,0.8603,2.51,0.5270,0.5676,0.1988,17.71,7.61
3145,4645,5,14,33,4.55,4.18,1.09,1.09,0.15,0.85,17.62,0.5175,0.2963,0.6667,1.30,0.5526,0.5776,0.1159,13.86,-2.34
3146,4654,5,27,69,19.17,3.78,4.01,1.06,0.33,1.57,32.58,0.4716,0.3722,0.8010,-4.22,0.5502,0.5780,0.2360,18.40,2.23
3147,4665,5,26,53,4.25,1.81,0.36,0.38,0.13,0.23,9.65,0.4398,0.3750,0.8000,0.04,0.5576,0.5693,0.1756,13.80,-2.35
3148,4669,5,14,13,2.62,0.69,1.62,0.69,0.00,0.38,16.73,0.3061,0.1071,0.5000,2.38,0.3367,0.3408,0.1092,2.31,-5.65
3149,4686,5,30,12,7.08,3.00,1.08,0.42,0.58,0.83,12.78,0.4328,0.2778,0.7727,2.67,0.5075,0.5543,0.2416,15.25,1.06
3150,4687,5,5,77,17.79,10.40,3.30,0.65,0.78,1.56,33.89,0.4839,0.2939,0.8217,-2.34,0.5219,0.5403,0.2352,21.00,3.83
3151,4688,5,6,57,5.11,3.82,0.75,0.70,0.44,0.35,19.44,0.4138,0.3911,0.7692,3.11,0.5841,0.5977,0.1049,11.37,-3.67
3152,4695,5,22,72,19.74,5.29,3.74,1.06,0.39,1.90,32.47,0.4818,0.2814,0.8495,2.83,0.5246,0.5747,0.2585,18.89,2.10
3153,4697,5,22,82,10.59,4.23,1.17,0.48,0.26,1.18,17.25,0.6014,0.3304,0.8137,1.13,0.6359,0.6763,0.2302,21.38,-0.22
3156,4711,5,25,73,8.74,6.96,0.97,0.58,0.30,0.90,23.30,0.4597,0.2950,0.7544,-4.63,0.5000,0.5460,0.1641,15.17,-2.01
3157,4712,5,12,72,1.67,0.88,0.56,0.21,0.15,0.24,4.73,0.4091,0.4000,0.8889,0.26,0.5091,0.5265,0.1616,13.94,1.40
3158,4720,5,3,68,8.31,1.87,1.09,0.47,0.29,0.75,14.87,0.4228,0.3838,0.7627,0.07,0.5285,0.5454,0.2472,13.84,-1.48
3159,4723,5,21,82,6.84,2.28,1.46,0.93,0.45,0.55,20.63,0.4910,0.4188,0.7838,1.55,0.6018,0.6121,0.1299,11.79,-2.72
3160,4733,5,2,25,0.60,0.80,0.20,0.20,0.04,0.12,3.34,0.4000,0.2222,0.5000,1.88,0.4667,0.4723,0.0985,9.33,-3.09
3161,4757,5,18,20,2.05,1.10,0.45,0.20,0.05,0.20,6.23,0.4390,0.1538,0.7500,2.55,0.4634,0.4794,0.1659,10.67,-2.68
3162,4770,5,4,45,13.33,5.16,2.16,0.84,0.71,1.47,28.57,0.4460,0.3238,0.7128,-6.42,0.5236,0.5451,0.2089,14.14,-1.26
3163,4770,5,7,29,11.69,6.17,1.52,1.17,0.93,1.03,32.24,0.4205,0.3136,0.6275,5.38,0.5083,0.5224,0.1612,13.00,-2.38
3165,4775,5,17,29,0.48,0.17,0.17,0.10,0.00,0.07,1.93,0.3000,0.3333,,-0.45,0.3500,0.3500,0.1720,6.15,-3.53
3166,4776,5,15,11,1.18,0.82,0.45,0.27,0.00,0.27,7.48,0.3158,0.1000,0.0000,-2.73,0.3421,0.3270,0.1229,3.40,-7.31
3167,4776,5,24,47,2.21,0.96,0.21,0.19,0.15,0.34,8.13,0.3608,0.3200,0.6667,-0.77,0.4845,0.5019,0.1364,5.49,-8.49
3168,4778,5,21,55,2.49,0.73,0.44,0.09,0.13,0.13,5.10,0.4712,0.4353,1.0000,-0.64,0.6490,0.6531,0.1744,15.74,-0.05
3169,4779,5,3,82,5.27,2.37,0.99,0.28,0.23,0.77,10.45,0.5273,0.3971,0.7938,-0.89,0.5707,0.6107,0.2124,17.07,-0.29
3170,4787,5,8,82,6.49,3.15,1.05,0.51,1.07,0.71,18.15,0.4653,0.2961,0.6698,-0.84,0.5157,0.5389,0.1630,12.76,-1.98
3171,4821,5,27,72,21.14,10.49,3.81,1.22,3.53,3.61,29.26,0.4646,0.3249,0.7956,-1.99,0.5185,0.5648,0.3233,29.65,10.02
3172,4826,5,27,75,3.57,1.25,2.21,0.39,0.12,0.73,11.68,0.4744,0.2182,0.6667,-1.92,0.5023,0.5375,0.1480,11.71,1.65
3173,4836,5,13,68,11.09,5.04,4.50,1.09,0.34,2.12,22.49,0.4540,0.2727,0.6875,1.53,0.4857,0.5140,0.2524,19.19,6.60
3174,4846,5,5,79,19.10,4.53,5.13,0.67,0.23,2.10,36.47,0.4475,0.3759,0.8385,-0.44,0.5339,0.5701,0.2281,15.61,1.17
3175,4848,5,2,76,14.57,4.08,4.96,0.97,1.14,1.47,31.33,0.4613,0.3960,0.9013,8.14,0.5781,0.6110,0.1875,17.85,4.26
3176,4852,5,15,4,1.50,3.00,0.25,1.00,0.25,0.50,15.93,0.1250,0.2000,,-7.00,0.1875,0.1875,0.1181,2.71,-7.12
3177,4872,5,11,57,10.16,3.16,0.58,0.53,0.30,0.81,15.44,0.4540,0.3591,0.6786,-0.49,0.5385,0.5607,0.2725,17.95,-0.92
3178,4881,5,21,82,6.61,2.27,1.05,0.68,0.23,0.68,14.98,0.5623,0.4921,0.7887,1.15,0.6446,0.6638,0.1651,16.01,-1.83
3179,4882,5,10,72,13.04,4.46,1.65,0.58,0.57,1.21,26.67,0.4526,0.3583,0.7513,-0.81,0.5109,0.5439,0.2096,14.01,-2.25
3182,4914,5,7,31,1.74,0.42,0.55,0.03,0.03,0.23,3.64,0.3704,0.2000,0.6471,-1.84,0.3981,0.4392,0.2598,11.72,0.77
3183,4931,5,4,30,13.40,4.97,3.10,0.67,0.40,1.87,29.60,0.5035,0.3730,0.7647,-4.27,0.5851,0.6177,0.1975,14.72,-1.31
3186,4940,5,21,74,3.73,3.16,1.49,0.38,0.36,0.46,12.12,0.4167,0.3681,0.8049,1.68,0.5329,0.5609,0.1364,15.62,2.83
3187,4948,5,21,72,4.51,2.90,1.29,0.53,0.13,0.44,14.29,0.4679,0.3972,0.5000,2.11,0.5679,0.5679,0.1352,13.04,-0.75
3190,4963,5,11,50,1.26,0.46,0.14,0.08,0.02,0.08,2.59,0.5400,0.4000,0.5385,0.46,0.5600,0.5653,0.1977,15.55,-1.86
3191,4964,5,5,48,8.94,3.46,1.38,0.83,0.69,1.19,24.45,0.4429,0.3986,0.7879,-0.29,0.5251,0.5528,0.1670,11.27,-4.13
3192,4986,5,15,75,5.60,2.40,1.00,0.48,0.12,0.88,13.83,0.3968,0.3069,0.8267,-3.29,0.4735,0.5109,0.1987,11.14,-3.53
3194,4989,5,15,72,7.24,4.03,2.43,0.65,0.47,1.28,19.95,0.4459,0.3780,0.8000,-1.26,0.5501,0.5972,0.1593,14.85,0.43
3195,4994,5,19,77,20.79,5.27,4.57,0.99,0.61,2.51,28.66,0.5704,0.3333,0.7024,1.86,0.5731,0.6104,0.2977,24.92,5.81
3197,5003,5,3,54,3.96,2.43,0.83,0.20,0.07,0.35,12.31,0.4246,0.3243,0.8261,-0.07,0.4916,0.5370,0.1448,12.00,-3.03
3198,5015,5,1,12,2.33,1.00,0.25,0.17,0.00,0.17,6.09,0.5263,0.4706,,-1.92,0.7368,0.7368,0.1266,14.62,-4.30
3202,5029,5,9,82,5.44,4.10,0.66,0.15,0.48,0.80,13.30,0.6131,0.0000,0.7059,-3.96,0.6131,0.6374,0.1634,17.34,-2.08
3204,5042,5,14,56,6.20,4.54,0.88,0.29,0.59,0.89,15.56,0.4659,0.3070,0.7021,0.05,0.5322,0.5682,0.1765,16.76,-1.13
3205,5065,5,16,27,2.81,1.00,1.37,0.70,0.11,0.11,10.59,0.3939,0.3667,0.8125,2.30,0.4773,0.5203,0.1222,12.99,1.96
3207,5099,5,24,27,0.85,1.04,0.26,0.19,0.07,0.15,3.31,0.5238,0.0000,0.3333,-0.41,0.5238,0.5152,0.1289,15.09,0.63
10,81,1,22,18,4.33,4.83,1.17,1.00,0.44,0.94,21.11,0.2907,0.2500,0.6552,-1.94,0.3430,0.3949,0.1326,9.77,-2.84
18,123,1,28,69,10.62,5.28,1.57,1.39,0.65,1.14,29.94,0.5053,0.3904,0.7059,3.96,0.5839,0.6000,0.1439,14.13,-2.14
20,132,1,25,21,11.00,4.76,1.95,1.62,0.38,1.33,33.41,0.4906,0.4000,0.8723,1.67,0.5975,0.6428,0.1266,13.12,-3.15
25,185,1,26,13,14.23,7.46,0.77,0.46,0.92,1.38,25.69,0.4671,0.1818,0.8065,-6.85,0.4790,0.5121,0.2612,17.05,-0.61
29,228,1,26,72,14.53,4.93,2.21,0.60,0.17,1.22,34.47,0.4603,0.3806,0.8015,-1.72,0.5246,0.5744,0.1756,14.33,-2.73
33,265,1,18,37,6.78,2.97,0.81,0.46,0.54,0.38,17.47,0.4223,0.3298,0.7077,-4.46,0.4976,0.5350,0.1615,14.03,-1.58
37,283,1,26,25,10.28,4.88,1.28,1.16,0.36,1.24,23.08,0.4183,0.3836,0.7333,-0.20,0.4856,0.5332,0.2050,13.37,-1.43
38,284,1,21,61,5.61,4.03,0.67,0.38,0.67,0.74,18.51,0.3943,0.3475,0.6935,-1.30,0.4716,0.4967,0.1523,12.58,-3.30
41,290,1,18,14,20.71,5.07,1.93,0.64,0.14,1.50,33.08,0.4721,0.4261,0.7500,-5.50,0.5773,0.5911,0.2343,17.57,-1.07
46,315,1,10,9,9.00,5.89,2.11,0.44,0.44,1.78,21.64,0.4366,0.3235,0.7273,-5.44,0.5141,0.5340,0.2068,14.43,-0.34
49,340,1,13,51,7.94,5.22,3.59,1.06,0.49,1.29,26.30,0.4311,0.3883,0.6596,5.59,0.5484,0.5599,0.1335,13.75,2.15
53,364,1,26,72,11.54,6.36,2.82,0.86,0.56,1.38,27.94,0.4809,0.4188,0.8214,0.06,0.5835,0.6022,0.1712,16.79,1.47
54,387,1,17,61,14.93,4.62,5.38,0.93,0.43,2.43,26.99,0.4751,0.3442,0.7897,7.10,0.5277,0.5714,0.2374,20.64,6.45
55,404,1,29,63,20.24,4.11,2.08,0.54,0.11,2.52,33.06,0.4471,0.4136,0.9025,4.24,0.5481,0.6032,0.2572,15.77,-3.61
71,515,1,24,73,9.14,4.00,1.77,1.40,0.63,1.00,27.98,0.5103,0.3608,0.8443,1.60,0.5826,0.6203,0.1270,13.37,-2.17
72,516,1,4,65,12.97,5.57,1.75,0.62,0.74,1.46,30.70,0.4236,0.3300,0.8092,-6.11,0.4894,0.5200,0.2011,13.33,-2.37
75,532,1,12,54,16.54,4.85,7.06,0.65,0.19,2.43,30.85,0.4382,0.3261,0.8925,1.65,0.4886,0.5407,0.2533,20.09,7.77
3184,4931,5,7,47,8.13,3.60,1.72,0.51,0.57,1.13,26.42,0.4132,0.3762,0.7455,-2.47,0.5379,0.5598,0.1355,8.35,-5.22
3185,4936,5,21,71,19.08,3.97,4.54,1.13,0.63,1.73,31.32,0.5398,0.4274,0.8145,5.39,0.5916,0.6214,0.2378,20.33,3.95
3188,4952,5,28,7,2.71,5.43,0.29,0.43,0.57,0.43,15.21,0.2647,0.2000,0.0000,-8.00,0.2794,0.2724,0.1485,7.16,-3.19
3189,4955,5,4,19,12.74,9.68,1.16,0.84,1.05,0.89,26.77,0.6490,,0.7188,-1.11,0.6490,0.6754,0.1646,24.14,2.54
3193,4987,5,25,6,6.83,6.33,0.83,1.17,1.17,1.17,19.80,0.6538,,0.7778,-5.00,0.6538,0.6842,0.1296,18.61,-0.04
3206,5065,5,30,33,4.06,1.79,2.48,1.06,0.24,0.33,13.81,0.3934,0.3684,0.8276,-1.48,0.4508,0.4972,0.1338,15.80,6.41
3208,5099,5,28,47,2.43,1.60,1.06,0.38,0.06,0.23,7.45,0.6207,0.1667,0.4167,-0.62,0.6264,0.6177,0.1275,17.23,3.77
3209,5101,5,1,62,22.40,2.40,9.40,1.16,0.18,3.79,31.32,0.4296,0.3731,0.8550,-1.87,0.5164,0.5850,0.3045,22.35,10.46
3210,5103,5,29,79,2.81,2.63,0.37,0.10,0.23,0.47,6.90,0.5380,0.2083,0.6786,-1.68,0.5516,0.5654,0.1799,19.42,-0.22
3211,5106,5,19,79,0.96,1.42,0.49,0.11,0.06,0.20,4.05,0.4194,0.3333,0.6053,0.58,0.4274,0.4827,0.1297,14.82,2.29
3212,5123,5,13,71,11.18,8.82,1.31,0.31,1.17,1.11,25.27,0.6493,,0.7229,2.59,0.6493,0.6706,0.1658,22.23,1.19
