history_id,player_id,team_id,season_id,start_date,end_date,contract_type
1,11,16,2,2020-12-22,,Standard
2,11,28,3,2021-10-19,,Standard
3,11,28,4,2022-10-18,,Standard
4,11,28,5,2023-10-24,,Standard
5,11,20,5,2023-10-24,,Standard
6,20,17,2,2020-12-22,,Standard
7,23,21,1,2019-10-22,,Standard
8,23,19,2,2020-12-22,,Standard
9,23,15,3,2021-10-19,,Standard
10,23,15,4,2022-10-18,,Standard
11,25,16,1,2019-10-22,,Standard
12,25,16,2,2020-12-22,,Standard
13,25,16,3,2021-10-19,,Standard
14,25,16,4,2022-10-18,,Standard
15,25,16,5,2023-10-24,,Standard
16,30,29,4,2022-10-18,,Standard
17,30,29,5,2023-10-24,,Standard
18,30,28,5,2023-10-24,,Standard
19,42,15,3,2021-10-19,,Standard
20,42,15,4,2022-10-18,,Standard
21,42,15,5,2023-10-24,,Standard
22,45,27,1,2019-10-22,,Standard
23,45,27,2,2020-12-22,,Standard
24,45,3,2,2020-12-22,,Standard
25,45,3,3,2021-10-19,,Standard
26,52,16,1,2019-10-22,,Standard
27,54,24,2,2020-12-22,,Standard
28,56,19,1,2019-10-22,,Standard
29,56,19,2,2020-12-22,,Standard
30,56,19,3,2021-10-19,,Standard
31,56,29,3,2021-10-19,,Standard
32,56,29,4,2022-10-18,,Standard
33,56,18,4,2022-10-18,,Standard
34,56,18,5,2023-10-24,,Standard
35,60,15,1,2019-10-22,,Standard
36,60,15,2,2020-12-22,,Standard
37,60,17,3,2021-10-19,,Standard
38,60,17,4,2022-10-18,,Standard
39,60,24,5,2023-10-24,,Standard
40,61,3,1,2019-10-22,,Standard
41,61,3,2,2020-12-22,,Standard
42,61,6,2,2020-12-22,,Standard
43,61,6,3,2021-10-19,,Standard
44,61,6,4,2022-10-18,,Standard
45,61,6,5,2023-10-24,,Standard
46,63,20,1,2019-10-22,,Standard
47,78,19,3,2021-10-19,,Standard
48,78,19,4,2022-10-18,,Standard
49,78,19,5,2023-10-24,,Standard
50,81,22,1,2019-10-22,,Standard
51,81,22,2,2020-12-22,,Standard
52,81,5,2,2020-12-22,,Standard
53,96,3,1,2019-10-22,,Standard
54,96,6,3,2021-10-19,,Standard
55,96,12,3,2021-10-19,,Standard
56,99,15,1,2019-10-22,,Standard
57,99,15,2,2020-12-22,,Standard
58,99,15,3,2021-10-19,,Standard
59,99,18,4,2022-10-18,,Standard
60,99,18,5,2023-10-24,,Standard
61,105,11,1,2019-10-22,,Standard
62,115,17,1,2019-10-22,,Standard
63,115,17,2,2020-12-22,,Standard
64,115,17,3,2021-10-19,,Standard
65,115,17,4,2022-10-18,,Standard
66,115,17,5,2023-10-24,,Standard
67,116,14,1,2019-10-22,,Standard
68,116,14,2,2020-12-22,,Standard
69,117,17,1,2019-10-22,,Standard
70,117,17,2,2020-12-22,,Standard
71,117,17,3,2021-10-19,,Standard
72,117,17,4,2022-10-18,,Standard
73,117,17,5,2023-10-24,,Standard
74,118,25,1,2019-10-22,,Standard
75,118,25,2,2020-12-22,,Standard
76,118,14,3,2021-10-19,,Standard
77,119,22,2,2020-12-22,,Standard
78,119,22,3,2021-10-19,,Standard
79,119,22,4,2022-10-18,,Standard
80,119,22,5,2023-10-24,,Standard
81,123,28,1,2019-10-22,,Standard
82,123,28,2,2020-12-22,,Standard
83,123,28,3,2021-10-19,,Standard
84,123,28,4,2022-10-18,,Standard
85,123,28,5,2023-10-24,,Standard
86,123,20,5,2023-10-24,,Standard
87,129,5,1,2019-10-22,,Standard
88,129,5,2,2020-12-22,,Standard
89,129,20,3,2021-10-19,,Standard
90,129,20,4,2022-10-18,,Standard
91,129,25,4,2022-10-18,,Standard
92,129,20,5,2023-10-24,,Standard
93,132,26,1,2019-10-22,,Standard
94,132,25,1,2019-10-22,,Standard
95,132,16,2,2020-12-22,,Standard
96,132,14,3,2021-10-19,,Standard
97,159,22,1,2019-10-22,,Standard
98,159,17,2,2020-12-22,,Standard
99,159,11,2,2020-12-22,,Standard
100,159,11,3,2021-10-19,,Standard
101,159,14,3,2021-10-19,,Standard
102,164,30,2,2020-12-22,,Standard
103,164,30,3,2021-10-19,,Standard
104,164,30,4,2022-10-18,,Standard
105,164,30,5,2023-10-24,,Standard
106,172,24,1,2019-10-22,,Standard
107,172,24,2,2020-12-22,,Standard
108,172,24,3,2021-10-19,,Standard
109,172,24,4,2022-10-18,,Standard
110,172,25,5,2023-10-24,,Standard
111,174,29,2,2020-12-22,,Standard
112,174,29,3,2021-10-19,,Standard
113,174,29,4,2022-10-18,,Standard
114,174,24,5,2023-10-24,,Standard
115,179,4,1,2019-10-22,,Standard
116,179,22,2,2020-12-22,,Standard
117,180,25,5,2023-10-24,,Standard
118,185,26,1,2019-10-22,,Standard
119,185,26,2,2020-12-22,,Standard
120,185,26,3,2021-10-19,,Standard
121,185,9,3,2021-10-19,,Standard
122,185,9,4,2022-10-18,,Standard
123,185,9,5,2023-10-24,,Standard
124,185,30,5,2023-10-24,,Standard
125,187,4,5,2023-10-24,,Standard
126,201,10,4,2022-10-18,,Standard
127,201,30,5,2023-10-24,,Standard
128,204,4,2,2020-12-22,,Standard
129,204,4,3,2021-10-19,,Standard
130,204,4,4,2022-10-18,,Standard
131,204,4,5,2023-10-24,,Standard
132,205,19,1,2019-10-22,,Standard
133,205,19,2,2020-12-22,,Standard
134,205,5,3,2021-10-19,,Standard
135,208,22,1,2019-10-22,,Standard
136,208,22,2,2020-12-22,,Standard
137,208,22,3,2021-10-19,,Standard
138,208,22,4,2022-10-18,,Standard
139,208,14,4,2022-10-18,,Standard
140,208,23,5,2023-10-24,,Standard
141,209,22,4,2022-10-18,,Standard
142,209,22,5,2023-10-24,,Standard
143,210,15,2,2020-12-22,,Standard
144,210,15,3,2021-10-19,,Standard
145,210,15,4,2022-10-18,,Standard
146,210,15,5,2023-10-24,,Standard
147,215,28,3,2021-10-19,,Standard
148,215,28,4,2022-10-18,,Standard
149,215,2,5,2023-10-24,,Standard
150,215,25,5,2023-10-24,,Standard
151,220,7,1,2019-10-22,,Standard
152,227,27,4,2022-10-18,,Standard
153,227,27,5,2023-10-24,,Standard
154,228,26,1,2019-10-22,,Standard
155,228,26,2,2020-12-22,,Standard
156,228,26,3,2021-10-19,,Standard
157,228,26,4,2022-10-18,,Standard
158,228,26,5,2023-10-24,,Standard
159,233,28,3,2021-10-19,,Standard
160,233,28,4,2022-10-18,,Standard
161,233,28,5,2023-10-24,,Standard
162,245,20,1,2019-10-22,,Standard
163,245,20,2,2020-12-22,,Standard
164,245,20,3,2021-10-19,,Standard
165,245,20,4,2022-10-18,,Standard
166,245,20,5,2023-10-24,,Standard
167,245,28,5,2023-10-24,,Standard
168,254,8,1,2019-10-22,,Standard
169,254,8,2,2020-12-22,,Standard
170,254,8,3,2021-10-19,,Standard
171,254,30,4,2022-10-18,,Standard
172,254,28,4,2022-10-18,,Standard
173,260,23,3,2021-10-19,,Standard
174,260,27,4,2022-10-18,,Standard
175,260,27,5,2023-10-24,,Standard
176,264,6,5,2023-10-24,,Standard
177,265,18,1,2019-10-22,,Standard
178,265,8,1,2019-10-22,,Standard
179,265,27,2,2020-12-22,,Standard
180,265,27,3,2021-10-19,,Standard
181,265,27,4,2022-10-18,,Standard
182,265,24,5,2023-10-24,,Standard
183,265,3,5,2023-10-24,,Standard
184,274,4,1,2019-10-22,,Standard
185,274,13,2,2020-12-22,,Standard
186,274,13,3,2021-10-19,,Standard
187,274,13,4,2022-10-18,,Standard
188,274,13,5,2023-10-24,,Standard
189,274,23,5,2023-10-24,,Standard
190,281,24,1,2019-10-22,,Standard
191,281,28,2,2020-12-22,,Standard
192,283,25,1,2019-10-22,,Standard
193,283,26,1,2019-10-22,,Standard
194,283,10,2,2020-12-22,,Standard
195,283,14,3,2021-10-19,,Standard
196,284,21,1,2019-10-22,,Standard
197,284,21,2,2020-12-22,,Standard
198,284,21,3,2021-10-19,,Standard
199,284,21,4,2022-10-18,,Standard
200,284,24,4,2022-10-18,,Standard
201,284,23,5,2023-10-24,,Standard
202,284,29,5,2023-10-24,,Standard
203,286,30,1,2019-10-22,,Standard
204,286,30,2,2020-12-22,,Standard
205,286,30,3,2021-10-19,,Standard
206,286,30,4,2022-10-18,,Standard
207,286,24,5,2023-10-24,,Standard
208,290,8,1,2019-10-22,,Standard
209,290,18,1,2019-10-22,,Standard
210,290,18,2,2020-12-22,,Standard
211,290,18,3,2021-10-19,,Standard
212,290,29,4,2022-10-18,,Standard
213,290,14,4,2022-10-18,,Standard
214,290,17,5,2023-10-24,,Standard
215,294,17,4,2022-10-18,,Standard
216,294,17,5,2023-10-24,,Standard
217,304,27,1,2019-10-22,,Standard
218,307,18,1,2019-10-22,,Standard
219,307,15,1,2019-10-22,,Standard
220,307,30,2,2020-12-22,,Standard
221,307,10,2,2020-12-22,,Standard
222,307,5,3,2021-10-19,,Standard
223,312,1,1,2019-10-22,,Standard
224,312,28,2,2020-12-22,,Standard
225,312,3,3,2021-10-19,,Standard
226,312,17,3,2021-10-19,,Standard
227,315,17,1,2019-10-22,,Standard
228,315,10,1,2019-10-22,,Standard
229,333,30,5,2023-10-24,,Standard
230,337,30,1,2019-10-22,,Standard
231,337,30,2,2020-12-22,,Standard
232,337,30,3,2021-10-19,,Standard
233,337,7,3,2021-10-19,,Standard
234,337,7,4,2022-10-18,,Standard
235,337,21,5,2023-10-24,,Standard
236,337,4,5,2023-10-24,,Standard
237,340,13,1,2019-10-22,,Standard
238,340,13,2,2020-12-22,,Standard
239,340,18,3,2021-10-19,,Standard
240,340,14,4,2022-10-18,,Standard
241,340,5,4,2022-10-18,,Standard
242,340,23,5,2023-10-24,,Standard
243,340,17,5,2023-10-24,,Standard
244,341,9,2,2020-12-22,,Standard
245,341,9,3,2021-10-19,,Standard
246,341,9,4,2022-10-18,,Standard
247,341,1,4,2022-10-18,,Standard
248,341,1,5,2023-10-24,,Standard
249,342,7,2,2020-12-22,,Standard
250,355,22,1,2019-10-22,,Standard
251,355,22,2,2020-12-22,,Standard
252,355,28,2,2020-12-22,,Standard
253,355,28,3,2021-10-19,,Standard
254,355,28,4,2022-10-18,,Standard
255,361,12,1,2019-10-22,,Standard
256,361,12,2,2020-12-22,,Standard
257,361,12,3,2021-10-19,,Standard
258,361,12,4,2022-10-18,,Standard
259,361,22,4,2022-10-18,,Standard
260,361,22,5,2023-10-24,,Standard
261,362,5,5,2023-10-24,,Standard
262,363,4,1,2019-10-22,,Standard
263,363,4,2,2020-12-22,,Standard
264,363,24,3,2021-10-19,,Standard
265,363,24,4,2022-10-18,,Standard
266,363,15,5,2023-10-24,,Standard
267,363,21,5,2023-10-24,,Standard
268,364,26,1,2019-10-22,,Standard
269,364,26,2,2020-12-22,,Standard
270,364,16,2,2020-12-22,,Standard
271,364,10,3,2021-10-19,,Standard
272,366,22,5,2023-10-24,,Standard
273,368,4,5,2023-10-24,,Standard
274,387,17,1,2019-10-22,,Standard
275,387,19,2,2020-12-22,,Standard
276,387,13,3,2021-10-19,,Standard
277,388,25,2,2020-12-22,,Standard
278,388,25,3,2021-10-19,,Standard
279,401,9,4,2022-10-18,,Standard
280,401,9,5,2023-10-24,,Standard
281,404,29,1,2019-10-22,,Standard
282,404,29,2,2020-12-22,,Standard
283,404,29,3,2021-10-19,,Standard
284,404,9,4,2022-10-18,,Standard
285,404,9,5,2023-10-24,,Standard
286,404,20,5,2023-10-24,,Standard
287,405,26,1,2019-10-22,,Standard
288,405,1,2,2020-12-22,,Standard
289,405,1,3,2021-10-19,,Standard
290,405,1,4,2022-10-18,,Standard
291,405,1,5,2023-10-24,,Standard
292,409,8,1,2019-10-22,,Standard
293,409,8,2,2020-12-22,,Standard
294,409,8,3,2021-10-19,,Standard
295,409,22,4,2022-10-18,,Standard
296,409,24,5,2023-10-24,,Standard
297,411,23,1,2019-10-22,,Standard
298,411,24,1,2019-10-22,,Standard
299,412,6,1,2019-10-22,,Standard
300,412,6,2,2020-12-22,,Standard
301,412,17,5,2023-10-24,,Standard
302,412,4,5,2023-10-24,,Standard
303,414,18,3,2021-10-19,,Standard
304,414,29,4,2022-10-18,,Standard
305,421,9,1,2019-10-22,,Standard
306,421,22,2,2020-12-22,,Standard
307,423,30,1,2019-10-22,,Standard
308,423,30,2,2020-12-22,,Standard
309,423,28,3,2021-10-19,,Standard
310,427,24,1,2019-10-22,,Standard
311,427,24,2,2020-12-22,,Standard
312,427,24,3,2021-10-19,,Standard
313,427,24,4,2022-10-18,,Standard
314,427,24,5,2023-10-24,,Standard
315,443,13,3,2021-10-19,,Standard
316,443,13,4,2022-10-18,,Standard
317,443,13,5,2023-10-24,,Standard
318,446,28,1,2019-10-22,,Standard
319,446,28,2,2020-12-22,,Standard
320,446,28,3,2021-10-19,,Standard
321,446,28,4,2022-10-18,,Standard
322,446,28,5,2023-10-24,,Standard
323,447,4,3,2021-10-19,,Standard
324,447,4,4,2022-10-18,,Standard
325,447,4,5,2023-10-24,,Standard
326,449,16,4,2022-10-18,,Standard
327,449,30,4,2022-10-18,,Standard
328,449,25,5,2023-10-24,,Standard
329,449,27,5,2023-10-24,,Standard
330,454,12,1,2019-10-22,,Standard
331,454,12,2,2020-12-22,,Standard
332,458,10,1,2019-10-22,,Standard
333,473,14,1,2019-10-22,,Standard
334,473,16,2,2020-12-22,,Standard
335,473,11,2,2020-12-22,,Standard
336,473,14,3,2021-10-19,,Standard
337,480,29,1,2019-10-22,,Standard
338,480,23,2,2020-12-22,,Standard
339,480,21,2,2020-12-22,,Standard
340,480,5,3,2021-10-19,,Standard
341,480,5,4,2022-10-18,,Standard
342,488,27,4,2022-10-18,,Standard
343,488,27,5,2023-10-24,,Standard
344,496,8,4,2022-10-18,,Standard
345,496,8,5,2023-10-24,,Standard
346,497,20,1,2019-10-22,,Standard
347,497,20,2,2020-12-22,,Standard
348,497,23,2,2020-12-22,,Standard
349,497,22,2,2020-12-22,,Standard
350,497,22,3,2021-10-19,,Standard
351,504,26,1,2019-10-22,,Standard
352,515,24,1,2019-10-22,,Standard
353,515,24,2,2020-12-22,,Standard
354,515,24,3,2021-10-19,,Standard
355,515,24,4,2022-10-18,,Standard
356,515,3,4,2022-10-18,,Standard
357,515,3,5,2023-10-24,,Standard
358,516,4,1,2019-10-22,,Standard
359,516,4,2,2020-12-22,,Standard
360,516,4,3,2021-10-19,,Standard
361,516,4,5,2023-10-24,,Standard
362,518,12,2,2020-12-22,,Standard
363,522,28,1,2019-10-22,,Standard
364,522,12,2,2020-12-22,,Standard
365,522,12,3,2021-10-19,,Standard
366,522,12,4,2022-10-18,,Standard
367,522,2,5,2023-10-24,,Standard
368,530,7,1,2019-10-22,,Standard
369,532,12,1,2019-10-22,,Standard
370,532,12,2,2020-12-22,,Standard
371,532,12,3,2021-10-19,,Standard
372,532,2,4,2022-10-18,,Standard
373,532,25,5,2023-10-24,,Standard
374,536,11,2,2020-12-22,,Standard
375,536,11,3,2021-10-19,,Standard
376,536,28,3,2021-10-19,,Standard
377,536,3,5,2023-10-24,,Standard
378,537,15,1,2019-10-22,,Standard
379,537,15,2,2020-12-22,,Standard
380,537,15,3,2021-10-19,,Standard
381,537,15,4,2022-10-18,,Standard
382,537,11,5,2023-10-24,,Standard
383,548,9,1,2019-10-22,,Standard
384,548,3,2,2020-12-22,,Standard
385,548,3,3,2021-10-19,,Standard
386,548,8,4,2022-10-18,,Standard
387,548,12,5,2023-10-24,,Standard
388,548,28,5,2023-10-24,,Standard
389,563,2,1,2019-10-22,,Standard
390,563,2,2,2020-12-22,,Standard
391,563,2,3,2021-10-19,,Standard
392,563,2,4,2022-10-18,,Standard
393,563,2,5,2023-10-24,,Standard
394,566,12,4,2022-10-18,,Standard
395,566,12,5,2023-10-24,,Standard
396,567,13,5,2023-10-24,,Standard
397,575,25,1,2019-10-22,,Standard
398,575,21,2,2020-12-22,,Standard
399,575,7,3,2021-10-19,,Standard
400,575,6,3,2021-10-19,,Standard
401,575,13,4,2022-10-18,,Standard
402,575,3,4,2022-10-18,,Standard
403,575,25,5,2023-10-24,,Standard
404,584,17,1,2019-10-22,,Standard
405,584,11,2,2020-12-22,,Standard
406,584,7,3,2021-10-19,,Standard
407,584,14,4,2022-10-18,,Standard
408,587,25,3,2021-10-19,,Standard
409,587,25,4,2022-10-18,,Standard
410,587,7,5,2023-10-24,,Standard
411,588,1,1,2019-10-22,,Standard
412,588,21,2,2020-12-22,,Standard
413,588,7,3,2021-10-19,,Standard
414,588,23,3,2021-10-19,,Standard
415,588,20,5,2023-10-24,,Standard
416,589,14,3,2021-10-19,,Standard
417,589,1,3,2021-10-19,,Standard
418,590,30,1,2019-10-22,,Standard
419,590,30,2,2020-12-22,,Standard
420,590,5,2,2020-12-22,,Standard
421,590,5,3,2021-10-19,,Standard
422,590,14,4,2022-10-18,,Standard
423,590,18,5,2023-10-24,,Standard
424,590,9,5,2023-10-24,,Standard
425,593,7,1,2019-10-22,,Standard
426,593,7,2,2020-12-22,,Standard
427,593,7,3,2021-10-19,,Standard
428,593,20,4,2022-10-18,,Standard
429,593,20,5,2023-10-24,,Standard
430,597,17,2,2020-12-22,,Standard
431,602,30,1,2019-10-22,,Standard
432,602,30,2,2020-12-22,,Standard
433,602,30,3,2021-10-19,,Standard
434,602,14,4,2022-10-18,,Standard
435,602,8,4,2022-10-18,,Standard
436,602,16,5,2023-10-24,,Standard
437,615,1,5,2023-10-24,,Standard
438,618,20,1,2019-10-22,,Standard
439,618,20,2,2020-12-22,,Standard
440,618,7,3,2021-10-19,,Standard
441,618,7,4,2022-10-18,,Standard
442,618,11,5,2023-10-24,,Standard
443,624,23,1,2019-10-22,,Standard
444,624,7,1,2019-10-22,,Standard
445,624,7,2,2020-12-22,,Standard
446,624,7,3,2021-10-19,,Standard
447,626,10,1,2019-10-22,,Standard
448,626,23,1,2019-10-22,,Standard
449,626,20,2,2020-12-22,,Standard
450,626,20,3,2021-10-19,,Standard
451,626,9,4,2022-10-18,,Standard
452,626,9,5,2023-10-24,,Standard
453,626,20,5,2023-10-24,,Standard
454,638,21,1,2019-10-22,,Standard
455,638,26,4,2022-10-18,,Standard
456,651,29,3,2021-10-19,,Standard
457,651,21,4,2022-10-18,,Standard
458,651,30,5,2023-10-24,,Standard
459,654,16,1,2019-10-22,,Standard
460,654,16,2,2020-12-22,,Standard
461,654,16,3,2021-10-19,,Standard
462,654,16,4,2022-10-18,,Standard
463,654,16,5,2023-10-24,,Standard
464,655,25,4,2022-10-18,,Standard
465,666,15,1,2019-10-22,,Standard
466,666,11,1,2019-10-22,,Standard
467,666,11,2,2020-12-22,,Standard
468,667,14,1,2019-10-22,,Standard
469,667,14,2,2020-12-22,,Standard
470,667,27,3,2021-10-19,,Standard
471,670,16,4,2022-10-18,,Standard
472,670,16,5,2023-10-24,,Standard
473,677,14,1,2019-10-22,,Standard
474,677,14,2,2020-12-22,,Standard
475,677,30,3,2021-10-19,,Standard
476,677,8,4,2022-10-18,,Standard
477,677,8,5,2023-10-24,,Standard
478,685,25,5,2023-10-24,,Standard
479,688,8,2,2020-12-22,,Standard
480,688,8,3,2021-10-19,,Standard
481,688,7,4,2022-10-18,,Standard
482,692,22,2,2020-12-22,,Standard
483,692,22,3,2021-10-19,,Standard
484,694,11,1,2019-10-22,,Standard
485,694,1,2,2020-12-22,,Standard
486,694,1,3,2021-10-19,,Standard
487,694,1,4,2022-10-18,,Standard
488,694,1,5,2023-10-24,,Standard
489,698,4,2,2020-12-22,,Standard
490,698,4,3,2021-10-19,,Standard
491,698,30,3,2021-10-19,,Standard
492,698,30,4,2022-10-18,,Standard
493,717,27,1,2019-10-22,,Standard
494,717,11,1,2019-10-22,,Standard
495,728,24,1,2019-10-22,,Standard
496,728,24,2,2020-12-22,,Standard
497,728,3,3,2021-10-19,,Standard
498,728,17,3,2021-10-19,,Standard
499,728,17,4,2022-10-18,,Standard
500,728,5,5,2023-10-24,,Standard
501,732,1,1,2019-10-22,,Standard
502,733,5,1,2019-10-22,,Standard
503,733,5,2,2020-12-22,,Standard
504,733,22,2,2020-12-22,,Standard
505,733,22,3,2021-10-19,,Standard
506,733,22,4,2022-10-18,,Standard
507,733,22,5,2023-10-24,,Standard
508,734,22,1,2019-10-22,,Standard
509,734,22,2,2020-12-22,,Standard
510,734,22,4,2022-10-18,,Standard
511,735,28,5,2023-10-24,,Standard
512,738,14,1,2019-10-22,,Standard
513,738,14,2,2020-12-22,,Standard
514,738,5,3,2021-10-19,,Standard
515,738,5,4,2022-10-18,,Standard
516,738,5,5,2023-10-24,,Standard
517,743,14,5,2023-10-24,,Standard
518,749,10,1,2019-10-22,,Standard
519,749,7,1,2019-10-22,,Standard
520,749,7,2,2020-12-22,,Standard
521,749,7,3,2021-10-19,,Standard
522,749,23,3,2021-10-19,,Standard
523,765,23,4,2022-10-18,,Standard
524,765,27,4,2022-10-18,,Standard
525,765,27,5,2023-10-24,,Standard
526,766,28,3,2021-10-19,,Standard
527,766,28,4,2022-10-18,,Standard
528,766,2,4,2022-10-18,,Standard
529,766,30,5,2023-10-24,,Standard
530,768,15,4,2022-10-18,,Standard
531,769,11,1,2019-10-22,,Standard
532,770,3,1,2019-10-22,,Standard
533,777,4,1,2019-10-22,,Standard
534,779,19,1,2019-10-22,,Standard
535,779,29,3,2021-10-19,,Standard
536,788,30,1,2019-10-22,,Standard
537,788,3,1,2019-10-22,,Standard
538,788,3,2,2020-12-22,,Standard
539,788,10,3,2021-10-19,,Standard
540,792,10,1,2019-10-22,,Standard
541,792,10,2,2020-12-22,,Standard
542,792,7,3,2021-10-19,,Standard
543,798,14,4,2022-10-18,,Standard
544,798,14,5,2023-10-24,,Standard
545,802,11,3,2021-10-19,,Standard
546,802,11,4,2022-10-18,,Standard
547,806,27,5,2023-10-24,,Standard
548,810,11,1,2019-10-22,,Standard
549,810,22,1,2019-10-22,,Standard
550,810,22,2,2020-12-22,,Standard
551,810,8,2,2020-12-22,,Standard
552,810,23,2,2020-12-22,,Standard
553,810,19,3,2021-10-19,,Standard
554,814,15,1,2019-10-22,,Standard
555,814,15,2,2020-12-22,,Standard
556,814,15,3,2021-10-19,,Standard
557,814,15,4,2022-10-18,,Standard
558,814,15,5,2023-10-24,,Standard
559,816,6,1,2019-10-22,,Standard
560,816,29,1,2019-10-22,,Standard
561,816,29,2,2020-12-22,,Standard
562,816,29,3,2021-10-19,,Standard
563,816,29,4,2022-10-18,,Standard
564,816,29,5,2023-10-24,,Standard
565,820,3,1,2019-10-22,,Standard
566,820,3,2,2020-12-22,,Standard
567,820,3,3,2021-10-19,,Standard
568,820,3,4,2022-10-18,,Standard
569,820,3,5,2023-10-24,,Standard
570,826,11,1,2019-10-22,,Standard
571,827,7,1,2019-10-22,,Standard
572,833,3,5,2023-10-24,,Standard
573,837,13,1,2019-10-22,,Standard
574,837,13,2,2020-12-22,,Standard
575,837,13,3,2021-10-19,,Standard
576,837,13,4,2022-10-18,,Standard
577,837,13,5,2023-10-24,,Standard
578,857,1,1,2019-10-22,,Standard
579,857,1,2,2020-12-22,,Standard
580,857,1,3,2021-10-19,,Standard
581,857,1,4,2022-10-18,,Standard
582,857,29,5,2023-10-24,,Standard
583,861,25,1,2019-10-22,,Standard
584,861,27,3,2021-10-19,,Standard
585,861,27,4,2022-10-18,,Standard
586,861,27,5,2023-10-24,,Standard
587,863,14,3,2021-10-19,,Standard
588,874,29,1,2019-10-22,,Standard
589,874,29,2,2020-12-22,,Standard
590,874,29,3,2021-10-19,,Standard
591,874,29,4,2022-10-18,,Standard
592,874,18,4,2022-10-18,,Standard
593,874,18,5,2023-10-24,,Standard
594,877,17,1,2019-10-22,,Standard
595,877,17,2,2020-12-22,,Standard
596,877,17,3,2021-10-19,,Standard
597,877,17,4,2022-10-18,,Standard
598,877,17,5,2023-10-24,,Standard
599,890,14,1,2019-10-22,,Standard
600,890,14,2,2020-12-22,,Standard
601,890,6,2,2020-12-22,,Standard
602,891,6,1,2019-10-22,,Standard
603,891,8,1,2019-10-22,,Standard
604,891,3,2,2020-12-22,,Standard
605,891,9,2,2020-12-22,,Standard
606,891,5,3,2021-10-19,,Standard
607,896,30,4,2022-10-18,,Standard
608,902,1,3,2021-10-19,,Standard
609,920,30,5,2023-10-24,,Standard
610,921,23,5,2023-10-24,,Standard
611,926,11,2,2020-12-22,,Standard
612,926,13,2,2020-12-22,,Standard
613,926,17,3,2021-10-19,,Standard
614,926,8,3,2021-10-19,,Standard
615,928,18,1,2019-10-22,,Standard
616,928,11,1,2019-10-22,,Standard
617,928,25,2,2020-12-22,,Standard
618,928,25,3,2021-10-19,,Standard
619,928,13,3,2021-10-19,,Standard
620,928,13,4,2022-10-18,,Standard
621,928,13,5,2023-10-24,,Standard
622,928,23,5,2023-10-24,,Standard
623,934,1,1,2019-10-22,,Standard
624,934,18,1,2019-10-22,,Standard
625,935,8,1,2019-10-22,,Standard
626,935,17,2,2020-12-22,,Standard
627,935,24,2,2020-12-22,,Standard
628,935,12,3,2021-10-19,,Standard
629,935,24,3,2021-10-19,,Standard
630,935,24,4,2022-10-18,,Standard
631,935,5,5,2023-10-24,,Standard
632,939,3,1,2019-10-22,,Standard
633,961,15,1,2019-10-22,,Standard
634,961,16,1,2019-10-22,,Standard
635,961,24,2,2020-12-22,,Standard
636,961,24,3,2021-10-19,,Standard
637,961,17,4,2022-10-18,,Standard
638,961,17,5,2023-10-24,,Standard
639,962,19,5,2023-10-24,,Standard
640,965,18,1,2019-10-22,,Standard
641,965,18,2,2020-12-22,,Standard
642,965,15,3,2021-10-19,,Standard
643,965,1,4,2022-10-18,,Standard
644,971,9,3,2021-10-19,,Standard
645,971,9,4,2022-10-18,,Standard
646,971,9,5,2023-10-24,,Standard
647,985,7,1,2019-10-22,,Standard
648,985,23,2,2020-12-22,,Standard
649,985,23,3,2021-10-19,,Standard
650,985,3,3,2021-10-19,,Standard
651,985,3,4,2022-10-18,,Standard
652,985,7,5,2023-10-24,,Standard
653,985,4,5,2023-10-24,,Standard
654,986,10,1,2019-10-22,,Standard
655,986,10,2,2020-12-22,,Standard
656,986,10,3,2021-10-19,,Standard
657,986,10,4,2022-10-18,,Standard
658,986,10,5,2023-10-24,,Standard
659,998,19,4,2022-10-18,,Standard
660,998,19,5,2023-10-24,,Standard
661,1003,14,1,2019-10-22,,Standard
662,1003,8,1,2019-10-22,,Standard
663,1011,4,2,2020-12-22,,Standard
664,1019,14,1,2019-10-22,,Standard
665,1019,14,2,2020-12-22,,Standard
666,1019,14,3,2021-10-19,,Standard
667,1019,14,4,2022-10-18,,Standard
668,1019,14,5,2023-10-24,,Standard
669,1033,29,1,2019-10-22,,Standard
670,1033,18,2,2020-12-22,,Standard
671,1033,6,3,2021-10-19,,Standard
672,1042,30,4,2022-10-18,,Standard
673,1042,30,5,2023-10-24,,Standard
674,1054,28,1,2019-10-22,,Standard
675,1054,28,2,2020-12-22,,Standard
676,1054,26,2,2020-12-22,,Standard
677,1054,26,3,2021-10-19,,Standard
678,1054,26,4,2022-10-18,,Standard
679,1059,2,4,2022-10-18,,Standard
680,1059,2,5,2023-10-24,,Standard
681,1070,11,4,2022-10-18,,Standard
682,1076,27,1,2019-10-22,,Standard
683,1076,27,2,2020-12-22,,Standard
684,1076,5,3,2021-10-19,,Standard
685,1076,5,4,2022-10-18,,Standard
686,1076,5,5,2023-10-24,,Standard
687,1079,21,2,2020-12-22,,Standard
688,1079,21,3,2021-10-19,,Standard
689,1080,26,1,2019-10-22,,Standard
690,1080,1,1,2019-10-22,,Standard
691,1080,16,2,2020-12-22,,Standard
692,1080,16,3,2021-10-19,,Standard
693,1080,16,4,2022-10-18,,Standard
694,1080,23,4,2022-10-18,,Standard
695,1085,28,3,2021-10-19,,Standard
696,1092,6,1,2019-10-22,,Standard
697,1092,6,2,2020-12-22,,Standard
698,1092,26,4,2022-10-18,,Standard
699,1109,17,1,2019-10-22,,Standard
700,1109,17,2,2020-12-22,,Standard
701,1109,17,3,2021-10-19,,Standard
702,1109,26,3,2021-10-19,,Standard
703,1109,10,4,2022-10-18,,Standard
704,1109,20,5,2023-10-24,,Standard
705,1110,13,4,2022-10-18,,Standard
706,1110,13,5,2023-10-24,,Standard
707,1111,17,2,2020-12-22,,Standard
708,1111,21,3,2021-10-19,,Standard
709,1111,6,4,2022-10-18,,Standard
710,1111,27,5,2023-10-24,,Standard
711,1111,20,5,2023-10-24,,Standard
712,1113,24,1,2019-10-22,,Standard
713,1113,9,3,2021-10-19,,Standard
714,1114,21,1,2019-10-22,,Standard
715,1114,21,2,2020-12-22,,Standard
716,1114,9,2,2020-12-22,,Standard
717,1114,9,3,2021-10-19,,Standard
718,1114,9,4,2022-10-18,,Standard
719,1114,30,5,2023-10-24,,Standard
720,1119,28,5,2023-10-24,,Standard
721,1128,18,1,2019-10-22,,Standard
722,1128,15,1,2019-10-22,,Standard
723,1128,15,2,2020-12-22,,Standard
724,1128,27,2,2020-12-22,,Standard
725,1128,1,3,2021-10-19,,Standard
726,1128,27,4,2022-10-18,,Standard
727,1129,21,4,2022-10-18,,Standard
728,1129,21,5,2023-10-24,,Standard
729,1139,3,1,2019-10-22,,Standard
730,1139,3,2,2020-12-22,,Standard
731,1139,30,3,2021-10-19,,Standard
732,1139,7,3,2021-10-19,,Standard
733,1139,7,4,2022-10-18,,Standard
734,1139,3,4,2022-10-18,,Standard
735,1139,3,5,2023-10-24,,Standard
736,1139,14,5,2023-10-24,,Standard
737,1155,7,1,2019-10-22,,Standard
738,1155,7,2,2020-12-22,,Standard
739,1155,7,3,2021-10-19,,Standard
740,1155,7,4,2022-10-18,,Standard
741,1155,7,5,2023-10-24,,Standard
742,1159,7,4,2022-10-18,,Standard
743,1160,21,1,2019-10-22,,Standard
744,1160,21,2,2020-12-22,,Standard
745,1160,21,3,2021-10-19,,Standard
746,1160,21,4,2022-10-18,,Standard
747,1160,21,5,2023-10-24,,Standard
748,1161,5,3,2021-10-19,,Standard
749,1161,5,4,2022-10-18,,Standard
750,1161,5,5,2023-10-24,,Standard
751,1162,20,1,2019-10-22,,Standard
752,1162,6,2,2020-12-22,,Standard
753,1162,20,3,2021-10-19,,Standard
754,1163,5,2,2020-12-22,,Standard
755,1163,5,3,2021-10-19,,Standard
756,1163,30,4,2022-10-18,,Standard
757,1171,9,1,2019-10-22,,Standard
758,1171,9,2,2020-12-22,,Standard
759,1171,14,3,2021-10-19,,Standard
760,1176,10,3,2021-10-19,,Standard
761,1176,17,3,2021-10-19,,Standard
762,1176,22,3,2021-10-19,,Standard
763,1176,28,4,2022-10-18,,Standard
764,1176,23,5,2023-10-24,,Standard
765,1179,8,1,2019-10-22,,Standard
766,1179,8,2,2020-12-22,,Standard
767,1179,8,3,2021-10-19,,Standard
768,1179,26,4,2022-10-18,,Standard
769,1181,16,1,2019-10-22,,Standard
770,1181,16,2,2020-12-22,,Standard
771,1181,28,3,2021-10-19,,Standard
772,1181,3,3,2021-10-19,,Standard
773,1181,5,4,2022-10-18,,Standard
774,1181,17,4,2022-10-18,,Standard
775,1184,5,5,2023-10-24,,Standard
776,1194,9,1,2019-10-22,,Standard
777,1194,6,1,2019-10-22,,Standard
778,1194,6,2,2020-12-22,,Standard
779,1194,14,2,2020-12-22,,Standard
780,1194,23,3,2021-10-19,,Standard
781,1194,3,3,2021-10-19,,Standard
782,1194,5,4,2022-10-18,,Standard
783,1194,5,5,2023-10-24,,Standard
784,1196,12,3,2021-10-19,,Standard
785,1196,12,4,2022-10-18,,Standard
786,1196,26,5,2023-10-24,,Standard
787,1202,14,1,2019-10-22,,Standard
788,1202,14,2,2020-12-22,,Standard
789,1208,3,3,2021-10-19,,Standard
790,1208,3,4,2022-10-18,,Standard
791,1208,27,5,2023-10-24,,Standard
792,1217,5,1,2019-10-22,,Standard
793,1217,1,2,2020-12-22,,Standard
794,1217,25,3,2021-10-19,,Standard
795,1217,29,4,2022-10-18,,Standard
796,1217,29,5,2023-10-24,,Standard
797,1222,3,2,2020-12-22,,Standard
798,1222,3,3,2021-10-19,,Standard
799,1222,3,4,2022-10-18,,Standard
800,1222,24,4,2022-10-18,,Standard
801,1222,24,5,2023-10-24,,Standard
802,1223,9,4,2022-10-18,,Standard
803,1223,9,5,2023-10-24,,Standard
804,1239,11,4,2022-10-18,,Standard
805,1239,11,5,2023-10-24,,Standard
806,1255,18,2,2020-12-22,,Standard
807,1255,18,3,2021-10-19,,Standard
808,1255,18,4,2022-10-18,,Standard
809,1255,18,5,2023-10-24,,Standard
810,1258,2,1,2019-10-22,,Standard
811,1258,2,2,2020-12-22,,Standard
812,1258,9,3,2021-10-19,,Standard
813,1267,3,3,2021-10-19,,Standard
814,1267,3,4,2022-10-18,,Standard
815,1267,26,4,2022-10-18,,Standard
816,1267,26,5,2023-10-24,,Standard
817,1282,25,2,2020-12-22,,Standard
818,1282,25,3,2021-10-19,,Standard
819,1284,3,1,2019-10-22,,Standard
820,1284,28,2,2020-12-22,,Standard
821,1285,20,1,2019-10-22,,Standard
822,1285,9,2,2020-12-22,,Standard
823,1285,14,3,2021-10-19,,Standard
824,1293,26,4,2022-10-18,,Standard
825,1293,26,5,2023-10-24,,Standard
826,1303,23,1,2019-10-22,,Standard
827,1303,23,2,2020-12-22,,Standard
828,1303,23,3,2021-10-19,,Standard
829,1303,23,4,2022-10-18,,Standard
830,1303,23,5,2023-10-24,,Standard
831,1318,23,1,2019-10-22,,Standard
832,1318,22,1,2019-10-22,,Standard
833,1318,22,2,2020-12-22,,Standard
834,1318,3,3,2021-10-19,,Standard
835,1318,13,3,2021-10-19,,Standard
836,1318,8,3,2021-10-19,,Standard
837,1329,27,1,2019-10-22,,Standard
838,1329,27,2,2020-12-22,,Standard
839,1329,27,3,2021-10-19,,Standard
840,1329,25,3,2021-10-19,,Standard
841,1329,25,4,2022-10-18,,Standard
842,1329,24,5,2023-10-24,,Standard
843,1333,10,1,2019-10-22,,Standard
844,1333,18,1,2019-10-22,,Standard
845,1340,15,5,2023-10-24,,Standard
846,1340,9,5,2023-10-24,,Standard
847,1344,29,1,2019-10-22,,Standard
848,1344,6,1,2019-10-22,,Standard
849,1344,6,2,2020-12-22,,Standard
850,1344,7,5,2023-10-24,,Standard
851,1350,2,1,2019-10-22,,Standard
852,1350,2,2,2020-12-22,,Standard
853,1350,6,3,2021-10-19,,Standard
854,1361,19,1,2019-10-22,,Standard
855,1361,29,2,2020-12-22,,Standard
856,1361,21,3,2021-10-19,,Standard
857,1372,5,1,2019-10-22,,Standard
858,1372,5,2,2020-12-22,,Standard
859,1380,21,1,2019-10-22,,Standard
860,1380,23,2,2020-12-22,,Standard
861,1382,1,1,2019-10-22,,Standard
862,1382,1,2,2020-12-22,,Standard
863,1382,2,3,2021-10-19,,Standard
864,1382,11,3,2021-10-19,,Standard
865,1382,11,4,2022-10-18,,Standard
866,1382,1,4,2022-10-18,,Standard
867,1382,1,5,2023-10-24,,Standard
868,1387,26,1,2019-10-22,,Standard
869,1387,6,2,2020-12-22,,Standard
870,1387,13,2,2020-12-22,,Standard
871,1400,7,1,2019-10-22,,Standard
872,1400,7,2,2020-12-22,,Standard
873,1400,7,3,2021-10-19,,Standard
874,1400,7,4,2022-10-18,,Standard
875,1400,3,4,2022-10-18,,Standard
876,1400,3,5,2023-10-24,,Standard
877,1404,13,2,2020-12-22,,Standard
878,1404,29,3,2021-10-19,,Standard
879,1404,2,3,2021-10-19,,Standard
880,1409,21,5,2023-10-24,,Standard
881,1420,28,2,2020-12-22,,Standard
882,1420,28,3,2021-10-19,,Standard
883,1420,28,4,2022-10-18,,Standard
884,1420,28,5,2023-10-24,,Standard
885,1420,20,5,2023-10-24,,Standard
886,1420,9,5,2023-10-24,,Standard
887,1426,29,4,2022-10-18,,Standard
888,1426,29,5,2023-10-24,,Standard
889,1426,9,5,2023-10-24,,Standard
890,1428,27,1,2019-10-22,,Standard
891,1428,17,2,2020-12-22,,Standard
892,1428,27,3,2021-10-19,,Standard
893,1428,8,3,2021-10-19,,Standard
894,1428,18,4,2022-10-18,,Standard
895,1436,26,5,2023-10-24,,Standard
896,1443,29,2,2020-12-22,,Standard
897,1443,29,3,2021-10-19,,Standard
898,1443,1,4,2022-10-18,,Standard
899,1443,1,5,2023-10-24,,Standard
900,1453,22,1,2019-10-22,,Standard
901,1453,22,2,2020-12-22,,Standard
902,1453,2,2,2020-12-22,,Standard
903,1453,20,3,2021-10-19,,Standard
904,1453,20,4,2022-10-18,,Standard
905,1453,20,5,2023-10-24,,Standard
906,1453,9,5,2023-10-24,,Standard
907,1457,26,1,2019-10-22,,Standard
908,1457,26,2,2020-12-22,,Standard
909,1457,26,3,2021-10-19,,Standard
910,1457,26,4,2022-10-18,,Standard
911,1457,26,5,2023-10-24,,Standard
912,1469,9,1,2019-10-22,,Standard
913,1469,15,2,2020-12-22,,Standard
914,1469,22,3,2021-10-19,,Standard
915,1469,6,3,2021-10-19,,Standard
916,1472,11,1,2019-10-22,,Standard
917,1473,22,1,2019-10-22,,Standard
918,1473,21,3,2021-10-19,,Standard
919,1477,2,1,2019-10-22,,Standard
920,1477,25,2,2020-12-22,,Standard
921,1477,2,3,2021-10-19,,Standard
922,1483,28,5,2023-10-24,,Standard
923,1492,14,5,2023-10-24,,Standard
924,1492,7,5,2023-10-24,,Standard
925,1498,22,1,2019-10-22,,Standard
926,1498,22,2,2020-12-22,,Standard
927,1498,22,3,2021-10-19,,Standard
928,1498,22,4,2022-10-18,,Standard
929,1498,22,5,2023-10-24,,Standard
930,1500,5,5,2023-10-24,,Standard
931,1504,26,1,2019-10-22,,Standard
932,1504,25,1,2019-10-22,,Standard
933,1504,19,2,2020-12-22,,Standard
934,1504,3,3,2021-10-19,,Standard
935,1504,13,3,2021-10-19,,Standard
936,1504,14,3,2021-10-19,,Standard
937,1504,14,4,2022-10-18,,Standard
938,1504,15,5,2023-10-24,,Standard
939,1507,5,1,2019-10-22,,Standard
940,1507,5,2,2020-12-22,,Standard
941,1507,30,2,2020-12-22,,Standard
942,1507,30,3,2021-10-19,,Standard
943,1507,30,4,2022-10-18,,Standard
944,1507,30,5,2023-10-24,,Standard
945,1507,7,5,2023-10-24,,Standard
946,1516,21,1,2019-10-22,,Standard
947,1516,1,2,2020-12-22,,Standard
948,1516,1,3,2021-10-19,,Standard
949,1516,30,5,2023-10-24,,Standard
950,1516,9,5,2023-10-24,,Standard
951,1516,17,5,2023-10-24,,Standard
952,1518,9,1,2019-10-22,,Standard
953,1518,24,2,2020-12-22,,Standard
954,1518,3,3,2021-10-19,,Standard
955,1518,17,3,2021-10-19,,Standard
956,1533,6,1,2019-10-22,,Standard
957,1533,6,2,2020-12-22,,Standard
958,1533,6,3,2021-10-19,,Standard
959,1533,6,4,2022-10-18,,Standard
960,1533,6,5,2023-10-24,,Standard
961,1546,16,3,2021-10-19,,Standard
962,1552,11,3,2021-10-19,,Standard
963,1552,11,4,2022-10-18,,Standard
964,1552,10,5,2023-10-24,,Standard
965,1554,9,3,2021-10-19,,Standard
966,1554,18,4,2022-10-18,,Standard
967,1554,18,5,2023-10-24,,Standard
968,1555,28,1,2019-10-22,,Standard
969,1555,14,2,2020-12-22,,Standard
970,1561,27,1,2019-10-22,,Standard
971,1561,27,2,2020-12-22,,Standard
972,1561,29,3,2021-10-19,,Standard
973,1561,29,4,2022-10-18,,Standard
974,1571,29,5,2023-10-24,,Standard
975,1573,13,1,2019-10-22,,Standard
976,1573,13,2,2020-12-22,,Standard
977,1573,13,3,2021-10-19,,Standard
978,1573,13,4,2022-10-18,,Standard
979,1573,13,5,2023-10-24,,Standard
980,1587,20,1,2019-10-22,,Standard
981,1587,20,2,2020-12-22,,Standard
982,1587,20,3,2021-10-19,,Standard
983,1587,30,4,2022-10-18,,Standard
984,1587,20,5,2023-10-24,,Standard
985,1587,9,5,2023-10-24,,Standard
986,1590,21,3,2021-10-19,,Standard
987,1590,21,4,2022-10-18,,Standard
988,1590,21,5,2023-10-24,,Standard
989,1593,26,1,2019-10-22,,Standard
990,1593,25,2,2020-12-22,,Standard
991,1593,3,5,2023-10-24,,Standard
992,1593,14,5,2023-10-24,,Standard
993,1594,21,1,2019-10-22,,Standard
994,1594,21,2,2020-12-22,,Standard
995,1594,21,3,2021-10-19,,Standard
996,1594,21,4,2022-10-18,,Standard
997,1594,21,5,2023-10-24,,Standard
998,1595,30,2,2020-12-22,,Standard
999,1595,30,3,2021-10-19,,Standard
1000,1595,30,4,2022-10-18,,Standard
1001,1595,30,5,2023-10-24,,Standard
1002,1599,8,5,2023-10-24,,Standard
1003,1600,28,2,2020-12-22,,Standard
1004,1600,22,3,2021-10-19,,Standard
1005,1607,15,4,2022-10-18,,Standard
1006,1607,15,5,2023-10-24,,Standard
1007,1607,3,5,2023-10-24,,Standard
1008,1621,29,1,2019-10-22,,Standard
1009,1621,29,2,2020-12-22,,Standard
1010,1621,29,3,2021-10-19,,Standard
1011,1621,18,4,2022-10-18,,Standard
1012,1621,18,5,2023-10-24,,Standard
1013,1635,1,1,2019-10-22,,Standard
1014,1635,1,2,2020-12-22,,Standard
1015,1635,6,3,2021-10-19,,Standard
1016,1636,30,3,2021-10-19,,Standard
1017,1636,30,4,2022-10-18,,Standard
1018,1636,24,5,2023-10-24,,Standard
1019,1636,15,5,2023-10-24,,Standard
1020,1638,22,1,2019-10-22,,Standard
1021,1638,22,2,2020-12-22,,Standard
1022,1638,8,2,2020-12-22,,Standard
1023,1638,8,3,2021-10-19,,Standard
1024,1638,8,4,2022-10-18,,Standard
1025,1638,8,5,2023-10-24,,Standard
1026,1641,11,1,2019-10-22,,Standard
1027,1641,11,2,2020-12-22,,Standard
1028,1641,11,3,2021-10-19,,Standard
1029,1641,11,4,2022-10-18,,Standard
1030,1641,13,4,2022-10-18,,Standard
1031,1641,24,5,2023-10-24,,Standard
1032,1651,4,1,2019-10-22,,Standard
1033,1651,4,2,2020-12-22,,Standard
1034,1651,19,3,2021-10-19,,Standard
1035,1651,19,4,2022-10-18,,Standard
1036,1651,27,4,2022-10-18,,Standard
1037,1651,27,5,2023-10-24,,Standard
1038,1658,18,1,2019-10-22,,Standard
1039,1658,1,1,2019-10-22,,Standard
1040,1669,8,1,2019-10-22,,Standard
1041,1669,9,2,2020-12-22,,Standard
1042,1669,9,3,2021-10-19,,Standard
1043,1669,25,4,2022-10-18,,Standard
1044,1669,25,5,2023-10-24,,Standard
1045,1670,30,1,2019-10-22,,Standard
1046,1684,19,1,2019-10-22,,Standard
1047,1686,3,4,2022-10-18,,Standard
1048,1686,27,5,2023-10-24,,Standard
1049,1693,17,4,2022-10-18,,Standard
1050,1693,17,5,2023-10-24,,Standard
1051,1694,14,1,2019-10-22,,Standard
1052,1694,23,2,2020-12-22,,Standard
1053,1694,23,3,2021-10-19,,Standard
1054,1694,15,4,2022-10-18,,Standard
1055,1694,6,4,2022-10-18,,Standard
1056,1694,23,5,2023-10-24,,Standard
1057,1696,10,1,2019-10-22,,Standard
1058,1696,10,2,2020-12-22,,Standard
1059,1696,10,3,2021-10-19,,Standard
1060,1696,10,4,2022-10-18,,Standard
1061,1696,10,5,2023-10-24,,Standard
1062,1699,13,1,2019-10-22,,Standard
1063,1699,8,2,2020-12-22,,Standard
1064,1699,8,3,2021-10-19,,Standard
1065,1699,10,4,2022-10-18,,Standard
1066,1700,11,3,2021-10-19,,Standard
1067,1700,11,4,2022-10-18,,Standard
1068,1700,11,5,2023-10-24,,Standard
1069,1701,2,1,2019-10-22,,Standard
1070,1701,2,2,2020-12-22,,Standard
1071,1701,5,2,2020-12-22,,Standard
1072,1701,5,3,2021-10-19,,Standard
1073,1701,5,4,2022-10-18,,Standard
1074,1701,5,5,2023-10-24,,Standard
1075,1702,29,1,2019-10-22,,Standard
1076,1702,11,1,2019-10-22,,Standard
1077,1702,3,2,2020-12-22,,Standard
1078,1702,8,3,2021-10-19,,Standard
1079,1702,8,4,2022-10-18,,Standard
1080,1702,11,5,2023-10-24,,Standard
1081,1704,7,2,2020-12-22,,Standard
1082,1704,7,3,2021-10-19,,Standard
1083,1704,7,4,2022-10-18,,Standard
1084,1704,7,5,2023-10-24,,Standard
1085,1730,1,4,2022-10-18,,Standard
1086,1730,1,5,2023-10-24,,Standard
1087,1732,9,1,2019-10-22,,Standard
1088,1732,9,2,2020-12-22,,Standard
1089,1732,3,2,2020-12-22,,Standard
1090,1732,3,3,2021-10-19,,Standard
1091,1732,2,4,2022-10-18,,Standard
1092,1739,20,3,2021-10-19,,Standard
1093,1739,20,4,2022-10-18,,Standard
1094,1739,20,5,2023-10-24,,Standard
1095,1739,9,5,2023-10-24,,Standard
1096,1750,15,1,2019-10-22,,Standard
1097,1752,28,5,2023-10-24,,Standard
1098,1753,1,5,2023-10-24,,Standard
1099,1763,26,1,2019-10-22,,Standard
1100,1763,26,2,2020-12-22,,Standard
1101,1763,16,3,2021-10-19,,Standard
1102,1766,30,1,2019-10-22,,Standard
1103,1766,30,2,2020-12-22,,Standard
1104,1766,30,3,2021-10-19,,Standard
1105,1766,30,4,2022-10-18,,Standard
1106,1766,14,4,2022-10-18,,Standard
1107,1766,14,5,2023-10-24,,Standard
1108,1772,18,2,2020-12-22,,Standard
1109,1772,25,5,2023-10-24,,Standard
1110,1784,26,2,2020-12-22,,Standard
1111,1784,26,3,2021-10-19,,Standard
1112,1784,12,3,2021-10-19,,Standard
1113,1784,12,4,2022-10-18,,Standard
1114,1784,12,5,2023-10-24,,Standard
1115,1786,21,1,2019-10-22,,Standard
1116,1787,9,1,2019-10-22,,Standard
1117,1787,3,1,2019-10-22,,Standard
1118,1787,22,2,2020-12-22,,Standard
1119,1789,21,2,2020-12-22,,Standard
1120,1811,8,2,2020-12-22,,Standard
1121,1811,22,2,2020-12-22,,Standard
1122,1811,22,3,2021-10-19,,Standard
1123,1811,22,4,2022-10-18,,Standard
1124,1811,9,4,2022-10-18,,Standard
1125,1811,16,5,2023-10-24,,Standard
1126,1831,7,1,2019-10-22,,Standard
1127,1831,7,2,2020-12-22,,Standard
1128,1831,7,3,2021-10-19,,Standard
1129,1831,7,4,2022-10-18,,Standard
1130,1831,7,5,2023-10-24,,Standard
1131,1832,11,1,2019-10-22,,Standard
1132,1832,11,2,2020-12-22,,Standard
1133,1832,3,2,2020-12-22,,Standard
1134,1832,3,3,2021-10-19,,Standard
1135,1832,23,3,2021-10-19,,Standard
1136,1832,23,4,2022-10-18,,Standard
1137,1832,13,5,2023-10-24,,Standard
1138,1836,7,4,2022-10-18,,Standard
1139,1836,7,5,2023-10-24,,Standard
1140,1840,13,1,2019-10-22,,Standard
1141,1840,20,1,2019-10-22,,Standard
1142,1840,16,2,2020-12-22,,Standard
1143,1840,26,2,2020-12-22,,Standard
1144,1840,26,3,2021-10-19,,Standard
1145,1846,24,1,2019-10-22,,Standard
1146,1846,20,2,2020-12-22,,Standard
1147,1846,19,3,2021-10-19,,Standard
1148,1850,28,4,2022-10-18,,Standard
1149,1850,28,5,2023-10-24,,Standard
1150,1852,13,1,2019-10-22,,Standard
1151,1852,14,2,2020-12-22,,Standard
1152,1852,30,3,2021-10-19,,Standard
1153,1852,4,3,2021-10-19,,Standard
1154,1852,23,4,2022-10-18,,Standard
1155,1864,8,1,2019-10-22,,Standard
1156,1864,8,2,2020-12-22,,Standard
1157,1864,22,2,2020-12-22,,Standard
1158,1864,22,3,2021-10-19,,Standard
1159,1864,22,4,2022-10-18,,Standard
1160,1864,22,5,2023-10-24,,Standard
1161,1866,3,1,2019-10-22,,Standard
1162,1866,3,2,2020-12-22,,Standard
1163,1866,3,3,2021-10-19,,Standard
1164,1866,3,4,2022-10-18,,Standard
1165,1866,9,5,2023-10-24,,Standard
1166,1867,22,4,2022-10-18,,Standard
1167,1867,22,5,2023-10-24,,Standard
1168,1873,23,1,2019-10-22,,Standard
1169,1873,23,2,2020-12-22,,Standard
1170,1873,23,3,2021-10-19,,Standard
1171,1873,23,4,2022-10-18,,Standard
1172,1873,23,5,2023-10-24,,Standard
1173,1879,5,1,2019-10-22,,Standard
1174,1879,29,2,2020-12-22,,Standard
1175,1879,8,2,2020-12-22,,Standard
1176,1879,3,3,2021-10-19,,Standard
1177,1879,25,4,2022-10-18,,Standard
1178,1879,15,5,2023-10-24,,Standard
1179,1881,19,1,2019-10-22,,Standard
1180,1881,19,2,2020-12-22,,Standard
1181,1881,19,3,2021-10-19,,Standard
1182,1881,25,3,2021-10-19,,Standard
1183,1881,25,4,2022-10-18,,Standard
1184,1881,20,4,2022-10-18,,Standard
1185,1881,20,5,2023-10-24,,Standard
1186,1882,11,1,2019-10-22,,Standard
1187,1882,8,2,2020-12-22,,Standard
1188,1882,6,2,2020-12-22,,Standard
1189,1882,13,3,2021-10-19,,Standard
1190,1882,20,4,2022-10-18,,Standard
1191,1882,20,5,2023-10-24,,Standard
1192,1888,16,1,2019-10-22,,Standard
1193,1888,16,2,2020-12-22,,Standard
1194,1888,16,3,2021-10-19,,Standard
1195,1888,16,4,2022-10-18,,Standard
1196,1895,2,3,2021-10-19,,Standard
1197,1895,2,4,2022-10-18,,Standard
1198,1895,2,5,2023-10-24,,Standard
1199,1901,19,5,2023-10-24,,Standard
1200,1911,19,1,2019-10-22,,Standard
1201,1911,19,2,2020-12-22,,Standard
1202,1911,19,3,2021-10-19,,Standard
1203,1911,19,4,2022-10-18,,Standard
1204,1911,14,5,2023-10-24,,Standard
1205,1912,9,2,2020-12-22,,Standard
1206,1912,9,3,2021-10-19,,Standard
1207,1912,9,4,2022-10-18,,Standard
1208,1912,9,5,2023-10-24,,Standard
1209,1915,2,1,2019-10-22,,Standard
1210,1915,4,2,2020-12-22,,Standard
1211,1915,4,3,2021-10-19,,Standard
1212,1915,4,4,2022-10-18,,Standard
1213,1915,4,5,2023-10-24,,Standard
1214,1915,21,5,2023-10-24,,Standard
1215,1939,25,5,2023-10-24,,Standard
1216,1941,29,5,2023-10-24,,Standard
1217,1953,6,1,2019-10-22,,Standard
1218,1953,9,1,2019-10-22,,Standard
1219,1958,28,1,2019-10-22,,Standard
1220,1959,8,1,2019-10-22,,Standard
1221,1959,18,1,2019-10-22,,Standard
1222,1959,18,2,2020-12-22,,Standard
1223,1959,2,3,2021-10-19,,Standard
1224,1959,27,3,2021-10-19,,Standard
1225,1959,29,3,2021-10-19,,Standard
1226,1959,28,4,2022-10-18,,Standard
1227,1960,4,1,2019-10-22,,Standard
1228,1960,19,2,2020-12-22,,Standard
1229,1960,19,3,2021-10-19,,Standard
1230,1960,19,4,2022-10-18,,Standard
1231,1964,16,1,2019-10-22,,Standard
1232,1964,16,2,2020-12-22,,Standard
1233,1964,16,3,2021-10-19,,Standard
1234,1964,16,4,2022-10-18,,Standard
1235,1964,16,5,2023-10-24,,Standard
1236,1967,21,1,2019-10-22,,Standard
1237,1972,25,1,2019-10-22,,Standard
1238,1978,26,1,2019-10-22,,Standard
1239,1978,26,2,2020-12-22,,Standard
1240,1978,26,3,2021-10-19,,Standard
1241,1978,12,3,2021-10-19,,Standard
1242,1978,12,4,2022-10-18,,Standard
1243,1978,12,5,2023-10-24,,Standard
1244,1978,23,5,2023-10-24,,Standard
1245,1985,16,3,2021-10-19,,Standard
1246,1985,16,4,2022-10-18,,Standard
1247,1985,16,5,2023-10-24,,Standard
1248,1991,17,1,2019-10-22,,Standard
1249,1991,21,2,2020-12-22,,Standard
1250,1991,23,2,2020-12-22,,Standard
1251,1991,17,3,2021-10-19,,Standard
1252,1991,17,4,2022-10-18,,Standard
1253,1991,12,4,2022-10-18,,Standard
1254,1995,1,3,2021-10-19,,Standard
1255,1995,5,3,2021-10-19,,Standard
1256,1995,5,4,2022-10-18,,Standard
1257,1996,15,1,2019-10-22,,Standard
1258,1996,16,1,2019-10-22,,Standard
1259,1996,1,2,2020-12-22,,Standard
1260,1996,1,3,2021-10-19,,Standard
1261,2006,7,2,2020-12-22,,Standard
1262,2006,12,3,2021-10-19,,Standard
1263,2006,11,5,2023-10-24,,Standard
1264,2010,25,1,2019-10-22,,Standard
1265,2010,21,2,2020-12-22,,Standard
1266,2010,21,3,2021-10-19,,Standard
1267,2023,12,1,2019-10-22,,Standard
1268,2023,12,2,2020-12-22,,Standard
1269,2023,30,3,2021-10-19,,Standard
1270,2023,24,3,2021-10-19,,Standard
1271,2023,1,4,2022-10-18,,Standard
1272,2023,11,5,2023-10-24,,Standard
1273,2024,19,1,2019-10-22,,Standard
1274,2024,17,2,2020-12-22,,Standard
1275,2024,17,3,2021-10-19,,Standard
1276,2024,17,4,2022-10-18,,Standard
1277,2024,2,5,2023-10-24,,Standard
1278,2025,12,1,2019-10-22,,Standard
1279,2025,12,2,2020-12-22,,Standard
1280,2025,12,3,2021-10-19,,Standard
1281,2025,26,3,2021-10-19,,Standard
1282,2025,1,4,2022-10-18,,Standard
1283,2025,7,4,2022-10-18,,Standard
1284,2025,8,5,2023-10-24,,Standard
1285,2034,28,1,2019-10-22,,Standard
1286,2034,25,2,2020-12-22,,Standard
1287,2035,26,1,2019-10-22,,Standard
1288,2035,26,2,2020-12-22,,Standard
1289,2035,26,3,2021-10-19,,Standard
1290,2035,26,4,2022-10-18,,Standard
1291,2035,7,5,2023-10-24,,Standard
1292,2035,30,5,2023-10-24,,Standard
1293,2037,21,5,2023-10-24,,Standard
1294,2048,25,1,2019-10-22,,Standard
1295,2048,25,2,2020-12-22,,Standard
1296,2048,28,2,2020-12-22,,Standard
1297,2048,17,3,2021-10-19,,Standard
1298,2048,13,3,2021-10-19,,Standard
1299,2049,14,5,2023-10-24,,Standard
1300,2054,21,3,2021-10-19,,Standard
1301,2057,23,1,2019-10-22,,Standard
1302,2057,21,2,2020-12-22,,Standard
1303,2057,2,3,2021-10-19,,Standard
1304,2057,2,4,2022-10-18,,Standard
1305,2057,2,5,2023-10-24,,Standard
1306,2064,14,1,2019-10-22,,Standard
1307,2064,14,2,2020-12-22,,Standard
1308,2064,14,3,2021-10-19,,Standard
1309,2064,29,4,2022-10-18,,Standard
1310,2064,29,5,2023-10-24,,Standard
1311,2068,11,1,2019-10-22,,Standard
1312,2068,11,2,2020-12-22,,Standard
1313,2068,11,3,2021-10-19,,Standard
1314,2068,20,3,2021-10-19,,Standard
1315,2068,29,3,2021-10-19,,Standard
1316,2068,23,4,2022-10-18,,Standard
1317,2068,23,5,2023-10-24,,Standard
1318,2069,22,4,2022-10-18,,Standard
1319,2069,22,5,2023-10-24,,Standard
1320,2074,14,1,2019-10-22,,Standard
1321,2074,23,2,2020-12-22,,Standard
1322,2074,14,3,2021-10-19,,Standard
1323,2076,22,5,2023-10-24,,Standard
1324,2079,8,2,2020-12-22,,Standard
1325,2079,8,3,2021-10-19,,Standard
1326,2083,11,1,2019-10-22,,Standard
1327,2087,11,4,2022-10-18,,Standard
1328,2092,1,1,2019-10-22,,Standard
1329,2092,1,2,2020-12-22,,Standard
1330,2092,1,3,2021-10-19,,Standard
1331,2092,26,4,2022-10-18,,Standard
1332,2092,26,5,2023-10-24,,Standard
1333,2094,14,3,2021-10-19,,Standard
1334,2094,30,4,2022-10-18,,Standard
1335,2094,8,5,2023-10-24,,Standard
1336,2098,29,2,2020-12-22,,Standard
1337,2098,29,3,2021-10-19,,Standard
1338,2098,25,3,2021-10-19,,Standard
1339,2110,20,3,2021-10-19,,Standard
1340,2114,1,1,2019-10-22,,Standard
1341,2114,1,2,2020-12-22,,Standard
1342,2114,1,3,2021-10-19,,Standard
1343,2114,1,4,2022-10-18,,Standard
1344,2114,1,5,2023-10-24,,Standard
1345,2124,15,5,2023-10-24,,Standard
1346,2128,5,1,2019-10-22,,Standard
1347,2128,5,2,2020-12-22,,Standard
1348,2128,30,2,2020-12-22,,Standard
1349,2128,24,3,2021-10-19,,Standard
1350,2131,8,3,2021-10-19,,Standard
1351,2131,8,4,2022-10-18,,Standard
1352,2131,13,4,2022-10-18,,Standard
1353,2131,13,5,2023-10-24,,Standard
1354,2133,28,1,2019-10-22,,Standard
1355,2133,13,2,2020-12-22,,Standard
1356,2133,13,3,2021-10-19,,Standard
1357,2133,17,3,2021-10-19,,Standard
1358,2133,17,4,2022-10-18,,Standard
1359,2135,16,1,2019-10-22,,Standard
1360,2135,16,2,2020-12-22,,Standard
1361,2135,10,3,2021-10-19,,Standard
1362,2135,10,4,2022-10-18,,Standard
1363,2138,17,1,2019-10-22,,Standard
1364,2138,29,2,2020-12-22,,Standard
1365,2141,29,1,2019-10-22,,Standard
1366,2141,29,2,2020-12-22,,Standard
1367,2141,29,3,2021-10-19,,Standard
1368,2141,17,4,2022-10-18,,Standard
1369,2141,22,5,2023-10-24,,Standard
1370,2144,19,1,2019-10-22,,Standard
1371,2144,19,2,2020-12-22,,Standard
1372,2144,19,3,2021-10-19,,Standard
1373,2144,19,4,2022-10-18,,Standard
1374,2144,19,5,2023-10-24,,Standard
1375,2148,3,1,2019-10-22,,Standard
1376,2148,3,2,2020-12-22,,Standard
1377,2148,3,3,2021-10-19,,Standard
1378,2148,3,4,2022-10-18,,Standard
1379,2148,7,4,2022-10-18,,Standard
1380,2148,7,5,2023-10-24,,Standard
1381,2149,22,1,2019-10-22,,Standard
1382,2149,22,4,2022-10-18,,Standard
1383,2149,22,5,2023-10-24,,Standard
1384,2153,9,4,2022-10-18,,Standard
1385,2153,9,5,2023-10-24,,Standard
1386,2155,22,1,2019-10-22,,Standard
1387,2155,7,2,2020-12-22,,Standard
1388,2155,19,2,2020-12-22,,Standard
1389,2155,1,3,2021-10-19,,Standard
1390,2163,19,1,2019-10-22,,Standard
1391,2163,9,2,2020-12-22,,Standard
1392,2163,9,3,2021-10-19,,Standard
1393,2163,29,4,2022-10-18,,Standard
1394,2164,15,5,2023-10-24,,Standard
1395,2166,12,3,2021-10-19,,Standard
1396,2166,12,4,2022-10-18,,Standard
1397,2166,12,5,2023-10-24,,Standard
1398,2170,15,1,2019-10-22,,Standard
1399,2170,9,2,2020-12-22,,Standard
1400,2170,9,3,2021-10-19,,Standard
1401,2170,26,3,2021-10-19,,Standard
1402,2171,7,1,2019-10-22,,Standard
1403,2171,21,2,2020-12-22,,Standard
1404,2171,17,2,2020-12-22,,Standard
1405,2171,2,3,2021-10-19,,Standard
1406,2171,24,3,2021-10-19,,Standard
1407,2171,2,4,2022-10-18,,Standard
1408,2171,18,5,2023-10-24,,Standard
1409,2180,30,4,2022-10-18,,Standard
1410,2180,12,5,2023-10-24,,Standard
1411,2183,9,1,2019-10-22,,Standard
1412,2183,13,1,2019-10-22,,Standard
1413,2183,13,2,2020-12-22,,Standard
1414,2183,13,3,2021-10-19,,Standard
1415,2183,13,4,2022-10-18,,Standard
1416,2183,8,4,2022-10-18,,Standard
1417,2183,8,5,2023-10-24,,Standard
1418,2189,17,5,2023-10-24,,Standard
1419,2190,15,1,2019-10-22,,Standard
1420,2190,15,2,2020-12-22,,Standard
1421,2190,15,3,2021-10-19,,Standard
1422,2190,15,4,2022-10-18,,Standard
1423,2190,15,5,2023-10-24,,Standard
1424,2191,10,5,2023-10-24,,Standard
1425,2205,14,1,2019-10-22,,Standard
1426,2205,14,2,2020-12-22,,Standard
1427,2205,14,3,2021-10-19,,Standard
1428,2205,14,4,2022-10-18,,Standard
1429,2205,14,5,2023-10-24,,Standard
1430,2207,3,2,2020-12-22,,Standard
1431,2214,16,5,2023-10-24,,Standard
1432,2217,12,3,2021-10-19,,Standard
1433,2217,15,5,2023-10-24,,Standard
1434,2225,22,1,2019-10-22,,Standard
1435,2229,26,1,2019-10-22,,Standard
1436,2229,26,2,2020-12-22,,Standard
1437,2229,11,2,2020-12-22,,Standard
1438,2229,15,3,2021-10-19,,Standard
1439,2229,20,5,2023-10-24,,Standard
1440,2231,30,5,2023-10-24,,Standard
1441,2231,15,5,2023-10-24,,Standard
1442,2241,24,1,2019-10-22,,Standard
1443,2241,21,2,2020-12-22,,Standard
1444,2241,21,3,2021-10-19,,Standard
1445,2241,10,4,2022-10-18,,Standard
1446,2241,6,5,2023-10-24,,Standard
1447,2245,23,2,2020-12-22,,Standard
1448,2245,23,3,2021-10-19,,Standard
1449,2245,21,4,2022-10-18,,Standard
1450,2245,21,5,2023-10-24,,Standard
1451,2249,12,1,2019-10-22,,Standard
1452,2249,3,2,2020-12-22,,Standard
1453,2249,5,3,2021-10-19,,Standard
1454,2249,30,3,2021-10-19,,Standard
1455,2249,19,3,2021-10-19,,Standard
1456,2249,27,4,2022-10-18,,Standard
1457,2256,22,1,2019-10-22,,Standard
1458,2256,22,3,2021-10-19,,Standard
1459,2259,24,1,2019-10-22,,Standard
1460,2259,24,2,2020-12-22,,Standard
1461,2259,24,3,2021-10-19,,Standard
1462,2259,24,4,2022-10-18,,Standard
1463,2259,3,4,2022-10-18,,Standard
1464,2259,3,5,2023-10-24,,Standard
1465,2271,28,3,2021-10-19,,Standard
1466,2287,1,3,2021-10-19,,Standard
1467,2287,1,4,2022-10-18,,Standard
1468,2287,1,5,2023-10-24,,Standard
1469,2288,16,1,2019-10-22,,Standard
1470,2288,18,1,2019-10-22,,Standard
1471,2288,7,2,2020-12-22,,Standard
1472,2288,19,2,2020-12-22,,Standard
1473,2288,3,3,2021-10-19,,Standard
1474,2288,12,4,2022-10-18,,Standard
1475,2288,12,5,2023-10-24,,Standard
1476,2289,2,3,2021-10-19,,Standard
1477,2292,27,1,2019-10-22,,Standard
1478,2292,27,2,2020-12-22,,Standard
1479,2292,27,3,2021-10-19,,Standard
1480,2292,27,4,2022-10-18,,Standard
1481,2292,27,5,2023-10-24,,Standard
1482,2295,13,3,2021-10-19,,Standard
1483,2295,25,3,2021-10-19,,Standard
1484,2295,25,4,2022-10-18,,Standard
1485,2295,3,5,2023-10-24,,Standard
1486,2298,21,5,2023-10-24,,Standard
1487,2315,28,1,2019-10-22,,Standard
1488,2315,28,2,2020-12-22,,Standard
1489,2315,14,3,2021-10-19,,Standard
1490,2315,27,4,2022-10-18,,Standard
1491,2320,24,1,2019-10-22,,Standard
1492,2320,3,1,2019-10-22,,Standard
1493,2320,3,2,2020-12-22,,Standard
1494,2320,23,3,2021-10-19,,Standard
1495,2320,27,3,2021-10-19,,Standard
1496,2327,8,1,2019-10-22,,Standard
1497,2327,8,2,2020-12-22,,Standard
1498,2327,8,3,2021-10-19,,Standard
1499,2327,8,4,2022-10-18,,Standard
1500,2327,8,5,2023-10-24,,Standard
1501,2336,7,3,2021-10-19,,Standard
1502,2336,8,3,2021-10-19,,Standard
1503,2336,5,4,2022-10-18,,Standard
1504,2340,26,5,2023-10-24,,Standard
1505,2343,1,1,2019-10-22,,Standard
1506,2343,24,2,2020-12-22,,Standard
1507,2343,14,2,2020-12-22,,Standard
1508,2343,26,2,2020-12-22,,Standard
1509,2343,26,3,2021-10-19,,Standard
1510,2343,14,4,2022-10-18,,Standard
1511,2343,29,4,2022-10-18,,Standard
1512,2343,6,5,2023-10-24,,Standard
1513,2355,19,3,2021-10-19,,Standard
1514,2355,19,4,2022-10-18,,Standard
1515,2355,19,5,2023-10-24,,Standard
1516,2360,14,3,2021-10-19,,Standard
1517,2365,4,3,2021-10-19,,Standard
1518,2365,4,4,2022-10-18,,Standard
1519,2372,11,2,2020-12-22,,Standard
1520,2372,23,2,2020-12-22,,Standard
1521,2372,14,3,2021-10-19,,Standard
1522,2372,26,5,2023-10-24,,Standard
1523,2384,27,2,2020-12-22,,Standard
1524,2384,27,3,2021-10-19,,Standard
1525,2384,27,4,2022-10-18,,Standard
1526,2384,27,5,2023-10-24,,Standard
1527,2385,15,1,2019-10-22,,Standard
1528,2385,15,2,2020-12-22,,Standard
1529,2385,15,3,2021-10-19,,Standard
1530,2385,15,4,2022-10-18,,Standard
1531,2385,30,5,2023-10-24,,Standard
1532,2393,16,1,2019-10-22,,Standard
1533,2393,25,2,2020-12-22,,Standard
1534,2393,5,3,2021-10-19,,Standard
1535,2393,5,4,2022-10-18,,Standard
1536,2393,7,5,2023-10-24,,Standard
1537,2395,3,1,2019-10-22,,Standard
1538,2395,3,2,2020-12-22,,Standard
1539,2395,14,3,2021-10-19,,Standard
1540,2395,23,3,2021-10-19,,Standard
1541,2395,8,4,2022-10-18,,Standard
1542,2395,8,5,2023-10-24,,Standard
1543,2406,26,1,2019-10-22,,Standard
1544,2406,26,2,2020-12-22,,Standard
1545,2406,9,2,2020-12-22,,Standard
1546,2406,9,3,2021-10-19,,Standard
1547,2406,9,4,2022-10-18,,Standard
1548,2406,10,5,2023-10-24,,Standard
1549,2410,16,4,2022-10-18,,Standard
1550,2410,16,5,2023-10-24,,Standard
1551,2412,29,4,2022-10-18,,Standard
1552,2412,29,5,2023-10-24,,Standard
1553,2413,13,1,2019-10-22,,Standard
1554,2413,13,2,2020-12-22,,Standard
1555,2413,6,2,2020-12-22,,Standard
1556,2413,2,4,2022-10-18,,Standard
1557,2420,24,1,2019-10-22,,Standard
1558,2420,24,2,2020-12-22,,Standard
1559,2420,24,3,2021-10-19,,Standard
1560,2420,1,4,2022-10-18,,Standard
1561,2420,11,4,2022-10-18,,Standard
1562,2439,20,4,2022-10-18,,Standard
1563,2453,9,1,2019-10-22,,Standard
1564,2453,13,2,2020-12-22,,Standard
1565,2453,13,3,2021-10-19,,Standard
1566,2453,13,4,2022-10-18,,Standard
1567,2453,15,4,2022-10-18,,Standard
1568,2453,15,5,2023-10-24,,Standard
1569,2467,29,4,2022-10-18,,Standard
1570,2467,29,5,2023-10-24,,Standard
1571,2469,23,3,2021-10-19,,Standard
1572,2469,9,3,2021-10-19,,Standard
1573,2469,9,4,2022-10-18,,Standard
1574,2469,8,5,2023-10-24,,Standard
1575,2475,4,1,2019-10-22,,Standard
1576,2475,7,1,2019-10-22,,Standard
1577,2491,7,3,2021-10-19,,Standard
1578,2495,9,1,2019-10-22,,Standard
1579,2495,26,2,2020-12-22,,Standard
1580,2495,26,3,2021-10-19,,Standard
1581,2495,23,4,2022-10-18,,Standard
1582,2506,30,3,2021-10-19,,Standard
1583,2506,30,4,2022-10-18,,Standard
1584,2506,30,5,2023-10-24,,Standard
1585,2511,7,1,2019-10-22,,Standard
1586,2511,7,2,2020-12-22,,Standard
1587,2511,7,3,2021-10-19,,Standard
1588,2511,7,4,2022-10-18,,Standard
1589,2511,7,5,2023-10-24,,Standard
1590,2522,6,1,2019-10-22,,Standard
1591,2522,9,1,2019-10-22,,Standard
1592,2522,7,3,2021-10-19,,Standard
1593,2524,1,2,2020-12-22,,Standard
1594,2524,18,3,2021-10-19,,Standard
1595,2524,18,4,2022-10-18,,Standard
1596,2532,20,1,2019-10-22,,Standard
1597,2532,20,2,2020-12-22,,Standard
1598,2532,20,3,2021-10-19,,Standard
1599,2532,1,3,2021-10-19,,Standard
1600,2532,9,4,2022-10-18,,Standard
1601,2532,25,4,2022-10-18,,Standard
1602,2532,9,5,2023-10-24,,Standard
1603,2537,28,4,2022-10-18,,Standard
1604,2541,15,1,2019-10-22,,Standard
1605,2541,15,2,2020-12-22,,Standard
1606,2541,15,3,2021-10-19,,Standard
1607,2541,15,4,2022-10-18,,Standard
1608,2541,15,5,2023-10-24,,Standard
1609,2544,23,1,2019-10-22,,Standard
1610,2544,23,2,2020-12-22,,Standard
1611,2544,23,3,2021-10-19,,Standard
1612,2544,23,4,2022-10-18,,Standard
1613,2544,23,5,2023-10-24,,Standard
1614,2546,5,1,2019-10-22,,Standard
1615,2546,5,2,2020-12-22,,Standard
1616,2546,2,2,2020-12-22,,Standard
1617,2546,6,3,2021-10-19,,Standard
1618,2546,17,3,2021-10-19,,Standard
1619,2546,2,3,2021-10-19,,Standard
1620,2546,2,4,2022-10-18,,Standard
1621,2546,2,5,2023-10-24,,Standard
1622,2548,17,1,2019-10-22,,Standard
1623,2561,21,3,2021-10-19,,Standard
1624,2561,1,4,2022-10-18,,Standard
1625,2561,1,5,2023-10-24,,Standard
1626,2574,4,3,2021-10-19,,Standard
1627,2575,10,3,2021-10-19,,Standard
1628,2575,10,4,2022-10-18,,Standard
1629,2575,10,5,2023-10-24,,Standard
1630,2579,3,1,2019-10-22,,Standard
1631,2579,3,2,2020-12-22,,Standard
1632,2579,11,2,2020-12-22,,Standard
1633,2579,17,2,2020-12-22,,Standard
1634,2582,14,1,2019-10-22,,Standard
1635,2582,14,2,2020-12-22,,Standard
1636,2582,30,3,2021-10-19,,Standard
1637,2582,30,4,2022-10-18,,Standard
1638,2582,30,5,2023-10-24,,Standard
1639,2588,15,4,2022-10-18,,Standard
1640,2588,15,5,2023-10-24,,Standard
1641,2591,5,1,2019-10-22,,Standard
1642,2591,5,2,2020-12-22,,Standard
1643,2591,5,3,2021-10-19,,Standard
1644,2591,5,4,2022-10-18,,Standard
1645,2591,5,5,2023-10-24,,Standard
1646,2592,25,1,2019-10-22,,Standard
1647,2599,11,2,2020-12-22,,Standard
1648,2599,27,3,2021-10-19,,Standard
1649,2599,10,4,2022-10-18,,Standard
1650,2601,12,1,2019-10-22,,Standard
1651,2601,12,2,2020-12-22,,Standard
1652,2601,12,3,2021-10-19,,Standard
1653,2601,26,3,2021-10-19,,Standard
1654,2607,27,3,2021-10-19,,Standard
1655,2607,24,4,2022-10-18,,Standard
1656,2607,11,5,2023-10-24,,Standard
1657,2617,2,1,2019-10-22,,Standard
1658,2617,2,2,2020-12-22,,Standard
1659,2617,2,3,2021-10-19,,Standard
1660,2617,27,3,2021-10-19,,Standard
1661,2617,27,4,2022-10-18,,Standard
1662,2636,22,1,2019-10-22,,Standard
1663,2639,18,4,2022-10-18,,Standard
1664,2639,7,4,2022-10-18,,Standard
1665,2639,7,5,2023-10-24,,Standard
1666,2642,18,1,2019-10-22,,Standard
1667,2642,18,2,2020-12-22,,Standard
1668,2642,18,3,2021-10-19,,Standard
1669,2644,3,1,2019-10-22,,Standard
1670,2644,3,2,2020-12-22,,Standard
1671,2644,12,2,2020-12-22,,Standard
1672,2644,12,3,2021-10-19,,Standard
1673,2644,6,3,2021-10-19,,Standard
1674,2644,6,4,2022-10-18,,Standard
1675,2644,6,5,2023-10-24,,Standard
1676,2645,12,1,2019-10-22,,Standard
1677,2645,25,2,2020-12-22,,Standard
1678,2651,24,1,2019-10-22,,Standard
1679,2651,12,2,2020-12-22,,Standard
1680,2655,7,1,2019-10-22,,Standard
1681,2656,10,1,2019-10-22,,Standard
1682,2656,10,2,2020-12-22,,Standard
1683,2656,10,3,2021-10-19,,Standard
1684,2656,24,4,2022-10-18,,Standard
1685,2667,9,2,2020-12-22,,Standard
1686,2667,9,3,2021-10-19,,Standard
1687,2667,23,4,2022-10-18,,Standard
1688,2667,24,4,2022-10-18,,Standard
1689,2667,24,5,2023-10-24,,Standard
1690,2673,1,1,2019-10-22,,Standard
1691,2673,26,1,2019-10-22,,Standard
1692,2673,28,2,2020-12-22,,Standard
1693,2673,30,2,2020-12-22,,Standard
1694,2673,26,3,2021-10-19,,Standard
1695,2673,26,4,2022-10-18,,Standard
1696,2673,26,5,2023-10-24,,Standard
1697,2677,13,1,2019-10-22,,Standard
1698,2677,13,2,2020-12-22,,Standard
1699,2677,13,4,2022-10-18,,Standard
1700,2677,13,5,2023-10-24,,Standard
1701,2678,16,1,2019-10-22,,Standard
1702,2678,16,2,2020-12-22,,Standard
1703,2678,17,4,2022-10-18,,Standard
1704,2695,14,5,2023-10-24,,Standard
1705,2700,4,3,2021-10-19,,Standard
1706,2701,19,2,2020-12-22,,Standard
1707,2701,19,3,2021-10-19,,Standard
1708,2701,19,4,2022-10-18,,Standard
1709,2701,19,5,2023-10-24,,Standard
1710,2701,28,5,2023-10-24,,Standard
1711,2701,29,5,2023-10-24,,Standard
1712,2704,19,5,2023-10-24,,Standard
1713,2707,25,1,2019-10-22,,Standard
1714,2707,25,2,2020-12-22,,Standard
1715,2707,25,3,2021-10-19,,Standard
1716,2707,25,4,2022-10-18,,Standard
1717,2707,17,5,2023-10-24,,Standard
1718,2711,25,1,2019-10-22,,Standard
1719,2711,25,2,2020-12-22,,Standard
1720,2711,25,3,2021-10-19,,Standard
1721,2711,25,4,2022-10-18,,Standard
1722,2711,24,5,2023-10-24,,Standard
1723,2712,7,5,2023-10-24,,Standard
1724,2713,9,3,2021-10-19,,Standard
1725,2713,9,4,2022-10-18,,Standard
1726,2713,9,5,2023-10-24,,Standard
1727,2714,17,5,2023-10-24,,Standard
1728,2729,15,4,2022-10-18,,Standard
1729,2729,15,5,2023-10-24,,Standard
1730,2729,23,5,2023-10-24,,Standard
1731,2729,29,5,2023-10-24,,Standard
1732,2738,10,1,2019-10-22,,Standard
1733,2738,10,2,2020-12-22,,Standard
1734,2738,10,3,2021-10-19,,Standard
1735,2738,10,4,2022-10-18,,Standard
1736,2738,10,5,2023-10-24,,Standard
1737,2739,17,1,2019-10-22,,Standard
1738,2739,17,2,2020-12-22,,Standard
1739,2739,17,3,2021-10-19,,Standard
1740,2739,17,4,2022-10-18,,Standard
1741,2739,17,5,2023-10-24,,Standard
1742,2742,17,1,2019-10-22,,Standard
1743,2742,30,2,2020-12-22,,Standard
1744,2742,22,3,2021-10-19,,Standard
1745,2742,6,4,2022-10-18,,Standard
1746,2742,17,5,2023-10-24,,Standard
1747,2747,19,2,2020-12-22,,Standard
1748,2747,19,3,2021-10-19,,Standard
1749,2747,25,3,2021-10-19,,Standard
1750,2750,6,1,2019-10-22,,Standard
1751,2750,6,2,2020-12-22,,Standard
1752,2750,6,3,2021-10-19,,Standard
1753,2750,6,4,2022-10-18,,Standard
1754,2750,16,4,2022-10-18,,Standard
1755,2750,16,5,2023-10-24,,Standard
1756,2756,28,1,2019-10-22,,Standard
1757,2756,28,2,2020-12-22,,Standard
1758,2756,16,3,2021-10-19,,Standard
1759,2756,16,4,2022-10-18,,Standard
1760,2756,16,5,2023-10-24,,Standard
1761,2756,23,5,2023-10-24,,Standard
1762,2770,24,3,2021-10-19,,Standard
1763,2771,1,5,2023-10-24,,Standard
1764,2772,3,1,2019-10-22,,Standard
1765,2772,3,2,2020-12-22,,Standard
1766,2772,1,3,2021-10-19,,Standard
1767,2774,27,1,2019-10-22,,Standard
1768,2774,27,2,2020-12-22,,Standard
1769,2774,9,3,2021-10-19,,Standard
1770,2774,26,3,2021-10-19,,Standard
1771,2774,26,4,2022-10-18,,Standard
1772,2774,26,5,2023-10-24,,Standard
1773,2793,16,1,2019-10-22,,Standard
1774,2795,6,1,2019-10-22,,Standard
1775,2802,22,1,2019-10-22,,Standard
1776,2807,30,1,2019-10-22,,Standard
1777,2813,9,1,2019-10-22,,Standard
1778,2813,6,2,2020-12-22,,Standard
1779,2815,21,2,2020-12-22,,Standard
1780,2815,21,3,2021-10-19,,Standard
1781,2815,4,4,2022-10-18,,Standard
1782,2815,4,5,2023-10-24,,Standard
1783,2815,24,5,2023-10-24,,Standard
1784,2822,17,3,2021-10-19,,Standard
1785,2822,17,4,2022-10-18,,Standard
1786,2822,27,4,2022-10-18,,Standard
1787,2822,27,5,2023-10-24,,Standard
1788,2828,13,1,2019-10-22,,Standard
1789,2828,13,2,2020-12-22,,Standard
1790,2828,13,3,2021-10-19,,Standard
1791,2828,13,4,2022-10-18,,Standard
1792,2828,13,5,2023-10-24,,Standard
1793,2829,21,3,2021-10-19,,Standard
1794,2829,21,4,2022-10-18,,Standard
1795,2829,21,5,2023-10-24,,Standard
1796,2829,4,5,2023-10-24,,Standard
1797,2833,10,2,2020-12-22,,Standard
1798,2845,7,1,2019-10-22,,Standard
1799,2845,7,2,2020-12-22,,Standard
1800,2845,7,3,2021-10-19,,Standard
1801,2845,11,4,2022-10-18,,Standard
1802,2845,11,5,2023-10-24,,Standard
1803,2846,5,1,2019-10-22,,Standard
1804,2846,5,2,2020-12-22,,Standard
1805,2846,6,3,2021-10-19,,Standard
1806,2846,29,4,2022-10-18,,Standard
1807,2846,29,5,2023-10-24,,Standard
1808,2855,19,2,2020-12-22,,Standard
1809,2855,19,3,2021-10-19,,Standard
1810,2855,19,4,2022-10-18,,Standard
1811,2855,19,5,2023-10-24,,Standard
1812,2863,4,1,2019-10-22,,Standard
1813,2863,4,2,2020-12-22,,Standard
1814,2863,16,3,2021-10-19,,Standard
1815,2863,16,4,2022-10-18,,Standard
1816,2863,16,5,2023-10-24,,Standard
1817,2865,4,1,2019-10-22,,Standard
1818,2865,4,2,2020-12-22,,Standard
1819,2865,4,3,2021-10-19,,Standard
1820,2865,4,4,2022-10-18,,Standard
1821,2865,4,5,2023-10-24,,Standard
1822,2874,3,1,2019-10-22,,Standard
1823,2874,6,2,2020-12-22,,Standard
1824,2875,11,2,2020-12-22,,Standard
1825,2875,11,3,2021-10-19,,Standard
1826,2875,11,4,2022-10-18,,Standard
1827,2875,13,5,2023-10-24,,Standard
1828,2875,23,5,2023-10-24,,Standard
1829,2876,18,1,2019-10-22,,Standard
1830,2876,12,2,2020-12-22,,Standard
1831,2876,12,3,2021-10-19,,Standard
1832,2876,2,3,2021-10-19,,Standard
1833,2884,1,4,2022-10-18,,Standard
1834,2890,17,1,2019-10-22,,Standard
1835,2890,22,2,2020-12-22,,Standard
1836,2895,30,1,2019-10-22,,Standard
1837,2895,30,2,2020-12-22,,Standard
1838,2895,11,3,2021-10-19,,Standard
1839,2895,11,4,2022-10-18,,Standard
1840,2895,1,4,2022-10-18,,Standard
1841,2895,1,5,2023-10-24,,Standard
1842,2898,12,4,2022-10-18,,Standard
1843,2898,12,5,2023-10-24,,Standard
1844,2901,17,1,2019-10-22,,Standard
1845,2901,14,2,2020-12-22,,Standard
1846,2901,17,3,2021-10-19,,Standard
1847,2901,17,4,2022-10-18,,Standard
1848,2901,1,5,2023-10-24,,Standard
1849,2904,23,2,2020-12-22,,Standard
1850,2904,23,3,2021-10-19,,Standard
1851,2904,23,4,2022-10-18,,Standard
1852,2904,23,5,2023-10-24,,Standard
1853,2918,1,2,2020-12-22,,Standard
1854,2918,1,3,2021-10-19,,Standard
1855,2918,25,4,2022-10-18,,Standard
1856,2918,25,5,2023-10-24,,Standard
1857,2918,14,5,2023-10-24,,Standard
1858,2922,11,1,2019-10-22,,Standard
1859,2928,20,3,2021-10-19,,Standard
1860,2928,20,4,2022-10-18,,Standard
1861,2928,20,5,2023-10-24,,Standard
1862,2944,28,1,2019-10-22,,Standard
1863,2944,28,2,2020-12-22,,Standard
1864,2950,5,3,2021-10-19,,Standard
1865,2950,14,3,2021-10-19,,Standard
1866,2950,23,4,2022-10-18,,Standard
1867,2951,25,1,2019-10-22,,Standard
1868,2951,25,2,2020-12-22,,Standard
1869,2951,25,3,2021-10-19,,Standard
1870,2951,19,3,2021-10-19,,Standard
1871,2951,19,4,2022-10-18,,Standard
1872,2951,19,5,2023-10-24,,Standard
1873,2954,12,1,2019-10-22,,Standard
1874,2954,12,2,2020-12-22,,Standard
1875,2954,12,3,2021-10-19,,Standard
1876,2954,12,4,2022-10-18,,Standard
1877,2954,12,5,2023-10-24,,Standard
1878,2968,18,2,2020-12-22,,Standard
1879,2968,18,3,2021-10-19,,Standard
1880,2968,18,4,2022-10-18,,Standard
1881,2968,18,5,2023-10-24,,Standard
1882,2969,4,1,2019-10-22,,Standard
1883,2969,4,2,2020-12-22,,Standard
1884,2969,4,3,2021-10-19,,Standard
1885,2969,4,4,2022-10-18,,Standard
1886,2969,23,4,2022-10-18,,Standard
1887,2969,28,5,2023-10-24,,Standard
1888,2972,12,1,2019-10-22,,Standard
1889,2972,12,2,2020-12-22,,Standard
1890,2972,27,3,2021-10-19,,Standard
1891,2972,27,4,2022-10-18,,Standard
1892,2972,27,5,2023-10-24,,Standard
1893,2972,12,5,2023-10-24,,Standard
1894,2973,15,2,2020-12-22,,Standard
1895,2983,14,1,2019-10-22,,Standard
1896,2983,6,2,2020-12-22,,Standard
1897,2983,8,2,2020-12-22,,Standard
1898,2983,24,3,2021-10-19,,Standard
1899,2983,7,4,2022-10-18,,Standard
1900,2983,26,5,2023-10-24,,Standard
1901,2988,4,4,2022-10-18,,Standard
1902,2988,4,5,2023-10-24,,Standard
1903,2992,13,1,2019-10-22,,Standard
1904,2992,9,2,2020-12-22,,Standard
1905,2992,9,3,2021-10-19,,Standard
1906,2992,9,4,2022-10-18,,Standard
1907,3010,6,1,2019-10-22,,Standard
1908,3010,14,2,2020-12-22,,Standard
1909,3010,5,3,2021-10-19,,Standard
1910,3012,18,1,2019-10-22,,Standard
1911,3012,18,2,2020-12-22,,Standard
1912,3012,18,3,2021-10-19,,Standard
1913,3012,18,4,2022-10-18,,Standard
1914,3012,18,5,2023-10-24,,Standard
1915,3013,11,1,2019-10-22,,Standard
1916,3013,11,2,2020-12-22,,Standard
1917,3013,14,2,2020-12-22,,Standard
1918,3013,25,3,2021-10-19,,Standard
1919,3035,30,1,2019-10-22,,Standard
1920,3035,8,1,2019-10-22,,Standard
1921,3035,9,1,2019-10-22,,Standard
1922,3053,19,1,2019-10-22,,Standard
1923,3053,19,2,2020-12-22,,Standard
1924,3053,7,2,2020-12-22,,Standard
1925,3055,15,1,2019-10-22,,Standard
1926,3055,15,2,2020-12-22,,Standard
1927,3055,15,3,2021-10-19,,Standard
1928,3055,23,4,2022-10-18,,Standard
1929,3055,23,5,2023-10-24,,Standard
1930,3066,17,2,2020-12-22,,Standard
1931,3066,15,3,2021-10-19,,Standard
1932,3066,6,4,2022-10-18,,Standard
1933,3066,6,5,2023-10-24,,Standard
1934,3068,27,1,2019-10-22,,Standard
1935,3068,26,2,2020-12-22,,Standard
1936,3068,26,3,2021-10-19,,Standard
1937,3068,26,4,2022-10-18,,Standard
1938,3068,24,5,2023-10-24,,Standard
1939,3068,9,5,2023-10-24,,Standard
1940,3073,21,5,2023-10-24,,Standard
1941,3073,4,5,2023-10-24,,Standard
1942,3075,17,1,2019-10-22,,Standard
1943,3075,17,2,2020-12-22,,Standard
1944,3075,17,3,2021-10-19,,Standard
1945,3075,17,4,2022-10-18,,Standard
1946,3075,17,5,2023-10-24,,Standard
1947,3085,30,1,2019-10-22,,Standard
1948,3085,2,3,2021-10-19,,Standard
1949,3096,4,5,2023-10-24,,Standard
1950,3097,21,2,2020-12-22,,Standard
1951,3103,13,5,2023-10-24,,Standard
1952,3104,18,5,2023-10-24,,Standard
1953,3105,28,1,2019-10-22,,Standard
1954,3113,27,1,2019-10-22,,Standard
1955,3113,27,2,2020-12-22,,Standard
1956,3113,3,3,2021-10-19,,Standard
1957,3113,3,4,2022-10-18,,Standard
1958,3113,1,5,2023-10-24,,Standard
1959,3113,16,5,2023-10-24,,Standard
1960,3116,8,1,2019-10-22,,Standard
1961,3116,8,2,2020-12-22,,Standard
1962,3116,3,3,2021-10-19,,Standard
1963,3116,23,3,2021-10-19,,Standard
1964,3117,23,1,2019-10-22,,Standard
1965,3117,23,2,2020-12-22,,Standard
1966,3117,23,3,2021-10-19,,Standard
1967,3117,23,4,2022-10-18,,Standard
1968,3117,18,5,2023-10-24,,Standard
1969,3117,9,5,2023-10-24,,Standard
1970,3117,20,5,2023-10-24,,Standard
1971,3118,25,4,2022-10-18,,Standard
1972,3118,25,5,2023-10-24,,Standard
1973,3125,18,4,2022-10-18,,Standard
1974,3125,18,5,2023-10-24,,Standard
1975,3131,26,3,2021-10-19,,Standard
1976,3131,26,4,2022-10-18,,Standard
1977,3131,26,5,2023-10-24,,Standard
1978,3132,29,1,2019-10-22,,Standard
1979,3132,29,2,2020-12-22,,Standard
1980,3132,29,3,2021-10-19,,Standard
1981,3132,6,4,2022-10-18,,Standard
1982,3132,6,5,2023-10-24,,Standard
1983,3139,12,1,2019-10-22,,Standard
1984,3144,6,3,2021-10-19,,Standard
1985,3144,6,4,2022-10-18,,Standard
1986,3144,6,5,2023-10-24,,Standard
1987,3145,6,4,2022-10-18,,Standard
1988,3145,6,5,2023-10-24,,Standard
1989,3152,5,1,2019-10-22,,Standard
1990,3152,5,2,2020-12-22,,Standard
1991,3156,26,4,2022-10-18,,Standard
1992,3159,4,1,2019-10-22,,Standard
1993,3159,4,2,2020-12-22,,Standard
1994,3159,14,3,2021-10-19,,Standard
1995,3159,26,4,2022-10-18,,Standard
1996,3159,26,5,2023-10-24,,Standard
1997,3161,30,3,2021-10-19,,Standard
1998,3161,17,3,2021-10-19,,Standard
1999,3161,29,3,2021-10-19,,Standard
2000,3161,18,3,2021-10-19,,Standard
2001,3166,10,3,2021-10-19,,Standard
2002,3166,10,4,2022-10-18,,Standard
2003,3166,10,5,2023-10-24,,Standard
2004,3168,13,3,2021-10-19,,Standard
2005,3168,13,4,2022-10-18,,Standard
2006,3168,13,5,2023-10-24,,Standard
2007,3170,6,1,2019-10-22,,Standard
2008,3170,20,3,2021-10-19,,Standard
2009,3173,19,1,2019-10-22,,Standard
2010,3173,24,2,2020-12-22,,Standard
2011,3180,25,5,2023-10-24,,Standard
2012,3182,18,4,2022-10-18,,Standard
2013,3182,18,5,2023-10-24,,Standard
2014,3184,15,1,2019-10-22,,Standard
2015,3184,15,2,2020-12-22,,Standard
2016,3184,15,3,2021-10-19,,Standard
2017,3184,15,4,2022-10-18,,Standard
2018,3184,15,5,2023-10-24,,Standard
2019,3188,29,1,2019-10-22,,Standard
2020,3188,29,2,2020-12-22,,Standard
2021,3188,28,3,2021-10-19,,Standard
2022,3188,2,3,2021-10-19,,Standard
2023,3195,27,3,2021-10-19,,Standard
2024,3196,9,1,2019-10-22,,Standard
2025,3196,14,1,2019-10-22,,Standard
2026,3196,14,2,2020-12-22,,Standard
2027,3196,16,3,2021-10-19,,Standard
2028,3196,3,4,2022-10-18,,Standard
2029,3196,7,4,2022-10-18,,Standard
2030,3196,7,5,2023-10-24,,Standard
2031,3198,8,1,2019-10-22,,Standard
2032,3198,8,2,2020-12-22,,Standard
2033,3198,8,3,2021-10-19,,Standard
2034,3198,30,4,2022-10-18,,Standard
2035,3198,9,5,2023-10-24,,Standard
2036,3198,18,5,2023-10-24,,Standard
2037,3201,20,1,2019-10-22,,Standard
2038,3201,13,1,2019-10-22,,Standard
2039,3201,13,2,2020-12-22,,Standard
2040,3201,13,3,2021-10-19,,Standard
2041,3201,13,4,2022-10-18,,Standard
2042,3201,23,5,2023-10-24,,Standard
2043,3201,6,5,2023-10-24,,Standard
2044,3213,13,1,2019-10-22,,Standard
2045,3219,29,1,2019-10-22,,Standard
2046,3219,26,3,2021-10-19,,Standard
2047,3222,10,1,2019-10-22,,Standard
2048,3222,10,2,2020-12-22,,Standard
2049,3222,22,3,2021-10-19,,Standard
2050,3222,16,3,2021-10-19,,Standard
2051,3245,19,3,2021-10-19,,Standard
2052,3245,19,4,2022-10-18,,Standard
2053,3245,19,5,2023-10-24,,Standard
2054,3246,27,1,2019-10-22,,Standard
2055,3246,27,2,2020-12-22,,Standard
2056,3246,27,3,2021-10-19,,Standard
2057,3246,1,4,2022-10-18,,Standard
2058,3246,1,5,2023-10-24,,Standard
2059,3248,8,1,2019-10-22,,Standard
2060,3248,8,2,2020-12-22,,Standard
2061,3248,8,4,2022-10-18,,Standard
2062,3248,8,5,2023-10-24,,Standard
2063,3249,26,4,2022-10-18,,Standard
2064,3249,26,5,2023-10-24,,Standard
2065,3251,25,5,2023-10-24,,Standard
2066,3257,3,1,2019-10-22,,Standard
2067,3258,21,1,2019-10-22,,Standard
2068,3258,21,2,2020-12-22,,Standard
2069,3258,21,3,2021-10-19,,Standard
2070,3258,21,4,2022-10-18,,Standard
2071,3258,2,4,2022-10-18,,Standard
2072,3258,30,5,2023-10-24,,Standard
2073,3258,9,5,2023-10-24,,Standard
2074,3258,21,5,2023-10-24,,Standard
2075,3264,9,1,2019-10-22,,Standard
2076,3264,9,2,2020-12-22,,Standard
2077,3264,21,2,2020-12-22,,Standard
2078,3264,28,3,2021-10-19,,Standard
2079,3264,20,4,2022-10-18,,Standard
2080,3264,4,4,2022-10-18,,Standard
2081,3264,2,5,2023-10-24,,Standard
2082,3270,21,1,2019-10-22,,Standard
2083,3270,24,2,2020-12-22,,Standard
2084,3270,24,3,2021-10-19,,Standard
2085,3276,6,5,2023-10-24,,Standard
2086,3277,6,1,2019-10-22,,Standard
2087,3277,6,2,2020-12-22,,Standard
2088,3277,25,3,2021-10-19,,Standard
2089,3277,19,3,2021-10-19,,Standard
2090,3277,19,4,2022-10-18,,Standard
2091,3277,19,5,2023-10-24,,Standard
2092,3278,18,1,2019-10-22,,Standard
2093,3278,30,1,2019-10-22,,Standard
2094,3305,12,4,2022-10-18,,Standard
2095,3305,12,5,2023-10-24,,Standard
2096,3308,6,3,2021-10-19,,Standard
2097,3310,2,2,2020-12-22,,Standard
2098,3310,2,3,2021-10-19,,Standard
2099,3310,12,4,2022-10-18,,Standard
2100,3310,12,5,2023-10-24,,Standard
2101,3313,23,1,2019-10-22,,Standard
2102,3313,30,2,2020-12-22,,Standard
2103,3313,30,3,2021-10-19,,Standard
2104,3313,6,4,2022-10-18,,Standard
2105,3326,29,1,2019-10-22,,Standard
2106,3326,29,2,2020-12-22,,Standard
2107,3326,23,3,2021-10-19,,Standard
2108,3326,23,4,2022-10-18,,Standard
2109,3326,6,5,2023-10-24,,Standard
2110,3337,11,3,2021-10-19,,Standard
2111,3337,11,4,2022-10-18,,Standard
2112,3337,18,5,2023-10-24,,Standard
2113,3340,8,2,2020-12-22,,Standard
2114,3340,8,3,2021-10-19,,Standard
2115,3340,8,4,2022-10-18,,Standard
2116,3340,8,5,2023-10-24,,Standard
2117,3341,13,1,2019-10-22,,Standard
2118,3345,21,1,2019-10-22,,Standard
2119,3345,20,2,2020-12-22,,Standard
2120,3345,20,3,2021-10-19,,Standard
2121,3345,9,4,2022-10-18,,Standard
2122,3345,3,4,2022-10-18,,Standard
2123,3365,18,1,2019-10-22,,Standard
2124,3365,18,2,2020-12-22,,Standard
2125,3365,18,3,2021-10-19,,Standard
2126,3365,18,4,2022-10-18,,Standard
2127,3365,15,5,2023-10-24,,Standard
2128,3365,9,5,2023-10-24,,Standard
2129,3369,20,1,2019-10-22,,Standard
2130,3369,20,2,2020-12-22,,Standard
2131,3369,7,3,2021-10-19,,Standard
2132,3369,7,4,2022-10-18,,Standard
2133,3369,4,5,2023-10-24,,Standard
2134,3370,16,1,2019-10-22,,Standard
2135,3370,16,2,2020-12-22,,Standard
2136,3370,14,4,2022-10-18,,Standard
2137,3370,30,4,2022-10-18,,Standard
2138,3371,19,2,2020-12-22,,Standard
2139,3372,25,1,2019-10-22,,Standard
2140,3372,25,2,2020-12-22,,Standard
2141,3372,25,3,2021-10-19,,Standard
2142,3372,25,4,2022-10-18,,Standard
2143,3372,24,5,2023-10-24,,Standard
2144,3374,3,1,2019-10-22,,Standard
2145,3374,11,2,2020-12-22,,Standard
2146,3374,11,3,2021-10-19,,Standard
2147,3375,17,2,2020-12-22,,Standard
2148,3375,17,3,2021-10-19,,Standard
2149,3375,17,4,2022-10-18,,Standard
2150,3375,12,4,2022-10-18,,Standard
2151,3375,12,5,2023-10-24,,Standard
2152,3375,28,5,2023-10-24,,Standard
2153,3394,29,1,2019-10-22,,Standard
2154,3394,29,2,2020-12-22,,Standard
2155,3394,29,3,2021-10-19,,Standard
2156,3394,3,4,2022-10-18,,Standard
2157,3394,3,5,2023-10-24,,Standard
2158,3394,24,5,2023-10-24,,Standard
2159,3396,23,1,2019-10-22,,Standard
2160,3411,2,1,2019-10-22,,Standard
2161,3411,2,2,2020-12-22,,Standard
2162,3411,17,3,2021-10-19,,Standard
2163,3411,13,3,2021-10-19,,Standard
2164,3413,19,1,2019-10-22,,Standard
2165,3413,9,2,2020-12-22,,Standard
2166,3415,22,2,2020-12-22,,Standard
2167,3415,22,3,2021-10-19,,Standard
2168,3415,22,4,2022-10-18,,Standard
2169,3415,22,5,2023-10-24,,Standard
2170,3416,24,1,2019-10-22,,Standard
2171,3417,18,1,2019-10-22,,Standard
2172,3417,18,2,2020-12-22,,Standard
2173,3417,18,3,2021-10-19,,Standard
2174,3417,24,4,2022-10-18,,Standard
2175,3417,24,5,2023-10-24,,Standard
2176,3418,1,2,2020-12-22,,Standard
2177,3418,1,3,2021-10-19,,Standard
2178,3418,1,4,2022-10-18,,Standard
2179,3418,1,5,2023-10-24,,Standard
2180,3419,6,2,2020-12-22,,Standard
2181,3419,6,3,2021-10-19,,Standard
2182,3419,6,4,2022-10-18,,Standard
2183,3419,6,5,2023-10-24,,Standard
2184,3420,16,1,2019-10-22,,Standard
2185,3420,16,2,2020-12-22,,Standard
2186,3420,16,3,2021-10-19,,Standard
2187,3420,26,4,2022-10-18,,Standard
2188,3422,12,1,2019-10-22,,Standard
2189,3422,12,2,2020-12-22,,Standard
2190,3422,11,2,2020-12-22,,Standard
2191,3422,16,2,2020-12-22,,Standard
2192,3422,16,3,2021-10-19,,Standard
2193,3422,16,4,2022-10-18,,Standard
2194,3439,16,1,2019-10-22,,Standard
2195,3439,16,2,2020-12-22,,Standard
2196,3439,11,2,2020-12-22,,Standard
2197,3439,9,3,2021-10-19,,Standard
2198,3439,29,4,2022-10-18,,Standard
2199,3439,29,5,2023-10-24,,Standard
2200,3439,28,5,2023-10-24,,Standard
2201,3441,7,3,2021-10-19,,Standard
2202,3441,21,4,2022-10-18,,Standard
2203,3441,9,4,2022-10-18,,Standard
2204,3441,30,5,2023-10-24,,Standard
2205,3442,29,1,2019-10-22,,Standard
2206,3442,29,2,2020-12-22,,Standard
2207,3442,29,3,2021-10-19,,Standard
2208,3451,6,1,2019-10-22,,Standard
2209,3451,6,2,2020-12-22,,Standard
2210,3451,6,3,2021-10-19,,Standard
2211,3451,6,4,2022-10-18,,Standard
2212,3451,27,5,2023-10-24,,Standard
2213,3457,13,2,2020-12-22,,Standard
2214,3457,28,3,2021-10-19,,Standard
2215,3458,24,1,2019-10-22,,Standard
2216,3458,10,2,2020-12-22,,Standard
2217,3458,4,3,2021-10-19,,Standard
2218,3458,4,4,2022-10-18,,Standard
2219,3458,23,5,2023-10-24,,Standard
2220,3471,24,1,2019-10-22,,Standard
2221,3494,10,1,2019-10-22,,Standard
2222,3499,1,1,2019-10-22,,Standard
2223,3499,26,1,2019-10-22,,Standard
2224,3499,26,2,2020-12-22,,Standard
2225,3499,2,2,2020-12-22,,Standard
2226,3499,2,3,2021-10-19,,Standard
2227,3508,1,1,2019-10-22,,Standard
2228,3509,10,1,2019-10-22,,Standard
2229,3509,10,2,2020-12-22,,Standard
2230,3509,29,3,2021-10-19,,Standard
2231,3510,30,1,2019-10-22,,Standard
2232,3510,30,2,2020-12-22,,Standard
2233,3519,13,1,2019-10-22,,Standard
2234,3519,13,2,2020-12-22,,Standard
2235,3524,21,1,2019-10-22,,Standard
2236,3524,11,2,2020-12-22,,Standard
2237,3526,21,1,2019-10-22,,Standard
2238,3526,24,2,2020-12-22,,Standard
2239,3526,24,3,2021-10-19,,Standard
2240,3526,24,4,2022-10-18,,Standard
2241,3526,10,5,2023-10-24,,Standard
2242,3536,24,1,2019-10-22,,Standard
2243,3536,24,2,2020-12-22,,Standard
2244,3536,24,3,2021-10-19,,Standard
2245,3536,24,4,2022-10-18,,Standard
2246,3536,17,5,2023-10-24,,Standard
2247,3536,23,5,2023-10-24,,Standard
2248,3539,20,1,2019-10-22,,Standard
2249,3539,20,2,2020-12-22,,Standard
2250,3539,24,3,2021-10-19,,Standard
2251,3542,30,1,2019-10-22,,Standard
2252,3542,10,2,2020-12-22,,Standard
2253,3542,10,3,2021-10-19,,Standard
2254,3542,25,4,2022-10-18,,Standard
2255,3542,10,4,2022-10-18,,Standard
2256,3542,10,5,2023-10-24,,Standard
2257,3552,23,1,2019-10-22,,Standard
2258,3552,3,2,2020-12-22,,Standard
2259,3552,26,2,2020-12-22,,Standard
2260,3552,20,2,2020-12-22,,Standard
2261,3552,29,3,2021-10-19,,Standard
2262,3568,3,2,2020-12-22,,Standard
2263,3568,12,3,2021-10-19,,Standard
2264,3568,25,3,2021-10-19,,Standard
2265,3577,2,5,2023-10-24,,Standard
2266,3596,5,5,2023-10-24,,Standard
2267,3599,8,5,2023-10-24,,Standard
2268,3600,9,3,2021-10-19,,Standard
2269,3609,3,1,2019-10-22,,Standard
2270,3609,20,2,2020-12-22,,Standard
2271,3609,7,3,2021-10-19,,Standard
2272,3609,7,4,2022-10-18,,Standard
2273,3613,14,4,2022-10-18,,Standard
2274,3613,15,5,2023-10-24,,Standard
2275,3620,8,1,2019-10-22,,Standard
2276,3620,9,2,2020-12-22,,Standard
2277,3620,4,3,2021-10-19,,Standard
2278,3620,4,4,2022-10-18,,Standard
2279,3620,13,4,2022-10-18,,Standard
2280,3620,13,5,2023-10-24,,Standard
2281,3624,10,5,2023-10-24,,Standard
2282,3625,27,1,2019-10-22,,Standard
2283,3625,27,2,2020-12-22,,Standard
2284,3625,27,3,2021-10-19,,Standard
2285,3625,27,4,2022-10-18,,Standard
2286,3625,28,4,2022-10-18,,Standard
2287,3625,28,5,2023-10-24,,Standard
2288,3626,2,1,2019-10-22,,Standard
2289,3626,23,2,2020-12-22,,Standard
2290,3627,21,2,2020-12-22,,Standard
2291,3627,21,3,2021-10-19,,Standard
2292,3627,21,4,2022-10-18,,Standard
2293,3627,21,5,2023-10-24,,Standard
2294,3627,4,5,2023-10-24,,Standard
2295,3636,15,3,2021-10-19,,Standard
2296,3637,10,1,2019-10-22,,Standard
2297,3637,10,2,2020-12-22,,Standard
2298,3637,10,3,2021-10-19,,Standard
2299,3637,10,4,2022-10-18,,Standard
2300,3637,30,5,2023-10-24,,Standard
2301,3644,15,2,2020-12-22,,Standard
2302,3644,28,5,2023-10-24,,Standard
2303,3647,6,5,2023-10-24,,Standard
2304,3648,6,1,2019-10-22,,Standard
2305,3648,11,2,2020-12-22,,Standard
2306,3648,11,3,2021-10-19,,Standard
2307,3648,11,4,2022-10-18,,Standard
2308,3649,8,1,2019-10-22,,Standard
2309,3649,8,2,2020-12-22,,Standard
2310,3649,8,3,2021-10-19,,Standard
2311,3649,8,4,2022-10-18,,Standard
2312,3649,8,5,2023-10-24,,Standard
2313,3650,5,1,2019-10-22,,Standard
2314,3650,5,2,2020-12-22,,Standard
2315,3650,22,2,2020-12-22,,Standard
2316,3650,10,3,2021-10-19,,Standard
2317,3650,28,4,2022-10-18,,Standard
2318,3650,28,5,2023-10-24,,Standard
2319,3651,20,1,2019-10-22,,Standard
2320,3651,17,2,2020-12-22,,Standard
2321,3651,17,3,2021-10-19,,Standard
2322,3651,17,4,2022-10-18,,Standard
2323,3651,17,5,2023-10-24,,Standard
2324,3653,7,1,2019-10-22,,Standard
2325,3653,7,2,2020-12-22,,Standard
2326,3653,7,3,2021-10-19,,Standard
2327,3653,30,3,2021-10-19,,Standard
2328,3653,30,4,2022-10-18,,Standard
2329,3653,2,5,2023-10-24,,Standard
2330,3658,9,3,2021-10-19,,Standard
2331,3658,29,4,2022-10-18,,Standard
2332,3658,29,5,2023-10-24,,Standard
2333,3662,7,1,2019-10-22,,Standard
2334,3662,7,2,2020-12-22,,Standard
2335,3662,7,3,2021-10-19,,Standard
2336,3662,7,4,2022-10-18,,Standard
2337,3662,7,5,2023-10-24,,Standard
2338,3665,23,3,2021-10-19,,Standard
2339,3666,28,1,2019-10-22,,Standard
2340,3666,28,2,2020-12-22,,Standard
2341,3666,25,2,2020-12-22,,Standard
2342,3666,25,3,2021-10-19,,Standard
2343,3666,13,3,2021-10-19,,Standard
2344,3666,13,4,2022-10-18,,Standard
2345,3666,13,5,2023-10-24,,Standard
2346,3673,13,4,2022-10-18,,Standard
2347,3673,29,5,2023-10-24,,Standard
2348,3683,27,3,2021-10-19,,Standard
2349,3683,27,4,2022-10-18,,Standard
2350,3683,13,5,2023-10-24,,Standard
2351,3684,3,1,2019-10-22,,Standard
2352,3684,3,2,2020-12-22,,Standard
2353,3684,6,2,2020-12-22,,Standard
2354,3684,18,3,2021-10-19,,Standard
2355,3684,18,4,2022-10-18,,Standard
2356,3684,14,5,2023-10-24,,Standard
2357,3688,2,2,2020-12-22,,Standard
2358,3688,2,3,2021-10-19,,Standard
2359,3688,2,4,2022-10-18,,Standard
2360,3688,2,5,2023-10-24,,Standard
2361,3691,7,5,2023-10-24,,Standard
2362,3704,11,3,2021-10-19,,Standard
2363,3704,12,4,2022-10-18,,Standard
2364,3704,22,5,2023-10-24,,Standard
2365,3705,26,3,2021-10-19,,Standard
2366,3705,26,4,2022-10-18,,Standard
2367,3705,2,5,2023-10-24,,Standard
2368,3707,20,2,2020-12-22,,Standard
2369,3707,20,3,2021-10-19,,Standard
2370,3707,20,4,2022-10-18,,Standard
2371,3707,20,5,2023-10-24,,Standard
2372,3707,28,5,2023-10-24,,Standard
2373,3710,10,4,2022-10-18,,Standard
2374,3710,10,5,2023-10-24,,Standard
2375,3731,26,2,2020-12-22,,Standard
2376,3731,26,3,2021-10-19,,Standard
2377,3731,28,5,2023-10-24,,Standard
2378,3734,10,1,2019-10-22,,Standard
2379,3734,22,2,2020-12-22,,Standard
2380,3735,20,1,2019-10-22,,Standard
2381,3735,20,2,2020-12-22,,Standard
2382,3735,20,3,2021-10-19,,Standard
2383,3735,20,4,2022-10-18,,Standard
2384,3735,20,5,2023-10-24,,Standard
2385,3758,25,5,2023-10-24,,Standard
2386,3759,14,3,2021-10-19,,Standard
2387,3759,14,4,2022-10-18,,Standard
2388,3759,14,5,2023-10-24,,Standard
2389,3761,7,1,2019-10-22,,Standard
2390,3765,1,1,2019-10-22,,Standard
2391,3765,1,2,2020-12-22,,Standard
2392,3765,1,3,2021-10-19,,Standard
2393,3765,20,3,2021-10-19,,Standard
2394,3765,20,4,2022-10-18,,Standard
2395,3765,25,4,2022-10-18,,Standard
2396,3765,14,5,2023-10-24,,Standard
2397,3767,19,1,2019-10-22,,Standard
2398,3767,19,2,2020-12-22,,Standard
2399,3767,7,2,2020-12-22,,Standard
2400,3769,8,3,2021-10-19,,Standard
2401,3769,8,4,2022-10-18,,Standard
2402,3769,14,4,2022-10-18,,Standard
2403,3772,23,2,2020-12-22,,Standard
2404,3772,23,3,2021-10-19,,Standard
2405,3772,23,4,2022-10-18,,Standard
2406,3772,23,5,2023-10-24,,Standard
2407,3787,18,1,2019-10-22,,Standard
2408,3787,18,2,2020-12-22,,Standard
2409,3787,18,3,2021-10-19,,Standard
2410,3787,18,4,2022-10-18,,Standard
2411,3787,18,5,2023-10-24,,Standard
2412,3799,27,2,2020-12-22,,Standard
2413,3799,11,2,2020-12-22,,Standard
2414,3802,9,4,2022-10-18,,Standard
2415,3802,9,5,2023-10-24,,Standard
2416,3809,4,2,2020-12-22,,Standard
2417,3809,4,3,2021-10-19,,Standard
2418,3809,4,4,2022-10-18,,Standard
2419,3809,4,5,2023-10-24,,Standard
2420,3814,23,1,2019-10-22,,Standard
2421,3814,7,2,2020-12-22,,Standard
2422,3814,2,3,2021-10-19,,Standard
2423,3814,27,3,2021-10-19,,Standard
2424,3814,27,4,2022-10-18,,Standard
2425,3814,19,4,2022-10-18,,Standard
2426,3814,16,5,2023-10-24,,Standard
2427,3836,4,2,2020-12-22,,Standard
2428,3843,11,1,2019-10-22,,Standard
2429,3843,20,2,2020-12-22,,Standard
2430,3843,8,2,2020-12-22,,Standard
2431,3843,8,3,2021-10-19,,Standard
2432,3843,18,4,2022-10-18,,Standard
2433,3848,21,1,2019-10-22,,Standard
2434,3848,3,2,2020-12-22,,Standard
2435,3871,16,1,2019-10-22,,Standard
2436,3871,16,2,2020-12-22,,Standard
2437,3871,16,3,2021-10-19,,Standard
2438,3871,16,4,2022-10-18,,Standard
2439,3871,16,5,2023-10-24,,Standard
2440,3878,13,1,2019-10-22,,Standard
2441,3878,30,1,2019-10-22,,Standard
2442,3878,30,2,2020-12-22,,Standard
2443,3878,10,5,2023-10-24,,Standard
2444,3881,20,1,2019-10-22,,Standard
2445,3881,20,2,2020-12-22,,Standard
2446,3881,20,3,2021-10-19,,Standard
2447,3881,20,4,2022-10-18,,Standard
2448,3881,20,5,2023-10-24,,Standard
2449,3884,16,4,2022-10-18,,Standard
2450,3884,16,5,2023-10-24,,Standard
2451,3889,10,1,2019-10-22,,Standard
2452,3889,23,1,2019-10-22,,Standard
2453,3889,26,2,2020-12-22,,Standard
2454,3890,21,3,2021-10-19,,Standard
2455,3890,21,4,2022-10-18,,Standard
2456,3890,19,5,2023-10-24,,Standard
2457,3893,21,1,2019-10-22,,Standard
2458,3893,21,2,2020-12-22,,Standard
2459,3893,21,3,2021-10-19,,Standard
2460,3893,27,4,2022-10-18,,Standard
2461,3898,15,4,2022-10-18,,Standard
2462,3898,15,5,2023-10-24,,Standard
2463,3898,24,5,2023-10-24,,Standard
2464,3913,10,4,2022-10-18,,Standard
2465,3913,30,5,2023-10-24,,Standard
2466,3913,17,5,2023-10-24,,Standard
2467,3916,14,1,2019-10-22,,Standard
2468,3916,1,2,2020-12-22,,Standard
2469,3916,13,2,2020-12-22,,Standard
2470,3916,14,3,2021-10-19,,Standard
2471,3916,6,3,2021-10-19,,Standard
2472,3918,9,1,2019-10-22,,Standard
2473,3918,9,2,2020-12-22,,Standard
2474,3918,20,2,2020-12-22,,Standard
2475,3918,20,3,2021-10-19,,Standard
2476,3918,20,4,2022-10-18,,Standard
2477,3918,15,5,2023-10-24,,Standard
2478,3927,22,1,2019-10-22,,Standard
2479,3927,22,2,2020-12-22,,Standard
2480,3927,22,3,2021-10-19,,Standard
2481,3927,22,4,2022-10-18,,Standard
2482,3927,24,4,2022-10-18,,Standard
2483,3944,4,1,2019-10-22,,Standard
2484,3944,4,2,2020-12-22,,Standard
2485,3944,4,3,2021-10-19,,Standard
2486,3944,4,4,2022-10-18,,Standard
2487,3944,4,5,2023-10-24,,Standard
2488,3944,16,5,2023-10-24,,Standard
2489,3945,24,1,2019-10-22,,Standard
2490,3945,18,2,2020-12-22,,Standard
2491,3945,6,3,2021-10-19,,Standard
2492,3945,6,4,2022-10-18,,Standard
2493,3958,25,5,2023-10-24,,Standard
2494,3966,10,1,2019-10-22,,Standard
2495,3966,18,1,2019-10-22,,Standard
2496,3966,18,2,2020-12-22,,Standard
2497,3966,18,3,2021-10-19,,Standard
2498,3966,18,4,2022-10-18,,Standard
2499,3966,14,4,2022-10-18,,Standard
2500,3966,14,5,2023-10-24,,Standard
2501,3971,2,3,2021-10-19,,Standard
2502,3971,14,4,2022-10-18,,Standard
2503,3971,18,4,2022-10-18,,Standard
2504,3971,19,5,2023-10-24,,Standard
2505,3973,12,1,2019-10-22,,Standard
2506,3973,12,2,2020-12-22,,Standard
2507,3973,12,3,2021-10-19,,Standard
2508,3973,26,3,2021-10-19,,Standard
2509,3973,26,4,2022-10-18,,Standard
2510,3973,26,5,2023-10-24,,Standard
2511,3983,27,1,2019-10-22,,Standard
2512,3983,27,2,2020-12-22,,Standard
2513,3983,29,4,2022-10-18,,Standard
2514,3983,29,5,2023-10-24,,Standard
2515,3986,12,1,2019-10-22,,Standard
2516,3986,12,2,2020-12-22,,Standard
2517,3990,11,5,2023-10-24,,Standard
2518,4000,5,5,2023-10-24,,Standard
2519,4003,10,5,2023-10-24,,Standard
2520,4006,24,1,2019-10-22,,Standard
2521,4006,24,2,2020-12-22,,Standard
2522,4006,24,4,2022-10-18,,Standard
2523,4006,21,4,2022-10-18,,Standard
2524,4006,10,5,2023-10-24,,Standard
2525,4008,21,3,2021-10-19,,Standard
2526,4008,21,4,2022-10-18,,Standard
2527,4008,21,5,2023-10-24,,Standard
2528,4011,9,5,2023-10-24,,Standard
2529,4012,5,1,2019-10-22,,Standard
2530,4012,5,2,2020-12-22,,Standard
2531,4012,19,3,2021-10-19,,Standard
2532,4012,27,3,2021-10-19,,Standard
2533,4012,30,3,2021-10-19,,Standard
2534,4027,30,3,2021-10-19,,Standard
2535,4027,30,4,2022-10-18,,Standard
2536,4045,30,1,2019-10-22,,Standard
2537,4045,22,3,2021-10-19,,Standard
2538,4045,22,4,2022-10-18,,Standard
2539,4045,22,5,2023-10-24,,Standard
2540,4049,21,1,2019-10-22,,Standard
2541,4049,14,2,2020-12-22,,Standard
2542,4049,2,3,2021-10-19,,Standard
2543,4049,11,3,2021-10-19,,Standard
2544,4049,14,4,2022-10-18,,Standard
2545,4049,28,5,2023-10-24,,Standard
2546,4049,3,5,2023-10-24,,Standard
2547,4061,23,1,2019-10-22,,Standard
2548,4061,23,2,2020-12-22,,Standard
2549,4064,6,3,2021-10-19,,Standard
2550,4065,13,2,2020-12-22,,Standard
2551,4065,13,3,2021-10-19,,Standard
2552,4065,22,4,2022-10-18,,Standard
2553,4067,19,4,2022-10-18,,Standard
2554,4067,19,5,2023-10-24,,Standard
2555,4075,11,1,2019-10-22,,Standard
2556,4079,20,3,2021-10-19,,Standard
2557,4087,11,3,2021-10-19,,Standard
2558,4087,11,4,2022-10-18,,Standard
2559,4087,11,5,2023-10-24,,Standard
2560,4088,29,5,2023-10-24,,Standard
2561,4093,6,1,2019-10-22,,Standard
2562,4093,6,2,2020-12-22,,Standard
2563,4093,6,3,2021-10-19,,Standard
2564,4093,29,4,2022-10-18,,Standard
2565,4093,29,5,2023-10-24,,Standard
2566,4100,13,1,2019-10-22,,Standard
2567,4100,3,2,2020-12-22,,Standard
2568,4100,24,3,2021-10-19,,Standard
2569,4100,24,4,2022-10-18,,Standard
2570,4100,30,5,2023-10-24,,Standard
2571,4107,3,3,2021-10-19,,Standard
2572,4107,3,4,2022-10-18,,Standard
2573,4107,3,5,2023-10-24,,Standard
2574,4108,25,4,2022-10-18,,Standard
2575,4108,25,5,2023-10-24,,Standard
2576,4114,23,1,2019-10-22,,Standard
2577,4121,12,5,2023-10-24,,Standard
2578,4135,3,1,2019-10-22,,Standard
2579,4135,3,2,2020-12-22,,Standard
2580,4137,28,1,2019-10-22,,Standard
2581,4137,28,2,2020-12-22,,Standard
2582,4137,28,3,2021-10-19,,Standard
2583,4137,28,4,2022-10-18,,Standard
2584,4137,28,5,2023-10-24,,Standard
2585,4137,12,5,2023-10-24,,Standard
2586,4150,16,1,2019-10-22,,Standard
2587,4150,16,2,2020-12-22,,Standard
2588,4150,26,2,2020-12-22,,Standard
2589,4150,18,3,2021-10-19,,Standard
2590,4150,16,3,2021-10-19,,Standard
2591,4150,7,4,2022-10-18,,Standard
2592,4152,23,1,2019-10-22,,Standard
2593,4152,23,2,2020-12-22,,Standard
2594,4152,3,4,2022-10-18,,Standard
2595,4152,3,5,2023-10-24,,Standard
2596,4158,4,4,2022-10-18,,Standard
2597,4158,28,5,2023-10-24,,Standard
2598,4161,5,3,2021-10-19,,Standard
2599,4161,5,4,2022-10-18,,Standard
2600,4162,25,1,2019-10-22,,Standard
2601,4162,25,2,2020-12-22,,Standard
2602,4162,25,3,2021-10-19,,Standard
2603,4162,25,4,2022-10-18,,Standard
2604,4162,25,5,2023-10-24,,Standard
2605,4174,20,3,2021-10-19,,Standard
2606,4174,20,4,2022-10-18,,Standard
2607,4174,20,5,2023-10-24,,Standard
2608,4182,9,2,2020-12-22,,Standard
2609,4182,9,3,2021-10-19,,Standard
2610,4195,26,5,2023-10-24,,Standard
2611,4201,10,1,2019-10-22,,Standard
2612,4201,10,2,2020-12-22,,Standard
2613,4203,17,3,2021-10-19,,Standard
2614,4203,16,3,2021-10-19,,Standard
2615,4203,23,5,2023-10-24,,Standard
2616,4205,2,1,2019-10-22,,Standard
2617,4205,2,2,2020-12-22,,Standard
2618,4205,2,3,2021-10-19,,Standard
2619,4205,2,4,2022-10-18,,Standard
2620,4205,15,5,2023-10-24,,Standard
2621,4226,16,4,2022-10-18,,Standard
2622,4226,3,4,2022-10-18,,Standard
2623,4226,16,5,2023-10-24,,Standard
2624,4232,30,1,2019-10-22,,Standard
2625,4232,30,2,2020-12-22,,Standard
2626,4232,4,3,2021-10-19,,Standard
2627,4232,30,3,2021-10-19,,Standard
2628,4232,8,4,2022-10-18,,Standard
2629,4232,4,5,2023-10-24,,Standard
2630,4233,14,1,2019-10-22,,Standard
2631,4235,24,2,2020-12-22,,Standard
2632,4235,24,3,2021-10-19,,Standard
2633,4235,12,3,2021-10-19,,Standard
2634,4235,12,4,2022-10-18,,Standard
2635,4235,12,5,2023-10-24,,Standard
2636,4261,23,5,2023-10-24,,Standard
2637,4267,23,1,2019-10-22,,Standard
2638,4268,20,1,2019-10-22,,Standard
2639,4268,20,2,2020-12-22,,Standard
2640,4268,9,2,2020-12-22,,Standard
2641,4268,25,3,2021-10-19,,Standard
2642,4268,4,4,2022-10-18,,Standard
2643,4268,3,5,2023-10-24,,Standard
2644,4269,11,4,2022-10-18,,Standard
2645,4269,11,5,2023-10-24,,Standard
2646,4270,4,5,2023-10-24,,Standard
2647,4274,15,3,2021-10-19,,Standard
2648,4274,29,3,2021-10-19,,Standard
2649,4274,4,4,2022-10-18,,Standard
2650,4275,9,1,2019-10-22,,Standard
2651,4275,1,2,2020-12-22,,Standard
2652,4275,25,3,2021-10-19,,Standard
2653,4275,19,3,2021-10-19,,Standard
2654,4282,27,4,2022-10-18,,Standard
2655,4282,27,5,2023-10-24,,Standard
2656,4292,11,2,2020-12-22,,Standard
2657,4300,10,1,2019-10-22,,Standard
2658,4305,10,5,2023-10-24,,Standard
2659,4312,23,3,2021-10-19,,Standard
2660,4312,23,4,2022-10-18,,Standard
2661,4312,23,5,2023-10-24,,Standard
2662,4312,2,5,2023-10-24,,Standard
2663,4321,12,2,2020-12-22,,Standard
2664,4321,9,3,2021-10-19,,Standard
2665,4325,16,3,2021-10-19,,Standard
2666,4325,2,3,2021-10-19,,Standard
2667,4334,1,3,2021-10-19,,Standard
2668,4334,12,3,2021-10-19,,Standard
2669,4339,6,2,2020-12-22,,Standard
2670,4339,6,3,2021-10-19,,Standard
2671,4339,6,4,2022-10-18,,Standard
2672,4339,2,5,2023-10-24,,Standard
2673,4339,15,5,2023-10-24,,Standard
2674,4344,9,2,2020-12-22,,Standard
2675,4344,9,3,2021-10-19,,Standard
2676,4344,9,4,2022-10-18,,Standard
2677,4344,9,5,2023-10-24,,Standard
2678,4372,8,5,2023-10-24,,Standard
2679,4382,5,1,2019-10-22,,Standard
2680,4382,16,2,2020-12-22,,Standard
2681,4382,16,3,2021-10-19,,Standard
2682,4382,16,4,2022-10-18,,Standard
2683,4382,6,5,2023-10-24,,Standard
2684,4386,22,3,2021-10-19,,Standard
2685,4386,22,4,2022-10-18,,Standard
2686,4386,22,5,2023-10-24,,Standard
2687,4390,12,1,2019-10-22,,Standard
2688,4390,12,2,2020-12-22,,Standard
2689,4390,3,4,2022-10-18,,Standard
2690,4401,26,1,2019-10-22,,Standard
2691,4401,25,1,2019-10-22,,Standard
2692,4405,14,4,2022-10-18,,Standard
2693,4405,16,5,2023-10-24,,Standard
2694,4422,11,2,2020-12-22,,Standard
2695,4422,11,3,2021-10-19,,Standard
2696,4422,11,4,2022-10-18,,Standard
2697,4422,11,5,2023-10-24,,Standard
2698,4424,2,1,2019-10-22,,Standard
2699,4424,2,2,2020-12-22,,Standard
2700,4424,2,3,2021-10-19,,Standard
2701,4424,2,4,2022-10-18,,Standard
2702,4424,2,5,2023-10-24,,Standard
2703,4440,12,3,2021-10-19,,Standard
2704,4440,12,4,2022-10-18,,Standard
2705,4440,5,4,2022-10-18,,Standard
2706,4440,5,5,2023-10-24,,Standard
2707,4444,18,1,2019-10-22,,Standard
2708,4444,1,1,2019-10-22,,Standard
2709,4444,2,2,2020-12-22,,Standard
2710,4444,17,2,2020-12-22,,Standard
2711,4449,3,1,2019-10-22,,Standard
2712,4449,5,2,2020-12-22,,Standard
2713,4449,19,3,2021-10-19,,Standard
2714,4449,19,4,2022-10-18,,Standard
2715,4449,28,5,2023-10-24,,Standard
2716,4456,5,4,2022-10-18,,Standard
2717,4456,5,5,2023-10-24,,Standard
2718,4459,7,2,2020-12-22,,Standard
2719,4459,15,3,2021-10-19,,Standard
2720,4463,2,1,2019-10-22,,Standard
2721,4463,2,2,2020-12-22,,Standard
2722,4463,5,2,2020-12-22,,Standard
2723,4463,11,3,2021-10-19,,Standard
2724,4463,2,3,2021-10-19,,Standard
2725,4463,12,4,2022-10-18,,Standard
2726,4463,12,5,2023-10-24,,Standard
2727,4463,13,5,2023-10-24,,Standard
2728,4472,11,2,2020-12-22,,Standard
2729,4472,6,2,2020-12-22,,Standard
2730,4472,2,3,2021-10-19,,Standard
2731,4473,3,3,2021-10-19,,Standard
2732,4473,3,4,2022-10-18,,Standard
2733,4473,3,5,2023-10-24,,Standard
2734,4478,30,1,2019-10-22,,Standard
2735,4478,19,2,2020-12-22,,Standard
2736,4478,14,3,2021-10-19,,Standard
2737,4478,7,3,2021-10-19,,Standard
2738,4478,4,3,2021-10-19,,Standard
2739,4478,24,5,2023-10-24,,Standard
2740,4486,9,1,2019-10-22,,Standard
2741,4486,11,2,2020-12-22,,Standard
2742,4488,3,1,2019-10-22,,Standard
2743,4490,28,1,2019-10-22,,Standard
2744,4490,28,2,2020-12-22,,Standard
2745,4490,29,2,2020-12-22,,Standard
2746,4490,5,3,2021-10-19,,Standard
2747,4495,11,5,2023-10-24,,Standard
2748,4496,9,5,2023-10-24,,Standard
2749,4509,10,3,2021-10-19,,Standard
2750,4509,10,4,2022-10-18,,Standard
2751,4509,10,5,2023-10-24,,Standard
2752,4515,6,1,2019-10-22,,Standard
2753,4515,2,2,2020-12-22,,Standard
2754,4515,26,3,2021-10-19,,Standard
2755,4515,12,3,2021-10-19,,Standard
2756,4515,5,3,2021-10-19,,Standard
2757,4515,6,5,2023-10-24,,Standard
2758,4516,4,3,2021-10-19,,Standard
2759,4516,4,4,2022-10-18,,Standard
2760,4516,4,5,2023-10-24,,Standard
2761,4521,19,1,2019-10-22,,Standard
2762,4521,19,2,2020-12-22,,Standard
2763,4521,22,2,2020-12-22,,Standard
2764,4526,23,1,2019-10-22,,Standard
2765,4526,23,2,2020-12-22,,Standard
2766,4526,23,3,2021-10-19,,Standard
2767,4526,23,4,2022-10-18,,Standard
2768,4526,25,4,2022-10-18,,Standard
2769,4526,25,5,2023-10-24,,Standard
2770,4529,15,2,2020-12-22,,Standard
2771,4529,15,3,2021-10-19,,Standard
2772,4531,15,2,2020-12-22,,Standard
2773,4531,15,3,2021-10-19,,Standard
2774,4531,15,4,2022-10-18,,Standard
2775,4531,15,5,2023-10-24,,Standard
2776,4531,2,5,2023-10-24,,Standard
2777,4537,30,3,2021-10-19,,Standard
2778,4537,30,4,2022-10-18,,Standard
2779,4541,25,1,2019-10-22,,Standard
2780,4541,26,1,2019-10-22,,Standard
2781,4541,15,1,2019-10-22,,Standard
2782,4541,23,2,2020-12-22,,Standard
2783,4553,20,5,2023-10-24,,Standard
2784,4554,20,2,2020-12-22,,Standard
2785,4554,20,3,2021-10-19,,Standard
2786,4554,20,4,2022-10-18,,Standard
2787,4554,12,5,2023-10-24,,Standard
2788,4558,10,1,2019-10-22,,Standard
2789,4558,10,2,2020-12-22,,Standard
2790,4558,10,3,2021-10-19,,Standard
2791,4558,14,4,2022-10-18,,Standard
2792,4558,29,4,2022-10-18,,Standard
2793,4558,26,5,2023-10-24,,Standard
2794,4561,17,2,2020-12-22,,Standard
2795,4566,18,1,2019-10-22,,Standard
2796,4566,18,2,2020-12-22,,Standard
2797,4566,18,3,2021-10-19,,Standard
2798,4566,18,4,2022-10-18,,Standard
2799,4566,18,5,2023-10-24,,Standard
2800,4575,25,1,2019-10-22,,Standard
2801,4575,25,2,2020-12-22,,Standard
2802,4575,28,2,2020-12-22,,Standard
2803,4575,28,3,2021-10-19,,Standard
2804,4575,28,4,2022-10-18,,Standard
2805,4575,28,5,2023-10-24,,Standard
2806,4578,20,1,2019-10-22,,Standard
2807,4584,12,5,2023-10-24,,Standard
2808,4591,11,1,2019-10-22,,Standard
2809,4591,11,2,2020-12-22,,Standard
2810,4591,17,2,2020-12-22,,Standard
2811,4591,16,3,2021-10-19,,Standard
2812,4591,23,4,2022-10-18,,Standard
2813,4591,23,5,2023-10-24,,Standard
2814,4591,13,5,2023-10-24,,Standard
2815,4592,29,1,2019-10-22,,Standard
2816,4592,23,2,2020-12-22,,Standard
2817,4592,8,3,2021-10-19,,Standard
2818,4592,17,3,2021-10-19,,Standard
2819,4600,1,1,2019-10-22,,Standard
2820,4606,12,1,2019-10-22,,Standard
2821,4606,12,2,2020-12-22,,Standard
2822,4606,12,3,2021-10-19,,Standard
2823,4606,12,4,2022-10-18,,Standard
2824,4606,12,5,2023-10-24,,Standard
2825,4615,8,5,2023-10-24,,Standard
2826,4623,9,4,2022-10-18,,Standard
2827,4623,9,5,2023-10-24,,Standard
2828,4627,15,1,2019-10-22,,Standard
2829,4627,30,1,2019-10-22,,Standard
2830,4630,15,1,2019-10-22,,Standard
2831,4630,15,2,2020-12-22,,Standard
2832,4630,19,3,2021-10-19,,Standard
2833,4630,19,4,2022-10-18,,Standard
2834,4630,19,5,2023-10-24,,Standard
2835,4632,5,1,2019-10-22,,Standard
2836,4632,5,2,2020-12-22,,Standard
2837,4632,6,3,2021-10-19,,Standard
2838,4632,29,3,2021-10-19,,Standard
2839,4642,28,1,2019-10-22,,Standard
2840,4642,28,2,2020-12-22,,Standard
2841,4642,28,3,2021-10-19,,Standard
2842,4642,28,4,2022-10-18,,Standard
2843,4642,11,5,2023-10-24,,Standard
2844,4645,8,1,2019-10-22,,Standard
2845,4645,18,1,2019-10-22,,Standard
2846,4645,18,2,2020-12-22,,Standard
2847,4645,18,3,2021-10-19,,Standard
2848,4645,29,4,2022-10-18,,Standard
2849,4645,14,4,2022-10-18,,Standard
2850,4645,14,5,2023-10-24,,Standard
2851,4651,6,2,2020-12-22,,Standard
2852,4654,27,2,2020-12-22,,Standard
2853,4654,27,3,2021-10-19,,Standard
2854,4654,27,4,2022-10-18,,Standard
2855,4654,27,5,2023-10-24,,Standard
2856,4665,26,5,2023-10-24,,Standard
2857,4669,16,1,2019-10-22,,Standard
2858,4669,16,2,2020-12-22,,Standard
2859,4669,16,3,2021-10-19,,Standard
2860,4669,16,4,2022-10-18,,Standard
2861,4669,14,5,2023-10-24,,Standard
2862,4678,18,1,2019-10-22,,Standard
2863,4678,8,1,2019-10-22,,Standard
2864,4678,3,2,2020-12-22,,Standard
2865,4678,2,4,2022-10-18,,Standard
2866,4686,30,5,2023-10-24,,Standard
2867,4687,22,1,2019-10-22,,Standard
2868,4687,22,2,2020-12-22,,Standard
2869,4687,5,2,2020-12-22,,Standard
2870,4687,5,3,2021-10-19,,Standard
2871,4687,5,4,2022-10-18,,Standard
2872,4687,5,5,2023-10-24,,Standard
2873,4688,6,1,2019-10-22,,Standard
2874,4688,6,2,2020-12-22,,Standard
2875,4688,6,3,2021-10-19,,Standard
2876,4688,6,4,2022-10-18,,Standard
2877,4688,6,5,2023-10-24,,Standard
2878,4695,22,3,2021-10-19,,Standard
2879,4695,22,4,2022-10-18,,Standard
2880,4695,22,5,2023-10-24,,Standard
2881,4697,30,1,2019-10-22,,Standard
2882,4697,30,2,2020-12-22,,Standard
2883,4697,2,2,2020-12-22,,Standard
2884,4697,22,2,2020-12-22,,Standard
2885,4697,22,3,2021-10-19,,Standard
2886,4697,22,4,2022-10-18,,Standard
2887,4697,22,5,2023-10-24,,Standard
2888,4698,24,3,2021-10-19,,Standard
2889,4698,24,4,2022-10-18,,Standard
2890,4698,25,5,2023-10-24,,Standard
2891,4698,24,5,2023-10-24,,Standard
2892,4699,16,1,2019-10-22,,Standard
2893,4699,14,1,2019-10-22,,Standard
2894,4711,25,4,2022-10-18,,Standard
2895,4711,25,5,2023-10-24,,Standard
2896,4712,12,5,2023-10-24,,Standard
2897,4714,2,1,2019-10-22,,Standard
2898,4714,2,2,2020-12-22,,Standard
2899,4714,20,3,2021-10-19,,Standard
2900,4714,7,4,2022-10-18,,Standard
2901,4720,27,1,2019-10-22,,Standard
2902,4720,27,2,2020-12-22,,Standard
2903,4720,27,3,2021-10-19,,Standard
2904,4720,14,4,2022-10-18,,Standard
2905,4720,3,5,2023-10-24,,Standard
2906,4721,11,2,2020-12-22,,Standard
2907,4721,13,4,2022-10-18,,Standard
2908,4723,21,5,2023-10-24,,Standard
2909,4729,1,1,2019-10-22,,Standard
2910,4729,19,3,2021-10-19,,Standard
2911,4733,2,5,2023-10-24,,Standard
2912,4742,13,1,2019-10-22,,Standard
2913,4742,9,1,2019-10-22,,Standard
2914,4742,9,3,2021-10-19,,Standard
2915,4743,2,1,2019-10-22,,Standard
2916,4743,10,2,2020-12-22,,Standard
2917,4743,4,2,2020-12-22,,Standard
2918,4743,12,3,2021-10-19,,Standard
2919,4743,30,3,2021-10-19,,Standard
2920,4757,12,1,2019-10-22,,Standard
2921,4757,12,2,2020-12-22,,Standard
2922,4757,3,4,2022-10-18,,Standard
2923,4757,24,4,2022-10-18,,Standard
2924,4757,18,5,2023-10-24,,Standard
2925,4770,4,1,2019-10-22,,Standard
2926,4770,4,2,2020-12-22,,Standard
2927,4770,4,3,2021-10-19,,Standard
2928,4770,4,4,2022-10-18,,Standard
2929,4770,4,5,2023-10-24,,Standard
2930,4770,7,5,2023-10-24,,Standard
2931,4774,12,3,2021-10-19,,Standard
2932,4774,24,4,2022-10-18,,Standard
2933,4775,11,4,2022-10-18,,Standard
2934,4775,17,5,2023-10-24,,Standard
2935,4776,15,1,2019-10-22,,Standard
2936,4776,28,2,2020-12-22,,Standard
2937,4776,28,3,2021-10-19,,Standard
2938,4776,3,4,2022-10-18,,Standard
2939,4776,24,5,2023-10-24,,Standard
2940,4776,15,5,2023-10-24,,Standard
2941,4777,2,1,2019-10-22,,Standard
2942,4777,2,2,2020-12-22,,Standard
2943,4777,28,3,2021-10-19,,Standard
2944,4777,30,3,2021-10-19,,Standard
2945,4778,21,3,2021-10-19,,Standard
2946,4778,21,4,2022-10-18,,Standard
2947,4778,21,5,2023-10-24,,Standard
2948,4779,25,3,2021-10-19,,Standard
2949,4779,25,4,2022-10-18,,Standard
2950,4779,3,5,2023-10-24,,Standard
2951,4786,1,1,2019-10-22,,Standard
2952,4786,28,1,2019-10-22,,Standard
2953,4786,28,2,2020-12-22,,Standard
2954,4786,21,3,2021-10-19,,Standard
2955,4787,8,4,2022-10-18,,Standard
2956,4787,8,5,2023-10-24,,Standard
2957,4795,27,1,2019-10-22,,Standard
2958,4795,27,2,2020-12-22,,Standard
2959,4795,10,3,2021-10-19,,Standard
2960,4821,27,5,2023-10-24,,Standard
2961,4826,27,4,2022-10-18,,Standard
2962,4826,27,5,2023-10-24,,Standard
2963,4836,11,1,2019-10-22,,Standard
2964,4836,30,2,2020-12-22,,Standard
2965,4836,14,3,2021-10-19,,Standard
2966,4836,14,4,2022-10-18,,Standard
2967,4836,13,4,2022-10-18,,Standard
2968,4836,13,5,2023-10-24,,Standard
2969,4846,5,1,2019-10-22,,Standard
2970,4846,5,2,2020-12-22,,Standard
2971,4846,5,3,2021-10-19,,Standard
2972,4846,5,4,2022-10-18,,Standard
2973,4846,5,5,2023-10-24,,Standard
2974,4848,27,1,2019-10-22,,Standard
2975,4848,27,2,2020-12-22,,Standard
2976,4848,27,3,2021-10-19,,Standard
2977,4848,2,3,2021-10-19,,Standard
2978,4848,2,4,2022-10-18,,Standard
2979,4848,2,5,2023-10-24,,Standard
2980,4852,8,4,2022-10-18,,Standard
2981,4852,15,5,2023-10-24,,Standard
2982,4866,3,5,2023-10-24,,Standard
2983,4870,25,1,2019-10-22,,Standard
2984,4870,26,2,2020-12-22,,Standard
2985,4870,29,3,2021-10-19,,Standard
2986,4872,11,5,2023-10-24,,Standard
2987,4880,27,3,2021-10-19,,Standard
2988,4880,28,4,2022-10-18,,Standard
2989,4881,21,3,2021-10-19,,Standard
2990,4881,21,4,2022-10-18,,Standard
2991,4881,21,5,2023-10-24,,Standard
2992,4882,18,1,2019-10-22,,Standard
2993,4882,10,1,2019-10-22,,Standard
2994,4882,10,2,2020-12-22,,Standard
2995,4882,10,3,2021-10-19,,Standard
2996,4882,10,4,2022-10-18,,Standard
2997,4882,10,5,2023-10-24,,Standard
2998,4884,17,3,2021-10-19,,Standard
2999,4884,17,4,2022-10-18,,Standard
3000,4884,17,5,2023-10-24,,Standard
3001,4907,3,4,2022-10-18,,Standard
3002,4907,16,5,2023-10-24,,Standard
3003,4914,25,3,2021-10-19,,Standard
3004,4914,7,5,2023-10-24,,Standard
3005,4925,1,4,2022-10-18,,Standard
3006,4931,2,1,2019-10-22,,Standard
3007,4931,2,2,2020-12-22,,Standard
3008,4931,2,3,2021-10-19,,Standard
3009,4931,2,4,2022-10-18,,Standard
3010,4931,7,5,2023-10-24,,Standard
3011,4931,4,5,2023-10-24,,Standard
3012,4936,21,4,2022-10-18,,Standard
3013,4936,21,5,2023-10-24,,Standard
3014,4940,21,4,2022-10-18,,Standard
3015,4940,21,5,2023-10-24,,Standard
3016,4944,30,1,2019-10-22,,Standard
3017,4948,19,1,2019-10-22,,Standard
3018,4948,21,2,2020-12-22,,Standard
3019,4948,21,3,2021-10-19,,Standard
3020,4948,21,4,2022-10-18,,Standard
3021,4948,21,5,2023-10-24,,Standard
3022,4951,13,1,2019-10-22,,Standard
3023,4951,13,2,2020-12-22,,Standard
3024,4951,1,2,2020-12-22,,Standard
3025,4951,1,3,2021-10-19,,Standard
3026,4952,28,5,2023-10-24,,Standard
3027,4955,4,4,2022-10-18,,Standard
3028,4955,4,5,2023-10-24,,Standard
3029,4956,4,1,2019-10-22,,Standard
3030,4956,17,1,2019-10-22,,Standard
3031,4963,25,4,2022-10-18,,Standard
3032,4963,11,5,2023-10-24,,Standard
3033,4964,5,2,2020-12-22,,Standard
3034,4964,5,3,2021-10-19,,Standard
3035,4964,5,4,2022-10-18,,Standard
3036,4964,5,5,2023-10-24,,Standard
3037,4986,15,3,2021-10-19,,Standard
3038,4986,15,4,2022-10-18,,Standard
3039,4986,15,5,2023-10-24,,Standard
3040,4987,2,1,2019-10-22,,Standard
3041,4987,2,2,2020-12-22,,Standard
3042,4987,2,3,2021-10-19,,Standard
3043,4987,2,4,2022-10-18,,Standard
3044,4987,25,5,2023-10-24,,Standard
3045,4989,15,4,2022-10-18,,Standard
3046,4989,15,5,2023-10-24,,Standard
3047,4990,29,1,2019-10-22,,Standard
3048,4994,19,1,2019-10-22,,Standard
3049,4994,19,2,2020-12-22,,Standard
3050,4994,19,4,2022-10-18,,Standard
3051,4994,19,5,2023-10-24,,Standard
3052,5000,17,1,2019-10-22,,Standard
3053,5000,17,2,2020-12-22,,Standard
3054,5000,11,2,2020-12-22,,Standard
3055,5000,28,3,2021-10-19,,Standard
3056,5000,23,5,2023-10-24,,Standard
3057,5003,3,5,2023-10-24,,Standard
3058,5015,6,2,2020-12-22,,Standard
3059,5015,6,3,2021-10-19,,Standard
3060,5015,6,4,2022-10-18,,Standard
3061,5015,20,5,2023-10-24,,Standard
3062,5015,14,5,2023-10-24,,Standard
3063,5015,1,5,2023-10-24,,Standard
3064,5022,16,1,2019-10-22,,Standard
3065,5022,15,2,2020-12-22,,Standard
3066,5022,13,3,2021-10-19,,Standard
3067,5022,25,3,2021-10-19,,Standard
3068,5022,25,4,2022-10-18,,Standard
3069,5024,30,2,2020-12-22,,Standard
3070,5024,30,3,2021-10-19,,Standard
3071,5029,10,2,2020-12-22,,Standard
3072,5029,10,4,2022-10-18,,Standard
3073,5029,9,4,2022-10-18,,Standard
3074,5029,9,5,2023-10-24,,Standard
3075,5039,12,5,2023-10-24,,Standard
3076,5042,9,1,2019-10-22,,Standard
3077,5042,11,2,2020-12-22,,Standard
3078,5042,11,3,2021-10-19,,Standard
3079,5042,7,4,2022-10-18,,Standard
3080,5042,14,5,2023-10-24,,Standard
3081,5046,26,2,2020-12-22,,Standard
3082,5046,26,3,2021-10-19,,Standard
3083,5065,7,1,2019-10-22,,Standard
3084,5065,9,2,2020-12-22,,Standard
3085,5065,26,2,2020-12-22,,Standard
3086,5065,1,3,2021-10-19,,Standard
3087,5065,30,4,2022-10-18,,Standard
3088,5065,30,5,2023-10-24,,Standard
3089,5065,16,5,2023-10-24,,Standard
3090,5073,13,3,2021-10-19,,Standard
3091,5073,7,3,2021-10-19,,Standard
3092,5075,18,3,2021-10-19,,Standard
3093,5075,7,4,2022-10-18,,Standard
3094,5076,29,1,2019-10-22,,Standard
3095,5089,12,3,2021-10-19,,Standard
3096,5089,12,4,2022-10-18,,Standard
3097,5099,5,1,2019-10-22,,Standard
3098,5099,5,2,2020-12-22,,Standard
3099,5099,27,3,2021-10-19,,Standard
3100,5099,28,3,2021-10-19,,Standard
3101,5099,28,4,2022-10-18,,Standard
3102,5099,28,5,2023-10-24,,Standard
3103,5099,24,5,2023-10-24,,Standard
3104,5101,1,1,2019-10-22,,Standard
3105,5101,1,2,2020-12-22,,Standard
3106,5101,1,3,2021-10-19,,Standard
3107,5101,1,4,2022-10-18,,Standard
3108,5101,1,5,2023-10-24,,Standard
3109,5103,16,3,2021-10-19,,Standard
3110,5103,16,4,2022-10-18,,Standard
3111,5103,29,5,2023-10-24,,Standard
3112,5106,4,1,2019-10-22,,Standard
3113,5106,4,2,2020-12-22,,Standard
3114,5106,25,3,2021-10-19,,Standard
3115,5106,16,4,2022-10-18,,Standard
3116,5106,19,5,2023-10-24,,Standard
3117,5111,27,1,2019-10-22,,Standard
3118,5120,6,1,2019-10-22,,Standard
3119,5123,13,1,2019-10-22,,Standard
3120,5123,13,2,2020-12-22,,Standard
3121,5123,13,3,2021-10-19,,Standard
3122,5123,13,4,2022-10-18,,Standard
3123,5123,13,5,2023-10-24,,Standard
3124,5126,8,1,2019-10-22,,Standard
3125,5126,8,2,2020-12-22,,Standard
3126,5126,8,3,2021-10-19,,Standard
3127,5126,8,4,2022-10-18,,Standard
