player_id,nba_id,first_name,last_name,birth_date,nationality,height_cm,weight_kg,position_id,jersey_number,is_active,draft_year,draft_round,draft_pick
4233,2747,JR,Smith,1985-09-09,USA,198,100,2,21,f,2004,1,18
4951,101150,Lou,Williams,1986-10-27,USA,188,79,2,6,f,2005,2,45
1222,201142,Kevin,Durant,1988-09-29,USA,211,109,3,7,t,2007,1,2
2057,201143,Al,Horford,1986-06-03,Dominican Republic,203,109,5,20,t,2007,1,3
504,201147,Corey,Brewer,1986-03-05,USA,206,85,2,13,f,2007,1,7
3341,201149,Joakim,Noah,1985-02-25,USA,211,105,4,55,f,2007,1,9
770,201163,Wilson,Chandler,1987-05-10,USA,203,107,3,21,f,2007,1,23
760,201596,Mario,Chalmers,1986-05-19,USA,188,86,2,6,f,2008,2,34
2395,201599,DeAndre,Jordan,1988-07-21,USA,211,120,5,9,t,2008,2,35
3945,201937,Ricky,Rubio,1990-10-21,Spain,188,86,2,13,f,2009,1,5
1076,201942,DeMar,DeRozan,1989-08-07,USA,198,100,2,10,t,2009,1,9
340,201976,Patrick,Beverley,1988-07-12,USA,188,82,2,21,f,2009,2,42
4600,202323,Evan,Turner,1988-10-27,USA,198,100,2,1,f,2010,1,2
3161,202328,Greg,Monroe,1990-06-04,USA,208,113,4,15,f,2010,1,7
364,202357,Nemanja,Bjelica,1988-05-09,Serbia,206,106,3,8,f,2010,2,35
4515,202684,Tristan,Thompson,1991-03-13,Canada,206,115,5,13,f,2011,1,4
3201,202694,Marcus,Morris Sr.,1989-09-02,USA,203,99,3,24,f,2011,1,14
2707,203081,Damian,Lillard,1990-07-15,USA,188,91,2,0,t,2012,1,6
3927,203082,Terrence,Ross,1991-02-05,USA,201,93,2,8,f,2012,1,8
1840,203090,Maurice,Harkless,1993-05-11,USA,201,100,2,8,f,2012,1,15
3396,203124,Kyle,O'Quinn,1990-03-26,USA,206,113,5,9,f,2012,2,49
5106,203469,Cody,Zeller,1992-10-05,USA,211,109,4,40,f,2013,1,4
3258,203488,Mike,Muscala,1991-07-01,USA,208,109,4,50,f,2013,2,44
2289,2207,Joe,Johnson,1981-06-29,USA,201,109,2,,f,2001,1,10
4651,2760,Anderson,Varejao,1982-09-28,Brazil,211,118,3,,f,2004,2,30
132,2772,Trevor,Ariza,1985-06-30,USA,203,98,3,,f,2004,2,43
3526,101108,Chris,Paul,1985-05-06,USA,183,79,2,,f,2005,1,4
3085,101139,CJ,Miles,1987-03-18,USA,198,100,2,,f,2005,2,34
4541,201229,Anthony,Tolliver,1985-06-01,USA,203,109,3,43,f,,,
2133,201586,Serge,Ibaka,1989-09-18,Democratic Republic of the Congo,211,107,3,,f,2008,1,24
1694,201980,Danny,Green,1987-06-22,USA,198,98,2,,f,2009,2,46
4488,202498,Lance,Thomas,1988-04-24,USA,203,102,3,42,f,,,
2522,202688,Brandon,Knight,1991-12-02,USA,188,83,2,,f,2011,1,8
1621,203497,Rudy,Gobert,1992-06-26,France,216,117,5,27,t,2013,1,27
1318,203516,James,Ennis III,1990-07-01,USA,198,98,3,,f,2013,2,50
1003,203584,Troy,Daniels,1991-07-15,USA,193,91,2,30,f,,,
3552,203658,Norvel,Pelle,1993-02-03,Antigua and Barbuda,208,105,5,,f,,,
3035,203895,Jordan,McRae,1991-03-28,USA,196,81,2,52,f,2014,2,58
1866,203925,Joe,Harris,1991-09-06,USA,198,100,2,,f,2014,2,33
2972,203926,Doug,McDermott,1992-01-03,USA,201,102,3,7,t,2014,1,11
3735,203944,Julius,Randle,1994-11-29,USA,206,113,4,30,t,2014,1,7
4882,203952,Andrew,Wiggins,1995-02-23,Canada,198,89,3,22,t,2014,1,1
694,203991,Clint,Capela,1994-05-18,Switzerland,208,116,5,30,t,2014,1,25
405,203992,Bogdan,Bogdanović,1992-08-18,Serbia,196,102,2,7,t,2014,1,27
2320,204020,Tyler,Johnson,1992-05-07,USA,190,84,2,,f,,,
3219,1626144,Emmanuel,Mudiay,1996-03-05,Democratic Republic of the Congo,190,91,2,,f,2015,1,7
3536,1626166,Cameron,Payne,1994-08-08,USA,188,83,2,,f,2015,1,14
2034,1626178,Rondae,Hollis-Jefferson,1995-01-03,USA,198,98,3,2,f,2015,1,23
1372,1626245,Cristiano,Felicio,1992-07-07,Brazil,211,122,4,6,f,,,
1284,1627740,Henry,Ellenson,1997-01-13,USA,208,109,4,,f,2016,1,18
2813,1627748,Thon,Maker,1997-02-25,South Sudan,213,100,4,,f,2016,1,10
1113,1627767,Cheick,Diallo,1996-09-13,Mali,203,99,4,,f,2016,2,33
2944,1627775,Patrick,McCaw,1995-10-25,USA,201,82,2,,f,2016,2,38
2544,1627788,Furkan,Korkmaz,1997-07-24,Turkey,201,92,2,,f,2016,1,26
1400,1627827,Dorian,Finney-Smith,1993-05-04,USA,201,100,3,2,t,,,
2393,1627884,Derrick,Jones Jr.,1997-02-15,USA,198,95,3,5,t,,,
3010,1628035,Alfonzo,McKinnie,1992-09-17,USA,201,98,3,,f,,,
861,1628380,Zach,Collins,1997-11-19,USA,206,109,4,12,t,2017,1,10
3524,1628383,Justin,Patton,1997-06-14,USA,211,109,5,,f,2017,1,16
1593,1628385,Harry,Giles III,1998-04-22,USA,208,109,4,20,f,2017,1,20
3510,1628394,Anžejs,Pasečņiks,1995-12-20,Latvia,216,104,5,,f,2017,1,25
480,1628396,Tony,Bradley,1998-01-08,USA,208,112,5,13,t,2017,1,28
4390,1628410,Edmond,Sumner,1995-12-31,USA,193,89,2,4,f,2017,2,52
733,1628976,Wendell,Carter Jr.,1999-04-16,USA,208,122,5,34,t,2018,1,7
3323,1629005,Malik,Newman,1997-02-21,USA,190,86,2,,f,2018,,
3644,1629007,Jontay,Porter,1999-11-15,USA,208,109,5,,f,,,
4162,1629014,Anfernee,Simons,1999-06-08,USA,190,91,2,22,t,2018,1,24
1155,1629029,Luka,Dončić,1999-02-28,Slovenia,203,104,2,77,t,2018,1,3
4292,1629034,Ray,Spalding,1997-03-11,USA,206,102,3,,f,2018,2,56
3416,1629059,Elie,Okobo,1997-10-23,France,190,86,2,2,f,2018,2,31
1766,1629060,Rui,Hachimura,1998-02-08,Japan,203,104,3,28,t,2019,1,9
2876,1629103,Kelan,Martin,1995-08-03,USA,196,104,3,,f,,,
1504,1629117,Wenyen,Gabriel,1997-03-26,South Sudan,206,93,3,,f,,,
3012,1629162,Jordan,McLaughlin,1996-04-09,USA,180,84,2,0,t,,,
1635,1629164,Brandon,Goodwin,1995-10-02,USA,183,82,2,0,f,,,
2360,1629203,Jemerrio,Jones,1995-04-09,USA,196,79,3,,f,2018,,
4558,1629308,Juan,Toscano-Anderson,1993-04-10,USA,198,95,3,,f,,,
1,76001,Alaa,Abdelnaby,,,,,,,f,,,
863,201954,Darren,Collison,1987-08-23,USA,183,73,2,,f,2009,1,21
2901,202083,Wesley,Matthews,1986-10-14,USA,196,100,2,32,f,,,
4135,202697,Iman,Shumpert,1990-06-26,USA,196,96,2,,f,2011,1,17
283,203145,Kent,Bazemore,1989-07-01,USA,193,88,2,9,f,,,
2025,203200,Justin,Holiday,1989-04-05,USA,198,82,2,9,f,,,
1092,203521,Matthew,Dellavedova,1990-09-08,Australia,190,91,2,8,f,,,
3889,203922,Glenn,Robinson III,1994-01-08,USA,198,101,3,,f,2014,2,40
1638,203932,Aaron,Gordon,1995-09-16,USA,203,107,3,32,t,2014,1,4
99,203937,Kyle,Anderson,1993-09-20,USA,203,104,2,12,t,2014,1,30
4678,203943,Noah,Vonleh,1995-08-24,USA,208,117,3,,f,2014,1,9
666,203998,Bruno,Caboclo,1995-09-21,Brazil,206,99,3,,f,2014,1,20
1469,204025,Tim,Frazier,1990-11-01,USA,183,77,2,,f,,,
4875,204222,Greg,Whittington,1993-02-07,USA,203,95,3,,f,,,
2738,1626172,Kevon,Looney,1996-02-06,USA,206,101,3,55,t,2015,1,30
1960,1626195,Willy,Hernangomez,1994-05-27,Spain,211,113,5,9,f,2015,2,35
4412,1626208,Keifer,Sykes,1993-12-30,USA,180,76,2,,f,,,
3973,1627734,Domantas,Sabonis,1996-05-03,Lithuania,208,109,4,11,t,2016,1,11
2592,1627746,Skal,Labissiere,1996-03-18,Haiti,208,107,4,,f,2016,1,28
2644,1627747,Caris,LeVert,1994-08-25,USA,201,93,2,8,t,2016,1,20
2778,1627815,Sheldon,Mac,1992-12-21,USA,198,91,2,9,f,2016,,
4642,1627832,Fred,VanVleet,1994-02-25,USA,183,89,2,5,t,,,
738,1627936,Alex,Caruso,1994-02-28,USA,196,84,2,9,t,,,
3374,1628021,David,Nwaba,1993-01-14,USA,196,99,2,2,f,,,
2170,1628367,Josh,Jackson,1997-02-10,USA,203,94,2,55,f,2017,1,4
1380,1628390,Terrance,Ferguson,1998-05-17,USA,198,86,2,,f,2017,1,21
5000,1628391,D.J.,Wilson,1996-02-19,USA,208,105,3,,f,2017,1,17
1882,1628392,Isaiah,Hartenstein,1998-05-05,Germany,213,113,5,55,t,2017,2,43
307,1628395,Jordan,Bell,1995-01-07,USA,201,98,3,,f,2017,2,38
4521,1628414,Sindarius,Thornwell,1994-11-15,USA,193,98,2,15,f,2017,2,48
446,1628449,Chris,Boucher,1993-01-11,Saint Lucia,203,91,3,,f,,,
3139,1628513,Naz,Mitrou-Long,1993-08-03,Canada,190,99,2,15,f,,,
4786,1628778,Paul,Watson,1994-12-30,USA,198,95,2,,f,,,
60,1628960,Grayson,Allen,1995-10-08,USA,190,90,2,8,t,2018,1,21
548,1628971,Bruce,Brown,1996-08-15,USA,193,92,2,11,t,2018,2,42
3055,1629001,De'Anthony,Melton,1998-05-28,USA,188,91,2,8,t,2018,2,46
4300,1629016,Omari,Spellman,1997-07-21,USA,203,111,3,14,f,2018,1,30
3370,1629134,Kendrick,Nunn,1995-08-03,USA,190,86,2,20,f,,,
4201,1629346,Alen,Smailagic,2000-08-18,Serbia,208,98,3,6,f,2019,2,39
826,1629598,Chris,Clemons,1997-07-23,USA,175,82,2,3,f,,,
120,21,Greg,Anthony,,,,,,,f,,,
56,1629638,Nickeil,Alexander-Walker,1998-09-02,Canada,196,93,2,7,t,2019,1,17
260,1629646,Charles,Bassey,2000-10-28,Nigeria,208,104,5,28,t,2021,2,53
2259,1629661,Cameron,Johnson,1996-03-03,USA,203,95,3,23,t,2019,1,11
4182,1629686,Deividas,Sirvydis,2000-06-10,Lithuania,203,86,2,,f,2019,2,37
3310,1630174,Aaron,Nesmith,1999-10-16,USA,196,98,2,23,t,2020,1,14
3731,1630186,Jahmi'us,Ramsey,2001-06-09,USA,190,86,2,,f,2020,2,43
3457,1630187,Daniel,Oturu,1999-09-20,USA,203,109,5,,f,2020,2,33
4344,1630191,Isaiah,Stewart,2001-05-22,USA,203,113,4,28,t,2020,1,16
414,1630195,Leandro,Bolmaro,2000-09-11,Argentina,198,91,3,,f,2020,1,23
3584,1630196,Filip,Petrusev,2000-04-15,Serbia,211,102,5,,f,2021,2,50
4531,1630214,Xavier,Tillman,1999-01-12,USA,203,111,3,26,t,2020,2,35
2561,1630249,Vít,Krejčí,2000-06-19,Czech Republic,203,88,2,27,t,2020,2,37
2806,1630266,Will,Magnay,1998-06-10,Australia,208,106,5,,f,,,
1196,1630537,Chris,Duarte,1997-06-13,Dominican Republic,196,86,2,,f,2021,1,13
2365,1630539,Kai,Jones,2001-01-19,Bahamas,211,100,5,23,f,2021,1,19
2928,1630540,Miles,McBride,2000-09-08,USA,188,88,2,2,t,2021,2,36
1945,1630565,Aaron,Henry,1999-08-30,USA,196,95,3,,f,,,
4881,1630598,Aaron,Wiggins,1999-01-02,USA,196,86,2,21,t,2021,2,55
2704,1630604,E.J.,Liddell,2000-12-18,USA,198,109,3,9,t,2022,2,41
4003,1630611,Gui,Santos,2002-06-22,Brazil,201,84,3,15,t,2022,2,55
1430,1630758,Aleem,Ford,1997-12-22,USA,203,100,3,,f,,,
2991,1630787,Cameron,McGriff,1997-09-30,USA,201,100,3,,f,,,
236,76108,John,Barnhill,,,,,,,f,,,
237,76109,Norton,Barnhill,,,,,,,f,,,
1350,1629605,Tacko,Fall,1995-12-10,Senegal,229,141,5,,f,,,
497,1629649,Ignas,Brazdeikis,1999-01-08,Canada,198,100,3,17,f,2019,2,47
3365,1629669,Jaylen,Nowell,1999-07-09,USA,193,91,2,,f,2019,2,43
4045,1629678,Admiral,Schofield,1997-03-30,United Kingdom,196,109,3,25,f,2019,2,42
2541,1629723,John,Konchar,1996-03-22,USA,196,95,2,55,t,,,
2874,1629725,Jeremiah,Martin,1996-06-19,USA,188,84,2,3,f,,,
3761,1629729,Josh,Reaves,1997-06-04,USA,193,97,2,23,f,,,
3188,1629752,Juwan,Morgan,1997-04-17,USA,201,105,3,16,f,,,
605,1629783,Shaq,Buchanan,1997-01-30,USA,190,86,2,,f,,,
754,1629958,Ahmad,Caver,1996-09-12,USA,188,79,2,,f,2019,,
692,1629962,Devin,Cannady,1996-05-21,USA,188,83,2,30,f,2019,,
11,1630173,Precious,Achiuwa,1999-09-19,Nigeria,203,110,3,9,t,2020,1,20
2815,1630177,Theo,Maledon,2001-06-12,France,193,79,2,,f,2020,2,34
1704,1630182,Josh,Green,2000-11-16,Australia,198,91,2,10,t,2020,1,18
4235,1630188,Jalen,Smith,2000-03-16,USA,203,111,4,25,t,2020,1,10
2079,1630210,Markus,Howard,1999-03-03,USA,178,79,2,0,f,,,
5046,1630218,Robert,Woodard II,1999-09-22,USA,198,107,3,28,f,2020,2,40
4472,1630271,Brodric,Thomas,1997-01-28,USA,196,84,2,97,f,,,
1079,1630466,Gabriel,Deck,1995-02-08,Argentina,198,105,3,,f,,,
3890,1630526,Jeremiah,Robinson-Earl,2000-11-03,USA,206,109,3,,f,2021,2,32
2131,1630538,Bones,Hyland,2000-09-14,USA,188,77,2,8,t,2021,1,26
4473,1630560,Cam,Thomas,2001-10-13,Japan,190,95,2,,f,2021,1,27
3683,1630563,Joshua,Primo,2002-12-24,Canada,193,86,2,,f,2021,1,12
2822,1630572,Sandro,Mamukelashvili,1999-05-23,Georgia,206,109,4,54,t,2021,2,54
3308,1630612,Ruben,Nembhard Jr.,1999-03-22,USA,193,91,2,5,f,,,
4774,1630613,Duane,Washington Jr.,2000-03-24,Germany,188,89,2,1,f,,,
962,1630622,Jalen,Crutcher,1999-07-18,USA,185,79,2,,f,,,
215,1630625,Dalano,Banton,1999-11-07,Canada,203,92,3,45,t,2021,2,46
4623,1630649,Stanley,Umude,1999-04-12,USA,198,95,2,,f,,,
1246,1630693,Jaime,Echenique,1997-04-27,Colombia,208,117,5,,f,,,
2770,1630994,Gabriel,Lundberg,1994-12-04,Denmark,193,92,2,19,f,,,
354,76167,Joe,Binion,,,,,,,f,,,
1042,1631098,Johnny,Davis,2002-02-27,USA,193,88,2,,f,2022,1,10
3182,1631111,Wendell,Moore Jr.,2001-09-18,USA,196,98,2,14,t,2022,1,26
768,1631113,Kennedy,Chandler,2002-09-16,USA,183,77,2,,f,2022,2,38
4067,1631220,Dereon,Seabron,2000-05-26,USA,196,82,2,0,f,,,
1599,1631221,Collin,Gillespie,1999-06-25,USA,185,88,2,12,t,,,
1426,1631323,Simone,Fontecchio,1995-12-09,Italy,201,95,3,0,t,,,
3096,1641706,Brandon,Miller,2002-11-22,USA,201,91,3,24,t,2023,1,2
1941,1641707,Taylor,Hendricks,2003-11-22,USA,206,98,3,22,t,2023,1,9
4866,1641727,Dariq,Whitehead,2004-08-01,USA,198,100,2,,f,2023,1,22
264,1641734,Emoni,Bates,2004-01-28,USA,203,92,3,21,f,2023,2,49
2714,1641753,Chris,Livingston,2003-10-15,USA,198,100,3,,f,2023,2,58
3596,1641763,Julian,Phillips,2003-11-05,USA,198,91,3,4,t,2023,2,35
474,76233,Bill,Bradley,,,,,,,f,,,
476,76231,Dudley,Bradley,,,,,,,f,,,
4282,1631110,Jeremy,Sochan,2003-05-20,Poland,203,104,3,20,t,2022,1,9
201,1631116,Patrick,Baldwin Jr.,2002-11-18,USA,213,100,3,23,t,2022,1,28
2467,1631117,Walker,Kessler,2001-07-26,USA,218,111,5,24,t,2022,1,22
4940,1631119,Jaylin,Williams,2002-06-29,USA,206,109,3,6,t,2022,2,34
3104,1631159,Leonard,Miller,2003-11-26,Canada,208,100,3,11,t,2023,2,33
1788,1631160,Jordan,Hall,2002-01-14,USA,201,98,2,,f,,,
4011,1631204,Marcus,Sasser,2000-09-21,USA,185,88,2,25,t,2023,1,25
2069,1631216,Caleb,Houstan,2003-01-09,Canada,203,93,2,,f,2022,2,32
2191,1631218,Trayce,Jackson-Davis,2000-02-22,USA,206,111,3,32,t,2023,2,57
655,1631219,John,Butler Jr.,2002-12-04,USA,213,86,3,21,f,,,
806,1631321,Sidy,Cissoko,2004-04-02,France,198,100,2,91,t,2023,2,44
2712,1641726,Dereck,Lively II,2004-02-12,USA,216,104,5,2,t,2023,1,12
4270,1641733,Nick,Smith Jr.,2004-04-18,USA,188,84,2,20,t,2023,1,27
685,1641739,Toumani,Camara,2000-05-08,Belgium,201,104,3,33,t,2023,2,52
4000,1641766,Adama,Sanogo,2002-02-12,Mali,206,111,3,,f,,,
362,1641931,Onuralp,Bitim,1999-03-31,Turkey,198,98,3,17,f,,,
592,76288,Stanley,Brundy,,,,,,,f,,,
594,1594,Rick,Brunson,,,,,,,f,,,
710,76348,Austin,Carr,,,,,,,f,,,
828,1642363,Nique,Clifford,,,,,,,t,,,
947,76471,Charlie,Criss,,,,,,,f,,,
1065,201286,Eric,Dawson,,,,,,,f,,,
1183,1068,Greg,Dreiling,,,,,,,f,,,
1302,2408,Melvin,Ely,,,,,,,f,,,
1421,76727,Mike,Flynn,,,,,,,f,,,
1539,708,Kevin,Garnett,,,,,,,f,,,
1657,101211,Stephen,Graham,,,,,,,f,,,
1776,76917,Lindsay,Hairston,,,,,,,f,,,
1894,76969,Vern,Hatton,,,,,,,f,,,
2012,1641793,D'Moi,Hodge,1998-12-20,British Virgin Islands,190,85,2,,f,,,
2013,1106,Donald,Hodge,,,,,,,f,,,
2132,77092,Marc,Iavaroni,,,,,,,f,,,
2134,1642345,Oso,Ighodaro,,,,,,,t,,,
2250,101161,Amir,Johnson,,,,,,,f,,,
2368,77200,Larry,Jones,,,,,,,f,,,
2487,12,Chris,King,,,,,,,f,,,
2488,77266,Dan,King,,,,,,,f,,,
2605,77333,Jim,Lampley,,,,,,,f,,,
2606,2253,Sean,Lampley,,,,,,,f,,,
2724,77399,Darrell,Lockhart,,,,,,,f,,,
2725,1100,Ian,Lockhart,,,,,,,f,,,
2842,77462,Saul,Mariaschin,,,,,,,f,,,
2961,77518,Scooter,McCray,,,,,,,f,,,
3079,77590,Ed,Mikan,,,,,,,f,,,
3080,600012,George,Mikan,,,,,,,f,,,
3199,201043,Randolph,Morris,,,,,,,f,,,
3317,1116,Melvin,Newbern,,,,,,,f,,,
3435,1563,Kevin,Ollie,,,,,,,f,,,
3436,77764,Gene,Ollrich,,,,,,,f,,,
3553,77829,Sam,Pellom,,,,,,,f,,,
3554,2130,Mike,Penberthy,,,,,,,f,,,
3671,77880,Dominic,Pressley,,,,,,,f,,,
3789,202385,Ryan,Reid,,,,,,,f,,,
3906,915,Rodney,Rogers,,,,,,,f,,,
4025,78071,Herm,Schaefer,,,,,,,f,,,
4144,78149,Jack,Sikma,,,,,,,f,,,
4263,1642449,Tolu,Smith,,,,,,,t,,,
4264,380,Tony,Smith,,,,,,,f,,,
4380,78273,Lamont,Strothers,,,,,,,f,,,
4499,240,Brooks,Thompson,,,,,,,f,,,
4617,202775,Edwin,Ubiles,,,,,,,f,,,
4734,101190,Matt,Walsh,,,,,,,f,,,
4853,1751,Jahidi,White,,,,,,,f,,,
4854,200778,James,White,,,,,,,f,,,
4969,78563,Rickey,Williams,,,,,,,f,,,
4970,78565,Rob,Williams,,,,,,,f,,,
5086,78631,Charlie,Yelverton,,,,,,,f,,,
115,203507,Giannis,Antetokounmpo,1994-12-06,Greece,211,110,3,34,t,2013,1,15
81,202329,Al-Farouq,Aminu,1990-09-21,USA,203,100,3,5,f,2010,1,8
117,203648,Thanasis,Antetokounmpo,1992-07-18,Greece,201,99,3,43,t,2014,2,51
105,201583,Ryan,Anderson,1988-05-06,USA,206,109,3,,f,2008,1,21
61,1628386,Jarrett,Allen,1998-04-21,USA,206,110,5,31,t,2017,1,22
52,1629734,Kyle,Alexander,1996-10-21,Canada,208,98,4,17,f,,,
23,203500,Steven,Adams,1993-07-20,New Zealand,211,120,5,12,t,2013,1,12
25,1628389,Bam,Adebayo,1997-07-18,USA,206,116,5,13,t,2017,1,14
96,1626147,Justin,Anderson,1993-11-19,USA,196,105,2,,f,2015,1,21
116,1628961,Kostas,Antetokounmpo,1997-11-20,Greece,208,91,3,37,f,2018,2,60
63,1628443,Kadeem,Allen,1993-01-15,USA,185,91,2,,f,2017,2,53
20,1629121,Jaylen,Adams,1996-05-04,USA,183,102,2,,f,,,
69,1641851,Timmy,Allen,2000-01-09,USA,198,95,3,,f,,,
2,76002,Zaid,Abdul-Aziz,,,,,,,f,,,
3,76003,Kareem,Abdul-Jabbar,,,,,,,f,,,
4,51,Mahmoud,Abdul-Rauf,,,,,,,f,,,
5,1505,Tariq,Abdul-Wahad,,,,,,,f,,,
6,949,Shareef,Abdur-Rahim,,,,,,,f,,,
7,76005,Tom,Abernethy,,,,,,,f,,,
8,76006,Forest,Able,,,,,,,f,,,
9,76007,John,Abramovic,,,,,,,f,,,
10,203518,Alex,Abrines,,,,,,,f,,,
12,101165,Alex,Acker,,,,,,,f,,,
13,76008,Donald,Ackerman,,,,,,,f,,,
14,76009,Mark,Acres,,,,,,,f,,,
15,76010,Charles,Acton,,,,,,,f,,,
16,203112,Quincy,Acy,,,,,,,f,,,
17,76011,Alvan,Adams,,,,,,,f,,,
18,76012,Don,Adams,,,,,,,f,,,
19,200801,Hassan,Adams,,,,,,,f,,,
21,203919,Jordan,Adams,,,,,,,f,,,
22,149,Michael,Adams,,,,,,,f,,,
24,912,Rafael,Addison,,,,,,,f,,,
26,1629061,Deng,Adel,,,,,,,f,,,
27,76015,Rick,Adelman,,,,,,,f,,,
28,202399,Jeff,Adrien,,,,,,,f,,,
29,201167,Arron,Afflalo,,,,,,,f,,,
31,200772,Maurice,Ager,,,,,,,f,,,
32,76016,Mark,Aguirre,,,,,,,f,,,
33,201336,Blake,Ahearn,,,,,,,f,,,
34,76017,Danny,Ainge,,,,,,,f,,,
35,201582,Alexis,Ajinca,,,,,,,f,,,
36,76018,Henry,Akin,,,,,,,f,,,
37,203006,Josh,Akognon,,,,,,,f,,,
38,1629152,DeVaughn,Akoon-Purcell,,,,,,,f,,,
39,202374,Solomon,Alabi,,,,,,,f,,,
40,76019,Mark,Alarie,,,,,,,f,,,
41,76020,Gary,Alcorn,,,,,,,f,,,
43,203128,Furkan,Aldemir,,,,,,,f,,,
44,202332,Cole,Aldrich,,,,,,,f,,,
46,76021,Chuck,Aleksinas,,,,,,,f,,,
47,1626146,Cliff,Alexander,,,,,,,f,,,
48,724,Cory,Alexander,,,,,,,f,,,
49,2042,Courtney,Alexander,,,,,,,f,,,
50,76022,Gary,Alexander,,,,,,,f,,,
51,201570,Joe,Alexander,,,,,,,f,,,
53,1641725,Trey,Alexander,,,,,,,t,,,
55,2349,Victor,Alexander,,,,,,,f,,,
57,76024,Steve,Alford,,,,,,,f,,,
58,1628959,Rawle,Alkins,,,,,,,f,,,
59,76028,Bob,Allen,,,,,,,f,,,
62,706,Jerome,Allen,,,,,,,f,,,
64,202730,Lavoy,Allen,,,,,,,f,,,
65,76027,Lucius,Allen,,,,,,,f,,,
66,2124,Malik,Allen,,,,,,,f,,,
67,76025,Randy,Allen,,,,,,,f,,,
68,951,Ray,Allen,,,,,,,f,,,
70,2754,Tony,Allen,,,,,,,f,,,
71,76029,Odis,Allison,,,,,,,f,,,
72,200984,Lance,Allred,,,,,,,f,,,
73,76030,Darrell,Allums,,,,,,,f,,,
74,201165,Morris,Almond,,,,,,,f,,,
75,308,Derrick,Alston,,,,,,,f,,,
76,1747,Rafer,Alston,,,,,,,f,,,
77,1824,Peter,Aluma,,,,,,,f,,,
79,680,John,Amaechi,,,,,,,f,,,
80,732,Ashraf,Amaya,,,,,,,f,,,
82,200811,Lou,Amundson,,,,,,,f,,,
83,76034,Bob,Anderegg,,,,,,,f,,,
84,2365,Chris,Andersen,,,,,,,f,,,
85,2431,David,Andersen,,,,,,,f,,,
86,101187,Alan,Anderson,,,,,,,f,,,
87,202079,Antonio,Anderson,,,,,,,f,,,
88,76035,Cliff,Anderson,,,,,,,f,,,
89,76036,Daniel,Anderson,,,,,,,f,,,
90,1507,Derek,Anderson,,,,,,,f,,,
91,76037,Dwight,Anderson,,,,,,,f,,,
92,944,Eric,Anderson,,,,,,,f,,,
93,246,Greg,Anderson,,,,,,,f,,,
94,202341,James,Anderson,,,,,,,f,,,
95,76040,Jerome,Anderson,,,,,,,f,,,
97,72,Kenny,Anderson,,,,,,,f,,,
98,76041,Kim,Anderson,,,,,,,f,,,
100,76042,Michael,Anderson,,,,,,,f,,,
101,76043,Mitchell,Anderson,,,,,,,f,,,
102,98,Nick,Anderson,,,,,,,f,,,
103,76045,Richard,Anderson,,,,,,,f,,,
104,76046,Ron,Anderson,,,,,,,f,,,
106,1000,Shandon,Anderson,,,,,,,f,,,
107,335,Willie,Anderson,,,,,,,f,,,
108,76048,Wally,Anderzunas,,,,,,,f,,,
109,101149,Martynas,Andriuskevicius,,,,,,,f,,,
110,76049,Don,Anielak,,,,,,,f,,,
111,1628387,Ike,Anigbogu,,,,,,,f,,,
112,76050,Michael,Ansley,,,,,,,f,,,
113,1512,Chris,Anstey,,,,,,,f,,,
114,1630828,Alex,Antetokounmpo,,,,,,,t,,,
121,201202,Joel,Anthony,,,,,,,f,,,
122,203544,Pero,Antic,,,,,,,f,,,
124,203951,Keith,Appling,,,,,,,f,,,
125,2737,Rafael,Araujo,,,,,,,f,,,
126,76053,Stacey,Arceneaux,,,,,,,f,,,
127,76054,Nate,Archibald,,,,,,,f,,,
128,2425,Robert,Archibald,,,,,,,f,,,
130,76055,Jim,Ard,,,,,,,f,,,
131,2240,Gilbert,Arenas,,,,,,,f,,,
133,76056,Paul,Arizin,,,,,,,f,,,
134,76057,Joe,Arlauckas,,,,,,,f,,,
135,769,B.J.,Armstrong,,,,,,,f,,,
136,76061,Bob,Armstrong,,,,,,,f,,,
137,2220,Brandon,Armstrong,,,,,,,f,,,
138,353,Darrell,Armstrong,,,,,,,f,,,
139,200756,Hilton,Armstrong,,,,,,,f,,,
140,76060,Paul,Armstrong,,,,,,,f,,,
141,1642379,Taran,Armstrong,,,,,,,f,,,
142,76059,Tate,Armstrong,,,,,,,f,,,
143,76062,Jesse,Arnelle,,,,,,,f,,,
144,76063,Jay,Arnette,,,,,,,f,,,
145,76064,Bob,Arnzen,,,,,,,f,,,
146,2306,Carlos,Arroyo,,,,,,,f,,,
147,201589,Darrell,Arthur,,,,,,,f,,,
148,76065,John,Arthurs,,,,,,,f,,,
149,1628503,Jamel,Artis,,,,,,,f,,,
150,201600,Omer,Asik,,,,,,,f,,,
151,355,Vincent,Askew,,,,,,,f,,,
152,173,Keith,Askins,,,,,,,f,,,
153,76068,Don,Asmonga,,,,,,,f,,,
154,76069,Richard,Atha,,,,,,,f,,,
155,1088,Chucky,Atkins,,,,,,,f,,,
156,76070,Alvin,Attles,,,,,,,f,,,
157,76071,Chet,Aubuchon,,,,,,,f,,,
158,278,Stacey,Augmon,,,,,,,f,,,
160,200788,James,Augustine,,,,,,,f,,,
161,1134,Ike,Austin,,,,,,,f,,,
162,76073,John,Austin,,,,,,,f,,,
163,76074,Ken,Austin,,,,,,,f,,,
165,138,Anthony,Avent,,,,,,,f,,,
166,76076,William,Averitt,,,,,,,f,,,
167,1895,William,Avery,,,,,,,f,,,
168,76078,Dennis,Awtrey,,,,,,,f,,,
170,202970,Gustavo,Ayon,,,,,,,f,,,
171,201965,Jeff,Ayres,,,,,,,f,,,
173,101235,Kelenna,Azubuike,,,,,,,f,,,
175,203569,Chris,Babb,,,,,,,f,,,
176,202337,Luke,Babbitt,,,,,,,f,,,
177,76079,Milos,Babic,,,,,,,f,,,
178,76080,Johnny,Bach,,,,,,,f,,,
181,76081,Jim,Baechtold,,,,,,,f,,,
182,2053,Dalibor,Bagaric,,,,,,,f,,,
183,76082,John,Bagley,,,,,,,f,,,
184,1630542,Marcus,Bagley,,,,,,,f,,,
186,1642846,Ace,Bailey,,,,,,,t,,,
188,76084,Carl,Bailey,,,,,,,f,,,
189,76083,Gus,Bailey,,,,,,,f,,,
190,76085,James,Bailey,,,,,,,f,,,
191,1847,Thurl,Bailey,,,,,,,f,,,
192,1753,Toby,Bailey,,,,,,,f,,,
193,203946,Cameron,Bairstow,,,,,,,f,,,
194,1858,Mark,Baker,,,,,,,f,,,
195,2486,Maurice,Baker,,,,,,,f,,,
196,76089,Norm,Baker,,,,,,,f,,,
197,1627758,Ron,Baker,,,,,,,f,,,
198,452,Vin,Baker,,,,,,,f,,,
199,1642380,Adama,Bal,,,,,,,f,,,
200,1627735,Wade,Baldwin IV,,,,,,,f,,,
202,200764,Renaldo,Balkman,,,,,,,f,,,
203,76090,Cedric,Ball,,,,,,,f,,,
206,76091,Greg,Ballard,,,,,,,f,,,
207,76092,Herschel,Baltimore,,,,,,,f,,,
211,76093,Gene,Banks,,,,,,,f,,,
212,2556,Marcus,Banks,,,,,,,f,,,
213,76094,Ken,Bannister,,,,,,,f,,,
214,76095,Mike,Bantom,,,,,,,f,,,
217,76096,John,Barber,,,,,,,f,,,
218,2571,Leandro,Barbosa,,,,,,,f,,,
219,76097,Stephen,Bardo,,,,,,,f,,,
221,200745,Andrea,Bargnani,,,,,,,f,,,
222,76098,Cliff,Barker,,,,,,,f,,,
223,76099,Tom,Barker,,,,,,,f,,,
224,787,Charles,Barkley,,,,,,,f,,,
225,2057,Erick,Barkley,,,,,,,f,,,
226,76102,Don,Barksdale,,,,,,,f,,,
229,76103,Harry,Barnes,,,,,,,f,,,
230,76105,Jim,Barnes,,,,,,,f,,,
231,76104,Marvin,Barnes,,,,,,,f,,,
232,2440,Matt,Barnes,,,,,,,f,,,
234,76107,Dick,Barnett,,,,,,,f,,,
235,76106,Jim,Barnett,,,,,,,f,,,
159,201571,D.J.,Augustin,1987-11-10,USA,180,83,2,4,f,2008,1,9
228,203084,Harrison,Barnes,1992-05-30,USA,201,102,3,40,t,2012,1,7
220,200826,J.J.,Barea,1984-06-26,Puerto Rico,178,82,2,5,f,,,
216,1627760,Cat,Barber,1994-07-25,USA,185,78,2,,f,2016,,
238,1642964,Brooks,Barnhizer,,,,,,,t,,,
239,76110,Leo,Barnhorst,,,,,,,f,,,
240,76111,John,Barr,,,,,,,f,,,
241,76112,Mike,Barr,,,,,,,f,,,
242,76113,Thomas,Barr,,,,,,,f,,,
243,2857,Andre,Barrett,,,,,,,f,,,
244,76114,Ernie,Barrett,,,,,,,f,,,
246,2853,Earl,Barron,,,,,,,f,,,
247,344,Dana,Barros,,,,,,,f,,,
248,699,Brent,Barry,,,,,,,f,,,
123,1628384,OG,Anunoby,1997-07-17,United Kingdom,201,109,2,8,t,2017,1,23
208,1628964,Mo,Bamba,1998-05-12,USA,213,105,5,,f,2018,1,6
174,1628962,Udoka,Azubuike,1999-09-17,Nigeria,211,122,5,27,f,2020,1,27
172,1629028,Deandre,Ayton,1998-07-23,Bahamas,213,114,5,5,t,2018,1,1
185,1628963,Marvin,Bagley III,1999-03-14,USA,208,107,3,35,t,2018,1,2
204,1630163,LaMelo,Ball,2001-08-22,USA,201,82,2,1,t,2020,1,3
164,1630166,Deni,Avdija,2001-01-03,Israel,203,103,3,8,t,2020,1,9
119,1630175,Cole,Anthony,2000-05-15,USA,188,84,2,,f,2020,1,15
54,1630234,Ty-Shon,Alexander,1998-07-16,USA,190,88,2,0,f,,,
30,1630534,Ochai,Agbaji,2000-04-20,USA,196,98,2,30,t,2022,1,14
169,1630555,Joel,Ayayi,2000-03-05,France,193,82,2,,f,,,
42,1630583,Santi,Aldama,2001-01-10,Spain,213,98,4,7,t,2021,1,30
78,1630631,Jose,Alvarado,1998-04-12,USA,183,81,2,5,t,,,
180,1630641,Ibou,Badji,2002-10-13,Senegal,213,109,5,41,f,,,
209,1631094,Paolo,Banchero,2002-11-12,USA,208,113,3,5,t,2022,1,1
227,1631230,Dominick,Barlow,2003-05-26,USA,206,102,3,25,t,,,
187,1641735,Amari,Bailey,2004-02-17,USA,190,84,2,10,f,2023,2,41
249,1003,Drew,Barry,,,,,,,f,,,
250,468,Jon,Barry,,,,,,,f,,,
251,600013,Rick,Barry,,,,,,,f,,,
252,76117,Ed,Bartels,,,,,,,f,,,
253,76118,Vic,Bartolome,,,,,,,f,,,
255,101188,Eddie,Basden,,,,,,,f,,,
256,76119,Jerry,Baskerville,,,,,,,f,,,
257,101138,Brandon,Bass,,,,,,,f,,,
259,76120,Tim,Bassett,,,,,,,f,,,
261,1766,Maceo,Baston,,,,,,,f,,,
262,2370,Mengke,Bateer,,,,,,,f,,,
263,76121,Billyray,Bates,,,,,,,f,,,
266,101212,Esteban,Batista,,,,,,,f,,,
267,2471,Mike,Batiste,,,,,,,f,,,
268,1499,Tony,Battie,,,,,,,f,,,
269,2203,Shane,Battier,,,,,,,f,,,
270,1642419,Jamison,Battle,,,,,,,t,,,
271,174,John,Battle,,,,,,,f,,,
272,76123,Kenny,Battle,,,,,,,f,,,
273,76124,Dave,Batton,,,,,,,f,,,
275,1641878,Damion,Baugh,,,,,,,f,,,
276,76125,Johnny,Baum,,,,,,,f,,,
277,76126,Frankie,Baumholtz,,,,,,,f,,,
278,2437,Lonny,Baxter,,,,,,,f,,,
279,201573,Jerryd,Bayless,,,,,,,f,,,
280,76127,Elgin,Baylor,,,,,,,f,,,
282,76128,Sergei,Bazarevich,,,,,,,f,,,
285,76129,Ed,Beach,,,,,,,f,,,
287,76130,Butch,Beard,,,,,,,f,,,
288,76131,Ralph,Beard,,,,,,,f,,,
289,2602,Jerome,Beasley,,,,,,,f,,,
291,201563,Michael,Beasley,,,,,,,f,,,
292,76133,Zelmo,Beaty,,,,,,,f,,,
293,201958,Rodrigue,Beaubois,,,,,,,f,,,
295,76134,Byron,Beck,,,,,,,f,,,
296,1133,Corey,Beck,,,,,,,f,,,
297,76136,Ernie,Beck,,,,,,,f,,,
298,76137,Moe,Becker,,,,,,,f,,,
299,76138,William,Bedford,,,,,,,f,,,
300,1641736,Reece,Beekman,,,,,,,f,,,
301,76139,Hank,Beenders,,,,,,,f,,,
302,76140,Ron,Behagen,,,,,,,f,,,
303,76141,Elmer,Behnke,,,,,,,f,,,
305,2294,Charlie,Bell,,,,,,,f,,,
306,76142,Dennis,Bell,,,,,,,f,,,
308,1952,Raja,Bell,,,,,,,f,,,
309,2559,Troy,Bell,,,,,,,f,,,
310,76143,William,Bell,,,,,,,f,,,
311,76144,Walt,Bellamy,,,,,,,f,,,
313,76145,Irv,Bemoras,,,,,,,f,,,
314,76146,Leon,Benbow,,,,,,,f,,,
316,1886,Jonathan,Bender,,,,,,,f,,,
317,203968,Jerrelle,Benimon,,,,,,,f,,,
318,104,Benoit,Benjamin,,,,,,,f,,,
319,1736,Corey,Benjamin,,,,,,,f,,,
320,203461,Anthony,Bennett,,,,,,,f,,,
321,1120,Elmer,Bennett,,,,,,,f,,,
322,712,Mario,Bennett,,,,,,,f,,,
323,76151,Mel,Bennett,,,,,,,f,,,
324,76148,Tony,Bennett,,,,,,,f,,,
325,76152,Winston,Bennett,,,,,,,f,,,
326,128,David,Benoit,,,,,,,f,,,
327,202728,Keith,Benson,,,,,,,f,,,
328,76154,Kent,Benson,,,,,,,f,,,
329,1627791,Ben,Bentil,,,,,,,f,,,
330,76155,Gene,Berce,,,,,,,f,,,
331,76156,Gary,Bergen,,,,,,,f,,,
332,1642866,Joan,Beringer,,,,,,,t,,,
334,76157,Ricky,Berry,,,,,,,f,,,
335,76158,Walter,Berry,,,,,,,f,,,
336,1629541,Dairis,Bertans,,,,,,,f,,,
338,76159,Del,Beshore,,,,,,,f,,,
339,696,Travis,Best,,,,,,,f,,,
343,204021,Sim,Bhullar,,,,,,,f,,,
344,76160,Al,Bianchi,,,,,,,f,,,
345,76161,Hank,Biasatti,,,,,,,f,,,
346,76162,Henry,Bibby,,,,,,,f,,,
347,1710,Mike,Bibby,,,,,,,f,,,
348,76163,Ed,Biedenbach,,,,,,,f,,,
349,2740,Andris,Biedrins,,,,,,,f,,,
350,76164,Don,Bielke,,,,,,,f,,,
351,76165,Bob,Bigelow,,,,,,,f,,,
352,1497,Chauncey,Billups,,,,,,,f,,,
353,76166,Dave,Bing,,,,,,,f,,,
274,201587,Nicolas,Batum,1988-12-14,France,201,104,2,33,t,2008,1,25
337,202722,Davis,Bertans,1992-11-12,Latvia,208,102,3,9,f,2011,2,42
286,203078,Bradley,Beal,1993-06-28,USA,193,94,2,0,t,2012,1,3
254,203115,Will,Barton,1991-01-06,USA,196,82,2,1,f,2012,2,40
356,1628444,Jabari,Bird,,,,,,,f,,,
357,76168,Jerry,Bird,,,,,,,f,,,
358,1449,Larry,Bird,,,,,,,f,,,
359,76170,Otis,Birdsong,,,,,,,f,,,
360,76171,Gale,Bishop,,,,,,,f,,,
365,76172,Uwe,Blab,,,,,,,f,,,
367,76173,Charlie,Black,,,,,,,f,,,
369,76174,Norman,Black,,,,,,,f,,,
370,204028,Tarik,Black,,,,,,,f,,,
371,76175,Tom,Black,,,,,,,f,,,
372,76176,Rolando,Blackman,,,,,,,f,,,
373,76180,Alex,Blackwell,,,,,,,f,,,
374,76177,Cory,Blackwell,,,,,,,f,,,
375,1806,James,Blackwell,,,,,,,f,,,
376,76179,Nate,Blackwell,,,,,,,f,,,
377,201971,DeJuan,Blair,,,,,,,f,,,
378,2581,Steve,Blake,,,,,,,f,,,
379,202392,Marqus,Blakely,,,,,,,f,,,
380,1628469,Antonio,Blakeney,,,,,,,f,,,
381,200807,Will,Blalock,,,,,,,f,,,
382,76182,George,Blaney,,,,,,,f,,,
383,76183,Lance,Blanks,,,,,,,f,,,
384,76184,Ricky,Blanton,,,,,,,f,,,
385,101154,Andray,Blatche,,,,,,,f,,,
386,302,Mookie,Blaylock,,,,,,,f,,,
389,76186,Leon,Blevins,,,,,,,f,,,
390,76187,John,Block,,,,,,,f,,,
391,76188,Mike,Bloom,,,,,,,f,,,
392,1628417,Jaron,Blossomgame,,,,,,,f,,,
281,203382,Aron,Baynes,1986-12-09,Australia,208,118,5,46,f,,,
284,1629647,Darius,Bazley,2000-06-12,USA,206,98,3,26,f,2019,1,23
290,1627736,Malik,Beasley,1996-11-26,USA,193,85,2,5,f,2016,1,19
315,1627733,Dragan,Bender,1997-11-17,Croatia,213,113,3,,f,2016,1,4
258,1628238,Paris,Bass,1995-08-29,USA,203,91,3,,f,,,
245,1629628,RJ,Barrett,2000-06-14,Canada,198,97,2,9,t,2019,1,3
342,1630189,Tyler,Bey,1998-02-10,USA,201,98,3,2,f,2020,2,36
333,1631262,Jules,Bernard,2000-01-21,USA,198,95,2,14,f,,,
393,916,Corie,Blount,,,,,,,f,,,
394,1548,Mark,Blount,,,,,,,f,,,
395,203505,Vander,Blue,,,,,,,f,,,
396,1629129,Trevon,Bluiett,,,,,,,f,,,
397,76189,Ray,Blume,,,,,,,f,,,
398,76190,Nelson,Bobb,,,,,,,f,,,
399,2800,Tony,Bobbitt,,,,,,,f,,,
400,76191,Arlen,Bockhorn,,,,,,,f,,,
402,76192,Tom,Boerwinkle,,,,,,,f,,,
403,2586,Keith,Bogans,,,,,,,f,,,
406,177,Muggsy,Bogues,,,,,,,f,,,
407,101106,Andrew,Bogut,,,,,,,f,,,
408,1564,Etdrick,Bohannon,,,,,,,f,,,
410,76195,Manute,Bol,,,,,,,f,,,
413,76196,Bill,Bolger,,,,,,,f,,,
415,1627762,Joel,Bolomboy,,,,,,,f,,,
416,76197,Doug,Bolstorff,,,,,,,f,,,
417,76203,George,H. Bon Salle,,,,,,,f,,,
418,1641737,Adem,Bona,,,,,,,t,,,
419,76198,Phil,Bond,,,,,,,f,,,
420,1603,Walter,Bond,,,,,,,f,,,
422,1121,Dexter,Boney,,,,,,,f,,,
424,76201,Ron,Bonham,,,,,,,f,,,
425,41,Anthony,Bonner,,,,,,,f,,,
426,2588,Matt,Bonner,,,,,,,f,,,
428,511,Melvin,Booker,,,,,,,f,,,
429,202344,Trevor,Booker,,,,,,,f,,,
430,200767,Josh,Boone,,,,,,,f,,,
431,76204,Ron,Boone,,,,,,,f,,,
432,1916,Calvin,Booth,,,,,,,f,,,
433,1522,Keith,Booth,,,,,,,f,,,
434,76206,Bob,Boozer,,,,,,,f,,,
435,2430,Carlos,Boozer,,,,,,,f,,,
436,2414,Curtis,Borchardt,,,,,,,f,,,
437,76207,Jake,Bornheimer,,,,,,,f,,,
438,1953,Lazaro,Borrell,,,,,,,f,,,
439,76209,Costic,Borsavage,,,,,,,f,,,
440,76210,Vince,Boryla,,,,,,,f,,,
441,2547,Chris,Bosh,,,,,,,f,,,
442,76211,Jim,Bostic,,,,,,,f,,,
444,76212,Lawrence,Boston,,,,,,,f,,,
445,76213,Tom,Boswell,,,,,,,f,,,
448,2257,Ruben,Boumtje-Boumtje,,,,,,,f,,,
450,76214,Don,Boven,,,,,,,f,,,
451,1898,Cal,Bowdler,,,,,,,f,,,
452,1477,Bruce,Bowen,,,,,,,f,,,
453,1763,Ryan,Bowen,,,,,,,f,,,
455,194,Anthony,Bowie,,,,,,,f,,,
456,76217,Sam,Bowie,,,,,,,f,,,
457,1085,Ira,Bowman,,,,,,,f,,,
459,76219,Nate,Bowman,,,,,,,f,,,
460,671,Donnie,Boyce,,,,,,,f,,,
461,76221,Dennis,Boyd,,,,,,,f,,,
462,76222,Fred,Boyd,,,,,,,f,,,
463,76223,Ken,Boyd,,,,,,,f,,,
464,1863,Earl,Boykins,,,,,,,f,,,
465,76224,Harry,Boykoff,,,,,,,f,,,
466,76225,Winford,Boynes,,,,,,,f,,,
467,200841,Cedric,Bozeman,,,,,,,f,,,
468,76226,Steve,Bracey,,,,,,,f,,,
469,202342,Craig,Brackins,,,,,,,f,,,
470,76227,Gary,Bradds,,,,,,,f,,,
471,76228,Alex,Bradley,,,,,,,f,,,
472,76229,Alonzo,Bradley,,,,,,,f,,,
363,202687,Bismack,Biyombo,1992-08-28,DRC,203,116,5,18,t,2011,1,7
404,202711,Bojan,Bogdanovic,1989-04-18,Croatia,201,103,3,44,f,2011,2,31
355,203920,Khem,Birch,1992-09-28,Canada,203,106,5,24,f,,,
475,76230,Charles,Bradley,,,,,,,f,,,
477,76232,Joe,Bradley,,,,,,,f,,,
478,2214,Michael,Bradley,,,,,,,f,,,
479,762,Shawn,Bradley,,,,,,,f,,,
481,1361,Mark,Bradtke,,,,,,,f,,,
482,66,Marques,Bragg,,,,,,,f,,,
483,1765,Torraye,Braggs,,,,,,,f,,,
484,1920,A.J.,Bramlett,,,,,,,f,,,
485,76237,Adrian,Branch,,,,,,,f,,,
486,1882,Elton,Brand,,,,,,,f,,,
487,210,Terrell,Brandon,,,,,,,f,,,
489,76238,Bob,Brannum,,,,,,,f,,,
490,76239,Brad,Branson,,,,,,,f,,,
491,76240,Jesse,Branson,,,,,,,f,,,
493,76241,Jim,Brasco,,,,,,,f,,,
494,76242,Mike,Bratz,,,,,,,f,,,
495,76243,Carl,Braun,,,,,,,f,,,
498,1642886,Koby,Brea,,,,,,,t,,,
499,160,Tim,Breaux,,,,,,,f,,,
500,2452,J.R.,Bremer,,,,,,,f,,,
501,76245,Pete,Brennan,,,,,,,f,,,
502,76246,Tom,Brennan,,,,,,,f,,,
503,76247,Randy,Breuer,,,,,,,f,,,
505,2249,Jamison,Brewer,,,,,,,f,,,
506,76248,Jim,Brewer,,,,,,,f,,,
507,76249,Ron,Brewer,,,,,,,f,,,
508,200758,Ronnie,Brewer,,,,,,,f,,,
509,2056,Primoz,Brezec,,,,,,,f,,,
510,76250,Frank,Brian,,,,,,,f,,,
511,783,Frank,Brickowski,,,,,,,f,,,
512,76252,Junior,Bridgeman,,,,,,,f,,,
513,76253,Bill,Bridges,,,,,,,f,,,
514,1641779,Jalen,Bridges,,,,,,,f,,,
517,76254,Al,Brightman,,,,,,,f,,,
519,76255,Audley,Brindley,,,,,,,f,,,
520,1628515,Isaiah,Briscoe,,,,,,,f,,,
521,76256,John,Brisker,,,,,,,f,,,
523,76257,Allan,Bristow,,,,,,,f,,,
524,76258,Tyrone,Britt,,,,,,,f,,,
525,76259,Wayman,Britt,,,,,,,f,,,
526,76260,Mike,Brittain,,,,,,,f,,,
527,76261,David,Britton,,,,,,,f,,,
529,201972,Jon,Brockman,,,,,,,f,,,
531,76262,Jim,Brogan,,,,,,,f,,,
533,76263,Gary,Brokaw,,,,,,,f,,,
534,76264,Price,Brookfield,,,,,,,f,,,
427,1626164,Devin,Booker,1996-10-30,USA,196,93,2,1,t,2015,1,13
454,1628968,Brian,Bowen II,1998-10-02,USA,198,86,2,,f,,,
411,1628413,Jonah,Bolden,1996-01-02,Australia,203,102,3,,f,2017,2,36
421,1629648,Jordan,Bone,1997-11-05,USA,188,82,2,,f,2019,2,57
412,1629716,Marques,Bolden,1998-04-17,USA,208,113,5,12,f,2019,,
388,1629833,Keljin,Blevins,1995-11-24,USA,193,91,2,21,f,2019,,
443,1630527,Brandon,Boston,2001-11-28,USA,198,85,2,11,f,2021,2,51
449,1631123,Jamaree,Bouyea,1999-06-27,USA,188,82,2,17,t,,,
528,1631167,Izaiah,Brockington,1999-07-12,USA,193,89,2,,f,,,
401,1631205,Buddy,Boeheim,1999-11-11,USA,196,93,3,,f,,,
366,1641710,Anthony,Black,2004-01-20,USA,201,91,2,0,t,2023,1,6
368,1641778,Leaky,Black,1999-06-14,USA,198,95,3,12,t,,,
535,201166,Aaron,Brooks,,,,,,,f,,,
538,76265,Kevin,Brooks,,,,,,,f,,,
539,202705,MarShon,Brooks,,,,,,,f,,,
540,76266,Michael,Brooks,,,,,,,f,,,
541,418,Scott,Brooks,,,,,,,f,,,
542,1631232,Keion,Brooks Jr.,,,,,,,f,,,
543,1641780,Johni,Broome,,,,,,,t,,,
544,2810,Andre,Brown,,,,,,,f,,,
545,1626148,Anthony,Brown,,,,,,,f,,,
546,76284,Bob,Brown,,,,,,,f,,,
547,201628,Bobby,Brown,,,,,,,f,,,
549,359,Chucky,Brown,,,,,,,f,,,
550,2245,Damone,Brown,,,,,,,f,,,
551,1642468,Darius,Brown,,,,,,,f,,,
552,76270,Darrell,Brown,,,,,,,f,,,
553,244,Dee,Brown,,,,,,,f,,,
554,200793,Dee,Brown,,,,,,,f,,,
555,201974,Derrick,Brown,,,,,,,f,,,
556,2484,Devin,Brown,,,,,,,f,,,
557,2081,Ernest,Brown,,,,,,,f,,,
558,76272,Fred,Brown,,,,,,,f,,,
559,76273,George,Brown,,,,,,,f,,,
560,1871,Gerald,Brown,,,,,,,f,,,
561,76275,Harold,Brown,,,,,,,f,,,
562,203913,Jabari,Brown,,,,,,,f,,,
564,76276,John,Brown,,,,,,,f,,,
565,2208,Kedrick,Brown,,,,,,,f,,,
568,2198,Kwame,Brown,,,,,,,f,,,
569,76278,Leon,Brown,,,,,,,f,,,
570,76279,Lewis,Brown,,,,,,,f,,,
571,203485,Lorenzo,Brown,,,,,,,f,,,
572,992,Marcus,Brown,,,,,,,f,,,
573,203900,Markel,Brown,,,,,,,f,,,
574,1479,Mike,Brown,,,,,,,f,,,
576,76277,Myron,Brown,,,,,,,f,,,
577,136,P.J.,Brown,,,,,,,f,,,
578,753,Randy,Brown,,,,,,,f,,,
579,76282,Raymond,Brown,,,,,,,f,,,
580,76283,Rickey,Brown,,,,,,,f,,,
581,76286,Roger,Brown,,,,,,,f,,,
582,200769,Shannon,Brown,,,,,,,f,,,
583,76285,Stan,Brown,,,,,,,f,,,
585,2357,Tierre,Brown,,,,,,,f,,,
586,76268,Tony,Brown,,,,,,,f,,,
591,76287,Jim,Browne,,,,,,,f,,,
473,202340,Avery,Bradley,1990-11-26,USA,190,82,2,20,f,2010,1,19
537,1628415,Dillon,Brooks,1996-01-22,Canada,201,102,2,3,t,2017,2,45
584,1628425,Sterling,Brown,1995-02-10,USA,196,99,2,,f,2017,2,46
595,1627852,Nicolas,Brussino,,,,,,,f,,,
596,1642868,Carter,Bryant,,,,,,,t,,,
598,76289,Emmette,Bryant,,,,,,,f,,,
599,76290,Joe,Bryant,,,,,,,f,,,
600,977,Kobe,Bryant,,,,,,,f,,,
601,95,Mark,Bryant,,,,,,,f,,,
603,76291,Wallace,Bryant,,,,,,,f,,,
604,76292,Torgeir,Bryn,,,,,,,f,,,
606,76293,Joe,Buckhalter,,,,,,,f,,,
607,76294,Steve,Bucknall,,,,,,,f,,,
608,76295,Cleveland,Buckner,,,,,,,f,,,
609,1761,Greg,Buckner,,,,,,,f,,,
610,76296,Quinn,Buckner,,,,,,,f,,,
611,76297,Dave,Budd,,,,,,,f,,,
612,201978,Chase,Budinger,,,,,,,f,,,
613,76298,Walter,Budko,,,,,,,f,,,
614,146,Jud,Buechler,,,,,,,f,,,
616,1934,Rodney,Buford,,,,,,,f,,,
617,672,Matt,Bullard,,,,,,,f,,,
619,76300,Greg,Bunch,,,,,,,f,,,
620,76301,Dick,Bunt,,,,,,,f,,,
621,76302,Bill,Buntin,,,,,,,f,,,
622,76303,Luther,Burden,,,,,,,f,,,
623,2469,Pat,Burke,,,,,,,f,,,
625,76304,Roger,Burkman,,,,,,,f,,,
627,2766,Antonio,Burks,,,,,,,f,,,
628,101207,Kevin,Burleson,,,,,,,f,,,
629,76305,Tom,Burleson,,,,,,,f,,,
630,76306,Jack,Burmaster,,,,,,,f,,,
631,76307,David,Burns,,,,,,,f,,,
632,76308,Evers,Burns,,,,,,,f,,,
633,76309,Jim,Burns,,,,,,,f,,,
634,197,Scott,Burrell,,,,,,,f,,,
635,76311,Art,Burris,,,,,,,f,,,
636,675,Junior,Burrough,,,,,,,f,,,
637,76313,Bob,Burrow,,,,,,,f,,,
639,76314,Ed,Burton,,,,,,,f,,,
640,1631174,Tyler,Burton,,,,,,,f,,,
641,416,Willie,Burton,,,,,,,f,,,
642,76316,Steve,Burtt,,,,,,,f,,,
643,76317,Don,Buse,,,,,,,f,,,
644,202221,Brian,Butch,,,,,,,f,,,
645,76318,Donnie,Butcher,,,,,,,f,,,
646,76319,Al,Butler,,,,,,,f,,,
647,2406,Caron,Butler,,,,,,,f,,,
648,202364,Da'Sean,Butler,,,,,,,f,,,
649,76320,Greg,Butler,,,,,,,f,,,
650,2866,Jackie,Butler,,,,,,,f,,,
652,348,Mitchell,Butler,,,,,,,f,,,
653,2446,Rasual,Butler,,,,,,,f,,,
656,202779,Dwight,Buycks,,,,,,,f,,,
657,1641824,Matas,Buzelis,,,,,,,t,,,
658,201182,Derrick,Byars,,,,,,,f,,,
659,101115,Andrew,Bynum,,,,,,,f,,,
660,101198,Will,Bynum,,,,,,,f,,,
661,76321,Marty,Byrnes,,,,,,,f,,,
662,76322,Tommy,Byrnes,,,,,,,f,,,
663,76323,Mike,Bytzura,,,,,,,f,,,
664,2560,Zarko,Cabarkapa,,,,,,,f,,,
665,76324,Barney,Cable,,,,,,,f,,,
668,679,Jason,Caffey,,,,,,,f,,,
669,262,Michael,Cage,,,,,,,f,,,
671,76326,Gerry,Calabrese,,,,,,,f,,,
672,201979,Nick,Calathes,,,,,,,f,,,
673,101181,Jose,Calderon,,,,,,,f,,,
674,154,Adrian,Caldwell,,,,,,,f,,,
515,1628969,Mikal,Bridges,1996-08-30,USA,198,95,2,25,t,2018,1,10
516,1628970,Miles,Bridges,1998-03-21,USA,201,102,3,0,t,2018,1,12
530,1629151,Ryan,Broekhoff,1990-08-23,Australia,198,98,2,45,f,,,
590,1628972,Troy,Brown Jr.,1999-07-28,USA,201,98,2,7,f,2018,1,15
575,1629650,Moses,Brown,1999-10-13,USA,218,117,5,,f,,,
522,1629052,Oshae,Brissett,1998-06-20,Canada,201,95,2,,f,,,
536,1629717,Armoni,Brooks,1998-06-05,USA,190,88,2,,f,2019,,
587,1630535,Greg,Brown III,2001-09-01,USA,201,93,3,36,f,2021,2,43
589,1630602,Chaundee,Brown Jr.,1998-12-04,USA,196,98,3,38,f,,,
566,1631112,Kendall,Brown,2003-05-11,USA,201,93,2,10,f,2022,2,48
496,1631128,Christian,Braun,2001-04-17,USA,198,100,2,0,t,2022,1,21
567,1641738,Kobe,Brown,2000-01-01,USA,201,113,3,24,t,2023,1,30
675,76328,Jim,Caldwell,,,,,,,f,,,
676,76329,Joe,Caldwell,,,,,,,f,,,
678,76331,Bill,Calhoun,,,,,,,f,,,
679,76330,Corky,Calhoun,,,,,,,f,,,
680,76332,Demetrius,Calip,,,,,,,f,,,
681,76333,Tom,Callahan,,,,,,,f,,,
682,76334,Rick,Calloway,,,,,,,f,,,
683,76335,Ernie,Calverley,,,,,,,f,,,
684,76336,Mack,Calvin,,,,,,,f,,,
686,76337,Dexter,Cambridge,,,,,,,f,,,
687,948,Marcus,Camby,,,,,,,f,,,
689,922,Elden,Campbell,,,,,,,f,,,
690,76338,Tony,Campbell,,,,,,,f,,,
691,203477,Isaiah,Canaan,,,,,,,f,,,
693,76339,Larry,Cannon,,,,,,,f,,,
695,202382,Derrick,Caracter,,,,,,,f,,,
696,2073,Brian,Cardinal,,,,,,,f,,,
697,1642928,Dylan,Cardwell,,,,,,,t,,,
699,76340,Howie,Carl,,,,,,,f,,,
700,76341,Chet,Carlisle,,,,,,,f,,,
701,2367,Geno,Carlisle,,,,,,,f,,,
702,76342,Rick,Carlisle,,,,,,,f,,,
703,76343,Al,Carlson,,,,,,,f,,,
704,1642382,Branden,Carlson,,,,,,,t,,,
705,76344,Don,Carlson,,,,,,,f,,,
706,76345,Bob,Carney,,,,,,,f,,,
707,200760,Rodney,Carney,,,,,,,f,,,
708,76346,Bob,Carpenter,,,,,,,f,,,
709,156,Antoine,Carr,,,,,,,f,,,
626,202692,Alec,Burks,1991-07-20,USA,196,97,2,18,f,2011,1,12
654,202710,Jimmy,Butler III,1989-09-14,USA,198,104,3,10,t,2011,1,30
677,203484,Kentavious,Caldwell-Pope,1993-02-18,USA,196,93,2,3,t,2013,1,8
711,713,Chris,Carr,,,,,,,f,,,
712,1757,Cory,Carr,,,,,,,f,,,
713,76350,Kenny,Carr,,,,,,,f,,,
714,76351,M.L.,Carr,,,,,,,f,,,
715,76352,Bob,Carrington,,,,,,,f,,,
716,1642267,Bub,Carrington,,,,,,,t,,,
718,76353,Joe,Barry Carroll,,,,,,,f,,,
719,2679,Matt,Carroll,,,,,,,f,,,
720,1131,Jimmy,Carruth,,,,,,,f,,,
721,1853,Anthony,Carter,,,,,,,f,,,
722,76355,Butch,Carter,,,,,,,f,,,
723,1642269,Devin,Carter,,,,,,,t,,,
724,76356,Fred,Carter,,,,,,,f,,,
725,76357,George,Carter,,,,,,,f,,,
726,76358,Howard,Carter,,,,,,,f,,,
727,76359,Jake,Carter,,,,,,,f,,,
729,2466,Maurice,Carter,,,,,,,f,,,
730,76360,Reggie,Carter,,,,,,,f,,,
731,76361,Ron,Carter,,,,,,,f,,,
736,76362,Bill,Cartwright,,,,,,,f,,,
737,76363,Jay,Carty,,,,,,,f,,,
739,76364,Cornelius,Cash,,,,,,,f,,,
740,208,Sam,Cassell,,,,,,,f,,,
741,201956,Omri,Casspi,,,,,,,f,,,
742,1642264,Stephon,Castle,,,,,,,t,,,
744,76365,Harvey,Catchings,,,,,,,f,,,
745,767,Terry,Catledge,,,,,,,f,,,
746,76367,Sid,Catlett,,,,,,,f,,,
747,1509,Kelvin,Cato,,,,,,,f,,,
748,76368,Bobby,Cattage,,,,,,,f,,,
750,1628505,Troy,Caupain,,,,,,,f,,,
751,190,Duane,Causwell,,,,,,,f,,,
752,1628463,Tyler,Cavanaugh,,,,,,,f,,,
753,76370,Ron,Cavenall,,,,,,,f,,,
756,76,Cedric,Ceballos,,,,,,,f,,,
757,1911,John,Celestand,,,,,,,f,,,
758,76373,Al,Cervi,,,,,,,f,,,
759,2763,Lionel,Chalmers,,,,,,,f,,,
761,76374,Bill,Chamberlain,,,,,,,f,,,
762,76375,Wilt,Chamberlain,,,,,,,f,,,
763,76376,Jerry,Chambers,,,,,,,f,,,
764,1472,Tom,Chambers,,,,,,,f,,,
767,76378,Mike,Champion,,,,,,,f,,,
771,76379,Don,Chaney,,,,,,,f,,,
772,76380,John,Chaney,,,,,,,f,,,
773,364,Rex,Chapman,,,,,,,f,,,
774,76382,Len,Chappell,,,,,,,f,,,
775,76383,Ken,Charles,,,,,,,f,,,
776,76384,Lorenzo,Charles,,,,,,,f,,,
778,384,Calbert,Cheaney,,,,,,,f,,,
780,76385,Maurice,Cheeks,,,,,,,f,,,
781,76386,Phil,Chenier,,,,,,,f,,,
782,203805,Will,Cherry,,,,,,,f,,,
783,76387,Derrick,Chievous,,,,,,,f,,,
784,432,Pete,Chilcutt,,,,,,,f,,,
785,2735,Josh,Childress,,,,,,,f,,,
786,719,Randolph,Childress,,,,,,,f,,,
787,164,Chris,Childs,,,,,,,f,,,
789,76391,Leroy,Chollet,,,,,,,f,,,
790,1642279,Ulrich,Chomche,,,,,,,f,,,
791,76392,Jim,Chones,,,,,,,f,,,
793,76393,Fred,Christ,,,,,,,f,,,
794,76394,Cal,Christensen,,,,,,,f,,,
795,76395,Bob,Christian,,,,,,,f,,,
796,1642353,Cam,Christie,,,,,,,t,,,
797,57,Doug,Christie,,,,,,,f,,,
799,202091,Dionte,Christmas,,,,,,,f,,,
800,1626176,Rakeem,Christmas,,,,,,,f,,,
801,203902,Semaj,Christon,,,,,,,f,,,
803,203565,Patrick,Christopher,,,,,,,f,,,
804,928,Robert,Churchwell,,,,,,,f,,,
805,1630619,Moussa,Cisse,,,,,,,t,,,
807,76397,Archie,Clark,,,,,,,f,,,
808,76398,Carlos,Clark,,,,,,,f,,,
809,201947,Earl,Clark,,,,,,,f,,,
811,203546,Ian,Clark,,,,,,,f,,,
813,1721,Keon,Clark,,,,,,,f,,,
815,1626262,Coty,Clarke,,,,,,,f,,,
817,1628492,Gian,Clavell,,,,,,,f,,,
818,201964,Victor,Claver,,,,,,,f,,,
602,1628418,Thomas,Bryant,1997-07-31,USA,206,112,5,3,t,2017,2,42
597,1629091,Elijah,Bryant,1995-04-19,USA,196,95,2,3,f,,,
667,1629719,Devontae,Cacok,1996-10-08,USA,201,109,3,18,f,,,
638,1629126,Deonte,Burton,1994-01-31,USA,193,109,2,,f,,,
777,1629147,Joe,Chealey,1995-11-01,USA,193,86,2,,f,2018,,
698,1630176,Vernon,Carey Jr.,2001-02-25,USA,208,122,5,13,f,2020,2,32
651,1630215,Jared,Butler,2000-08-25,USA,190,88,2,12,f,2021,2,40
688,1630267,Facundo,Campazzo,1991-03-23,Argentina,178,88,2,,f,,,
755,1630608,Malcolm,Cazalon,2001-08-27,France,198,84,2,,f,,,
670,1631288,Jamal,Cain,1999-03-20,USA,201,87,3,8,t,,,
615,1641723,Kobe,Bufkin,2003-09-21,USA,193,88,2,,f,2023,1,15
819,1127,Charles,Claxton,,,,,,,f,,,
821,2049,Speedy,Claxton,,,,,,,f,,,
822,1642383,Walter,Clayton Jr.,,,,,,,t,,,
823,76402,Jim,Cleamons,,,,,,,f,,,
824,2043,Mateen,Cleaves,,,,,,,f,,,
825,76403,John,Clemens,,,,,,,f,,,
946,2343,Joe,Crispin,,,,,,,f,,,
769,2199,Tyson,Chandler,1982-10-02,USA,213,107,5,6,f,2001,1,2
827,1628499,Antonius,Cleveland,1994-02-02,USA,196,88,2,3,f,,,
717,201960,DeMarre,Carroll,1986-07-27,USA,198,98,3,9,f,2009,1,27
816,203903,Jordan,Clarkson,1992-06-07,USA,196,88,2,0,t,2014,2,46
829,76404,Nat,Clifton,,,,,,,f,,,
830,1642270,Donovan,Clingan,,,,,,,t,,,
831,76406,Bill,Closs,,,,,,,f,,,
832,1569,Keith,Closs,,,,,,,f,,,
834,76407,Paul,Cloyd,,,,,,,f,,,
835,76408,Marion,Cluggish,,,,,,,f,,,
836,76409,Ben,Clyde,,,,,,,f,,,
838,76410,Richard,Coffey,,,,,,,f,,,
839,76411,Fred,Cofield,,,,,,,f,,,
840,715,John,Coker,,,,,,,f,,,
841,202708,Norris,Cole,,,,,,,f,,,
842,76412,Ben,Coleman,,,,,,,f,,,
843,934,Derrick,Coleman,,,,,,,f,,,
844,76413,E.C.,Coleman,,,,,,,f,,,
845,76414,Jack,Coleman,,,,,,,f,,,
846,76415,Norris,Coleman,,,,,,,f,,,
847,902,Bimbo,Coles,,,,,,,f,,,
848,1642268,Isaiah,Collier,,,,,,,t,,,
849,2044,Jason,Collier,,,,,,,f,,,
850,76416,Art,Collins,,,,,,,f,,,
851,76418,Don,Collins,,,,,,,f,,,
852,76421,Doug,Collins,,,,,,,f,,,
853,1530,James,Collins,,,,,,,f,,,
854,2260,Jarron,Collins,,,,,,,f,,,
855,2215,Jason,Collins,,,,,,,f,,,
856,76419,Jimmy,Collins,,,,,,,f,,,
858,200776,Mardy,Collins,,,,,,,f,,,
859,202395,Sherron,Collins,,,,,,,f,,,
860,1641879,Yuri,Collins,,,,,,,f,,,
862,1627858,Kyle,Collinsworth,,,,,,,f,,,
864,2555,Nick,Collison,,,,,,,f,,,
865,76422,Joe,Colone,,,,,,,f,,,
866,1629045,Bonzie,Colson,,,,,,,f,,,
867,2173,Sean,Colson,,,,,,,f,,,
868,306,Steve,Colter,,,,,,,f,,,
870,76425,Leroy,Combs,,,,,,,f,,,
871,76426,Dallas,Comegys,,,,,,,f,,,
872,76427,Larry,Comley,,,,,,,f,,,
873,76428,Gene,Conley,,,,,,,f,,,
875,76429,Ed,Conlin,,,,,,,f,,,
876,55,Marty,Conlon,,,,,,,f,,,
878,76431,Lester,Conner,,,,,,,f,,,
879,76432,Chuck,Connors,,,,,,,f,,,
880,101215,Will,Conroy,,,,,,,f,,,
881,76433,Anthony,Cook,,,,,,,f,,,
882,76434,Bert,Cook,,,,,,,f,,,
883,76438,Bobby,Cook,,,,,,,f,,,
884,2567,Brian,Cook,,,,,,,f,,,
885,201161,Daequan,Cook,,,,,,,f,,,
886,76435,Darwin,Cook,,,,,,,f,,,
887,76436,Jeff,Cook,,,,,,,f,,,
888,76437,Norm,Cook,,,,,,,f,,,
889,2241,Omar,Cook,,,,,,,f,,,
892,1628429,Charles,Cooke,,,,,,,f,,,
893,76439,David,Cooke,,,,,,,f,,,
894,1631451,Javonte,Cooke,,,,,,,f,,,
895,76440,Joe,Cooke,,,,,,,f,,,
897,204022,Jack,Cooley,,,,,,,f,,,
898,76442,Chuck,Cooper,,,,,,,f,,,
899,1030,Duane,Cooper,,,,,,,f,,,
900,76443,Joe,Cooper,,,,,,,f,,,
901,76444,Michael,Cooper,,,,,,,f,,,
903,76441,Wayne,Cooper,,,,,,,f,,,
904,76446,Tom,Copa,,,,,,,f,,,
905,203142,Chris,Copeland,,,,,,,f,,,
906,76447,Hollis,Copeland,,,,,,,f,,,
907,76448,Lanard,Copeland,,,,,,,f,,,
908,895,Tyrone,Corbin,,,,,,,f,,,
909,76450,Chris,Corchiani,,,,,,,f,,,
910,76451,Ken,Corley,,,,,,,f,,,
911,76452,Ray,Corley,,,,,,,f,,,
913,76453,Dave,Corzine,,,,,,,f,,,
914,76454,Larry,Costello,,,,,,,f,,,
915,1627856,Matt,Costello,,,,,,,f,,,
916,203955,Bryce,Cotton,,,,,,,f,,,
917,76456,Jack,Cotton,,,,,,,f,,,
918,1526,James,Cotton,,,,,,,f,,,
919,76457,John,Coughran,,,,,,,f,,,
922,76458,Mel,Counts,,,,,,,f,,,
923,76459,Steve,Courtin,,,,,,,f,,,
924,1432,Joe,Courtney,,,,,,,f,,,
925,202408,Marcus,Cousin,,,,,,,f,,,
927,600003,Bob,Cousy,,,,,,,f,,,
929,1642907,Cedric,Coward,,,,,,,t,,,
930,76462,Dave,Cowens,,,,,,,f,,,
931,76463,John,Cox,,,,,,,f,,,
932,76464,Johnny,Cox,,,,,,,f,,,
933,76465,Wesley,Cox,,,,,,,f,,,
936,1544,Chris,Crawford,,,,,,,f,,,
937,76466,Freddie,Crawford,,,,,,,f,,,
938,1642384,Isaiah,Crawford,,,,,,,t,,,
940,201621,Joe,Crawford,,,,,,,f,,,
941,202348,Jordan,Crawford,,,,,,,f,,,
942,1628249,Mitchell,Creek,,,,,,,f,,,
943,76468,Jim,Creighton,,,,,,,f,,,
944,76469,Ron,Crevier,,,,,,,f,,,
945,76470,Hal,Crisler,,,,,,,f,,,
935,1628470,Torrey,Craig,1990-12-19,USA,196,100,3,12,f,,,
749,1626161,Willie,Cauley-Stein,1993-08-18,USA,213,109,5,0,f,2015,1,6
820,1629651,Nic,Claxton,1999-04-17,USA,211,98,5,33,t,2019,2,31
934,203459,Allen,Crabbe,1992-04-09,USA,196,96,2,,f,2013,2,31
912,1627822,Petr,Cornelie,1995-07-26,France,211,100,3,,f,2016,2,53
869,1628435,Chance,Comanche,1996-04-14,USA,208,95,5,,f,,,
788,1629185,Chris,Chiozza,1995-11-21,USA,180,79,2,2,f,,,
728,1628975,Jevon,Carter,1995-09-14,USA,183,86,2,2,t,2018,2,32
814,1629634,Brandon,Clarke,1996-09-19,Canada,203,98,3,15,t,2019,1,21
810,1629109,Gary,Clark,1994-11-16,USA,198,102,3,12,f,,,
766,1630551,Justin,Champagnie,2001-06-29,USA,198,93,2,9,t,,,
735,1630618,D.J.,Carton,2000-08-05,USA,190,91,2,,f,,,
743,1630658,Colin,Castleton,2000-05-25,USA,208,113,5,14,t,,,
798,1631108,Max,Christie,2003-02-10,USA,196,86,2,0,t,2022,2,35
812,1641740,Jaylen,Clark,,,,,2,,t,,,
986,201939,Stephen,Curry,1988-03-14,USA,188,84,2,30,t,2009,1,7
926,202326,DeMarcus,Cousins,1990-08-13,USA,208,122,5,4,f,2010,1,5
1033,202334,Ed,Davis,1989-06-05,USA,206,99,5,21,f,2010,1,13
948,76472,Winston,Crite,,,,,,,f,,,
949,201159,Javaris,Crittenton,,,,,,,f,,,
950,76473,Dillard,Crocker,,,,,,,f,,,
951,76474,Jeffrey,Crompton,,,,,,,f,,,
952,76475,Terry,Crosby,,,,,,,f,,,
953,1506,Austin,Croshere,,,,,,,f,,,
954,76476,Jeff,Cross,,,,,,,f,,,
955,76477,Pete,Cross,,,,,,,f,,,
956,76478,Russell,Cross,,,,,,,f,,,
957,76479,Francis,Crossin,,,,,,,f,,,
958,180,John,Crotty,,,,,,,f,,,
959,76481,Mark,Crow,,,,,,,f,,,
960,76482,Corey,Crowder,,,,,,,f,,,
963,1643018,LJ,Cryer,,,,,,,t,,,
964,1642385,Cui,Cui,,,,,,,f,,,
967,76483,Pat,Cummings,,,,,,,f,,,
968,187,Terry,Cummings,,,,,,,f,,,
969,1907,Vonteego,Cummings,,,,,,,f,,,
970,76487,Billy,Cunningham,,,,,,,f,,,
972,201967,Dante,Cunningham,,,,,,,f,,,
973,76485,Dick,Cunningham,,,,,,,f,,,
974,203099,Jared,Cunningham,,,,,,,f,,,
975,1061,William,Cunningham,,,,,,,f,,,
976,76488,Radisav,Curcic,,,,,,,f,,,
977,76489,Armand,Cure,,,,,,,f,,,
978,940,Earl,Cureton,,,,,,,f,,,
979,223,Bill,Curley,,,,,,,f,,,
980,76492,Fran,Curran,,,,,,,f,,,
981,209,Dell,Curry,,,,,,,f,,,
982,2201,Eddy,Curry,,,,,,,f,,,
983,201191,JamesOn,Curry,,,,,,,f,,,
984,688,Michael,Curry,,,,,,,f,,,
987,687,Rastko,Cvetkovic,,,,,,,f,,,
988,76505,Mike,D'Antoni,,,,,,,f,,,
989,1642359,Pacôme,Dadiet,,,,,,,t,,,
990,76496,Ed,Dahler,,,,,,,f,,,
991,76497,Quintin,Dailey,,,,,,,f,,,
992,2223,Samuel,Dalembert,,,,,,,f,,,
993,76498,Howie,Dallmar,,,,,,,f,,,
994,956,Erick,Dampier,,,,,,,f,,,
995,76499,Lou,Dampier,,,,,,,f,,,
996,76500,Bob,Dandridge,,,,,,,f,,,
997,1498,Antonio,Daniels,,,,,,,f,,,
999,2845,Erik,Daniels,,,,,,,f,,,
1000,1380,Lloyd,Daniels,,,,,,,f,,,
1001,2605,Marquis,Daniels,,,,,,,f,,,
1002,76502,Mel,Daniels,,,,,,,f,,,
1004,390,Sasha,Danilovic,,,,,,,f,,,
1005,1642368,N'Faly,Dante,,,,,,,f,,,
1006,76504,Adrian,Dantley,,,,,,,f,,,
1007,76506,Henry,Darcey,,,,,,,f,,,
1008,76507,Jimmy,Darden,,,,,,,f,,,
1009,212,Yinka,Dare,,,,,,,f,,,
1010,76509,Jesse,Dark,,,,,,,f,,,
1012,76511,Jimmy,Darrow,,,,,,,f,,,
1013,203540,Gigi,Datome,,,,,,,f,,,
1014,921,Brad,Daugherty,,,,,,,f,,,
1015,1600,Kornel,David,,,,,,,f,,,
1016,201176,Jermareo,Davidson,,,,,,,f,,,
1017,76514,Bob,Davies,,,,,,,f,,,
1018,203561,Brandon,Davies,,,,,,,f,,,
1020,213,Antonio,Davis,,,,,,,f,,,
1021,76515,Aubrey,Davis,,,,,,,f,,,
1022,1884,Baron,Davis,,,,,,,f,,,
1023,989,Ben,Davis,,,,,,,f,,,
1024,76538,Bill,Davis,,,,,,,f,,,
1025,76533,Bob,Davis,,,,,,,f,,,
1026,76516,Brad,Davis,,,,,,,f,,,
1027,76517,Brian,Davis,,,,,,,f,,,
1028,76518,Charlie,Davis,,,,,,,f,,,
1029,76519,Charlie,Davis,,,,,,,f,,,
1030,905,Dale,Davis,,,,,,,f,,,
1031,1627738,Deyonta,Davis,,,,,,,f,,,
1032,76521,Double,D Davis,,,,,,,f,,,
1034,76522,Edward,Davis,,,,,,,f,,,
1035,1023,Emanual,Davis,,,,,,,f,,,
1036,201175,Glen,Davis,,,,,,,f,,,
1037,76523,Harry,Davis,,,,,,,f,,,
1038,93,Hubert,Davis,,,,,,,f,,,
1039,76524,James,Davis,,,,,,,f,,,
1040,76525,Jim,Davis,,,,,,,f,,,
1041,76526,Johnny,Davis,,,,,,,f,,,
1043,2668,Josh,Davis,,,,,,,f,,,
1044,707,Mark,Davis,,,,,,,f,,,
1045,76528,Mark,Davis,,,,,,,f,,,
1046,76529,Mel,Davis,,,,,,,f,,,
1047,76530,Michael,Davis,,,,,,,f,,,
1048,76531,Mike,Davis,,,,,,,f,,,
1049,76520,Monti,Davis,,,,,,,f,,,
1050,200781,Paul,Davis,,,,,,,f,,,
1051,76532,Ralph,Davis,,,,,,,f,,,
1052,1729,Ricky,Davis,,,,,,,f,,,
1053,76534,Ron,Davis,,,,,,,f,,,
1055,426,Terry,Davis,,,,,,,f,,,
1056,1629093,Tyler,Davis,,,,,,,f,,,
1057,76536,Walt,Davis,,,,,,,f,,,
1058,1453,Walter,Davis,,,,,,,f,,,
1060,203958,Andre,Dawkins,,,,,,,f,,,
1061,76539,Darryl,Dawkins,,,,,,,f,,,
1062,1008,Johnny,Dawkins,,,,,,,f,,,
1063,76541,Paul,Dawkins,,,,,,,f,,,
1064,1626183,Branden,Dawson,,,,,,,f,,,
961,203109,Jae,Crowder,1990-07-06,USA,198,107,3,99,f,2012,2,34
877,1626192,Pat,Connaughton,1993-01-06,USA,196,95,2,21,t,2015,2,41
1066,76542,Tony,Dawson,,,,,,,f,,,
1067,103,Todd,Day,,,,,,,f,,,
1068,201948,Austin,Daye,,,,,,,f,,,
928,203496,Robert,Covington,1990-12-14,USA,201,95,3,33,f,,,
890,1626188,Quinn,Cook,1993-03-23,USA,185,82,2,,f,,,
966,1629600,Jarron,Cumberland,1997-09-22,USA,196,93,2,,f,,,
1054,1629056,Terence,Davis,1997-05-16,USA,193,91,2,3,f,,,
837,1629599,Amir,Coffey,1997-06-17,USA,201,95,2,2,t,,,
965,1629633,Jarrett,Culver,1999-02-20,USA,198,88,2,,f,2019,1,6
1011,1630268,Nate,Darling,1998-08-30,Canada,198,91,2,30,f,,,
902,1630536,Sharife,Cooper,2001-06-11,USA,183,80,2,13,t,2021,2,48
998,1630700,Dyson,Daniels,2003-03-17,Australia,201,90,2,5,t,2022,1,8
1059,1631120,JD,Davison,2002-10-03,USA,185,88,2,4,t,2022,2,53
896,1641645,Xavier,Cooks,1995-08-19,Australia,203,83,3,12,f,,,
833,1641730,Noah,Clowney,2004-07-14,USA,208,95,4,21,t,2023,1,21
920,1641731,Bilal,Coulibaly,2004-07-26,France,201,88,2,0,t,2023,1,7
1069,76543,Darren,Daye,,,,,,,f,,,
1071,201986,Nando,De Colo,,,,,,,f,,,
1072,76545,Dave,DeBusschere,,,,,,,f,,,
1073,692,Andrew,DeClercq,,,,,,,f,,,
1075,76551,Nate,DeLong,,,,,,,f,,,
1077,76562,Hank,DeZonie,,,,,,,f,,,
1078,76544,Greg,Deane,,,,,,,f,,,
1081,76546,Archie,Dees,,,,,,,f,,,
1082,143,Terry,Dehere,,,,,,,f,,,
1083,76548,Red,Dehnert,,,,,,,f,,,
1084,1626214,Bryce,Dejean-Jones,,,,,,,f,,,
1086,219,Vinny,Del Negro,,,,,,,f,,,
1087,1627098,Malcolm,Delaney,,,,,,,f,,,
1088,183,Bison,Dele,,,,,,,f,,,
1089,2568,Carlos,Delfino,,,,,,,f,,,
1090,1629116,Angel,Delgado,,,,,,,f,,,
1091,960,Tony,Delk,,,,,,,f,,,
1093,76552,Fennis,Dembo,,,,,,,f,,,
1094,76553,Larry,Demic,,,,,,,f,,,
1095,725,Dell,Demps,,,,,,,f,,,
1096,76555,George,Dempsey,,,,,,,f,,,
1097,2736,Luol,Deng,,,,,,,f,,,
1098,76556,Kenny,Dennard,,,,,,,f,,,
1099,76557,Blaine,Denning,,,,,,,f,,,
1101,1642484,RayJ,Dennis,,,,,,,t,,,
1102,202458,Justin,Dentmon,,,,,,,f,,,
1103,76558,Randy,Denton,,,,,,,f,,,
1104,76559,Rod,Derline,,,,,,,f,,,
1105,1629094,Marcus,Derrickson,,,,,,,f,,,
1106,76560,Dave,Deutsch,,,,,,,f,,,
1107,76561,Walter,Devlin,,,,,,,f,,,
1108,76568,Ernie,DiGregorio,,,,,,,f,,,
1112,1760,Derrick,Dial,,,,,,,f,,,
1115,2564,Boris,Diaw,,,,,,,f,,,
1116,1642885,Mohamed,Diawara,,,,,,,t,,,
1117,200821,Yakhouba,Diawara,,,,,,,f,,,
1118,200799,Guillermo,Diaz,,,,,,,f,,,
1120,2424,Dan,Dickau,,,,,,,f,,,
1121,2079,Kaniel,Dickens,,,,,,,f,,,
1122,76563,Henry,Dickerson,,,,,,,f,,,
1123,1722,Michael,Dickerson,,,,,,,f,,,
1124,76564,Derrek,Dickey,,,,,,,f,,,
1125,76565,Dick,Dickey,,,,,,,f,,,
1126,1630621,Hunter,Dickinson,,,,,,,t,,,
1127,101143,Travis,Diener,,,,,,,f,,,
1130,76566,Connie,Dierking,,,,,,,f,,,
1131,76567,Coby,Dietrick,,,,,,,f,,,
1132,76569,Mickey,Dillard,,,,,,,f,,,
1133,76570,Bob,Dille,,,,,,,f,,,
1134,1642265,Rob,Dillingham,,,,,,,t,,,
1135,76571,John,Dillon,,,,,,,f,,,
1136,76574,Byron,Dinkins,,,,,,,f,,,
1137,76575,Jackie,Dinkins,,,,,,,f,,,
1138,76576,Bill,Dinwiddie,,,,,,,f,,,
1140,101113,Ike,Diogu,,,,,,,f,,,
1141,2205,DeSagana,Diop,,,,,,,f,,,
1142,76577,Terry,Dischinger,,,,,,,f,,,
1143,76578,Fred,Diute,,,,,,,f,,,
1144,124,Vlade,Divac,,,,,,,f,,,
1145,2413,Juan,Dixon,,,,,,,f,,,
1146,1059,Aleksandar,Djordjevic,,,,,,,f,,,
1147,76580,Earl,Dodd,,,,,,,f,,,
1148,1720,Michael,Doleac,,,,,,,f,,,
1149,76581,Joe,Dolhon,,,,,,,f,,,
1150,76582,Bob,Doll,,,,,,,f,,,
1151,76583,James,Donaldson,,,,,,,f,,,
1152,76584,Bob,Donham,,,,,,,f,,,
1153,76586,Billy,Donovan,,,,,,,f,,,
1154,76585,Harry,Donovan,,,,,,,f,,,
1156,2039,Keyon,Dooling,,,,,,,f,,,
1157,76587,Jacky,Dorsey,,,,,,,f,,,
1158,201595,Joey,Dorsey,,,,,,,f,,,
1164,200763,Quincy,Douby,,,,,,,f,,,
1165,76588,Bruce,Douglas,,,,,,,f,,,
1166,76589,John,Douglas,,,,,,,f,,,
1167,76590,Leon,Douglas,,,,,,,f,,,
1168,428,Sherman,Douglas,,,,,,,f,,,
1169,201962,Toney,Douglas,,,,,,,f,,,
1170,201604,Chris,Douglas-Roberts,,,,,,,f,,,
1172,76592,Lloyd,Dove,,,,,,,f,,,
1173,202220,Zabian,Dowdell,,,,,,,f,,,
1174,76593,Bill,Downey,,,,,,,f,,,
1175,76594,Steve,Downing,,,,,,,f,,,
1177,76595,Danny,Doyle,,,,,,,f,,,
1178,1628495,Milton,Doyle,,,,,,,f,,,
1180,76596,Terry,Dozier,,,,,,,f,,,
1182,204054,Zoran,Dragic,,,,,,,f,,,
1128,203476,Gorgui,Dieng,1990-01-18,Senegal,208,112,5,41,f,2013,1,21
1111,1629603,Mamadi,Diakite,1997-01-21,Guinea,206,103,3,21,f,,,
1139,203915,Spencer,Dinwiddie,1993-04-06,USA,196,98,2,26,f,2014,2,38
1085,1626155,Sam,Dekker,1994-05-06,USA,203,99,3,,f,2015,1,18
1185,1724,Bryce,Drew,,,,,,,f,,,
1186,76598,John,Drew,,,,,,,f,,,
1187,76599,Larry,Drew,,,,,,,f,,,
1188,203580,Larry,Drew II,,,,,,,f,,,
1189,17,Clyde,Drexler,,,,,,,f,,,
1190,1041,Nate,Driggers,,,,,,,f,,,
1191,76603,Terry,Driscoll,,,,,,,f,,,
1192,1542,Predrag,Drobnjak,,,,,,,f,,,
1193,76604,Ralph,Drollinger,,,,,,,f,,,
1195,76623,Dennis,DuVal,,,,,,,f,,,
1197,1642505,Alex,Ducas,,,,,,,f,,,
1198,76605,Dick,Duckett,,,,,,,f,,,
1199,404,Kevin,Duckworth,,,,,,,f,,,
1200,76607,Charles,Dudley,,,,,,,f,,,
1201,201,Chris,Dudley,,,,,,,f,,,
1203,76608,Terry,Duerod,,,,,,,f,,,
1204,76609,Bob,Duffy,,,,,,,f,,,
1205,76610,Bob,Duffy,,,,,,,f,,,
1206,2768,Chris,Duhon,,,,,,,f,,,
1207,1626251,Duje,Dukan,,,,,,,f,,,
1162,1628422,Damyean,Dotson,1994-05-06,USA,196,95,2,,f,2017,2,44
1109,1628978,Donte,DiVincenzo,1997-01-31,USA,193,92,2,0,t,2018,1,17
1179,1628408,PJ,Dozier,1996-10-25,USA,198,93,2,,f,,,
1159,1628416,Tyler,Dorsey,1996-02-18,USA,193,82,2,,f,2017,2,41
1163,1629653,Devon,Dotson,1999-08-02,USA,185,84,2,,f,,,
1074,1629602,Javin,DeLaurier,1998-04-07,USA,208,106,5,,f,,,
1171,1629635,Sekou,Doumbouya,2000-12-23,France,206,104,3,,f,2019,1,15
1176,1630288,Jeff,Dowtin Jr.,1997-05-10,USA,190,80,2,11,f,,,
1070,1630620,Darius,Days,1999-10-20,USA,201,111,3,5,f,,,
1129,1631172,Ousmane,Dieng,2003-05-21,France,206,84,3,21,t,2022,1,11
1110,1631217,Moussa,Diabaté,2002-01-21,France,208,95,3,14,t,2022,2,43
1119,1641711,Gradey,Dick,2003-11-20,USA,201,91,2,1,t,2023,1,13
1100,1641926,Dexter,Dennis,1999-02-09,USA,196,95,2,,f,,,
1209,76611,Walter,Dukes,,,,,,,f,,,
1210,247,Joe,Dumars,,,,,,,f,,,
1211,30,Richard,Dumas,,,,,,,f,,,
1212,434,Tony,Dumas,,,,,,,f,,,
1213,76615,Andy,Duncan,,,,,,,f,,,
1214,1495,Tim,Duncan,,,,,,,f,,,
1215,2399,Mike,Dunleavy,,,,,,,f,,,
1216,76616,Mike,Dunleavy,,,,,,,f,,,
1218,76617,Pat,Dunn,,,,,,,f,,,
1219,1642346,Ryan,Dunn,,,,,,,t,,,
1220,76618,T.R.,Dunn,,,,,,,f,,,
1221,2648,Ronald,Dupree,,,,,,,f,,,
1224,76619,John,Duren,,,,,,,f,,,
1225,1090,Pat,Durham,,,,,,,f,,,
1226,76621,Devin,Durrant,,,,,,,f,,,
1227,76622,Ken,Durrett,,,,,,,f,,,
1228,1628979,Trevon,Duval,,,,,,,f,,,
1229,76624,Jack,Dwan,,,,,,,f,,,
1230,76625,Craig,Dykema,,,,,,,f,,,
1231,76626,Gene,Dyker,,,,,,,f,,,
1232,202406,Jerome,Dyson,,,,,,,f,,,
1233,1642856,Egor,Dëmin,,,,,,,t,,,
1234,289,Ledell,Eackles,,,,,,,f,,,
1235,76628,Jim,Eakins,,,,,,,f,,,
1236,768,Acie,Earl,,,,,,,f,,,
1237,76630,Ed,Earle,,,,,,,f,,,
1238,203921,Cleanthony,Early,,,,,,,f,,,
1240,76631,Mark,Eaton,,,,,,,f,,,
1241,76632,Jerry,Eaves,,,,,,,f,,,
1242,202365,Devin,Ebanks,,,,,,,f,,,
1243,76633,Bill,Ebben,,,,,,,f,,,
1244,76634,Al,Eberhard,,,,,,,f,,,
1245,2569,Ndudi,Ebi,,,,,,,f,,,
1247,204067,Jarell,Eddie,,,,,,,f,,,
1248,76635,Patrick,Eddie,,,,,,,f,,,
1249,76636,Thomas,Eddleman,,,,,,,f,,,
1250,76637,Kent,Edelin,,,,,,,f,,,
1251,1641744,Zach,Edey,,,,,,,t,,,
1252,1642845,VJ,Edgecombe,,,,,,,t,,,
1253,76638,Keith,Edmonson,,,,,,,f,,,
1254,721,Tyus,Edney,,,,,,,f,,,
1256,76646,Bill,Edwards,,,,,,,f,,,
1257,898,Blue,Edwards,,,,,,,f,,,
1259,2451,Corsley,Edwards,,,,,,,f,,,
1260,346,Doug,Edwards,,,,,,,f,,,
1261,76641,Franklin,Edwards,,,,,,,f,,,
1262,229,James,Edwards,,,,,,,f,,,
1263,76643,Jay,Edwards,,,,,,,f,,,
1264,1642399,Jesse,Edwards,,,,,,,f,,,
1265,2823,John,Edwards,,,,,,,f,,,
1266,1642348,Justin,Edwards,,,,,,,t,,,
1268,236,Kevin,Edwards,,,,,,,f,,,
1270,202197,Shane,Edwards,,,,,,,f,,,
1271,1629053,Vincent,Edwards,,,,,,,f,,,
1272,76647,Johnny,Egan,,,,,,,f,,,
1273,76648,Lonnie,Eggleston,,,,,,,f,,,
1274,76649,Eddie,Ehlers,,,,,,,f,,,
1275,378,Craig,Ehlo,,,,,,,f,,,
1276,76651,Dick,Eichhorst,,,,,,,f,,,
1277,458,Howard,Eisley,,,,,,,f,,,
1278,1918,Obinna,Ekezie,,,,,,,f,,,
1279,2064,Khalid,El-Amin,,,,,,,f,,,
1280,76653,Don,Eliason,,,,,,,f,,,
1281,53,Mario,Elie,,,,,,,f,,,
1283,76655,Ray,Ellefson,,,,,,,f,,,
1286,76656,Bob,Elliott,,,,,,,f,,,
1287,251,Sean,Elliott,,,,,,,f,,,
1288,76658,Alexander,Ellis,,,,,,,f,,,
1289,76664,Bo,Ellis,,,,,,,f,,,
1290,107,Dale,Ellis,,,,,,,f,,,
1291,1677,Harold,Ellis,,,,,,,f,,,
1292,76661,Joe,Ellis,,,,,,,f,,,
1294,111,LaPhonso,Ellis,,,,,,,f,,,
1295,1034,LeRon,Ellis,,,,,,,f,,,
1296,76663,Leroy,Ellis,,,,,,,f,,,
1297,101145,Monta,Ellis,,,,,,,f,,,
1298,442,Pervis,Ellison,,,,,,,f,,,
1299,600010,Len,Elmore,,,,,,,f,,,
1300,1922,Francisco,Elson,,,,,,,f,,,
1301,76667,Darrell,Elston,,,,,,,f,,,
1202,201162,Jared,Dudley,1985-07-10,USA,198,108,3,10,f,2007,1,22
1285,201961,Wayne,Ellington,1987-11-29,USA,193,94,2,2,f,2009,1,28
1239,1631106,Tari,Eason,2001-05-10,USA,203,98,3,17,t,2022,1,17
1304,76668,Wayne,Embry,,,,,,,f,,,
1305,2765,Andre,Emmett,,,,,,,f,,,
1306,1642400,Tristan,Enaruna,,,,,,,t,,,
1307,76669,Ned,Endress,,,,,,,f,,,
1308,76670,Chris,Engler,,,,,,,f,,,
1309,76671,Wayne,Englestad,,,,,,,f,,,
1310,76672,A.J.,English,,,,,,,f,,,
1311,76673,Alex,English,,,,,,,f,,,
1312,76674,Claude,English,,,,,,,f,,,
1313,76676,Jojo,English,,,,,,,f,,,
1314,203119,Kim,English,,,,,,,f,,,
1315,76675,Scott,English,,,,,,,f,,,
1316,76677,Gene,Englund,,,,,,,f,,,
1317,203898,Tyler,Ennis,,,,,,,f,,,
1319,76678,Ray,Epps,,,,,,,f,,,
1320,201623,Semih,Erden,,,,,,,f,,,
1321,76679,Bo,Erias,,,,,,,f,,,
1322,76680,Keith,Erickson,,,,,,,f,,,
1323,76681,Julius,Erving,,,,,,,f,,,
1324,1915,Evan,Eschmeyer,,,,,,,f,,,
1325,76682,Jack,Eskridge,,,,,,,f,,,
1326,76683,Vincenzo,Esposito,,,,,,,f,,,
1327,1642855,Noa,Essengue,,,,,,,t,,,
1328,1630623,Tyson,Etienne,,,,,,,t,,,
1330,76687,Bob,Evans,,,,,,,f,,,
1331,967,Brian,Evans,,,,,,,f,,,
1332,76685,Earl,Evans,,,,,,,f,,,
1334,1628393,Jawun,Evans,,,,,,,f,,,
1335,202379,Jeremy,Evans,,,,,,,f,,,
1336,2230,Maurice,Evans,,,,,,,f,,,
1337,76686,Mike,Evans,,,,,,,f,,,
1338,2501,Reggie,Evans,,,,,,,f,,,
1339,201936,Tyreke,Evans,,,,,,,f,,,
1341,101137,Daniel,Ewing,,,,,,,f,,,
1342,121,Patrick,Ewing,,,,,,,f,,,
1343,201607,Patrick,Ewing,,,,,,,f,,,
1345,201963,Christian,Eyenga,,,,,,,f,,,
1346,203105,Festus,Ezeli,,,,,,,f,,,
1282,1629604,CJ,Elleby,2000-06-16,USA,198,91,2,16,f,2020,2,46
1255,1630162,Anthony,Edwards,2001-08-05,USA,193,102,2,5,t,2020,1,1
1269,1630306,Rob,Edwards,1997-01-20,USA,196,93,2,,f,,,
1208,1630561,David,Duke Jr.,1999-10-13,USA,193,93,2,7,f,,,
1184,1630929,Henri,Drell,2000-04-25,Estonia,206,100,3,77,f,,,
1223,1631105,Jalen,Duren,2003-11-18,USA,208,113,5,0,t,2022,1,13
1293,1631165,Keon,Ellis,2000-01-08,USA,193,79,2,14,t,,,
1347,76689,Johnny,Ezersky,,,,,,,f,,,
1348,76690,Joe,Fabel,,,,,,,f,,,
1349,76691,John,Fairchild,,,,,,,f,,,
1351,76692,Phil,Farbman,,,,,,,f,,,
1352,202702,Kenneth,Faried,,,,,,,f,,,
1353,76693,Dick,Farley,,,,,,,f,,,
1354,200770,Jordan,Farmar,,,,,,,f,,,
1355,2824,Desmon,Farmer,,,,,,,f,,,
1356,76695,Jim,Farmer,,,,,,,f,,,
1357,76694,Mike,Farmer,,,,,,,f,,,
1358,1108,Tony,Farmer,,,,,,,f,,,
1359,76696,Bob,Faught,,,,,,,f,,,
1360,203543,Vitor,Faverani,,,,,,,f,,,
1362,201174,Nick,Fazekas,,,,,,,f,,,
1363,1642847,Jeremiah,Fears,,,,,,,t,,,
1364,76697,Dave,Fedor,,,,,,,f,,,
1365,76698,Bob,Feerick,,,,,,,f,,,
1366,76699,Butch,Feher,,,,,,,f,,,
1367,994,Jamie,Feick,,,,,,,f,,,
1368,76701,Ron,Feiereisel,,,,,,,f,,,
1369,76702,George,Feigenbaum,,,,,,,f,,,
1370,76703,Dave,Feitl,,,,,,,f,,,
1371,1627770,Kay,Felder,,,,,,,f,,,
1373,203467,Carrick,Felix,,,,,,,f,,,
1374,101230,Noel,Felix,,,,,,,f,,,
1375,76704,Ray,Felix,,,,,,,f,,,
1376,101109,Raymond,Felton,,,,,,,f,,,
1377,76705,Jake,Fendley,,,,,,,f,,,
1378,76706,Bill,Fenley,,,,,,,f,,,
1379,2724,Desmond,Ferguson,,,,,,,f,,,
1381,201164,Rudy,Fernandez,,,,,,,f,,,
1383,76707,Eric,Fernsten,,,,,,,f,,,
1384,76708,Al,Ferrari,,,,,,,f,,,
1385,76709,Rolando,Ferreira,,,,,,,f,,,
1386,273,Duane,Ferrell,,,,,,,f,,,
1388,76711,Arnie,Ferrin,,,,,,,f,,,
1389,76712,Bob,Ferry,,,,,,,f,,,
1390,198,Danny,Ferry,,,,,,,f,,,
1391,201178,Kyrylo,Fesenko,,,,,,,f,,,
1392,76713,Kenny,Fields,,,,,,,f,,,
1393,202361,Landry,Fields,,,,,,,f,,,
1394,76714,Ron,Filipek,,,,,,,f,,,
1395,1642271,Kyle,Filipowski,,,,,,,t,,,
1396,76715,Greg,Fillmore,,,,,,,f,,,
1397,76716,Hank,Finkel,,,,,,,f,,,
1398,714,Michael,Finley,,,,,,,f,,,
1399,76717,Danny,Finn,,,,,,,f,,,
1401,900,Matt,Fish,,,,,,,f,,,
1402,965,Derek,Fisher,,,,,,,f,,,
1403,2809,Gerald,Fitch,,,,,,,f,,,
1405,76720,Bob,Fitzgerald,,,,,,,f,,,
1406,76719,Dick,Fitzgerald,,,,,,,f,,,
1407,2033,Marcus,Fizer,,,,,,,f,,,
1408,1642843,Cooper,Flagg,,,,,,,t,,,
1410,76721,Jerry,Fleishman,,,,,,,f,,,
1411,76722,Al,Fleming,,,,,,,f,,,
1412,76723,Ed,Fleming,,,,,,,f,,,
1413,1642853,Rasheer,Fleming,,,,,,,t,,,
1414,313,Vern,Fleming,,,,,,,f,,,
1415,2784,Luis,Flores,,,,,,,f,,,
1416,76725,Bruce,Flowers,,,,,,,f,,,
1417,1642280,Trentyn,Flowers,,,,,,,f,,,
1418,76726,Sleepy,Floyd,,,,,,,f,,,
1419,201938,Jonny,Flynn,,,,,,,f,,,
1361,202324,Derrick,Favors,1991-07-15,USA,206,120,3,15,f,2010,1,3
1344,203957,Dante,Exum,1995-07-13,Australia,196,97,2,0,f,2014,1,5
1422,76728,Larry,Fogle,,,,,,,f,,,
1423,76729,Jack,Foley,,,,,,,f,,,
1424,1829,Ike,Fontaine,,,,,,,f,,,
1425,76731,Levi,Fontaine,,,,,,,f,,,
1427,202880,Jeff,Foote,,,,,,,f,,,
1429,201814,Gary,Forbes,,,,,,,f,,,
1431,76732,Alphonso,Ford,,,,,,,f,,,
1432,2228,Alton,Ford,,,,,,,f,,,
1433,76733,Chris,Ford,,,,,,,f,,,
1434,76734,Don,Ford,,,,,,,f,,,
1435,76735,Jake,Ford,,,,,,,f,,,
1437,76736,Phil,Ford,,,,,,,f,,,
1438,101213,Sharrod,Ford,,,,,,,f,,,
1439,726,Sherell,Ford,,,,,,,f,,,
1440,2551,T.J.,Ford,,,,,,,f,,,
1441,76738,Donnie,Forman,,,,,,,f,,,
1442,76739,Bayard,Forrest,,,,,,,f,,,
1444,2218,Joseph,Forte,,,,,,,f,,,
1445,202622,Courtney,Fortson,,,,,,,f,,,
1446,1504,Danny,Fortson,,,,,,,f,,,
1447,76740,Fred,Foster,,,,,,,f,,,
1448,323,Greg,Foster,,,,,,,f,,,
1449,1902,Jeff,Foster,,,,,,,f,,,
1450,76742,Rod,Foster,,,,,,,f,,,
1452,2238,Antonis,Fotsis,,,,,,,f,,,
1454,76744,Larry,Foust,,,,,,,f,,,
1455,76745,Jerry,Fowler,,,,,,,f,,,
1456,1762,Tremaine,Fowlkes,,,,,,,f,,,
1458,76746,Harold,Fox,,,,,,,f,,,
1459,76747,Jim,Fox,,,,,,,f,,,
1460,296,Rick,Fox,,,,,,,f,,,
1461,200751,Randy,Foye,,,,,,,f,,,
1462,1502,Adonal,Foyle,,,,,,,f,,,
1463,2499,Richie,Frahm,,,,,,,f,,,
1464,1883,Steve,Francis,,,,,,,f,,,
1465,76748,Tellis,Frank,,,,,,,f,,,
1466,76749,Nat,Frankel,,,,,,,f,,,
1467,203479,Jamaal,Franklin,,,,,,,f,,,
1470,76750,Walt,Frazier,,,,,,,f,,,
1471,76751,Will,Frazier,,,,,,,f,,,
1474,76752,Anthony,Frederick,,,,,,,f,,,
1475,202690,Jimmer,Fredette,,,,,,,f,,,
1476,76753,World,Free,,,,,,,f,,,
1478,200777,Joel,Freeland,,,,,,,f,,,
1479,76754,Donnie,Freeman,,,,,,,f,,,
1480,1642402,Enrique,Freeman,,,,,,,t,,,
1481,76755,Gary,Freeman,,,,,,,f,,,
1482,76756,Rod,Freeman,,,,,,,f,,,
1484,2782,Matt,Freije,,,,,,,f,,,
1485,76757,Frido,Frey,,,,,,,f,,,
1486,76758,Larry,Friend,,,,,,,f,,,
1487,76759,Pat,Frink,,,,,,,f,,,
1303,203954,Joel,Embiid,1994-03-16,Cameroon,213,122,5,21,t,2014,1,3
1387,1627812,Yogi,Ferrell,1993-05-09,USA,183,81,2,11,f,,,
1333,1628980,Jacob,Evans,1997-06-18,USA,193,95,2,12,f,2018,1,28
1329,1629234,Drew,Eubanks,1997-02-01,USA,208,111,4,19,t,,,
1468,1629606,Robert,Franks,1996-12-18,USA,201,102,3,,f,2019,,
1420,1630201,Malachi,Flynn,1998-05-09,USA,185,84,2,,f,2020,1,29
1451,1630701,Michael,Foster Jr.,2003-01-16,USA,203,113,3,,f,,,
1409,1641745,Adam,Flagler,1999-12-01,USA,190,82,2,14,f,,,
1340,1641787,Tosan,Evbuomwan,2001-02-16,United Kingdom,203,98,3,20,t,,,
1488,76760,Jim,Fritsche,,,,,,,f,,,
1489,101112,Channing,Frye,,,,,,,f,,,
1490,76761,Bernie,Fryer,,,,,,,f,,,
1491,76762,Frank,Fucarino,,,,,,,f,,,
1493,76763,Herm,Fuetsch,,,,,,,f,,,
1494,76764,Joe,Fulks,,,,,,,f,,,
1495,2673,Hiram,Fuller,,,,,,,f,,,
1496,957,Todd,Fuller,,,,,,,f,,,
1497,76765,Tony,Fuller,,,,,,,f,,,
1499,1444,Lawrence,Funderburke,,,,,,,f,,,
1501,76767,Terry,Furlow,,,,,,,f,,,
1502,1642277,Johnny,Furphy,,,,,,,t,,,
1503,76768,Billy,Gabor,,,,,,,f,,,
1505,2429,Dan,Gadzuric,,,,,,,f,,,
1506,202070,Tony,Gaffney,,,,,,,f,,,
1508,101184,Deng,Gai,,,,,,,f,,,
1509,76769,Elmer,R. Gainer,,,,,,,f,,,
1510,76770,Corey,Gaines,,,,,,,f,,,
1511,2558,Reece,Gaines,,,,,,,f,,,
1512,202178,Sundiata,Gaines,,,,,,,f,,,
1513,76771,Mike,Gale,,,,,,,f,,,
1514,76772,Chad,Gallagher,,,,,,,f,,,
1515,76773,Harry,Gallatin,,,,,,,f,,,
1519,76774,Dave,Gambee,,,,,,,f,,,
1520,333,Kevin,Gamble,,,,,,,f,,,
1521,76776,Bob,Gantt,,,,,,,f,,,
1522,200816,Jorge,Garbajosa,,,,,,,f,,,
1523,2092,Ruben,Garces,,,,,,,f,,,
1524,2682,Alex,Garcia,,,,,,,f,,,
1525,1643158,Andersson,Garcia,,,,,,,f,,,
1526,101128,Francisco,Garcia,,,,,,,f,,,
1527,76778,Earl,Gardner,,,,,,,f,,,
1528,1642066,Myron,Gardner,,,,,,,t,,,
1529,201242,Thomas,Gardner,,,,,,,f,,,
1530,76779,Vern,Gardner,,,,,,,f,,,
1531,76780,Jack,Garfinkel,,,,,,,f,,,
1532,1627868,Patricio,Garino,,,,,,,f,,,
1534,76781,Gary,Garland,,,,,,,f,,,
1535,76782,Winston,Garland,,,,,,,f,,,
1536,76783,Dick,Garmaker,,,,,,,f,,,
1537,1612,Chris,Garner,,,,,,,f,,,
1538,76785,Bill,Garnett,,,,,,,f,,,
1556,2200,Pau,Gasol,1980-07-06,Spain,213,113,5,16,f,2001,1,3
1453,203095,Evan,Fournier,1992-10-29,France,198,93,2,31,f,2012,1,20
1436,1630259,Jordan,Ford,1998-05-26,USA,185,79,2,31,f,,,
1472,1626187,Michael,Frazier II,1994-03-08,USA,190,91,2,21,f,,,
1540,1831,Marlon,Garnett,,,,,,,f,,,
1541,1628656,Billy,Garrett,,,,,,,f,,,
1542,76786,Calvin,Garrett,,,,,,,f,,,
1543,1051,Dean,Garrett,,,,,,,f,,,
1544,203197,Diante,Garrett,,,,,,,f,,,
1545,76788,Eldo,Garrett,,,,,,,f,,,
1547,76789,Rowland,Garrett,,,,,,,f,,,
1548,76790,Tom,Garrick,,,,,,,f,,,
1549,76791,John,Garris,,,,,,,f,,,
1550,1619,Kiwane,Garris,,,,,,,f,,,
1551,1727,Pat,Garrity,,,,,,,f,,,
1553,76793,Jim,Garvin,,,,,,,f,,,
1557,76794,Frank,Gates,,,,,,,f,,,
1559,423,Chris,Gatling,,,,,,,f,,,
1560,930,Kenny,Gattison,,,,,,,f,,,
1562,76797,Ed,Gayda,,,,,,,f,,,
1563,1845,Andrew,Gaze,,,,,,,f,,,
1564,1627771,Michael,Gbinije,,,,,,,f,,,
1565,1002,Reggie,Geary,,,,,,,f,,,
1566,202087,Alonzo,Gee,,,,,,,f,,,
1567,761,Matt,Geiger,,,,,,,f,,,
1568,101153,Mickael,Gelabale,,,,,,,f,,,
1569,1904,Devean,George,,,,,,,f,,,
1570,76800,Jack,George,,,,,,,f,,,
1572,1642273,Kyshawn,George,,,,,,,t,,,
1574,76801,Tate,George,,,,,,,f,,,
1575,1627875,Marcus,Georges-Hunt,,,,,,,f,,,
1576,76802,Gus,Gerard,,,,,,,f,,,
1577,76803,Derrick,Gervin,,,,,,,f,,,
1578,76804,George,Gervin,,,,,,,f,,,
1579,76805,Gorham,Getchell,,,,,,,f,,,
1580,76806,John,Gianelli,,,,,,,f,,,
1581,76807,Dick,Gibbs,,,,,,,f,,,
1582,200789,Daniel,Gibson,,,,,,,f,,,
1583,76808,Dee,Gibson,,,,,,,f,,,
1584,1626780,Jonathan,Gibson,,,,,,,f,,,
1585,76809,Mel,Gibson,,,,,,,f,,,
1586,76810,Mike,Gibson,,,,,,,f,,,
1588,76811,Ward,Gibson,,,,,,,f,,,
1589,201592,J.R.,Giddens,,,,,,,f,,,
1591,1642933,Keshon,Gilbert,,,,,,,t,,,
1592,201821,Trey,Gilder,,,,,,,f,,,
1596,2109,Eddie,Gill,,,,,,,f,,,
1597,383,Kendall,Gill,,,,,,,f,,,
1598,76812,Ben,Gillery,,,,,,,f,,,
1601,76813,Gene,Gillette,,,,,,,f,,,
1602,288,Armen,Gilliam,,,,,,,f,,,
1603,76815,Herm,Gilliam,,,,,,,f,,,
1604,600014,Artis,Gilmore,,,,,,,f,,,
1605,76817,Walt,Gilmore,,,,,,,f,,,
1606,76818,Chuck,Gilmur,,,,,,,f,,,
1608,1938,Manu,Ginobili,,,,,,,f,,,
1609,1921,Gordan,Giricek,,,,,,,f,,,
1610,76819,Jack,Givens,,,,,,,f,,,
1611,202148,Mickell,Gladness,,,,,,,f,,,
1612,76820,George,Glamack,,,,,,,f,,,
1613,76821,Gerald,Glass,,,,,,,f,,,
1614,76822,Mike,Glenn,,,,,,,f,,,
1615,76823,Norman,Glick,,,,,,,f,,,
1616,76824,Georgi,Glouchkov,,,,,,,f,,,
1617,76825,Clarence,Glover,,,,,,,f,,,
1618,1901,Dion,Glover,,,,,,,f,,,
1619,2601,Andreas,Glyniadakis,,,,,,,f,,,
1620,76826,Mike,Gminski,,,,,,,f,,,
1622,76827,Dan,Godfread,,,,,,,f,,,
1623,76828,Tom,Gola,,,,,,,f,,,
1624,76829,Ben,Goldfaden,,,,,,,f,,,
1625,1642884,Vladislav,Goldin,,,,,,,t,,,
1626,924,Anthony,Goldwire,,,,,,,f,,,
1507,1629655,Daniel,Gafford,1998-10-01,USA,208,120,4,21,t,2019,2,38
1428,1627854,Bryn,Forbes,1993-07-23,USA,188,93,2,,f,,,
1457,1628368,De'Aaron,Fox,1997-12-20,USA,190,84,2,4,t,2017,1,5
1473,1628982,Melvin,Frazier Jr.,1996-08-30,USA,196,98,2,6,f,2018,2,35
1558,1629232,Kaiser,Gates,1996-11-08,USA,201,102,3,,f,2018,,
1443,1630235,Trent,Forrest,1998-06-12,USA,193,95,2,2,f,,,
1546,1630585,Marcus,Garrett,1998-11-09,USA,196,93,2,,f,,,
1492,1641788,Alex,Fudge,2003-05-06,USA,203,91,3,17,f,,,
1500,1641847,Andrew,Funk,1999-09-21,USA,196,91,2,,f,,,
1517,1641945,Jaylin,Galloway,2002-12-21,Australia,198,86,3,,f,,,
1627,101155,Ryan,Gomes,,,,,,,f,,,
1628,76830,Glen,Gondrezick,,,,,,,f,,,
1629,76831,Grant,Gondrezick,,,,,,,f,,,
1630,1642864,Hugo,González,,,,,,,t,,,
1631,2400,Drew,Gooden,,,,,,,f,,,
1632,76832,Gail,Goodrich,,,,,,,f,,,
1633,1864,Steve,Goodrich,,,,,,,f,,,
1634,203462,Archie,Goodwin,,,,,,,f,,,
1637,76833,Wilfred,Goodwin,,,,,,,f,,,
1639,2732,Ben,Gordon,,,,,,,f,,,
1640,204079,Drew,Gordon,,,,,,,f,,,
1642,76834,Lancaster,Gordon,,,,,,,f,,,
1643,76835,Paul,Gordon,,,,,,,f,,,
1644,101162,Marcin,Gortat,,,,,,,f,,,
1645,1641789,Jazian,Gortman,,,,,,,f,,,
1646,76836,Leo,Gottlieb,,,,,,,f,,,
1647,202726,Andrew,Goudelock,,,,,,,f,,,
1648,76837,Bato,Govedarica,,,,,,,f,,,
1649,76838,Joe,Graboski,,,,,,,f,,,
1650,76839,Ricky,Grace,,,,,,,f,,,
1652,37,Greg,Graham,,,,,,,f,,,
1653,101121,Joey,Graham,,,,,,,f,,,
1654,76843,Mal,Graham,,,,,,,f,,,
1655,76841,Orlando,Graham,,,,,,,f,,,
1656,76842,Paul,Graham,,,,,,,f,,,
1561,200752,Rudy,Gay,1986-08-17,USA,203,113,2,22,f,2006,1,8
1555,201188,Marc,Gasol,1985-01-29,Spain,211,116,5,14,f,2007,2,48
1587,201959,Taj,Gibson,1985-06-24,USA,206,105,3,67,t,2009,1,26
1573,202331,Paul,George,1990-05-02,USA,203,104,3,8,t,2010,1,10
1659,76844,Jim,Grandholm,,,,,,,f,,,
1660,97,Ronnie,Grandison,,,,,,,f,,,
1661,101122,Danny,Granger,,,,,,,f,,,
1662,76847,Stewart,Granger,,,,,,,f,,,
1663,258,Brian,Grant,,,,,,,f,,,
1664,76850,Bud,Grant,,,,,,,f,,,
1665,202,Gary,Grant,,,,,,,f,,,
1666,285,Greg,Grant,,,,,,,f,,,
1667,265,Harvey,Grant,,,,,,,f,,,
1668,270,Horace,Grant,,,,,,,f,,,
1671,76852,Josh,Grant,,,,,,,f,,,
1672,1514,Paul,Grant,,,,,,,f,,,
1673,76853,Travis,Grant,,,,,,,f,,,
1674,1629055,Donte,Grantham,,,,,,,f,,,
1675,76854,Don,Grate,,,,,,,f,,,
1676,76855,Butch,Graves,,,,,,,f,,,
1678,201189,Aaron,Gray,,,,,,,f,,,
1679,1070,Devin,Gray,,,,,,,f,,,
1680,1516,Ed,Gray,,,,,,,f,,,
1681,1026,Evric,Gray,,,,,,,f,,,
1682,76859,Gary,Gray,,,,,,,f,,,
1683,1643060,Hayden,Gray,,,,,,,t,,,
1685,76860,Leonard,Gray,,,,,,,f,,,
1687,76861,Stuart,Gray,,,,,,,f,,,
1688,76862,Sylvester,Gray,,,,,,,f,,,
1689,76863,Wyndol,Gray,,,,,,,f,,,
1690,81,Jeff,Grayer,,,,,,,f,,,
1691,76865,Bob,Greacen,,,,,,,f,,,
1692,920,A.C.,Green,,,,,,,f,,,
1695,101209,Devin,Green,,,,,,,f,,,
1697,203475,Erick,Green,,,,,,,f,,,
1698,101123,Gerald,Green,,,,,,,f,,,
1703,76867,Johnny,Green,,,,,,,f,,,
1705,76868,Ken,Green,,,,,,,f,,,
1706,76869,Kenny,Green,,,,,,,f,,,
1707,600011,Lamar,Green,,,,,,,f,,,
1708,1036,Litterial,Green,,,,,,,f,,,
1709,76872,Luther,Green,,,,,,,f,,,
1710,76873,Mike,Green,,,,,,,f,,,
1711,76874,Rickey,Green,,,,,,,f,,,
1712,76875,Sean,Green,,,,,,,f,,,
1713,76877,Si,Green,,,,,,,f,,,
1714,76876,Sidney,Green,,,,,,,f,,,
1715,76878,Steve,Green,,,,,,,f,,,
1716,201192,Taurean,Green,,,,,,,f,,,
1717,76879,Tommy,Green,,,,,,,f,,,
1718,2584,Willie,Green,,,,,,,f,,,
1719,201590,Donte,Greene,,,,,,,f,,,
1720,101158,Orien,Greene,,,,,,,f,,,
1721,76880,Jerry,Greenspan,,,,,,,f,,,
1722,76881,David,Greenwood,,,,,,,f,,,
1723,76882,Hal,Greer,,,,,,,f,,,
1724,2696,Lynn,Greer,,,,,,,f,,,
1725,76883,Gary,Gregor,,,,,,,f,,,
1726,76884,Claude,Gregory,,,,,,,f,,,
1727,76885,John,Greig,,,,,,,f,,,
1728,76886,Norm,Grekin,,,,,,,f,,,
1729,76887,Kevin,Grevey,,,,,,,f,,,
1731,1559,Adrian,Griffin,,,,,,,f,,,
1733,2204,Eddie,Griffin,,,,,,,f,,,
1734,76888,Greg,Griffin,,,,,,,f,,,
1735,76889,Paul,Griffin,,,,,,,f,,,
1736,201981,Taylor,Griffin,,,,,,,f,,,
1737,76890,Darrell,Griffith,,,,,,,f,,,
1738,76891,Chuck,Grigsby,,,,,,,f,,,
1740,1575,Derek,Grimm,,,,,,,f,,,
1741,76893,George,Grimshaw,,,,,,,f,,,
1742,76894,Dick,Groat,,,,,,,f,,,
1743,76895,Bob,Gross,,,,,,,f,,,
1744,76896,Jerry,Grote,,,,,,,f,,,
1745,76897,Alex,Groza,,,,,,,f,,,
1746,101219,Anthony,Grundy,,,,,,,f,,,
1747,76899,Ernie,Grunfeld,,,,,,,f,,,
1748,76900,Gene,Guarilia,,,,,,,f,,,
1749,76901,Petur,Gudmundsson,,,,,,,f,,,
1751,76902,Richie,Guerin,,,,,,,f,,,
1754,339,Tom,Gugliotta,,,,,,,f,,,
1755,76903,Andres,Guibert,,,,,,,f,,,
1756,76904,Jay,Guidinger,,,,,,,f,,,
1757,76905,Coulby,Gunther,,,,,,,f,,,
1758,76906,Dave,Gunther,,,,,,,f,,,
1759,76907,Al,Guokas,,,,,,,f,,,
1760,76908,Matt,Guokas,,,,,,,f,,,
1761,76909,Matt,Guokas,,,,,,,f,,,
1762,203268,Jorge,Gutierrez,,,,,,,f,,,
1764,2062,A.J.,Guyton,,,,,,,f,,,
1765,2775,Ha,Ha,,,,,,,f,,,
1767,76910,Rudy,Hackett,,,,,,,f,,,
1768,201632,Hamed,Haddadi,,,,,,,f,,,
1594,1628983,Shai,Gilgeous-Alexander,1998-07-12,Canada,198,88,2,2,t,2018,1,11
1651,1628984,Devonte',Graham,1995-02-22,USA,185,88,2,4,f,2018,2,34
1677,1629755,Hassani,Gravett,1996-07-16,USA,188,85,2,,f,2019,,
1595,1630264,Anthony,Gill,1992-10-17,USA,201,104,3,16,t,,,
1554,1630568,Luka,Garza,1998-12-27,USA,208,110,5,52,t,2021,2,52
1590,1630581,Josh,Giddey,2002-10-10,Australia,201,97,2,3,t,2021,1,6
1607,1631367,Jacob,Gilyard,1998-07-14,USA,173,73,2,14,f,,,
1571,1641718,Keyonte,George,2003-11-08,USA,193,84,2,3,t,2023,1,16
1769,76911,Scott,Haffner,,,,,,,f,,,
1770,76912,Cliff,Hagan,,,,,,,f,,,
1771,76913,Glenn,Hagan,,,,,,,f,,,
1773,76914,Bob,Hahn,,,,,,,f,,,
1774,76915,Al,Hairston,,,,,,,f,,,
1775,76916,Happy,Hairston,,,,,,,f,,,
1763,1629657,Kyle,Guy,1997-08-11,USA,185,76,2,,f,2019,2,55
1702,201145,Jeff,Green,1986-08-28,USA,203,107,3,32,t,2007,1,5
1732,201933,Blake,Griffin,1989-03-16,USA,206,113,3,91,f,2009,1,1
1832,201935,James,Harden,1989-08-26,USA,196,100,2,1,t,2009,1,3
1777,201612,Malik,Hairston,,,,,,,f,,,
1778,203798,PJ,Hairston,,,,,,,f,,,
1779,2409,Marcus,Haislip,,,,,,,f,,,
1780,76918,Chuck,Halbert,,,,,,,f,,,
1781,76919,Harvey,Halbrook,,,,,,,f,,,
1782,76920,Bruce,Hale,,,,,,,f,,,
1783,917,Jack,Haley,,,,,,,f,,,
1785,76922,Shaler,Halimon,,,,,,,f,,,
1790,200837,Mike,Hall,,,,,,,f,,,
1791,1641790,PJ,Hall,,,,,,,t,,,
1793,76923,Jeff,Halliburton,,,,,,,f,,,
1794,1032,Darvin,Ham,,,,,,,f,,,
1795,984,Steve,Hamer,,,,,,,f,,,
1796,76925,Dale,Hamilton,,,,,,,f,,,
1797,1627772,Daniel,Hamilton,,,,,,,f,,,
1798,76926,Dennis,Hamilton,,,,,,,f,,,
1799,202706,Jordan,Hamilton,,,,,,,f,,,
1800,203120,Justin,Hamilton,,,,,,,f,,,
1801,76927,Ralph,Hamilton,,,,,,,f,,,
1802,1888,Richard,Hamilton,,,,,,,f,,,
1803,76928,Roylee,Hamilton,,,,,,,f,,,
1804,76929,Steve,Hamilton,,,,,,,f,,,
1805,2347,Tang,Hamilton,,,,,,,f,,,
1806,676,Thomas,Hamilton,,,,,,,f,,,
1807,1985,Zendon,Hamilton,,,,,,,f,,,
1808,903,Geert,Hammink,,,,,,,f,,,
1809,67,Tom,Hammonds,,,,,,,f,,,
1810,1627773,AJ,Hammons,,,,,,,f,,,
1812,241,Darrin,Hancock,,,,,,,f,,,
1813,1052,Ben,Handlogten,,,,,,,f,,,
1814,76935,Cecil,Hankins,,,,,,,f,,,
1815,76936,Phil,Hankinson,,,,,,,f,,,
1817,76937,Alex,Hannum,,,,,,,f,,,
1818,76938,Don,Hanrahan,,,,,,,f,,,
1819,76939,Rollen,Hans,,,,,,,f,,,
1820,203162,Ben,Hansbrough,,,,,,,f,,,
1821,201946,Tyler,Hansbrough,,,,,,,f,,,
1822,76942,Bob,Hansen,,,,,,,f,,,
1823,76940,Glenn,Hansen,,,,,,,f,,,
1824,76941,Lars,Hansen,,,,,,,f,,,
1825,2580,Travis,Hansen,,,,,,,f,,,
1826,1682,Reggie,Hanson,,,,,,,f,,,
1827,76944,Bill,Hanzlik,,,,,,,f,,,
1828,202376,Luke,Harangody,,,,,,,f,,,
1829,358,Anfernee,Hardaway,,,,,,,f,,,
1830,896,Tim,Hardaway,,,,,,,f,,,
1833,76945,Reggie,Harding,,,,,,,f,,,
1834,76946,Charlie,Hardnett,,,,,,,f,,,
1835,76947,Alan,Hardy,,,,,,,f,,,
1837,76948,James,Hardy,,,,,,,f,,,
1838,76949,John,Hargis,,,,,,,f,,,
1839,1641989,Elijah,Harkless,,,,,,,t,,,
1841,76950,Jerry,Harkness,,,,,,,f,,,
1842,76951,Skip,Harlicka,,,,,,,f,,,
1843,76952,Jerome,Harmon,,,,,,,f,,,
1844,157,Derek,Harper,,,,,,,f,,,
1845,1642844,Dylan,Harper,,,,,,,t,,,
1847,202712,Justin,Harper,,,,,,,f,,,
1848,76954,Mike,Harper,,,,,,,f,,,
1849,166,Ron,Harper,,,,,,,f,,,
1851,1723,Matt,Harpring,,,,,,,f,,,
1853,202725,Josh,Harrellson,,,,,,,f,,,
1854,2492,Adam,Harrington,,,,,,,f,,,
1855,1733,Al,Harrington,,,,,,,f,,,
1856,2454,Junior,Harrington,,,,,,,f,,,
1857,970,Othella,Harrington,,,,,,,f,,,
1858,76956,Art,Harris,,,,,,,f,,,
1859,76957,Bernie,Harris,,,,,,,f,,,
1860,76959,Bob,Harris,,,,,,,f,,,
1861,76958,Chris,Harris,,,,,,,f,,,
1862,2734,Devin,Harris,,,,,,,f,,,
1863,203548,Elias,Harris,,,,,,,f,,,
1868,446,Lucious,Harris,,,,,,,f,,,
1869,202412,Manny,Harris,,,,,,,f,,,
1870,200839,Mike,Harris,,,,,,,f,,,
1871,76960,Steve,Harris,,,,,,,f,,,
1872,202227,Terrel,Harris,,,,,,,f,,,
1874,76961,Tony,Harris,,,,,,,f,,,
1875,1626151,Aaron,Harrison,,,,,,,f,,,
1876,1626150,Andrew,Harrison,,,,,,,f,,,
1877,76962,Bob,Harrison,,,,,,,f,,,
1878,2758,David,Harrison,,,,,,,f,,,
1880,2078,Jason,Hart,,,,,,,f,,,
1883,176,Antonio,Harvey,,,,,,,f,,,
1884,2051,Donnell,Harvey,,,,,,,f,,,
1885,202238,Kenny,Hasbrouck,,,,,,,f,,,
1886,321,Scott,Haskin,,,,,,,f,,,
1887,76965,Clem,Haskins,,,,,,,f,,,
1889,2239,Trenton,Hassell,,,,,,,f,,,
1890,76967,Billy,Hassett,,,,,,,f,,,
1891,76966,Joey,Hassett,,,,,,,f,,,
1892,76968,Scott,Hastings,,,,,,,f,,,
1893,2213,Kirk,Haston,,,,,,,f,,,
1696,203110,Draymond,Green,1990-03-04,USA,198,104,3,23,t,2012,2,35
1831,203501,Tim,Hardaway Jr.,1992-03-16,USA,196,93,2,10,t,2013,1,24
1684,1627982,Josh,Gray,1993-09-09,USA,183,82,2,5,f,,,
1879,1627885,Shaquille,Harrison,1993-10-06,USA,193,88,2,,f,,,
1699,203210,JaMychal,Green,1990-06-21,USA,206,103,4,1,f,,,
1669,203924,Jerami,Grant,1994-03-12,USA,201,97,3,9,t,2014,2,39
1888,2617,Udonis,Haslem,1980-06-09,USA,201,107,3,40,f,,,
1670,1626170,Jerian,Grant,1992-10-09,USA,193,90,2,22,f,2015,1,19
1816,1628605,Dusty,Hannahs,1993-09-02,USA,190,95,2,,f,2017,,
1846,1629607,Jared,Harper,1997-09-14,USA,178,79,2,2,f,,,
1865,1630223,Jalen,Harris,1998-08-14,USA,196,88,2,,f,2020,2,59
1739,1629656,Quentin,Grimes,2000-05-08,USA,196,94,2,5,t,2021,1,25
1787,1629743,Donta,Hall,1997-08-07,USA,208,104,5,,f,,,
1792,1629788,Tyler,Hall,1997-03-25,USA,196,95,2,,f,,,
1772,1630204,Ashton,Hagans,1999-07-08,USA,190,86,2,19,f,,,
1686,1630564,RaiQuan,Gray,1999-07-07,USA,201,122,3,0,f,2021,2,59
1753,1631243,Mouhamed,Gueye,2002-11-09,Senegal,211,95,3,18,t,2023,2,39
1693,1631260,AJ,Green,1999-09-27,USA,193,86,2,20,t,,,
1873,202699,Tobias,Harris,1992-07-15,USA,203,103,3,12,t,2011,1,19
1953,203089,John,Henson,1990-12-28,USA,206,99,4,31,f,2012,1,14
1896,76970,John,Havlicek,,,,,,,f,,,
1897,201150,Spencer,Hawes,,,,,,,f,,,
1898,76971,Steve,Hawes,,,,,,,f,,,
1899,76972,Connie,Hawkins,,,,,,,f,,,
1900,765,Hersey,Hawkins,,,,,,,f,,,
1902,1038,Juaquin,Hawkins,,,,,,,f,,,
1903,76974,Marshall,Hawkins,,,,,,,f,,,
1904,1138,Michael,Hawkins,,,,,,,f,,,
1905,76975,Robert,Hawkins,,,,,,,f,,,
1906,76977,Tom,Hawkins,,,,,,,f,,,
1907,76978,Nate,Hawthorne,,,,,,,f,,,
1908,101236,Chuck,Hayes,,,,,,,f,,,
1909,76979,Elvin,Hayes,,,,,,,f,,,
1910,2553,Jarvis,Hayes,,,,,,,f,,,
1913,76980,Steve,Hayes,,,,,,,f,,,
1914,1628502,Nigel,Hayes-Davis,,,,,,,f,,,
1916,202351,Lazar,Hayward,,,,,,,f,,,
1917,2217,Brendan,Haywood,,,,,,,f,,,
1918,76981,Spencer,Haywood,,,,,,,f,,,
1919,76982,John,W. Hazen,,,,,,,f,,,
1920,76983,Walt,Hazzard,,,,,,,f,,,
1921,101129,Luther,Head,,,,,,,f,,,
1922,1049,Shane,Heal,,,,,,,f,,,
1923,76984,Brian,Heaney,,,,,,,f,,,
1924,76985,Garfield,Heard,,,,,,,f,,,
1925,203687,Reggie,Hearn,,,,,,,f,,,
1926,76986,Herm,Hedderick,,,,,,,f,,,
1927,76987,Alvin,Heggs,,,,,,,f,,,
1928,76988,Tom,Heinsohn,,,,,,,f,,,
1929,76989,Dick,Hemric,,,,,,,f,,,
1930,673,Alan,Henderson,,,,,,,f,,,
1931,1538,Cedric,Henderson,,,,,,,f,,,
1932,76990,Cedric,Henderson,,,,,,,f,,,
1933,76991,Dave,Henderson,,,,,,,f,,,
1934,76993,Gerald,Henderson,,,,,,,f,,,
1935,201945,Gerald,Henderson,,,,,,,f,,,
1936,1764,J.R.,Henderson,,,,,,,f,,,
1937,76992,Jerome,Henderson,,,,,,,f,,,
1938,76994,Kevin,Henderson,,,,,,,f,,,
1940,76996,Tom,Henderson,,,,,,,f,,,
1942,971,Mark,Hendrickson,,,,,,,f,,,
1943,76998,Larry,Hennessy,,,,,,,f,,,
1944,76999,Don,Henriksen,,,,,,,f,,,
1946,77000,Al,Henry,,,,,,,f,,,
1947,77004,Bill,Henry,,,,,,,f,,,
1948,77001,Carl,Henry,,,,,,,f,,,
1949,77002,Conner,Henry,,,,,,,f,,,
1950,1627988,Myke,Henry,,,,,,,f,,,
1951,77003,Skeeter,Henry,,,,,,,f,,,
1952,202333,Xavier,Henry,,,,,,,f,,,
1954,1667,Steve,Henson,,,,,,,f,,,
1955,1642935,Chucky,Hepburn,,,,,,,t,,,
1956,77006,Bill,Herman,,,,,,,f,,,
1957,77007,Clarence,Hermsen,,,,,,,f,,,
1961,1914,Chris,Herren,,,,,,,f,,,
1962,61,Carl,Herrera,,,,,,,f,,,
1963,200835,Walter,Herrmann,,,,,,,f,,,
1965,77010,Keith,Herron,,,,,,,f,,,
1966,77011,Sidney,Hertzberg,,,,,,,f,,,
1968,77012,Fred,Hetzel,,,,,,,f,,,
1969,77013,Bill,Hewitt,,,,,,,f,,,
1970,77014,Jack,Hewson,,,,,,,f,,,
1971,77015,Art,Heyman,,,,,,,f,,,
1973,201579,Roy,Hibbert,,,,,,,f,,,
1974,77016,Matthew,Hickey,,,,,,,f,,,
1975,1628439,Isaiah,Hicks,,,,,,,f,,,
1976,77017,Phil,Hicks,,,,,,,f,,,
1977,201581,JJ,Hickson,,,,,,,f,,,
1979,202809,Cory,Higgins,,,,,,,f,,,
1980,1848,Mike,Higgins,,,,,,,f,,,
1981,77019,Rod,Higgins,,,,,,,f,,,
1982,925,Sean,Higgins,,,,,,,f,,,
1983,77021,Kenny,Higgs,,,,,,,f,,,
1984,77022,Johnny,High,,,,,,,f,,,
1986,77023,Wayne,Hightower,,,,,,,f,,,
1987,2403,Nene,"",,,,,,,f,,,
1988,77024,Armond,Hill,,,,,,,f,,,
1989,77025,Cleo,Hill,,,,,,,f,,,
1990,77026,Gary,Hill,,,,,,,f,,,
1992,255,Grant,Hill,,,,,,,f,,,
1993,201195,Herbert,Hill,,,,,,,f,,,
1994,201941,Jordan,Hill,,,,,,,f,,,
1997,201631,Steven,Hill,,,,,,,f,,,
1998,238,Tyrone,Hill,,,,,,,f,,,
1999,77027,Art,Hillhouse,,,,,,,f,,,
2000,1626199,Darrun,Hilliard,,,,,,,f,,,
2001,77028,Darnell,Hillman,,,,,,,f,,,
2002,77029,Fred,Hilton,,,,,,,f,,,
2003,2550,Kirk,Hinrich,,,,,,,f,,,
2004,1642396,Blake,Hinson,,,,,,,t,,,
2005,77030,Roy,Hinson,,,,,,,f,,,
2007,77031,Mel,Hirsch,,,,,,,f,,,
2008,77032,Lew,Hitch,,,,,,,f,,,
2009,200823,Robert,Hite,,,,,,,f,,,
2011,202359,Darington,Hobson,,,,,,,f,,,
1789,1630221,Josh,Hall,2000-10-08,USA,206,86,3,15,f,,,
1996,203524,Solomon,Hill,1991-03-18,USA,198,103,3,,f,2013,1,23
1972,1626209,Mario,Hezonja,1995-02-25,Croatia,203,100,2,44,f,2015,1,5
1978,1627741,Buddy,Hield,1992-12-17,Bahamas,193,100,2,8,t,2016,1,6
2014,101125,Julius,Hodge,,,,,,,f,,,
2015,77034,Craig,Hodges,,,,,,,f,,,
2016,77035,Adolph,Hoefer,,,,,,,f,,,
2017,77036,Paul,Hoffman,,,,,,,f,,,
2018,77037,Bob,Hogsett,,,,,,,f,,,
2019,77038,Paul,Hogue,,,,,,,f,,,
2020,697,Fred,Hoiberg,,,,,,,f,,,
2021,77039,Doug,Holcomb,,,,,,,f,,,
1958,1629608,Dewan,Hernandez,1996-12-09,USA,208,107,5,20,f,2019,2,59
1959,1627823,Juancho,Hernangomez,1995-09-28,Spain,206,97,3,,f,2016,1,15
2010,1629658,Jaylen,Hoard,1999-03-30,France,203,98,3,,f,,,
1964,1629639,Tyler,Herro,2000-01-20,USA,196,88,2,14,t,2019,1,13
1912,1630165,Killian,Hayes,2001-07-27,France,193,88,2,7,t,2020,1,7
1784,1630169,Tyrese,Haliburton,2000-02-29,USA,196,84,2,0,t,2020,1,12
1895,1630573,Sam,Hauser,1997-12-08,USA,201,98,3,30,t,,,
2006,1630207,Nate,Hinton,1999-06-08,USA,196,95,2,14,f,,,
1867,1630284,Kevon,Harris,1997-06-24,USA,196,98,2,8,f,,,
1836,1630702,Jaden,Hardy,2002-07-05,USA,190,90,2,8,t,2022,2,37
1939,1630703,Scoot,Henderson,2004-02-03,USA,190,94,2,0,t,2023,1,3
1995,1630792,Malcolm,Hill,1995-10-26,USA,198,100,3,33,f,,,
1850,1631199,Ron,Harper Jr.,2000-04-12,USA,196,106,2,13,t,,,
1901,1641722,Jordan,Hawkins,2002-04-29,USA,196,86,2,24,t,2023,1,14
2022,2450,Randy,Holcomb,,,,,,,f,,,
2026,77040,Brad,Holland,,,,,,,f,,,
2027,77041,Joe,Holland,,,,,,,f,,,
2028,204066,John,Holland,,,,,,,f,,,
2029,77042,Wilbur,Holland,,,,,,,f,,,
2030,1641842,Ronald,Holland II,,,,,,,t,,,
2031,77043,Lionel,Hollins,,,,,,,f,,,
2032,200797,Ryan,Hollins,,,,,,,f,,,
2033,77044,Essie,Hollis,,,,,,,f,,,
2036,1641747,DaRon,Holmes II,,,,,,,t,,,
2038,77045,Jim,Holstein,,,,,,,f,,,
2039,77046,Alvin,Holt,,,,,,,f,,,
2040,77047,Michael,Holton,,,,,,,f,,,
2041,77048,Dick,Holub,,,,,,,f,,,
2042,77049,Joe,Holup,,,,,,,f,,,
2043,77050,Red,Holzman,,,,,,,f,,,
2045,1532,Jerald,Honeycutt,,,,,,,f,,,
2046,202715,Tyler,Honeycutt,,,,,,,f,,,
2047,1967,Derek,Hood,,,,,,,f,,,
2050,77051,Tom,Hoover,,,,,,,f,,,
2051,77052,Bob,Hopkins,,,,,,,f,,,
2052,77053,Dave,Hoppen,,,,,,,f,,,
2053,77054,Dennis,Hopson,,,,,,,f,,,
2055,77055,Johnny,Horan,,,,,,,f,,,
2056,77056,Cedrick,Hordges,,,,,,,f,,,
2058,77057,Tito,Horford,,,,,,,f,,,
2059,77058,Ron,Horn,,,,,,,f,,,
2060,204,Jeff,Hornacek,,,,,,,f,,,
2061,202862,Dennis,Horner,,,,,,,f,,,
2062,109,Robert,Horry,,,,,,,f,,,
2063,77060,Ed,Horton,,,,,,,f,,,
2065,77061,Wilmer,Hosket,,,,,,,f,,,
2066,77062,Bob,Houbregs,,,,,,,f,,,
2067,2067,Eddie,House,,,,,,,f,,,
2070,275,Allan,Houston,,,,,,,f,,,
2071,780,Byron,Houston,,,,,,,f,,,
2072,77064,Tom,Hovasse,,,,,,,f,,,
2073,77065,Brian,Howard,,,,,,,f,,,
2075,77066,Greg,Howard,,,,,,,f,,,
2077,2572,Josh,Howard,,,,,,,f,,,
2078,436,Juwan,Howard,,,,,,,f,,,
2080,77067,Mo,Howard,,,,,,,f,,,
2081,77069,Otis,Howard,,,,,,,f,,,
2082,1128,Stephen,Howard,,,,,,,f,,,
2084,77070,Bailey,Howell,,,,,,,f,,,
2085,77072,Bob,Hubbard,,,,,,,f,,,
2086,77071,Phil,Hubbard,,,,,,,f,,,
2088,201991,Lester,Hudson,,,,,,,f,,,
2089,77074,Lou,Hudson,,,,,,,f,,,
2090,1607,Troy,Hudson,,,,,,,f,,,
2091,1626273,Marcelo,Huertas,,,,,,,f,,,
2093,203962,Josh,Huestis,,,,,,,f,,,
2095,1572,Nate,Huffman,,,,,,,f,,,
2096,77076,Alfredrick,Hughes,,,,,,,f,,,
2097,77077,Eddie,Hughes,,,,,,,f,,,
2099,77078,Kim,Hughes,,,,,,,f,,,
2100,1716,Larry,Hughes,,,,,,,f,,,
2101,1965,Rick,Hughes,,,,,,,f,,,
2102,1630574,Ariel,Hukporti,,,,,,,t,,,
2103,203133,Robbie,Hummel,,,,,,,f,,,
2104,77080,John,Hummer,,,,,,,f,,,
2105,2415,Ryan,Humphrey,,,,,,,f,,,
2106,1629353,Isaac,Humphries,,,,,,,f,,,
2107,77081,Jay,Humphries,,,,,,,f,,,
2108,2743,Kris,Humphries,,,,,,,f,,,
2109,77082,Rod,Hundley,,,,,,,f,,,
2111,2599,Brandon,Hunter,,,,,,,f,,,
2112,77083,Cedric,Hunter,,,,,,,f,,,
2113,201805,Chris,Hunter,,,,,,,f,,,
2115,77084,Les,Hunter,,,,,,,f,,,
2116,283,Lindsey,Hunter,,,,,,,f,,,
2117,201629,Othello,Hunter,,,,,,,f,,,
2118,1626154,RJ,Hunter,,,,,,,f,,,
2119,2212,Steven,Hunter,,,,,,,f,,,
2120,1626205,Vincent,Hunter,,,,,,,f,,,
2121,1643047,CJ,Huntley,,,,,,,t,,,
2122,310,Bobby,Hurley,,,,,,,f,,,
2123,77086,Roy,Hurley,,,,,,,f,,,
2125,77087,Geoff,Huston,,,,,,,f,,,
2126,77088,Paul,Huston,,,,,,,f,,,
2127,77089,Mel,Hutchins,,,,,,,f,,,
2129,77090,Joe,Hutton,,,,,,,f,,,
2130,77091,Greg,Hyder,,,,,,,f,,,
2074,2730,Dwight,Howard,1985-12-08,USA,208,120,5,39,f,2004,1,1
2024,201950,Jrue,Holiday,1990-06-12,USA,193,100,2,5,t,2009,1,17
2048,203918,Rodney,Hood,1992-10-20,USA,203,94,2,22,f,2014,1,23
2136,980,Zydrunas,Ilgauskas,,,,,,,f,,,
2137,101148,Mile,Ilic,,,,,,,f,,,
2139,77093,Darrall,Imhoff,,,,,,,f,,,
2140,77094,Tom,Ingelsby,,,,,,,f,,,
2142,203996,Damien,Inglis,,,,,,,f,,,
2143,201281,Andre,Ingram,,,,,,,f,,,
2145,1631127,Harrison,Ingram,,,,,,,t,,,
2146,77095,Joel,Ingram,,,,,,,f,,,
2147,77096,Byron,Irvin,,,,,,,f,,,
2150,77097,Dan,Issel,,,,,,,f,,,
2151,77098,Mike,Iuzzolino,,,,,,,f,,,
2152,947,Allen,Iverson,,,,,,,f,,,
2154,2767,Royal,Ivey,,,,,,,f,,,
2156,101127,Jarrett,Jack,,,,,,,f,,,
2157,1628935,Aaron,Jackson,,,,,,,f,,,
2158,77099,Al,Jackson,,,,,,,f,,,
2159,1517,Bobby,Jackson,,,,,,,f,,,
2160,202132,Cedric,Jackson,,,,,,,f,,,
2161,201616,Darnell,Jackson,,,,,,,f,,,
2162,1627743,Demetrius,Jackson,,,,,,,f,,,
2165,77101,Greg,Jackson,,,,,,,f,,,
2167,1114,Jaren,Jackson,,,,,,,f,,,
2168,1983,Jermaine,Jackson,,,,,,,f,,,
2169,754,Jim,Jackson,,,,,,,f,,,
2172,77103,Lucious,Jackson,,,,,,,f,,,
2173,2739,Luke,Jackson,,,,,,,f,,,
2174,1531,Marc,Jackson,,,,,,,f,,,
2054,203816,Scotty,Hopson,1989-08-08,USA,201,93,2,,f,2011,,
2068,1627863,Danuel,House Jr.,1993-06-07,USA,198,100,2,,f,,,
2083,1629739,William,Howard,1993-10-25,France,203,94,2,52,f,,,
2035,1626158,Richaun,Holmes,1993-10-15,USA,206,107,3,22,f,2015,2,37
2023,1628988,Aaron,Holiday,1996-09-30,USA,183,84,2,0,t,2018,1,23
2098,1630190,Elijah,Hughes,1998-03-10,USA,196,98,2,19,f,2020,2,39
2124,1630562,Matt,Hurt,2000-04-20,USA,206,106,3,,f,,,
2110,1630624,Feron,Hunt,1999-07-05,USA,203,88,3,11,f,,,
2094,1630643,Jay,Huff,1997-08-25,USA,216,109,5,32,t,,,
2087,1631309,Trevor,Hudgins,1999-03-23,USA,183,82,2,12,f,,,
2076,1641724,Jett,Howard,2003-09-14,USA,203,98,2,13,t,2023,1,11
2044,1630258,Caleb,Homesley,,,,,2,,f,,,
2175,349,Mark,Jackson,,,,,,,f,,,
2176,77104,Michael,Jackson,,,,,,,f,,,
2177,77105,Myron,Jackson,,,,,,,f,,,
2178,77106,Phil,Jackson,,,,,,,f,,,
2179,203510,Pierre,Jackson,,,,,,,f,,,
2181,77107,Ralph,Jackson,,,,,,,f,,,
2182,1872,Randell,Jackson,,,,,,,f,,,
2184,77109,Stanley,Jackson,,,,,,,f,,,
2185,1536,Stephen,Jackson,,,,,,,f,,,
2186,77100,Tony,Jackson,,,,,,,f,,,
2187,77110,Tracy,Jackson,,,,,,,f,,,
2188,77111,Wardell,Jackson,,,,,,,f,,,
2192,77112,Winfred,Jacobs,,,,,,,f,,,
2193,2418,Casey,Jacobsen,,,,,,,f,,,
2194,1734,Sam,Jacobson,,,,,,,f,,,
2195,1642857,Kasparas,Jakučionis,,,,,,,t,,,
2196,77114,Dave,Jamerson,,,,,,,f,,,
2197,77115,Aaron,James,,,,,,,f,,,
2198,203108,Bernard,James,,,,,,,f,,,
2199,1642355,Bronny,James,,,,,,,t,,,
2200,202345,Damion,James,,,,,,,f,,,
2201,77116,Gene,James,,,,,,,f,,,
2202,1080,Henry,James,,,,,,,f,,,
2203,1744,Jerome,James,,,,,,,f,,,
2206,2229,Mike,James,,,,,,,f,,,
2208,1642883,Sion,James,,,,,,,t,,,
2209,1906,Tim,James,,,,,,,f,,,
2210,1712,Antawn,Jamison,,,,,,,f,,,
2211,1942,Harold,Jamison,,,,,,,f,,,
2212,77120,John,Janisch,,,,,,,f,,,
2213,77122,Howie,Janotta,,,,,,,f,,,
2215,2060,Marko,Jaric,,,,,,,f,,,
2216,77123,Tony,Jaros,,,,,,,f,,,
2218,101180,Sarunas,Jasikevicius,,,,,,,f,,,
2219,201605,Nathan,Jawai,,,,,,,f,,,
2220,77125,Buddy,Jeannette,,,,,,,f,,,
2221,77126,Abdul,Jeelani,,,,,,,f,,,
2222,2423,Chris,Jefferies,,,,,,,f,,,
2223,201785,Othyus,Jeffers,,,,,,,f,,,
2224,2744,Al,Jefferson,,,,,,,f,,,
2226,203928,Cory,Jefferson,,,,,,,f,,,
2227,200971,Dontell,Jefferson,,,,,,,f,,,
2228,2210,Richard,Jefferson,,,,,,,f,,,
2230,2407,Jared,Jeffries,,,,,,,f,,,
2232,202724,Charles,Jenkins,,,,,,,f,,,
2233,1642450,Daniss,Jenkins,,,,,,,t,,,
2234,2798,Horace,Jenkins,,,,,,,f,,,
2235,203098,John,Jenkins,,,,,,,f,,,
2236,201943,Brandon,Jennings,,,,,,,f,,,
2237,24,Keith,Jennings,,,,,,,f,,,
2238,1137,Chris,Jent,,,,,,,f,,,
2239,77129,Les,Jepsen,,,,,,,f,,,
2240,201973,Jonas,Jerebko,,,,,,,f,,,
2242,201998,Curtis,Jerrells,,,,,,,f,,,
2243,203511,Grant,Jerrett,,,,,,,f,,,
2244,200817,Pooh,Jeter,,,,,,,f,,,
2246,2639,Britton,Johnsen,,,,,,,f,,,
2247,1642358,AJ,Johnson,,,,,,,t,,,
2248,200792,Alexander,Johnson,,,,,,,f,,,
2205,2544,LeBron,James,1984-12-30,USA,206,113,3,23,t,2003,1,1
2135,2738,Andre,Iguodala,1984-01-28,USA,198,98,2,9,f,2004,1,9
2138,101141,Ersan,Ilyasova,1987-05-15,Turkey,206,107,3,77,f,2005,2,36
2148,202681,Kyrie,Irving,1992-03-23,Australia,188,88,2,11,t,2011,1,1
2251,77131,Andy,Johnson,,,,,,,f,,,
2252,1533,Anthony,Johnson,,,,,,,f,,,
2253,202356,Armon,Johnson,,,,,,,f,,,
2254,77132,Arnie,Johnson,,,,,,,f,,,
2255,422,Avery,Johnson,,,,,,,f,,,
2257,1627744,Brice,Johnson,,,,,,,f,,,
2258,77130,Buck,Johnson,,,,,,,f,,,
2260,201291,Carldell,Johnson,,,,,,,f,,,
2261,1643052,Chaney,Johnson,,,,,,,t,,,
2262,77133,Charlie,Johnson,,,,,,,f,,,
2263,202419,Chris,Johnson,,,,,,,f,,,
2264,203187,Chris,Johnson,,,,,,,f,,,
2265,77135,Clay,Johnson,,,,,,,f,,,
2266,77136,Clemon,Johnson,,,,,,,f,,,
2267,1626177,Dakari,Johnson,,,,,,,f,,,
2268,683,Darryl,Johnson,,,,,,,f,,,
2269,77138,Dave,Johnson,,,,,,,f,,,
2270,77139,David,Johnson,,,,,,,f,,,
2272,1746,DeMarco,Johnson,,,,,,,f,,,
2273,77141,Dennis,Johnson,,,,,,,f,,,
2274,2035,DerMarr,Johnson,,,,,,,f,,,
2275,698,Eddie,Johnson,,,,,,,f,,,
2276,77144,Eddie,Johnson,,,,,,,f,,,
2277,77145,Eric,Johnson,,,,,,,f,,,
2278,911,Ervin,Johnson,,,,,,,f,,,
2279,77146,Frank,Johnson,,,,,,,f,,,
2280,77147,George,Johnson,,,,,,,f,,,
2281,77148,George,Johnson,,,,,,,f,,,
2282,77149,George,Johnson,,,,,,,f,,,
2283,77150,Gus,Johnson,,,,,,,f,,,
2284,77151,Harold,Johnson,,,,,,,f,,,
2285,201274,Ivan,Johnson,,,,,,,f,,,
2286,202707,JaJuan,Johnson,,,,,,,f,,,
2290,77152,John,Johnson,,,,,,,f,,,
2291,77153,Kannard,Johnson,,,,,,,f,,,
2293,2256,Ken,Johnson,,,,,,,f,,,
2294,77154,Ken,Johnson,,,,,,,f,,,
2296,1642352,Keshad,Johnson,,,,,,,t,,,
2297,134,Kevin,Johnson,,,,,,,f,,,
2299,913,Larry,Johnson,,,,,,,f,,,
2300,77156,Larry,Johnson,,,,,,,f,,,
2301,77158,Lee,Johnson,,,,,,,f,,,
2302,2669,Linton,Johnson,,,,,,,f,,,
2303,77159,Lynbert,Johnson,,,,,,,f,,,
2304,77142,Magic,Johnson,,,,,,,f,,,
2183,202704,Reggie,Jackson,1990-04-16,USA,188,94,2,,f,2011,1,24
2141,204060,Joe,Ingles,1987-10-02,Australia,203,100,2,7,t,,,
2207,1628455,Mike,James,1990-08-18,USA,185,79,2,55,f,,,
2225,1628518,Amile,Jefferson,1993-05-07,USA,206,101,3,,f,2017,,
2229,1629610,DaQuan,Jeffries,1997-08-30,USA,196,101,2,,f,,,
2241,1629660,Ty,Jerome,1997-07-08,USA,196,88,2,2,t,2019,1,24
2204,1629713,Justin,James,1997-01-24,USA,201,86,2,10,f,2019,2,40
2245,1630198,Isaiah,Joe,1999-07-02,USA,193,75,2,11,t,2020,2,49
2166,1630543,Isaiah,Jackson,2002-01-10,USA,203,93,3,23,t,2021,1,22
2217,1630610,DeJon,Jarreau,1998-01-23,USA,196,84,2,,f,,,
2180,1631245,Quenton,Jackson,1998-09-15,USA,193,78,2,29,t,,,
2164,1641713,GG,Jackson,2004-12-17,USA,206,95,3,45,t,2023,2,45
2189,1641748,Andre,Jackson Jr.,2001-11-13,USA,198,95,2,44,t,2023,2,36
2231,1641998,Trey,Jemison III,1999-11-28,USA,208,122,5,50,t,,,
2305,77160,Marques,Johnson,,,,,,,f,,,
2306,77168,Mickey,Johnson,,,,,,,f,,,
2307,77161,Neil,Johnson,,,,,,,f,,,
2308,203910,Nick,Johnson,,,,,,,f,,,
2309,77162,Ollie,Johnson,,,,,,,f,,,
2310,204179,Omari,Johnson,,,,,,,f,,,
2311,203111,Orlando,Johnson,,,,,,,f,,,
2312,77163,Reggie,Johnson,,,,,,,f,,,
2313,77164,Rich,Johnson,,,,,,,f,,,
2314,77165,Ron,Johnson,,,,,,,f,,,
2316,77166,Steffond,Johnson,,,,,,,f,,,
2317,77134,Steve,Johnson,,,,,,,f,,,
2318,1642848,Tre,Johnson,,,,,,,t,,,
2319,201234,Trey,Johnson,,,,,,,f,,,
2321,77167,Vinnie,Johnson,,,,,,,f,,,
2322,202325,Wesley,Johnson,,,,,,,f,,,
2323,203130,Darius,Johnson-Odom,,,,,,,f,,,
2324,77170,Nate,Johnston,,,,,,,f,,,
2325,77169,Neil,Johnston,,,,,,,f,,,
2326,77171,Jim,Johnstone,,,,,,,f,,,
2328,77172,Howie,Jolliff,,,,,,,f,,,
2329,2264,Alvin,Jones,,,,,,,f,,,
2330,77173,Anthony,Jones,,,,,,,f,,,
2331,77174,Askia,Jones,,,,,,,f,,,
2332,77180,Bill,Jones,,,,,,,f,,,
2333,77193,Bobby,Jones,,,,,,,f,,,
2334,200784,Bobby,Jones,,,,,,,f,,,
2335,77175,Caldwell,Jones,,,,,,,f,,,
2337,279,Charles,Jones,,,,,,,f,,,
2338,77178,Charles,Jones,,,,,,,f,,,
2339,1869,Charles,R. Jones,,,,,,,f,,,
2341,1642938,Curtis,Jones,,,,,,,t,,,
2342,2563,Dahntay,Jones,,,,,,,f,,,
2344,1800,Damon,Jones,,,,,,,f,,,
2345,203199,DeQuan,Jones,,,,,,,f,,,
2346,1641794,Dillon,Jones,,,,,,,t,,,
2347,202346,Dominique,Jones,,,,,,,f,,,
2348,963,Dontae',Jones,,,,,,,f,,,
2349,101204,Dwayne,Jones,,,,,,,f,,,
2350,77182,Dwight,Jones,,,,,,,f,,,
2351,77183,Earl,Jones,,,,,,,f,,,
2352,224,Eddie,Jones,,,,,,,f,,,
2353,77184,Edgar,Jones,,,,,,,f,,,
2354,2410,Fred,Jones,,,,,,,f,,,
2356,1642403,Isaac,Jones,,,,,,,t,,,
2357,77185,Jake,Jones,,,,,,,f,,,
2358,1627883,Jalen,Jones,,,,,,,f,,,
2359,2592,James,Jones,,,,,,,f,,,
2361,77186,Jimmy,Jones,,,,,,,f,,,
2362,77187,Johnny,Jones,,,,,,,f,,,
2363,1908,Jumaine,Jones,,,,,,,f,,,
2364,77188,K.C.,Jones,,,,,,,f,,,
2366,1642880,Kam,Jones,,,,,,,t,,,
2367,203158,Kevin,Jones,,,,,,,f,,,
2288,201949,James,Johnson,1987-02-20,USA,201,109,3,16,f,2009,1,16
2287,1630552,Jalen,Johnson,2001-12-18,USA,203,99,3,1,t,2021,1,20
2315,1626169,Stanley,Johnson,1996-05-29,USA,198,110,2,,f,2015,1,8
2369,77189,Major,Jones,,,,,,,f,,,
2370,2891,Mark,Jones,,,,,,,f,,,
2371,90000,Mark,Jones,,,,,,,f,,,
2373,77195,Nick,Jones,,,,,,,f,,,
2374,77191,Ozell,Jones,,,,,,,f,,,
2375,461,Popeye,Jones,,,,,,,f,,,
2376,77192,Rich,Jones,,,,,,,f,,,
2377,77194,Robin,Jones,,,,,,,f,,,
2378,77196,Sam,Jones,,,,,,,f,,,
2379,2652,Shelton,Jones,,,,,,,f,,,
2380,200780,Solomon,Jones,,,,,,,f,,,
2381,1642461,Spencer,Jones,,,,,,,t,,,
2382,77197,Steve,Jones,,,,,,,f,,,
2383,203093,Terrence,Jones,,,,,,,f,,,
2386,77198,Wali,Jones,,,,,,,f,,,
2387,77199,Wallace,Jones,,,,,,,f,,,
2388,77201,Wil,Jones,,,,,,,f,,,
2389,77202,Willie,Jones,,,,,,,f,,,
2390,77203,Willie,Jones,,,,,,,f,,,
2391,1642357,David,Jones Garcia,,,,,,,t,,,
2392,203103,Perry,Jones III,,,,,,,f,,,
2394,1817,Adonis,Jordan,,,,,,,f,,,
2396,77205,Eddie,Jordan,,,,,,,f,,,
2397,202366,Jerome,Jordan,,,,,,,f,,,
2398,893,Michael,Jordan,,,,,,,f,,,
2399,674,Reggie,Jordan,,,,,,,f,,,
2400,77208,Thomas,Jordan,,,,,,,f,,,
2401,77209,Walter,Jordan,,,,,,,f,,,
2402,77210,Phil,Jordon,,,,,,,f,,,
2403,77211,Johnny,Jorgensen,,,,,,,f,,,
2404,77212,Noble,Jorgensen,,,,,,,f,,,
2405,77213,Roger,Jorgensen,,,,,,,f,,,
2407,2123,Garth,Joseph,,,,,,,f,,,
2408,203126,Kris,Joseph,,,,,,,f,,,
2409,77214,Yvon,Joseph,,,,,,,f,,,
2411,77215,Jeff,Judkins,,,,,,,f,,,
2414,77217,Edwin,Kachan,,,,,,,f,,,
2415,77218,George,Kaftan,,,,,,,f,,,
2416,77219,Ed,Kalafat,,,,,,,f,,,
2418,1641750,Ryan,Kalkbrenner,,,,,,,t,,,
2419,2549,Chris,Kaman,,,,,,,f,,,
2421,77221,Ralph,Kaplowitz,,,,,,,f,,,
2422,2574,Jason,Kapono,,,,,,,f,,,
2423,77222,Tony,Kappen,,,,,,,f,,,
2424,203508,Sergey,Karasev,,,,,,,f,,,
2425,201207,Coby,Karl,,,,,,,f,,,
2426,77223,George,Karl,,,,,,,f,,,
2427,77225,Ed,Kasid,,,,,,,f,,,
2428,2435,Mario,Kasun,,,,,,,f,,,
2429,77226,Leo,Katkaveck,,,,,,,f,,,
2430,77227,Bob,Kauffman,,,,,,,f,,,
2431,201619,Sasha,Kaun,,,,,,,f,,,
2432,77228,Wilbert,Kautz,,,,,,,f,,,
2433,1642530,Yuki,Kawamura,,,,,,,t,,,
2434,77229,Clarence,Kea,,,,,,,f,,,
2435,77230,Michael,Kearns,,,,,,,f,,,
2436,77231,Tommy,Kearns,,,,,,,f,,,
2437,228,Adam,Keefe,,,,,,,f,,,
2438,77233,Harold,Keeling,,,,,,,f,,,
2440,77234,Ken,Keller,,,,,,,f,,,
2441,1630283,Kylor,Kelley,,,,,,,f,,,
2442,77235,Rich,Kelley,,,,,,,f,,,
2249,1628993,Alize,Johnson,1996-04-22,USA,203,96,3,,f,2018,2,50
2292,1629640,Keldon,Johnson,1999-10-11,USA,198,100,2,3,t,2019,1,29
2256,1629168,BJ,Johnson,1995-12-21,USA,198,91,3,,f,,,
2271,1630525,David,Johnson,2001-02-26,USA,193,92,2,13,f,2021,2,47
2295,1630553,Keon,Johnson,2002-03-10,USA,196,84,2,45,f,2021,1,21
2417,1630686,Georgios,Kalaitzakis,1999-01-02,Greece,201,87,3,,f,2021,2,60
2340,1641732,Colby,Jones,2002-05-28,USA,198,94,2,,f,2023,2,34
2298,1641749,Keyontae,Johnson,2000-05-24,USA,193,104,3,18,f,2023,2,50
2443,77236,Clark,Kellogg,,,,,,,f,,,
2444,77237,Gerard,Kelly,,,,,,,f,,,
2445,1642939,Miles,Kelly,,,,,,,f,,,
2446,203527,Ryan,Kelly,,,,,,,f,,,
2447,77238,Tom,Kelly,,,,,,,f,,,
2448,77239,Greg,Kelser,,,,,,,f,,,
2449,77240,Ben,Kelso,,,,,,,f,,,
2450,431,Shawn,Kemp,,,,,,,f,,,
2451,1118,Tim,Kempton,,,,,,,f,,,
2452,77242,Frank,Kendrick,,,,,,,f,,,
2454,202810,D.J.,Kennedy,,,,,,,f,,,
2455,77243,Eugene,Kennedy,,,,,,,f,,,
2456,77244,Joe,Kennedy,,,,,,,f,,,
2457,77245,William,Kennedy,,,,,,,f,,,
2458,77246,Larry,Kenon,,,,,,,f,,,
2459,1643257,Jayson,Kent,,,,,,,t,,,
2460,77247,Bill,Kenville,,,,,,,f,,,
2461,1801,Jonathan,Kerner,,,,,,,f,,,
2462,77248,Johnny,Kerr,,,,,,,f,,,
2463,70,Steve,Kerr,,,,,,,f,,,
2464,77249,Jack,Kerris,,,,,,,f,,,
2465,760,Jerome,Kersey,,,,,,,f,,,
2466,77251,Alec,Kessler,,,,,,,f,,,
2468,1930,Lari,Ketner,,,,,,,f,,,
2470,705,Randolph,Keys,,,,,,,f,,,
2471,2751,Viktor,Khryapa,,,,,,,f,,,
2472,467,Jason,Kidd,,,,,,,f,,,
2474,77254,Warren,Kidd,,,,,,,f,,,
2476,77255,Irv,Kiffin,,,,,,,f,,,
2477,77256,Jack,Kiley,,,,,,,f,,,
2478,77257,Ernie,Killum,,,,,,,f,,,
2479,77258,Carl,Kilpatrick,,,,,,,f,,,
2480,203930,Sean,Kilpatrick,,,,,,,f,,,
2481,77259,Toby,Kimball,,,,,,,f,,,
2482,77260,Bo,Kimble,,,,,,,f,,,
2483,77261,Stan,Kimbrough,,,,,,,f,,,
2484,77262,Chad,Kinch,,,,,,,f,,,
2485,77263,Albert,King,,,,,,,f,,,
2486,77264,Bernard,King,,,,,,,f,,,
2406,202709,Cory,Joseph,1991-08-20,Canada,188,91,2,10,f,2011,1,29
2385,1626145,Tyus,Jones,1996-05-10,USA,183,89,2,5,t,2015,1,24
2489,701,Frankie,King,,,,,,,f,,,
2490,77268,George,King,,,,,,,f,,,
2492,1562,Gerard,King,,,,,,,f,,,
2493,77270,Jim,King,,,,,,,f,,,
2494,728,Jimmy,King,,,,,,,f,,,
2496,77272,Maury,King,,,,,,,f,,,
2497,77273,Reggie,King,,,,,,,f,,,
2498,1101,Rich,King,,,,,,,f,,,
2499,351,Stacey,King,,,,,,,f,,,
2500,77276,Tom,King,,,,,,,f,,,
2501,77277,Bob,Kinney,,,,,,,f,,,
2502,200814,Tarence,Kinsey,,,,,,,f,,,
2503,1905,Andrei,Kirilenko,,,,,,,f,,,
2504,203945,Alex,Kirk,,,,,,,f,,,
2505,77278,Walt,Kirk,,,,,,,f,,,
2507,77279,Doug,Kistler,,,,,,,f,,,
2508,77280,Curtis,Kitchen,,,,,,,f,,,
2509,1123,Greg,Kite,,,,,,,f,,,
2510,954,Kerry,Kittles,,,,,,,f,,,
2512,170,Joe,Kleine,,,,,,,f,,,
2513,101132,Linas,Kleiza,,,,,,,f,,,
2514,77283,Leo,Klier,,,,,,,f,,,
2515,1641752,Bobi,Klintman,,,,,,,f,,,
2516,77284,Herm,Klotz,,,,,,,f,,,
2517,77285,Duane,Klueh,,,,,,,f,,,
2518,1642261,Dalton,Knecht,,,,,,,t,,,
2519,77290,Billy,Knight,,,,,,,f,,,
2520,77287,Bob,Knight,,,,,,,f,,,
2521,2688,Brandin,Knight,,,,,,,f,,,
2523,1510,Brevin,Knight,,,,,,,f,,,
2525,1861,Negele,Knight,,,,,,,f,,,
2526,77288,Ron,Knight,,,,,,,f,,,
2527,77289,Toby,Knight,,,,,,,f,,,
2528,969,Travis,Knight,,,,,,,f,,,
2529,77291,Lee,Knorek,,,,,,,f,,,
2530,77292,Dick,Knostman,,,,,,,f,,,
2531,77293,Rod,Knowles,,,,,,,f,,,
2533,1642851,Kon,Knueppel,,,,,,,t,,,
2534,77294,Bart,Kofoed,,,,,,,f,,,
2535,77295,Don,Kojis,,,,,,,f,,,
2536,1642278,Tyler,Kolek,,,,,,,t,,,
2538,77296,Milo,Komenich,,,,,,,f,,,
2539,77297,Howard,Komives,,,,,,,f,,,
2540,402,Jon,Koncak,,,,,,,f,,,
2542,77299,Bud,Koper,,,,,,,f,,,
2543,77300,Joe,Kopicki,,,,,,,f,,,
2545,77301,Frank,Kornet,,,,,,,f,,,
2547,101117,Yaroslav,Korolev,,,,,,,f,,,
2549,77302,Len,Kosmalski,,,,,,,f,,,
2550,77303,Andy,Kostecka,,,,,,,f,,,
2551,77304,Harold,Kottman,,,,,,,f,,,
2552,201585,Kosta,Koufos,,,,,,,f,,,
2553,77305,Tom,Kozelko,,,,,,,f,,,
2554,77306,Arvid,Kramer,,,,,,,f,,,
2555,77307,Barry,Kramer,,,,,,,f,,,
2556,77308,Joel,Kramer,,,,,,,f,,,
2557,77309,Dan,Kraus,,,,,,,f,,,
2558,77310,Herb,Krautblatt,,,,,,,f,,,
2559,203139,Viacheslav,Kravtsov,,,,,,,f,,,
2560,77311,Jim,Krebs,,,,,,,f,,,
2562,77312,Wayne,Kreklow,,,,,,,f,,,
2563,77313,Tom,Kron,,,,,,,f,,,
2564,77314,Tom,Kropp,,,,,,,f,,,
2565,2420,Nenad,Krstic,,,,,,,f,,,
2566,1474,Larry,Krystkowiak,,,,,,,f,,,
2567,77316,Steve,Kuberski,,,,,,,f,,,
2568,77317,Leo,Kubiak,,,,,,,f,,,
2569,77318,Bruce,Kuczenski,,,,,,,f,,,
2570,77319,Frank,Kudelka,,,,,,,f,,,
2571,77320,John,Kuester,,,,,,,f,,,
2572,77322,Ray,Kuka,,,,,,,f,,,
2573,389,Toni,Kukoc,,,,,,,f,,,
2576,77323,Kevin,Kunnert,,,,,,,f,,,
2577,77324,Mitch,Kupchak,,,,,,,f,,,
2578,77325,Charles,Kupec,,,,,,,f,,,
2580,201633,Rob,Kurz,,,,,,,f,,,
2581,2825,Ibrahim,Kutluay,,,,,,,f,,,
2583,203136,Ognjen,Kuzmic,,,,,,,f,,,
2584,1627851,Mindaugas,Kuzminskas,,,,,,,f,,,
2585,77327,Fred,LaCour,,,,,,,f,,,
2453,1628379,Luke,Kennard,1996-06-24,USA,196,93,2,10,t,2017,1,12
2491,1628994,George,King,1994-01-15,USA,198,100,2,,f,2018,2,59
2473,1629742,Stanton,Kidd,1992-03-18,USA,198,98,3,,f,,,
2372,1630222,Mason,Jones,1998-07-21,USA,193,91,2,15,f,,,
2412,1630548,Johnny,Juzang,2001-03-17,USA,201,103,2,,f,,,
2410,1631107,Nikola,Jović,2003-06-09,Serbia,208,93,3,5,t,2022,1,27
2439,1631211,Trevor,Keels,2003-08-26,USA,190,98,2,3,t,2022,2,42
2586,1711,Raef,LaFrentz,,,,,,,f,,,
2587,77328,Tom,LaGarde,,,,,,,f,,,
2589,1601,Rusty,LaRue,,,,,,,f,,,
2590,77340,Rudy,LaRusso,,,,,,,f,,,
2593,77326,Sam,Lacey,,,,,,,f,,,
2594,363,Christian,Laettner,,,,,,,f,,,
2595,201802,Oliver,Lafayette,,,,,,,f,,,
2596,100263,Bill,Laimbeer,,,,,,,f,,,
2597,77329,Pete,Lalich,,,,,,,f,,,
2598,77330,Bo,Lamar,,,,,,,f,,,
2600,203117,Doron,Lamb,,,,,,,f,,,
2602,77331,John,Lambert,,,,,,,f,,,
2603,77332,Jeff,Lamp,,,,,,,f,,,
2604,2573,Maciej,Lampe,,,,,,,f,,,
2548,2594,Kyle,Korver,1981-03-17,USA,201,96,2,26,f,2003,2,51
2655,201584,Courtney,Lee,1985-10-03,USA,196,98,2,1,f,2008,1,22
2678,203086,Meyers,Leonard,1992-02-27,USA,213,118,4,3,f,2012,1,11
2601,203087,Jeremy,Lamb,1992-05-30,USA,196,82,2,26,f,2012,1,12
2608,201171,Carl,Landry,,,,,,,f,,,
2609,202068,Marcus,Landry,,,,,,,f,,,
2610,77334,Mark,Landsberger,,,,,,,f,,,
2611,77335,Jerome,Lane,,,,,,,f,,,
2612,457,Andrew,Lang,,,,,,,f,,,
2613,226,Antonio,Lang,,,,,,,f,,,
2614,2591,James,Lang,,,,,,,f,,,
2615,1892,Trajan,Langdon,,,,,,,f,,,
2616,101247,Keith,Langford,,,,,,,f,,,
2618,2061,Dan,Langhi,,,,,,,f,,,
2619,600005,Bob,Lanier,,,,,,,f,,,
2620,1642404,Chaz,Lanier,,,,,,,t,,,
2621,77338,Stu,Lantz,,,,,,,f,,,
2622,1627879,Nicolas,Laprovittola,,,,,,,f,,,
2623,77339,York,Larese,,,,,,,f,,,
2624,203499,Shane,Larkin,,,,,,,f,,,
2625,1641796,Pelle,Larsson,,,,,,,t,,,
2626,77341,John,Laskowski,,,,,,,f,,,
2627,201186,Stephane,Lasme,,,,,,,f,,,
2628,77342,Dave,Lattin,,,,,,,f,,,
2629,968,Priest,Lauderdale,,,,,,,f,,,
2630,77344,Rich,Laurel,,,,,,,f,,,
2631,77345,Walt,Lautenbach,,,,,,,f,,,
2632,203530,Joffrey,Lauvergne,,,,,,,f,,,
2633,77346,Tony,Lavelli,,,,,,,f,,,
2634,77347,Bob,Lavoy,,,,,,,f,,,
2635,201151,Acie,Law,,,,,,,f,,,
2637,202371,Gani,Lawal,,,,,,,f,,,
2638,77348,Ed,Lawrence,,,,,,,f,,,
2640,1535,Jason,Lawson,,,,,,,f,,,
2641,201951,Ty,Lawson,,,,,,,f,,,
2643,77350,Dennis,Layton,,,,,,,f,,,
2646,77351,Emanuel,Leaks,,,,,,,f,,,
2647,77352,Hal,Lear,,,,,,,f,,,
2648,77353,Allen,Leavell,,,,,,,f,,,
2649,77354,Jeff,Lebo,,,,,,,f,,,
2650,287,Eric,Leckner,,,,,,,f,,,
2652,203495,Ricky,Ledo,,,,,,,f,,,
2653,77356,Butch,Lee,,,,,,,f,,,
2654,77357,Clyde,Lee,,,,,,,f,,,
2657,101135,David,Lee,,,,,,,f,,,
2658,77358,Doug,Lee,,,,,,,f,,,
2659,77359,George,Lee,,,,,,,f,,,
2660,77360,Greg,Lee,,,,,,,f,,,
2661,77361,Keith,Lee,,,,,,,f,,,
2662,77362,Kurk,Lee,,,,,,,f,,,
2663,202723,Malcolm,Lee,,,,,,,f,,,
2664,77363,Rock,Lee,,,,,,,f,,,
2665,77364,Ron,Lee,,,,,,,f,,,
2666,77365,Russell,Lee,,,,,,,f,,,
2668,77366,Ed,Leede,,,,,,,f,,,
2669,77367,Hank,Lefkowitz,,,,,,,f,,,
2670,100,Tim,Legler,,,,,,,f,,,
2671,77369,George,Lehmann,,,,,,,f,,,
2672,1627215,Walt,Lemon Jr.,,,,,,,f,,,
2674,702,Voshon,Lenard,,,,,,,f,,,
2675,77371,Bob,Leonard,,,,,,,f,,,
2676,77370,Gary,Leonard,,,,,,,f,,,
2679,1642502,Malevy,Leons,,,,,,,t,,,
2680,77372,Jim,Les,,,,,,,f,,,
2681,202727,Travis,Leslie,,,,,,,f,,,
2682,77373,Ronnie,Lester,,,,,,,f,,,
2683,77374,Clifford,Lett,,,,,,,f,,,
2684,202720,Jon,Leuer,,,,,,,f,,,
2685,77375,Andrew,Levane,,,,,,,f,,,
2686,77376,Lafayette,Lever,,,,,,,f,,,
2687,77377,Cliff,Levingston,,,,,,,f,,,
2688,77385,Bobby,Lewis,,,,,,,f,,,
2689,736,Cedric,Lewis,,,,,,,f,,,
2690,77379,Fred,Lewis,,,,,,,f,,,
2691,77380,Freddie,Lewis,,,,,,,f,,,
2692,77381,Grady,Lewis,,,,,,,f,,,
2694,729,Martin,Lewis,,,,,,,f,,,
2696,1900,Quincy,Lewis,,,,,,,f,,,
2697,77383,Ralph,Lewis,,,,,,,f,,,
2698,1740,Rashard,Lewis,,,,,,,f,,,
2699,77384,Reggie,Lewis,,,,,,,f,,,
2702,77386,Marcus,Liberty,,,,,,,f,,,
2703,77387,Todd,Lichti,,,,,,,f,,,
2705,202732,DeAndre,Liggins,,,,,,,f,,,
2706,77388,Bill,Ligon,,,,,,,f,,,
2708,202391,Jeremy,Lin,,,,,,,f,,,
2709,77389,Steve,Lingenfelter,,,,,,,f,,,
2710,175,Alton,Lister,,,,,,,f,,,
2715,988,Randy,Livingston,,,,,,,f,,,
2716,2733,Shaun,Livingston,,,,,,,f,,,
2717,77392,Ron,Livingstone,,,,,,,f,,,
2718,1024,Horacio,Llamas,,,,,,,f,,,
2719,77394,Earl,Lloyd,,,,,,,f,,,
2720,77395,Lewis,Lloyd,,,,,,,f,,,
2721,77396,Scott,Lloyd,,,,,,,f,,,
2722,77397,Bob,Lochmueller,,,,,,,f,,,
2723,77398,Robert,Lock,,,,,,,f,,,
2636,1629724,Vic,Law,1995-12-19,USA,201,91,3,23,f,,,
2591,203897,Zach,LaVine,1995-03-10,USA,196,91,2,8,t,2014,1,13
2642,1627774,Jake,Layman,1994-03-07,USA,203,95,3,10,f,2016,2,47
2511,1628467,Maxi,Kleber,1992-01-29,Germany,208,109,3,14,t,,,
2656,1627814,Damion,Lee,1992-10-21,USA,198,95,2,10,f,,,
2582,1628398,Kyle,Kuzma,1995-07-24,USA,203,100,3,18,t,2017,1,27
2645,1628388,T.J.,Leaf,1997-04-30,USA,208,101,3,18,f,2017,1,18
2579,1629066,Rodions,Kurucs,1998-02-05,Latvia,206,103,3,,f,2018,2,40
2599,1630237,Anthony,Lamb,1998-01-20,USA,198,103,3,40,f,,,
2506,1630557,Corey,Kispert,1999-03-03,USA,198,102,3,24,t,2021,1,15
2524,1630233,Nathan,Knight,1997-09-20,USA,203,115,4,13,f,,,
2537,1631132,Christian,Koloko,2000-06-20,Cameroon,211,102,5,10,t,2022,2,33
2588,1631222,Jake,LaRavia,2001-11-03,USA,201,107,3,12,t,2022,1,19
2756,200768,Kyle,Lowry,1986-03-25,USA,183,89,2,7,t,2006,1,24
2739,201572,Brook,Lopez,1988-04-01,USA,216,128,5,11,t,2008,1,10
2833,1630185,Nico,Mannion,2001-03-14,Italy,188,86,2,2,f,2020,2,48
2726,77401,Kevin,Loder,,,,,,,f,,,
2727,77402,Don,Lofgran,,,,,,,f,,,
2728,1629155,Zach,Lofton,,,,,,,f,,,
2730,77403,Johnny,Logan,,,,,,,f,,,
2731,38,Brad,Lohaus,,,,,,,f,,,
2732,1609,Art,Long,,,,,,,f,,,
2733,3,Grant,Long,,,,,,,f,,,
2734,1381,John,Long,,,,,,,f,,,
2735,77406,Paul,Long,,,,,,,f,,,
2736,1627848,Shawn,Long,,,,,,,f,,,
2737,26,Luc,Longley,,,,,,,f,,,
2740,1732,Felipe,Lopez,,,,,,,f,,,
2741,2221,Raul,Lopez,,,,,,,f,,,
2743,943,Ryan,Lorthridge,,,,,,,f,,,
2744,77409,Jim,Loscutoff,,,,,,,f,,,
2745,77410,Plummer,Lott,,,,,,,f,,,
2746,77411,Kevin,Loughery,,,,,,,f,,,
2748,77412,Bob,Love,,,,,,,f,,,
2749,1631126,Caleb,Love,,,,,,,t,,,
2751,77413,Stan,Love,,,,,,,f,,,
2752,77414,Clyde,Lovellette,,,,,,,f,,,
2753,1643133,Lawson,Lovering,,,,,,,f,,,
2754,77415,Sidney,Lowe,,,,,,,f,,,
2755,77416,Chuck,Lowery,,,,,,,f,,,
2757,1628070,Jordan,Loyd,,,,,,,f,,,
2758,77417,Al,Lucas,,,,,,,f,,,
2759,77418,Jerry,Lucas,,,,,,,f,,,
2760,77419,John,Lucas,,,,,,,f,,,
2761,203564,Kalin,Lucas,,,,,,,f,,,
2762,77420,Maurice,Lucas,,,,,,,f,,,
2763,101249,John,Lucas III,,,,,,,f,,,
2764,77421,Ted,Luckenbill,,,,,,,f,,,
2765,1731,Tyronn,Lue,,,,,,,f,,,
2766,77422,Jim,Luisi,,,,,,,f,,,
2767,77423,Al,Lujack,,,,,,,f,,,
2768,77424,Phil,Lumpkin,,,,,,,f,,,
2769,77425,Ray,Lumpp,,,,,,,f,,,
2773,1628399,Tyler,Lydon,,,,,,,f,,,
2775,248,George,Lynch,,,,,,,f,,,
2776,77426,Kevin,Lynch,,,,,,,f,,,
2777,77427,Mike,Lynn,,,,,,,f,,,
2779,1928,Todd,MacCulloch,,,,,,,f,,,
2780,77430,Ronnie,MacGilvray,,,,,,,f,,,
2781,931,Don,MacLean,,,,,,,f,,,
2782,77428,Mike,Macaluso,,,,,,,f,,,
2783,77429,Ed,Macauley,,,,,,,f,,,
2784,203159,Scott,Machado,,,,,,,f,,,
2785,101178,Arvydas,Macijauskas,,,,,,,f,,,
2786,77432,Ollie,Mack,,,,,,,f,,,
2787,694,Sam,Mack,,,,,,,f,,,
2788,202714,Shelvin,Mack,,,,,,,f,,,
2789,1635,Malcolm,Mackey,,,,,,,f,,,
2790,77435,Rudy,Macklin,,,,,,,f,,,
2791,202731,Vernon,Macklin,,,,,,,f,,,
2792,77436,Johnny,Macknowski,,,,,,,f,,,
2794,1855,Mark,Macon,,,,,,,f,,,
2796,77438,Kyle,Macy,,,,,,,f,,,
2797,77439,Jack,Maddox,,,,,,,f,,,
2798,2432,Tito,Maddox,,,,,,,f,,,
2799,1666,Gerald,Madkins,,,,,,,f,,,
2800,2058,Mark,Madsen,,,,,,,f,,,
2801,77441,Norm,Mager,,,,,,,f,,,
2803,1894,Corey,Maggette,,,,,,,f,,,
2804,77442,Dave,Magley,,,,,,,f,,,
2805,2048,Jamaal,Magloire,,,,,,,f,,,
2808,77443,John,Mahnken,,,,,,,f,,,
2809,77444,Francis,Mahoney,,,,,,,f,,,
2810,328,Rick,Mahorn,,,,,,,f,,,
2811,105,Dan,Majerle,,,,,,,f,,,
2812,200970,Renaldo,Major,,,,,,,f,,,
2814,77447,Lionel,Malamed,,,,,,,f,,,
2816,117,Jeff,Malone,,,,,,,f,,,
2817,252,Karl,Malone,,,,,,,f,,,
2818,77449,Moses,Malone,,,,,,,f,,,
2819,1074,Matt,Maloney,,,,,,,f,,,
2820,77450,Steve,Malovic,,,,,,,f,,,
2821,1642863,Khaman,Maluach,,,,,,,t,,,
2823,77451,Ted,Manakas,,,,,,,f,,,
2824,77452,John,Mandic,,,,,,,f,,,
2826,77453,Frank,Mangiapane,,,,,,,f,,,
2827,986,Marcus,Mann,,,,,,,f,,,
2830,330,Danny,Manning,,,,,,,f,,,
2831,77454,Ed,Manning,,,,,,,f,,,
2832,316,Richard,Manning,,,,,,,f,,,
2834,77456,Pace,Mannion,,,,,,,f,,,
2835,77457,Nick,Mantis,,,,,,,f,,,
2836,77459,Pete,Maravich,,,,,,,f,,,
2837,77458,Peter,Maravich,,,,,,,f,,,
2838,203906,Devyn,Marble,,,,,,,f,,,
2839,77460,Roy,Marble,,,,,,,f,,,
2840,950,Stephon,Marbury,,,,,,,f,,,
2841,36,Sarunas,Marciulionis,,,,,,,f,,,
2673,203458,Alex,Len,1993-06-16,Ukraine,213,113,5,27,f,2013,1,5
2742,201577,Robin,Lopez,1988-04-01,USA,216,127,5,,f,2008,1,15
2802,203705,Josh,Magette,1989-11-28,USA,185,73,2,,f,2012,,
2843,77463,Jack,Marin,,,,,,,f,,,
2844,1890,Shawn,Marion,,,,,,,f,,,
2847,200806,Damir,Markota,,,,,,,f,,,
2848,1752,Sean,Marks,,,,,,,f,,,
2849,77464,Harvey,Marlatt,,,,,,,f,,,
2651,1629665,Jalen,Lecque,2000-06-13,USA,193,84,2,,f,,,
2774,1626168,Trey,Lyles,1995-11-05,Canada,206,106,3,41,f,2015,1,12
2793,1629133,Daryl,Macon,1995-11-29,USA,188,84,2,,f,2018,,
2711,1629642,Nassir,Little,2000-02-11,USA,198,100,2,25,f,2019,1,25
2607,1629111,Jock,Landale,1995-10-25,Australia,211,116,5,31,t,,,
2828,1629611,Terance,Mann,1996-10-18,USA,198,98,2,14,t,2019,2,48
2795,1629122,J.P.,Macura,1995-06-05,USA,193,92,2,,f,2018,,
2747,1629712,Didi,Louzada,1999-07-02,Brazil,196,85,2,35,f,2019,2,35
2825,1630211,Karim,Mane,2000-05-16,Senegal,190,86,2,,f,,,
2701,1630184,Kira,Lewis Jr.,2001-04-06,USA,185,77,2,13,f,2020,1,13
2829,1630544,Tre,Mann,2001-02-03,USA,193,81,2,23,t,2021,1,18
2700,1630575,Scottie,Lewis,2000-03-12,USA,196,84,2,16,f,2021,2,56
2713,1630587,Isaiah,Livers,1998-07-28,USA,198,105,3,18,t,2021,2,42
2729,1631254,Kenneth,Lofton Jr.,2002-08-14,USA,198,125,3,35,f,,,
2639,1630639,A.J.,Lawson,2000-07-15,Canada,198,81,2,0,t,,,
2771,1641754,Seth,Lundy,2000-04-02,USA,193,100,2,5,f,2023,2,46
2693,1631171,Justin,Lewis,,,,,3,,f,,,
2850,77465,Eric,Marsh,,,,,,,f,,,
2851,77466,Jim,Marsh,,,,,,,f,,,
2852,681,Donny,Marshall,,,,,,,f,,,
2853,923,Donyell,Marshall,,,,,,,f,,,
2854,203088,Kendall,Marshall,,,,,,,f,,,
2856,101185,Rawle,Marshall,,,,,,,f,,,
2857,77467,Tom,Marshall,,,,,,,f,,,
2858,77468,Vester,Marshall,,,,,,,f,,,
2859,1642918,Alijah,Martin,,,,,,,t,,,
2860,77481,Bill,Martin,,,,,,,f,,,
2861,77478,Bob,Martin,,,,,,,f,,,
2862,77469,Brian,Martin,,,,,,,f,,,
2864,201858,Cartier,Martin,,,,,,,f,,,
2866,733,Cuonzo,Martin,,,,,,,f,,,
2867,239,Darrick,Martin,,,,,,,f,,,
2868,77473,Don,Martin,,,,,,,f,,,
2869,77471,Donald,Martin,,,,,,,f,,,
2870,77472,Fernando,Martin,,,,,,,f,,,
2871,1626185,Jarell,Martin,,,,,,,f,,,
2873,77474,Jeff,Martin,,,,,,,f,,,
2877,2030,Kenyon,Martin,,,,,,,f,,,
2878,2755,Kevin,Martin,,,,,,,f,,,
2879,77475,Larue,Martin,,,,,,,f,,,
2880,77476,Mo,Martin,,,,,,,f,,,
2881,77477,Phil,Martin,,,,,,,f,,,
2882,77479,Ronald,Martin,,,,,,,f,,,
2883,77480,Slater,Martin,,,,,,,f,,,
2885,1642942,Jahmai,Mashack,,,,,,,t,,,
2886,469,Jamal,Mashburn,,,,,,,f,,,
2887,77482,Al,Masino,,,,,,,f,,,
2888,193,Anthony,Mason,,,,,,,f,,,
2889,2046,Desmond,Mason,,,,,,,f,,,
2891,2427,Roger,Mason Jr.,,,,,,,f,,,
2892,763,Tony,Massenburg,,,,,,,f,,,
2893,77483,Eddie,Mast,,,,,,,f,,,
2894,1628999,Yante,Maten,,,,,,,f,,,
2896,1628493,Mangok,Mathiang,,,,,,,f,,,
2899,1631255,Karlo,Matković,,,,,,,t,,,
2900,77484,Wes,Matthews,,,,,,,f,,,
2902,77485,Ariel,Maughan,,,,,,,f,,,
2903,77486,Marlon,Maxey,,,,,,,f,,,
2905,101131,Jason,Maxiell,,,,,,,f,,,
2906,77487,Cedric,Maxwell,,,,,,,f,,,
2907,137,Vernon,Maxwell,,,,,,,f,,,
2908,77489,Don,May,,,,,,,f,,,
2909,77490,Scott,May,,,,,,,f,,,
2910,101118,Sean,May,,,,,,,f,,,
2911,195,Lee,Mayberry,,,,,,,f,,,
2912,77492,Clyde,Mayes,,,,,,,f,,,
2913,77493,Tharon,Mayes,,,,,,,f,,,
2914,77495,Bill,Mayfield,,,,,,,f,,,
2915,77494,Ken,Mayfield,,,,,,,f,,,
2916,201953,Eric,Maynor,,,,,,,f,,,
2917,201564,O.J.,Mayo,,,,,,,f,,,
2919,77496,Travis,Mays,,,,,,,f,,,
2920,77497,Matt,Mazza,,,,,,,f,,,
2921,1643024,Chris,Mañon,,,,,,,t,,,
2923,1643016,Bez,Mbeng,,,,,,,t,,,
2924,2788,DJ,Mbenga,,,,,,,f,,,
2925,77498,Bob,McAdoo,,,,,,,f,,,
2926,203949,James,Michael McAdoo,,,,,,,f,,,
2927,77499,Ken,McBride,,,,,,,f,,,
2929,1642272,Jared,McCain,,,,,,,t,,,
2930,1628769,Tahjere,McCall,,,,,,,f,,,
2931,203492,Ray,McCallum,,,,,,,f,,,
2932,737,Bob,McCann,,,,,,,f,,,
2933,77500,Brendan,McCann,,,,,,,f,,,
2934,77502,Mel,McCants,,,,,,,f,,,
2935,101119,Rashad,McCants,,,,,,,f,,,
2936,77503,Mike,McCarron,,,,,,,f,,,
2937,77504,Andre,McCarter,,,,,,,f,,,
2938,77505,Willie,McCarter,,,,,,,f,,,
2939,77506,Johnny,McCarthy,,,,,,,f,,,
2940,77507,Howie,McCarty,,,,,,,f,,,
2941,1820,Kelly,McCarty,,,,,,,f,,,
2942,962,Walter,McCarty,,,,,,,f,,,
2943,1043,Amal,McCaskill,,,,,,,f,,,
2945,77509,Dwayne,McClain,,,,,,,f,,,
2946,77510,"Ted,",Hound Dog McClain,,,,,,,f,,,
2947,2082,Dan,McClintock,,,,,,,f,,,
2948,77512,Jack,McCloskey,,,,,,,f,,,
2949,45,George,McCloud,,,,,,,f,,,
2952,77513,John,McConathy,,,,,,,f,,,
2953,77514,Paul,McConnell,,,,,,,f,,,
2955,77515,Keith,McCord,,,,,,,f,,,
2956,77516,Tim,McCormick,,,,,,,f,,,
2957,1741,Jelani,McCoy,,,,,,,f,,,
2958,77517,Paul,McCracken,,,,,,,f,,,
2959,200840,Chris,McCray,,,,,,,f,,,
2960,1622,Rodney,McCray,,,,,,,f,,,
2922,201601,Luc,Mbah a Moute,1986-09-09,Cameroon,203,104,3,12,f,2008,2,37
2865,1628998,Cody,Martin,1995-09-28,USA,198,93,3,,f,2019,2,36
2951,203468,CJ,McCollum,1991-09-19,USA,190,86,2,3,t,2013,1,10
2954,204456,T.J.,McConnell,1992-03-25,USA,185,86,2,9,t,2015,,
2962,1628571,Erik,McCree,,,,,,,f,,,
2963,1641755,Kevin,McCullar Jr.,,,,,,,t,,,
2964,1626191,Chris,McCullough,,,,,,,f,,,
2965,77520,John,McCullough,,,,,,,f,,,
2966,723,Clint,McDaniel,,,,,,,f,,,
2967,1365,Xavier,McDaniel,,,,,,,f,,,
2970,77523,Jim,McDaniels,,,,,,,f,,,
2971,203909,KJ,McDaniels,,,,,,,f,,,
2974,77524,Ben,McDonald,,,,,,,f,,,
2975,77525,Glenn,McDonald,,,,,,,f,,,
2976,1075,Michael,McDonald,,,,,,,f,,,
2977,77527,Hank,McDowell,,,,,,,f,,,
2978,686,Antonio,McDyess,,,,,,,f,,,
2979,77528,Jim,McElroy,,,,,,,f,,,
2980,200829,Ivan,McFarlin,,,,,,,f,,,
2981,77529,Mel,McGaha,,,,,,,f,,,
2982,203956,Mitch,McGary,,,,,,,f,,,
2984,77530,Mike,McGee,,,,,,,f,,,
2985,77531,Bill,McGill,,,,,,,f,,,
2986,77532,George,McGinnis,,,,,,,f,,,
2987,77533,Jon,McGlocklin,,,,,,,f,,,
2890,1628412,Frank,Mason III,1994-04-03,USA,180,86,2,,f,2017,2,34
2875,1630231,KJ,Martin,2001-01-06,USA,198,98,3,99,f,2020,2,52
2863,1628997,Caleb,Martin,1995-09-28,USA,196,93,3,16,t,,,
2895,1629726,Garrison,Mathews,1996-10-24,USA,196,98,2,,f,,,
2897,1629751,Dakota,Mathias,1995-07-11,USA,193,91,2,,f,2018,,
2904,1630178,Tyrese,Maxey,2000-11-04,USA,188,91,2,0,t,2020,1,21
2918,1630219,Skylar,Mays,1997-09-05,USA,190,93,2,4,f,2020,2,50
2950,1630644,Mac,McClung,1999-01-06,USA,188,84,2,5,t,,,
2884,1631213,Tyrese,Martin,1999-03-07,USA,198,98,3,23,t,2022,2,51
2872,1641798,Jaylen,Martin,2004-01-28,USA,198,98,2,4,f,,,
2989,1503,Tracy,McGrady,,,,,,,f,,,
2990,77534,Gil,McGregor,,,,,,,f,,,
2993,77536,Al,McGuire,,,,,,,f,,,
2994,77535,Allie,McGuire,,,,,,,f,,,
2995,77537,Dick,McGuire,,,,,,,f,,,
2996,201187,Dominic,McGuire,,,,,,,f,,,
2997,1450,Kevin,McHale,,,,,,,f,,,
2998,29,Jim,McIlvaine,,,,,,,f,,,
2999,976,Jeff,McInnis,,,,,,,f,,,
3000,77540,Kenny,McIntosh,,,,,,,f,,,
3001,77541,Kevin,McKenna,,,,,,,f,,,
3002,77542,Forrest,McKenzie,,,,,,,f,,,
3003,77543,Stan,McKenzie,,,,,,,f,,,
3004,365,Derrick,McKey,,,,,,,f,,,
3005,243,Aaron,McKie,,,,,,,f,,,
3006,77547,Billy,McKinney,,,,,,,f,,,
3007,77545,Carlton,McKinney,,,,,,,f,,,
3008,77546,Horace,McKinney,,,,,,,f,,,
3009,203590,Trey,McKinney-Jones,,,,,,,f,,,
3014,77548,Mccoy,McLemore,,,,,,,f,,,
3015,77549,George,McLeod,,,,,,,f,,,
3016,2693,Keith,McLeod,,,,,,,f,,,
3017,1728,Roshown,McLeod,,,,,,,f,,,
3018,77551,Jack,McMahon,,,,,,,f,,,
3019,203,Nate,McMillan,,,,,,,f,,,
3020,77553,Tom,McMillen,,,,,,,f,,,
3021,77554,Jim,McMillian,,,,,,,f,,,
3022,77555,Shellie,McMillon,,,,,,,f,,,
3023,77556,Mal,McMullan,,,,,,,f,,,
3024,77557,Chet,McNabb,,,,,,,f,,,
3025,77558,Mark,McNamara,,,,,,,f,,,
3026,77559,Joe,McNamee,,,,,,,f,,,
3027,202077,Jerel,McNeal,,,,,,,f,,,
3028,77560,Chris,McNealy,,,,,,,f,,,
3029,1642862,Liam,McNeeley,,,,,,,t,,,
3030,77562,Bob,McNeill,,,,,,,f,,,
3031,77561,Larry,McNeill,,,,,,,f,,,
3032,77563,Carl,McNulty,,,,,,,f,,,
3033,2101,Paul,McPherson,,,,,,,f,,,
3034,77565,Cozell,McQueen,,,,,,,f,,,
3036,77566,Thales,McReynolds,,,,,,,f,,,
3037,201177,Josh,McRoberts,,,,,,,f,,,
3038,1629098,Jack,McVeigh,,,,,,,f,,,
3039,77567,Eric,McWilliams,,,,,,,f,,,
3040,77568,George,Mearns,,,,,,,f,,,
3041,2098,Slava,Medvedenko,,,,,,,f,,,
3042,1577,Darnell,Mee,,,,,,,f,,,
3043,201975,Jodie,Meeks,,,,,,,f,,,
3044,77570,Cliff,Meely,,,,,,,f,,,
3045,77571,Scott,Meents,,,,,,,f,,,
3046,77572,Dick,Mehen,,,,,,,f,,,
3047,77573,Don,Meineke,,,,,,,f,,,
3048,77574,Carl,Meinhold,,,,,,,f,,,
3049,1626257,Salah,Mejri,,,,,,,f,,,
3050,203539,Gal,Mekel,,,,,,,f,,,
3051,77576,Bill,Melchionni,,,,,,,f,,,
3052,77575,Gary,Melchionni,,,,,,,f,,,
3054,203097,Fab,Melo,,,,,,,f,,,
3056,77577,Ed,Melvin,,,,,,,f,,,
3057,77578,Dean,Meminger,,,,,,,f,,,
3058,77579,Chuck,Mencel,,,,,,,f,,,
3059,77580,John,Mengelt,,,,,,,f,,,
3060,77581,Ken,Menke,,,,,,,f,,,
3062,200822,Pops,Mensah-Bonsu,,,,,,,f,,,
3063,1500,Ron,Mercer,,,,,,,f,,,
3064,77582,Joe,Meriweather,,,,,,,f,,,
3065,77583,Porter,Meriwether,,,,,,,f,,,
3067,77584,Tom,Meschery,,,,,,,f,,,
3069,684,Loren,Meyer,,,,,,,f,,,
3070,77586,Dave,Meyers,,,,,,,f,,,
3071,77587,Stan,Miasek,,,,,,,f,,,
3072,77588,Larry,Micheaux,,,,,,,f,,,
3074,1626175,Jordan,Mickey,,,,,,,f,,,
3076,77589,Zigmund,Mihalik,,,,,,,f,,,
3077,2036,Chris,Mihm,,,,,,,f,,,
2983,201580,JaVale,McGee,1988-01-19,USA,213,122,5,0,f,2008,1,18
3075,203114,Khris,Middleton,1991-08-12,USA,201,101,3,20,t,2012,2,39
2973,1630253,Sean,McDermott,1996-11-03,USA,198,88,3,30,f,,,
3081,77591,Larry,Mikan,,,,,,,f,,,
3082,77593,Vern,Mikkelsen,,,,,,,f,,,
3083,77594,Al,Miksis,,,,,,,f,,,
3084,101223,Aaron,Miles,,,,,,,f,,,
3086,2032,Darius,Miles,,,,,,,f,,,
3087,77596,Eddie,Miles,,,,,,,f,,,
3088,1527,Marko,Milic,,,,,,,f,,,
3089,2545,Darko,Milicic,,,,,,,f,,,
3090,77598,Nat,Militzok,,,,,,,f,,,
3091,1889,Andre,Miller,,,,,,,f,,,
3092,292,Anthony,Miller,,,,,,,f,,,
3093,77605,Bill,Miller,,,,,,,f,,,
3094,77603,Bob,Miller,,,,,,,f,,,
3095,1802,Brad,Miller,,,,,,,f,,,
3098,77602,Dick,Miller,,,,,,,f,,,
3099,77599,Eddie,Miller,,,,,,,f,,,
3100,1641801,Emanuel,Miller,,,,,,,t,,,
3101,77600,Harry,Miller,,,,,,,f,,,
3102,77601,Jay,Miller,,,,,,,f,,,
3106,2034,Mike,Miller,,,,,,,f,,,
3107,932,Oliver,Miller,,,,,,,f,,,
3108,203113,Quincy,Miller,,,,,,,f,,,
3109,397,Reggie,Miller,,,,,,,f,,,
3110,77604,Walt,Miller,,,,,,,f,,,
3111,168,Chris,Mills,,,,,,,f,,,
3112,77606,John,Mills,,,,,,,f,,,
3114,371,Terry,Mills,,,,,,,f,,,
3115,202407,Elijah,Millsap,,,,,,,f,,,
3119,114,Harold,Miner,,,,,,,f,,,
3120,1642434,Riley,Minix,,,,,,,t,,,
3121,77609,Dirk,Minniefield,,,,,,,f,,,
3122,77610,Dave,Minor,,,,,,,f,,,
3123,65,Greg,Minor,,,,,,,f,,,
3124,77612,Mark,Minor,,,,,,,f,,,
3126,202703,Nikola,Mirotic,,,,,,,f,,,
3127,77613,Wat,Misaka,,,,,,,f,,,
3128,1954,Jason,Miskiri,,,,,,,f,,,
3129,1642274,Yves,Missi,,,,,,,t,,,
2992,203585,Rodney,McGruder,1991-07-29,USA,193,93,2,17,f,,,
3073,203995,Vasilije,Micic,1994-01-13,Serbia,190,85,2,18,f,2014,2,52
3078,1628450,Eric,Mika,1995-01-05,USA,208,106,5,,f,2017,,
2969,1629667,Jalen,McDaniels,1998-01-31,USA,206,86,3,,f,2019,2,52
3068,1629002,Chimezie,Metu,1997-03-22,USA,208,102,4,4,f,2018,2,49
2968,1630183,Jaden,McDaniels,2000-09-29,USA,206,84,3,3,t,2020,1,28
3066,1630241,Sam,Merrill,1996-05-15,USA,193,93,2,5,t,2020,2,60
3011,1630605,JaQuori,McLaughlin,1998-01-29,USA,193,86,2,,f,,,
2988,1631121,Bryce,McGowens,2002-11-08,USA,198,86,2,11,t,2022,2,40
3061,1641877,Nathan,Mensah,1998-04-09,Ghana,206,104,5,,f,,,
3130,1642349,Ajay,Mitchell,,,,,,,t,,,
3133,77615,Mike,Mitchell,,,,,,,f,,,
3134,77616,Murray,Mitchell,,,,,,,f,,,
3135,417,Sam,Mitchell,,,,,,,f,,,
3136,77614,Todd,Mitchell,,,,,,,f,,,
3137,203183,Tony,Mitchell,,,,,,,f,,,
3138,203502,Tony,Mitchell,,,,,,,f,,,
3140,77618,Steve,Mix,,,,,,,f,,,
3141,77619,Bill,Mlkvy,,,,,,,f,,,
3142,1749,Cuttino,Mobley,,,,,,,f,,,
3143,211,Eric,Mobley,,,,,,,f,,,
3146,77621,Larry,Moffett,,,,,,,f,,,
3147,1642367,Jonathan,Mogbo,,,,,,,t,,,
3148,77622,Leo,Mogus,,,,,,,f,,,
3149,1737,Nazr,Mohammed,,,,,,,f,,,
3150,2040,Jerome,Moiso,,,,,,,f,,,
3151,77623,Paul,Mokeski,,,,,,,f,,,
3153,77624,Jack,Molinas,,,,,,,f,,,
3154,77625,Wayne,Molis,,,,,,,f,,,
3155,77626,Sidney,Moncrief,,,,,,,f,,,
3157,77627,Eric,Money,,,,,,,f,,,
3158,2752,Sergei,Monia,,,,,,,f,,,
3160,600006,Earl,Monroe,,,,,,,f,,,
3162,77628,Rodney,Monroe,,,,,,,f,,,
3163,1626242,Luis,Montero,,,,,,,f,,,
3164,77630,Howie,Montgomery,,,,,,,f,,,
3165,376,Eric,Montross,,,,,,,f,,,
3167,200081,Jamario,Moon,,,,,,,f,,,
3169,77631,Jim,Mooney,,,,,,,f,,,
3171,77632,Andre,Moore,,,,,,,f,,,
3172,1628500,Ben,Moore,,,,,,,f,,,
3174,77634,Jackie,Moore,,,,,,,f,,,
3175,77633,Johnny,Moore,,,,,,,f,,,
3176,77635,Lowes,Moore,,,,,,,f,,,
3177,1630,Mikki,Moore,,,,,,,f,,,
3178,77636,Otto,Moore,,,,,,,f,,,
3179,77637,Ron,Moore,,,,,,,f,,,
3181,929,Tracy,Moore,,,,,,,f,,,
3183,1631457,Alex,Morales,,,,,,,t,,,
3185,203961,Eric,Moreland,,,,,,,f,,,
3186,77639,Jackie,Moreland,,,,,,,f,,,
3187,77640,Guy,Morgan,,,,,,,f,,,
3189,77641,Rex,Morgan,,,,,,,f,,,
3190,77642,Elmo,Morgenthaler,,,,,,,f,,,
3191,77644,Darren,Morningstar,,,,,,,f,,,
3192,356,Chris,Morris,,,,,,,f,,,
3193,202721,Darius,Morris,,,,,,,f,,,
3194,77647,Isaiah,Morris,,,,,,,f,,,
3197,77646,Max,Morris,,,,,,,f,,,
3116,200794,Paul,Millsap,1985-02-10,USA,201,117,3,8,f,2006,2,47
3196,202693,Markieff,Morris,1989-09-02,USA,206,111,3,88,f,2011,1,13
3173,202734,E'Twaun,Moore,1989-02-25,USA,190,87,2,55,f,2011,2,55
3200,2242,Terence,Morris,,,,,,,f,,,
3202,200747,Adam,Morrison,,,,,,,f,,,
3203,77648,Dwight,Morrison,,,,,,,f,,,
3204,77649,Mike,Morrison,,,,,,,f,,,
3205,201627,Anthony,Morrow,,,,,,,f,,,
3206,132,Dwayne,Morton,,,,,,,f,,,
3207,1972,John,Morton,,,,,,,f,,,
3208,77652,Richard,Morton,,,,,,,f,,,
3209,77653,Glenn,Mosley,,,,,,,f,,,
3210,77654,Perry,Moss,,,,,,,f,,,
3211,734,Lawrence,Moten,,,,,,,f,,,
3212,202700,Donatas,Motiejunas,,,,,,,f,,,
3214,2069,Hanno,Mottola,,,,,,,f,,,
3215,203102,Arnett,Moultrie,,,,,,,f,,,
3216,297,Alonzo,Mourning,,,,,,,f,,,
3217,202389,Timofey,Mozgov,,,,,,,f,,,
3218,77657,Chuck,Mrazovich,,,,,,,f,,,
3220,77658,Erwin,Mueller,,,,,,,f,,,
3221,203498,Shabazz,Muhammad,,,,,,,f,,,
3223,77659,Joe,Mullaney,,,,,,,f,,,
3224,77660,Bob,Mullens,,,,,,,f,,,
3225,201957,Byron,Mullens,,,,,,,f,,,
3226,904,Chris,Mullin,,,,,,,f,,,
3227,77662,Jeff,Mullins,,,,,,,f,,,
3228,942,Todd,Mundt,,,,,,,f,,,
3229,204098,Xavier,Munford,,,,,,,f,,,
3230,77664,Chris,Munk,,,,,,,f,,,
3231,77665,George,Munroe,,,,,,,f,,,
3232,785,Eric,Murdock,,,,,,,f,,,
3233,49,Gheorghe,Muresan,,,,,,,f,,,
3235,77668,Allen,Murphy,,,,,,,f,,,
3236,77669,Calvin,Murphy,,,,,,,f,,,
3237,77672,Dick,Murphy,,,,,,,f,,,
3238,203513,Erik,Murphy,,,,,,,f,,,
3239,77670,Jay,Murphy,,,,,,,f,,,
3240,77671,John,Murphy,,,,,,,f,,,
3241,203122,Kevin,Murphy,,,,,,,f,,,
3242,77673,Ronnie,Murphy,,,,,,,f,,,
3243,77674,Tod,Murphy,,,,,,,f,,,
3244,2211,Troy,Murphy,,,,,,,f,,,
3247,2436,Flip,Murray,,,,,,,f,,,
3250,77675,Ken,Murray,,,,,,,f,,,
3252,441,Lamond,Murray,,,,,,,f,,,
3253,145,Tracy,Murray,,,,,,,f,,,
3254,1642867,Collin,Murray-Boyles,,,,,,,t,,,
3255,77676,Dorie,Murrey,,,,,,,f,,,
3256,203315,Toure',Murry,,,,,,,f,,,
3259,77677,Angelo,Musi,,,,,,,f,,,
3260,1054,Jerrod,Mustaf,,,,,,,f,,,
3261,87,Dikembe,Mutombo,,,,,,,f,,,
3262,982,Martin,Muursepp,,,,,,,f,,,
3263,939,Pete,Myers,,,,,,,f,,,
3265,1823,Makhtar,N'diaye,,,,,,,f,,,
3266,2055,Mamadou,N'diaye,,,,,,,f,,,
3267,77681,Bob,Naber,,,,,,,f,,,
3268,77682,Boris,Nachamkin,,,,,,,f,,,
3159,1628370,Malik,Monk,1998-02-04,USA,190,91,2,0,t,2017,1,11
3152,1629690,Adam,Mokoka,1998-07-18,France,193,86,2,20,f,,,
3132,1628378,Donovan,Mitchell,1996-09-07,USA,188,98,2,45,t,2017,1,13
3195,1628537,Jaylen,Morris,1995-09-19,USA,196,84,2,,f,,,
3117,1629003,Shake,Milton,1996-09-26,USA,196,93,2,20,f,2018,2,54
3184,1629630,Ja,Morant,1999-08-10,USA,188,79,2,12,t,2019,1,2
3168,1629875,Xavier,Moon,1995-01-02,USA,183,75,2,22,f,,,
3234,1630278,Ade,Murkey,1998-01-29,USA,196,91,2,,f,,,
3166,1630541,Moses,Moody,2002-05-31,USA,196,96,2,4,t,2021,1,14
3131,1630558,Davion,Mitchell,1998-09-05,USA,183,92,2,45,t,2021,1,9
3145,1630600,Isaiah,Mobley,1999-09-24,USA,203,108,3,,f,2022,2,49
3125,1631169,Josh,Minott,2002-11-25,USA,203,93,3,0,t,2022,2,45
3118,1631303,Justin,Minaya,1999-03-26,USA,196,93,3,10,f,,,
3156,1631320,Chima,Moneke,1995-12-24,Nigeria,196,101,3,,f,,,
3180,1631386,Taze,Moore,1998-06-29,USA,196,88,2,,f,,,
3103,1641757,Jordan,Miller,2000-01-23,USA,196,88,2,22,t,2023,2,48
3269,2411,Bostjan,Nachbar,,,,,,,f,,,
3271,77683,Jerry,Nagel,,,,,,,f,,,
3272,77684,Fred,Nagy,,,,,,,f,,,
3273,1924,Lee,Nailon,,,,,,,f,,,
3274,2059,Eduardo,Najera,,,,,,,f,,,
3275,77685,Larry,Nance,,,,,,,f,,,
3279,77686,Paul,Napolitano,,,,,,,f,,,
3280,77688,Bob,Nash,,,,,,,f,,,
3281,77687,Charles,Nash,,,,,,,f,,,
3282,959,Steve,Nash,,,,,,,f,,,
3283,77689,Swen,Nater,,,,,,,f,,,
3284,77690,Howard,Nathan,,,,,,,f,,,
3285,77691,Calvin,Natt,,,,,,,f,,,
3286,77692,Kenny,Natt,,,,,,,f,,,
3287,77693,Willie,Naulls,,,,,,,f,,,
3288,2434,Juan,Carlos Navarro,,,,,,,f,,,
3289,202380,Hamady,Ndiaye,,,,,,,f,,,
3290,101238,Boniface,Ndong,,,,,,,f,,,
3291,1626254,Maurice,Ndour,,,,,,,f,,,
3292,77694,Craig,Neal,,,,,,,f,,,
3293,202390,Gary,Neal,,,,,,,f,,,
3294,77695,Jim,Neal,,,,,,,f,,,
3295,77696,Lloyd,Neal,,,,,,,f,,,
3296,77697,Ed,Nealy,,,,,,,f,,,
3297,203517,Nemanja,Nedovic,,,,,,,f,,,
3298,77698,Al,Negratti,,,,,,,f,,,
3299,77699,Barry,Nelson,,,,,,,f,,,
3300,201634,DeMarcus,Nelson,,,,,,,f,,,
3301,77700,Don,Nelson,,,,,,,f,,,
3302,1641761,Grant,Nelson,,,,,,,f,,,
3303,2749,Jameer,Nelson,,,,,,,f,,,
3304,77701,Louie,Nelson,,,,,,,f,,,
3306,1129,Ruben,Nembhard,,,,,,,f,,,
3307,1642948,Ryan,Nembhard,,,,,,,t,,,
3309,1838,Tyrone,Nesby,,,,,,,f,,,
3311,77704,Martin,Nessley,,,,,,,f,,,
3312,1725,Rasho,Nesterovic,,,,,,,f,,,
3314,77705,Johnny,Neumann,,,,,,,f,,,
3315,77706,Paul,Neumann,,,,,,,f,,,
3316,77707,Chuck,Nevitt,,,,,,,f,,,
3278,203894,Shabazz,Napier,1991-07-14,USA,183,79,2,5,f,2014,1,24
3313,203526,Raul,Neto,1992-05-19,Brazil,188,82,2,19,f,2013,2,47
3318,1096,Ivano,Newbill,,,,,,,f,,,
3319,1956,Ira,Newble,,,,,,,f,,,
3320,1642854,Asa,Newell,,,,,,,t,,,
3321,77710,Mike,Newlin,,,,,,,f,,,
3322,271,Johnny,Newman,,,,,,,f,,,
3324,77712,Dave,Newmark,,,,,,,f,,,
3325,1641803,Tristen,Newton,,,,,,,t,,,
3327,201193,Demetris,Nichols,,,,,,,f,,,
3328,77713,Jack,Nichols,,,,,,,f,,,
3329,203094,Andrew,Nicholson,,,,,,,f,,,
3330,1093,Gaylon,Nickerson,,,,,,,f,,,
3331,77715,Carl,Nicks,,,,,,,f,,,
3332,1642949,Yanic,Konan Niederhäuser,,,,,,,t,,,
3333,77716,Rich,Niemann,,,,,,,f,,,
3334,77717,John,Niemiera,,,,,,,f,,,
3335,77718,Mike,Niles,,,,,,,f,,,
3336,77719,Kurt,Nimphius,,,,,,,f,,,
3338,77720,Dyron,Nix,,,,,,,f,,,
3339,77721,Norm,Nixon,,,,,,,f,,,
3342,77722,Chuck,Noble,,,,,,,f,,,
3343,2804,Andres,Nocioni,,,,,,,f,,,
3344,200786,David,Noel,,,,,,,f,,,
3346,77723,Paul,Noel,,,,,,,f,,,
3347,203512,Lucas,Nogueira,,,,,,,f,,,
3348,77724,Jim,Nolan,,,,,,,f,,,
3349,77725,Paul,Nolen,,,,,,,f,,,
3350,999,Jeff,Nordgaard,,,,,,,f,,,
3351,77727,Robert,Nordmann,,,,,,,f,,,
3352,77728,Johnny,Norlander,,,,,,,f,,,
3353,77729,Connie,Norman,,,,,,,f,,,
3354,80,Ken,Norman,,,,,,,f,,,
3355,77731,Audie,Norris,,,,,,,f,,,
3357,983,Moochie,Norris,,,,,,,f,,,
3358,77732,Sylvester,Norris,,,,,,,f,,,
3360,77733,Willie,Norwood,,,,,,,f,,,
3361,77734,George,Nostrand,,,,,,,f,,,
3362,77735,Stan,Noszka,,,,,,,f,,,
3363,77736,Mike,Novak,,,,,,,f,,,
3364,200779,Steve,Novak,,,,,,,f,,,
3367,77737,Mel,Nowell,,,,,,,f,,,
3368,1717,Dirk,Nowitzki,,,,,,,f,,,
3373,77738,Dennis,Nutt,,,,,,,f,,,
3376,1022,Julius,Nwosu,,,,,,,f,,,
3377,1525,Charles,O'Bannon,,,,,,,f,,,
3378,709,Ed,O'Bannon,,,,,,,f,,,
3379,77742,John,O'Boyle,,,,,,,f,,,
3380,77744,Bob,O'Brien,,,,,,,f,,,
3381,77743,Buckshot,O'Brien,,,,,,,f,,,
3382,1626266,JJ,O'Brien,,,,,,,f,,,
3383,200753,Patrick,O'Bryant,,,,,,,f,,,
3384,203948,Johnny,O'Bryant III,,,,,,,f,,,
3385,77745,Dermie,O'Connell,,,,,,,f,,,
3386,77746,Andy,O'Donnell,,,,,,,f,,,
3387,77750,Francis,O'Grady,,,,,,,f,,,
3388,77752,Dick,O'Keefe,,,,,,,f,,,
3389,77753,Tommy,O'Keefe,,,,,,,f,,,
3390,77754,Mike,O'Koren,,,,,,,f,,,
3391,77766,Grady,O'Malley,,,,,,,f,,,
3392,979,Jermaine,O'Neal,,,,,,,f,,,
3393,406,Shaquille,O'Neal,,,,,,,f,,,
3395,77767,Mike,O'Neill,,,,,,,f,,,
3397,77773,Kevin,O'Shea,,,,,,,f,,,
3398,77774,Garland,O'Shields,,,,,,,f,,,
3399,77776,Dan,O'Sullivan,,,,,,,f,,,
3400,891,Charles,Oakley,,,,,,,f,,,
3401,101177,Fabricio,Oberto,,,,,,,f,,,
3402,1627849,Daniel,Ochefu,,,,,,,f,,,
3403,201141,Greg,Oden,,,,,,,f,,,
3404,1885,Lamar,Odom,,,,,,,f,,,
3222,1628539,Mychal,Mulder,1994-06-12,Canada,190,88,2,12,f,,,
3213,1628405,Johnathan,Motley,1995-05-04,USA,203,104,3,15,f,,,
3257,1629058,Dzanan,Musa,1999-05-08,Bosnia and Herzegovina,206,98,2,13,f,2018,1,29
3246,1627749,Dejounte,Murray,1996-09-19,USA,193,82,2,5,t,2016,1,29
3270,1627846,Abdel,Nader,1993-09-25,Egypt,196,102,3,,f,2016,2,58
3305,1629614,Andrew,Nembhard,2000-01-16,Canada,193,87,2,2,t,2022,2,31
3359,1629668,Zach,Norvell Jr.,1997-12-09,USA,196,93,2,,f,2019,,
3245,1630530,Trey,Murphy III,2000-06-18,USA,203,93,3,25,t,2021,1,17
3249,1631099,Keegan,Murray,2000-08-19,USA,203,102,3,13,t,2022,1,4
3251,1631200,Kris,Murray,2000-08-19,USA,203,99,3,24,t,2023,1,23
3366,1641806,Markquis,Nowell,1999-12-25,USA,170,73,2,,f,,,
3356,1641936,Miles,Norris,2000-04-15,USA,201,100,3,0,f,,,
3405,1642490,Josh,Oduro,,,,,,,t,,,
3406,77747,Carlos,Ogden,,,,,,,f,,,
3407,77748,Ralph,Ogden,,,,,,,f,,,
3408,1628,Alan,Ogg,,,,,,,f,,,
3409,77751,Don,Ohl,,,,,,,f,,,
3410,203317,Tim,Ohlbrecht,,,,,,,f,,,
3412,2731,Emeka,Okafor,,,,,,,f,,,
3414,1643253,Toby,Okani,,,,,,,f,,,
3421,2246,Mehmet,Okur,,,,,,,f,,,
3423,165,Hakeem,Olajuwon,,,,,,,f,,,
3424,77756,Mark,Olberding,,,,,,,f,,,
3425,1642950,Lachlan,Olbrich,,,,,,,t,,,
3426,77757,Jawann,Oldham,,,,,,,f,,,
3427,77758,Johnny,Oldham,,,,,,,f,,,
3428,77759,Frank,Oleynick,,,,,,,f,,,
3429,1642439,Quincy,Olivari,,,,,,,f,,,
3430,77760,John,Olive,,,,,,,f,,,
3431,1680,Brian,Oliver,,,,,,,f,,,
3433,2352,Dean,Oliver,,,,,,,f,,,
3434,1429,Jimmy,Oliver,,,,,,,f,,,
3494,202951,Jeremy,Pargo,1986-03-17,USA,188,99,2,,f,2009,,
3345,203457,Nerlens,Noel,1994-04-10,USA,208,100,5,,f,2013,1,6
3420,1629644,KZ,Okpala,1999-04-28,USA,203,98,2,,f,2019,2,32
3508,202718,Chandler,Parsons,1988-10-25,USA,206,104,3,,f,2011,2,38
3437,1709,Michael,Olowokandi,,,,,,,f,,,
3438,77765,Enoch,Olsen,,,,,,,f,,,
3440,1641807,Norchad,Omier,,,,,,,t,,,
3443,202620,Arinze,Onuaku,,,,,,,f,,,
3444,1627778,Chinanu,Onuaku,,,,,,,f,,,
3445,77768,Barry,Orms,,,,,,,f,,,
3446,77769,Johnny,Orr,,,,,,,f,,,
3447,77770,Louis,Orr,,,,,,,f,,,
3448,77771,Jose,Ortiz,,,,,,,f,,,
3449,202350,Daniel,Orton,,,,,,,f,,,
3450,77772,Chuck,Osborne,,,,,,,f,,,
3452,77775,Wally,Osterkorn,,,,,,,f,,,
3453,731,Greg,Ostertag,,,,,,,f,,,
3454,77777,Matt,Othick,,,,,,,f,,,
3455,77778,Don,Otten,,,,,,,f,,,
3456,77779,Mac,Otten,,,,,,,f,,,
3459,448,Bo,Outlaw,,,,,,,f,,,
3460,2566,Travis,Outlaw,,,,,,,f,,,
3461,77780,Claude,Overton,,,,,,,f,,,
3462,77,Doug,Overton,,,,,,,f,,,
3463,101261,Andre,Owens,,,,,,,f,,,
3464,182,Billy,Owens,,,,,,,f,,,
3465,2442,Chris,Owens,,,,,,,f,,,
3466,77782,Eddie,Owens,,,,,,,f,,,
3467,77783,James,Owens,,,,,,,f,,,
3468,77784,Jim,Owens,,,,,,,f,,,
3469,77785,Keith,Owens,,,,,,,f,,,
3470,202082,Larry,Owens,,,,,,,f,,,
3472,77786,Tom,Owens,,,,,,,f,,,
3473,1077,Ray,Owes,,,,,,,f,,,
3474,2071,Olumide,Oyedeji,,,,,,,f,,,
3475,77788,Joe,Pace,,,,,,,f,,,
3476,2585,Zaza,Pachulia,,,,,,,f,,,
3477,123,Robert,Pack,,,,,,,f,,,
3478,77789,Gerald,Paddio,,,,,,,f,,,
3479,1909,Scott,Padgett,,,,,,,f,,,
3481,1627779,Marcus,Paige,,,,,,,f,,,
3482,77790,Fred,Paine,,,,,,,f,,,
3483,1960,Milt,Palacio,,,,,,,f,,,
3484,77791,Togo,Palazzi,,,,,,,f,,,
3485,77792,Jim,Palmer,,,,,,,f,,,
3486,77793,John,Palmer,,,,,,,f,,,
3488,77794,Walter,Palmer,,,,,,,f,,,
3490,1950,Andy,Panko,,,,,,,f,,,
3491,1627834,Georgios,Papagiannis,,,,,,,f,,,
3492,203123,Kostas,Papanikolaou,,,,,,,f,,,
3493,2457,Jannero,Pargo,,,,,,,f,,,
3495,77797,Estes,Parham,,,,,,,f,,,
3496,305,Robert,Parish,,,,,,,f,,,
3497,77799,Medford,Park,,,,,,,f,,,
3498,1515,Anthony,Parker,,,,,,,f,,,
3500,2470,Smush,Parker,,,,,,,f,,,
3501,77800,Sonny,Parker,,,,,,,f,,,
3502,2225,Tony,Parker,,,,,,,f,,,
3503,77801,Jack,Parkinson,,,,,,,f,,,
3504,685,Cherokee,Parks,,,,,,,f,,,
3505,77802,Jack,Parr,,,,,,,f,,,
3506,77803,Doyle,Parrack,,,,,,,f,,,
3507,77804,Charlie,Parsley,,,,,,,f,,,
3511,1097,Zarko,Paspalj,,,,,,,f,,,
3512,77806,Marty,Passaglia,,,,,,,f,,,
3513,77807,George,A. Pastushok,,,,,,,f,,,
3514,77808,Myles,Patrick,,,,,,,f,,,
3515,77809,Stan,Patrick,,,,,,,f,,,
3516,1754,Andrae,Patterson,,,,,,,f,,,
3517,77811,George,Patterson,,,,,,,f,,,
3518,203934,Lamar,Patterson,,,,,,,f,,,
3520,1739,Ruben,Patterson,,,,,,,f,,,
3521,77812,Steve,Patterson,,,,,,,f,,,
3522,77813,Tommy,Patterson,,,,,,,f,,,
3523,77814,Worthy,Patterson,,,,,,,f,,,
3525,203464,Brandon,Paul,,,,,,,f,,,
3527,77815,Charlie,Paulk,,,,,,,f,,,
3528,77816,Jerry,Paulson,,,,,,,f,,,
3529,77817,Billy,Paultz,,,,,,,f,,,
3530,2562,Sasha,Pavlovic,,,,,,,f,,,
3531,77818,Jim,Paxson,,,,,,,f,,,
3532,77819,Jim,Paxson,,,,,,,f,,,
3533,77820,John,Paxson,,,,,,,f,,,
3534,77821,Johnny,Payak,,,,,,,f,,,
3535,203940,Adreian,Payne,,,,,,,f,,,
3537,77822,Kenny,Payne,,,,,,,f,,,
3538,77823,Tom,Payne,,,,,,,f,,,
3540,56,Gary,Payton,,,,,,,f,,,
3541,77824,Mel,Payton,,,,,,,f,,,
3543,77825,George,Pearcy,,,,,,,f,,,
3369,1628373,Frank,Ntilikina,1998-07-28,France,193,91,2,,f,2017,1,8
3394,1626220,Royce,O'Neale,1993-06-05,USA,198,103,3,0,t,,,
3415,1629643,Chuma,Okeke,1998-08-18,USA,201,104,3,18,f,2019,1,16
3417,1629006,Josh,Okogie,1998-09-01,Nigeria,193,97,2,20,t,2018,1,20
3432,1628419,Cameron,Oliver,1996-07-11,USA,203,108,3,,f,,,
3326,1627777,Georges,Niang,1993-06-17,USA,201,104,3,20,f,2016,2,50
3487,1629309,Trayvon,Palmer,1994-11-13,USA,198,91,2,,f,,,
3375,1629670,Jordan,Nwora,1998-09-09,USA,203,102,3,13,f,2020,2,45
3480,1629873,Jaysean,Paige,1994-07-30,USA,188,91,2,,f,,,
3418,1630168,Onyeka,Okongwu,2000-12-11,USA,208,109,4,17,t,2020,1,6
3419,1630171,Isaac,Okoro,2001-01-26,USA,193,102,2,35,t,2020,1,5
3340,1630192,Zeke,Nnaji,2001-01-09,USA,208,109,4,22,t,2020,1,22
3337,1630227,Daishen,Nix,2002-02-13,USA,193,108,2,,f,,,
3489,1630698,Kevin,Pangos,1993-01-26,Canada,185,81,2,,f,,,
3544,77826,Henry,Pearcy,,,,,,,f,,,
3545,1642877,Micah,Peavy,,,,,,,t,,,
3546,200762,Oleksiy,Pecherov,,,,,,,f,,,
3547,77827,Wiley,Peck,,,,,,,f,,,
3548,1642951,Sean,Pedulla,,,,,,,t,,,
3549,324,Anthony,Peeler,,,,,,,f,,,
3550,201593,Nikola,Pekovic,,,,,,,f,,,
3551,77828,Jake,Pelkington,,,,,,,f,,,
3519,202335,Patrick,Patterson,1989-03-14,USA,203,107,3,54,f,2010,1,14
3555,1642869,Noah,Penda,,,,,,,t,,,
3556,2667,Desmond,Penigar,,,,,,,f,,,
3557,2632,Kirk,Penney,,,,,,,f,,,
3558,46,Mike,Peplowski,,,,,,,f,,,
3559,781,Will,Perdue,,,,,,,f,,,
3561,2570,Kendrick,Perkins,,,,,,,f,,,
3562,64,Sam,Perkins,,,,,,,f,,,
3563,77834,Warren,Perkins,,,,,,,f,,,
3564,200785,Kosta,Perovic,,,,,,,f,,,
3565,1628506,London,Perrantes,,,,,,,f,,,
3566,77835,Curtis,Perry,,,,,,,f,,,
3567,386,Elliot,Perry,,,,,,,f,,,
3569,897,Tim,Perry,,,,,,,f,,,
3570,456,Chuck,Person,,,,,,,f,,,
3571,445,Wesley,Person,,,,,,,f,,,
3572,1643007,Taelon,Peter,,,,,,,t,,,
3573,1628409,Alec,Peters,,,,,,,f,,,
3574,77839,Jim,Petersen,,,,,,,f,,,
3575,77840,Loy,Petersen,,,,,,,f,,,
3576,77843,Bob,Peterson,,,,,,,f,,,
3578,77841,Ed,Peterson,,,,,,,f,,,
3579,77842,Mel,Peterson,,,,,,,f,,,
3580,2050,Morris,Peterson,,,,,,,f,,,
3581,77844,Geoff,Petrie,,,,,,,f,,,
3582,101130,Johan,Petro,,,,,,,f,,,
3583,77845,Drazen,Petrovic,,,,,,,f,,,
3585,77846,Richard,Petruska,,,,,,,f,,,
3586,77847,Bob,Pettit,,,,,,,f,,,
3587,77848,Roger,Phegley,,,,,,,f,,,
3588,77850,Jack,Phelan,,,,,,,f,,,
3589,77849,Jim,Phelan,,,,,,,f,,,
3590,74,Derrick,Phelps,,,,,,,f,,,
3591,77852,Mike,Phelps,,,,,,,f,,,
3592,77853,Andy,Phillip,,,,,,,f,,,
3593,1629341,Tarik,Phillip,,,,,,,f,,,
3594,77854,Eddie,Phillips,,,,,,,f,,,
3595,77855,Gary,Phillips,,,,,,,f,,,
3597,184,Bobby,Phills,,,,,,,f,,,
3598,15,Eric,Piatkowski,,,,,,,f,,,
3601,1718,Paul,Pierce,,,,,,,f,,,
3602,894,Ricky,Pierce,,,,,,,f,,,
3603,77858,Stan,Pietkiewicz,,,,,,,f,,,
3604,2554,Mickael,Pietrus,,,,,,,f,,,
3605,77859,John,Pilch,,,,,,,f,,,
3606,291,Ed,Pinckney,,,,,,,f,,,
3607,200838,Kevinn,Pinkney,,,,,,,f,,,
3608,77861,John,Pinone,,,,,,,f,,,
3610,77862,Dave,Piontek,,,,,,,f,,,
3611,77863,Tom,Piotrowski,,,,,,,f,,,
3612,937,Scottie,Pippen,,,,,,,f,,,
3614,77864,Charlie,Pittman,,,,,,,f,,,
3615,202354,Dexter,Pittman,,,,,,,f,,,
3616,2565,Zoran,Planinic,,,,,,,f,,,
3617,202353,Tibor,Pleiss,,,,,,,f,,,
3618,1631342,Daeqwon,Plowden,,,,,,,t,,,
3619,1627850,Marshall,Plumlee,,,,,,,f,,,
3621,203101,Miles,Plumlee,,,,,,,f,,,
3622,77865,Gary,Plummer,,,,,,,f,,,
3623,2750,Pavel,Podkolzin,,,,,,,f,,,
3628,77866,Dwayne,Polee,,,,,,,f,,,
3629,77867,Jim,Pollard,,,,,,,f,,,
3630,1513,Scot,Pollard,,,,,,,f,,,
3631,77868,Ralph,Polson,,,,,,,f,,,
3632,178,Olden,Polynice,,,,,,,f,,,
3633,77869,Cliff,Pondexter,,,,,,,f,,,
3634,202347,Quincy,Pondexter,,,,,,,f,,,
3638,77870,David,Pope,,,,,,,f,,,
3639,998,Mark,Pope,,,,,,,f,,,
3640,77872,Dave,Popson,,,,,,,f,,,
3641,77873,Ben,Poquette,,,,,,,f,,,
3642,2084,Chris,Porter,,,,,,,f,,,
3643,77875,Howard,Porter,,,,,,,f,,,
3645,77876,Kevin,Porter,,,,,,,f,,,
3646,345,Terry,Porter,,,,,,,f,,,
3652,77878,Bob,Portman,,,,,,,f,,,
3654,1899,James,Posey,,,,,,,f,,,
3655,1642366,Quinten,Post,,,,,,,t,,,
3656,2068,Lavor,Postell,,,,,,,f,,,
3657,958,Vitaly,Potapenko,,,,,,,f,,,
3659,1642967,John,Poulakidas,,,,,,,t,,,
3660,200796,Leon,Powe,,,,,,,f,,,
3661,1642962,Drake,Powell,,,,,,,t,,,
3663,2694,Josh,Powell,,,,,,,f,,,
3664,2867,Kasib,Powell,,,,,,,f,,,
3667,101232,Roger,Powell,,,,,,,f,,,
3668,1627816,Alex,Poythress,,,,,,,f,,,
3669,77879,Paul,Pressey,,,,,,,f,,,
3670,203515,Phil,Pressey,,,,,,,f,,,
3439,203482,Kelly,Olynyk,1991-04-19,Canada,213,109,4,8,t,2013,1,13
3620,203486,Mason,Plumlee,1990-03-05,USA,213,115,4,45,t,2013,1,22
3653,204001,Kristaps,Porziņģis,1995-08-02,Latvia,218,109,4,7,t,2015,1,4
3635,1629044,Shamorie,Ponds,1998-06-29,USA,183,79,2,,f,,,
3650,203490,Otto,Porter Jr.,1993-06-03,USA,203,104,3,,f,2013,1,3
3539,203901,Elfrid,Payton,1994-02-22,USA,190,88,2,4,f,2014,1,10
3499,203953,Jabari,Parker,1995-03-15,USA,201,111,3,,f,2014,1,2
3458,1626162,Kelly,Oubre Jr.,1995-12-09,USA,203,95,2,9,t,2015,1,15
3442,1629671,Miye,Oni,1997-08-04,USA,196,93,2,,f,2019,2,58
3666,1626181,Norman,Powell,1993-05-25,USA,190,98,2,24,t,2015,2,46
3625,1627751,Jakob,Poeltl,1995-10-15,Austria,213,115,5,19,t,2016,1,9
3665,1629619,Myles,Powell,1997-07-07,USA,188,88,2,5,f,,,
3542,1627780,Gary,Payton II,1992-12-01,USA,188,88,2,0,t,,,
3609,1629033,Theo,Pinson,1995-11-05,USA,201,96,2,1,f,,,
3509,1629672,Eric,Paschall,1996-11-04,USA,198,116,3,0,f,2019,2,41
3568,1629617,Reggie,Perry,2000-03-21,USA,203,113,4,,f,2020,2,57
3637,1629673,Jordan,Poole,1999-06-19,USA,193,88,2,3,t,2019,1,28
3636,1630582,Yves,Pons,1999-05-07,France,196,93,3,5,f,,,
3613,1630590,Scotty,Pippen Jr.,2000-11-10,USA,188,77,2,1,t,,,
3441,1630647,Eugene,Omoruyi,1997-02-14,Nigeria,198,107,3,97,f,,,
3600,1630691,Jamorko,Pickett,1997-12-24,USA,206,93,3,24,f,,,
3658,1630695,Micah,Potter,1998-04-06,USA,206,112,5,11,t,,,
3560,1641970,Maozinha,Pereira,2000-08-28,Brazil,203,80,3,,f,,,
3672,77881,Harold,Pressley,,,,,,,f,,,
3674,201985,AJ,Price,,,,,,,f,,,
3675,85,Brent,Price,,,,,,,f,,,
3676,77883,Jim,Price,,,,,,,f,,,
3677,899,Mark,Price,,,,,,,f,,,
3678,77884,Mike,Price,,,,,,,f,,,
3679,101179,Ronnie,Price,,,,,,,f,,,
3680,77882,Tony,Price,,,,,,,f,,,
3681,77886,Bob,Priddy,,,,,,,f,,,
3682,203143,Pablo,Prigioni,,,,,,,f,,,
3685,2419,Tayshaun,Prince,,,,,,,f,,,
3686,77887,John,Pritchard,,,,,,,f,,,
3687,340,Kevin,Pritchard,,,,,,,f,,,
3689,1642878,Tyrese,Proctor,,,,,,,t,,,
3690,1919,Laron,Profit,,,,,,,f,,,
3692,201172,Gabe,Pruitt,,,,,,,f,,,
3693,2038,Joel,Przybilla,,,,,,,f,,,
3694,77888,Les,Pugh,,,,,,,f,,,
3695,77889,Roy,Pugh,,,,,,,f,,,
3696,77890,Anthony,Pullard,,,,,,,f,,,
3697,1626643,Jacob,Pullen,,,,,,,f,,,
3698,1642389,Zyon,Pullin,,,,,,,t,,,
3699,1628681,Rodney,Purvis,,,,,,,f,,,
3700,77891,Don,Putman,,,,,,,f,,,
3701,1627753,Zhou,Qi,,,,,,,f,,,
3702,1627817,Tim,Quarterman,,,,,,,f,,,
3703,1642852,Derik,Queen,,,,,,,t,,,
3706,77892,Bob,Quick,,,,,,,f,,,
3708,200809,Chris,Quinn,,,,,,,f,,,
3709,77893,Brian,Quinnett,,,,,,,f,,,
3711,1628397,Ivan,Rabb,,,,,,,f,,,
3712,77894,Luke,Rackley,,,,,,,f,,,
3713,77895,Howie,Rader,,,,,,,f,,,
3714,77896,Mark,Radford,,,,,,,f,,,
3715,77897,Wayne,Radford,,,,,,,f,,,
3716,129,Dino,Radja,,,,,,,f,,,
3717,2209,Vladimir,Radmanovic,,,,,,,f,,,
3718,1893,Aleksandar,Radojevic,,,,,,,f,,,
3719,77899,Frank,Radovich,,,,,,,f,,,
3720,77900,Moe,Radovich,,,,,,,f,,,
3721,203545,Miroslav,Raduljica,,,,,,,f,,,
3722,77901,Ray,Radziszewski,,,,,,,f,,,
3723,77902,Ray,Ragelis,,,,,,,f,,,
3724,77903,Sherwin,Raiken,,,,,,,f,,,
3725,77904,Ed,Rains,,,,,,,f,,,
3726,2080,Igor,Rakocevic,,,,,,,f,,,
3727,77905,Kurt,Rambis,,,,,,,f,,,
3728,2762,Peter,John Ramos,,,,,,,f,,,
3729,77906,Cal,Ramsey,,,,,,,f,,,
3730,77907,Frank,Ramsey,,,,,,,f,,,
3732,77908,Ray,Ramsey,,,,,,,f,,,
3733,1821,Mark,Randall,,,,,,,f,,,
3736,201576,Anthony,Randolph,,,,,,,f,,,
3737,101183,Shavlik,Randolph,,,,,,,f,,,
3738,2216,Zach,Randolph,,,,,,,f,,,
3739,77910,Wally,Rank,,,,,,,f,,,
3740,77911,Kelvin,Ransey,,,,,,,f,,,
3741,77912,Sam,Ranzino,,,,,,,f,,,
3742,78656,Blair,Rasmussen,,,,,,,f,,,
3743,1628504,Xavier,Rathan-Mayes,,,,,,,f,,,
3744,77913,George,Ratkovicz,,,,,,,f,,,
3745,77914,Ed,Ratleff,,,,,,,f,,,
3746,77915,Mike,Ratliff,,,,,,,f,,,
3747,689,Theo,Ratliff,,,,,,,f,,,
3748,202360,Andy,Rautins,,,,,,,f,,,
3749,77916,Leo,Rautins,,,,,,,f,,,
3750,200810,Allan,Ray,,,,,,,f,,,
3751,77917,Clifford,Ray,,,,,,,f,,,
3752,77918,Don,Ray,,,,,,,f,,,
3753,77920,Jamesearl,Ray,,,,,,,f,,,
3754,77919,Jim,Ray,,,,,,,f,,,
3755,77921,Craig,Raymond,,,,,,,f,,,
3756,1642875,Maxime,Raynaud,,,,,,,t,,,
3757,77922,Connie,Rea,,,,,,,f,,,
3760,77923,Joe,Reaves,,,,,,,f,,,
3762,1442,Zeljko,Rebraca,,,,,,,f,,,
3763,695,Eldridge,Recasner,,,,,,,f,,,
3764,2072,Michael,Redd,,,,,,,f,,,
3766,77925,Frank,Reddout,,,,,,,f,,,
3768,77926,Marlon,Redmond,,,,,,,f,,,
3770,77927,Hub,Reed,,,,,,,f,,,
3771,2770,Justin,Reed,,,,,,,f,,,
3773,77928,Ron,Reed,,,,,,,f,,,
3774,203186,Willie,Reed,,,,,,,f,,,
3775,77929,Willis,Reed,,,,,,,f,,,
3776,1642024,Alex,Reese,,,,,,,f,,,
3777,1642882,Julian,Reese,,,,,,,t,,,
3778,1641810,Antonio,Reeves,,,,,,,t,,,
3779,735,Bryant,Reeves,,,,,,,f,,,
3780,234,Khalid,Reeves,,,,,,,f,,,
3781,77932,Richie,Regan,,,,,,,f,,,
3782,77933,Don,Rehfeldt,,,,,,,f,,,
3783,77937,Billy,Reid,,,,,,,f,,,
3784,690,Don,Reid,,,,,,,f,,,
3785,462,J.R.,Reid,,,,,,,f,,,
3786,77935,Jim,Reid,,,,,,,f,,,
3788,77936,Robert,Reid,,,,,,,f,,,
3772,1630194,Paul,Reed,1999-06-14,USA,206,95,3,7,t,2020,2,58
3734,1626184,Chasson,Randle,1993-02-05,USA,188,84,2,25,f,2015,,
3769,1628432,Davon,Reed,1995-06-11,USA,196,93,2,,f,2017,2,32
3599,1629618,Jalen,Pickett,1999-10-22,USA,188,92,2,24,t,2023,2,32
3790,2876,Jared,Reiner,,,,,,,f,,,
3791,77938,Joseph,Reiser,,,,,,,f,,,
3792,77939,Richard,Rellford,,,,,,,f,,,
3793,720,Terrence,Rencher,,,,,,,f,,,
3794,77941,John,Rennicke,,,,,,,f,,,
3795,77942,Rob,Rensberger,,,,,,,f,,,
3796,981,Efthimios,Rentzias,,,,,,,f,,,
3797,704,Shawn,Respert,,,,,,,f,,,
3798,77944,Kevin,Restani,,,,,,,f,,,
3800,77945,George,Reynolds,,,,,,,f,,,
3801,77946,Jerry,Reynolds,,,,,,,f,,,
3803,77947,Gene,Rhodes,,,,,,,f,,,
3804,1518,Rodrick,Rhodes,,,,,,,f,,,
3688,1630202,Payton,Pritchard,1998-01-28,USA,185,88,2,11,t,2020,1,26
3787,1629675,Naz,Reid,1999-08-26,USA,206,120,5,11,t,,,
3759,1630559,Austin,Reaves,1998-05-29,USA,196,89,2,15,t,,,
3707,1630193,Immanuel,Quickley,1999-06-17,USA,188,86,2,5,t,2020,1,25
3704,1630243,Trevelin,Queen,1997-02-25,USA,196,86,2,12,f,,,
3673,1630554,Jason,Preston,1999-08-10,USA,190,82,2,10,f,2021,2,33
3691,1641765,Olivier-Maxence,Prosper,2002-07-03,Canada,201,104,3,18,t,2023,1,24
3577,1641809,Drew,Peterson,1999-11-09,USA,203,93,3,,f,,,
3647,1641854,Craig,Porter Jr.,2000-02-26,USA,185,82,2,9,t,,,
3758,1641871,Duop,Reath,1996-06-26,South Sudan,206,111,5,,f,,,
3805,779,Glen,Rice,,,,,,,f,,,
3806,203318,Glen,Rice,,,,,,,f,,,
3807,201181,Chris,Richard,,,,,,,f,,,
3808,1642954,Will,Richard,,,,,,,t,,,
3810,77950,Clint,Richardson,,,,,,,f,,,
3811,1642859,Jase,Richardson,,,,,,,t,,,
3812,2202,Jason,Richardson,,,,,,,f,,,
3813,200978,Jeremy,Richardson,,,,,,,f,,,
3815,1627781,Malachi,Richardson,,,,,,,f,,,
3816,77952,Micheal,Ray Richardson,,,,,,,f,,,
3817,2369,Norman,Richardson,,,,,,,f,,,
3818,71,Pooh,Richardson,,,,,,,f,,,
3819,2047,Quentin,Richardson,,,,,,,f,,,
3820,1642955,Kadary,Richmond,,,,,,,f,,,
3821,782,Mitch,Richmond,,,,,,,f,,,
3822,77954,John,Richter,,,,,,,f,,,
3823,77955,Dick,Ricketts,,,,,,,f,,,
3824,375,Isaiah,Rider,,,,,,,f,,,
3825,77957,Jackie,Ridgle,,,,,,,f,,,
3826,2557,Luke,Ridnour,,,,,,,f,,,
3827,77958,Mel,Riebe,,,,,,,f,,,
3828,77959,Jim,Riffey,,,,,,,f,,,
3829,2541,Antoine,Rigaudeau,,,,,,,f,,,
3830,77960,Tom,Riker,,,,,,,f,,,
3831,77963,Bob,Riley,,,,,,,f,,,
3832,35,Eric,Riley,,,,,,,f,,,
3833,77962,Pat,Riley,,,,,,,f,,,
3834,77964,Ron,Riley,,,,,,,f,,,
3835,1642860,Will,Riley,,,,,,,t,,,
3837,77965,Rich,Rinaldi,,,,,,,f,,,
3838,77966,Mike,Riordan,,,,,,,f,,,
3839,1642258,Zaccharie,Risacher,,,,,,,t,,,
3840,77967,Arnie,Risen,,,,,,,f,,,
3841,77968,Goebel,Ritter,,,,,,,f,,,
3842,77969,Ramon,Rivas,,,,,,,f,,,
3844,77970,David,Rivers,,,,,,,f,,,
3845,470,Doc,Rivers,,,,,,,f,,,
3846,77972,Lee,Robbins,,,,,,,f,,,
3847,1641857,Liam,Robbins,,,,,,,f,,,
3849,101194,Anthony,Roberson,,,,,,,f,,,
3850,77973,Rick,Roberson,,,,,,,f,,,
3851,2121,Terrance,Roberson,,,,,,,f,,,
3852,77975,Anthony,Roberts,,,,,,,f,,,
3853,77979,Bill,Roberts,,,,,,,f,,,
3854,203148,Brian,Roberts,,,,,,,f,,,
3855,122,Fred,Roberts,,,,,,,f,,,
3856,77977,Joe,Roberts,,,,,,,f,,,
3857,101160,Lawrence,Roberts,,,,,,,f,,,
3858,77978,Marv,Roberts,,,,,,,f,,,
3859,914,Stanley,Roberts,,,,,,,f,,,
3860,926,Alvin,Robertson,,,,,,,f,,,
3861,600015,Oscar,Robertson,,,,,,,f,,,
3862,1926,Ryan,Robertson,,,,,,,f,,,
3863,77983,Tony,Robertson,,,,,,,f,,,
3864,77984,Rick,Robey,,,,,,,f,,,
3865,2774,Bernard,Robinson,,,,,,,f,,,
3866,997,Chris,Robinson,,,,,,,f,,,
3867,77986,Cliff,T. Robinson,,,,,,,f,,,
3868,361,Clifford,Robinson,,,,,,,f,,,
3869,764,David,Robinson,,,,,,,f,,,
3870,1628421,Devin,Robinson,,,,,,,f,,,
3872,1944,Eddie,Robinson,,,,,,,f,,,
3873,77988,Flynn,Robinson,,,,,,,f,,,
3874,299,Glenn,Robinson,,,,,,,f,,,
3875,77989,Jackie,Robinson,,,,,,,f,,,
3876,1554,Jamal,Robinson,,,,,,,f,,,
3877,381,James,Robinson,,,,,,,f,,,
3880,1683,Larry,Robinson,,,,,,,f,,,
3882,101126,Nate,Robinson,,,,,,,f,,,
3883,77994,Oliver,Robinson,,,,,,,f,,,
3885,716,Rumeal,Robinson,,,,,,,f,,,
3886,203080,Thomas,Robinson,,,,,,,f,,,
3887,77993,Truck,Robinson,,,,,,,f,,,
3888,77996,Wayne,Robinson,,,,,,,f,,,
3891,77997,Bill,Robinzine,,,,,,,f,,,
3892,77998,Dave,Robisch,,,,,,,f,,,
3894,77999,Red,Rocha,,,,,,,f,,,
3895,78000,John,Roche,,,,,,,f,,,
3896,78001,Gene,Rock,,,,,,,f,,,
3897,78002,Jack,Rocker,,,,,,,f,,,
3899,78003,Guy,Rodgers,,,,,,,f,,,
3900,23,Dennis,Rodman,,,,,,,f,,,
3901,200771,Sergio,Rodriguez,,,,,,,f,,,
3902,691,Lou,Roe,,,,,,,f,,,
3903,435,Carlos,Rogers,,,,,,,f,,,
3904,78007,Johnny,Rogers,,,,,,,f,,,
3905,78008,Marshall,Rogers,,,,,,,f,,,
3881,1629011,Mitchell,Robinson,1998-04-01,USA,213,109,5,23,t,2018,2,36
3848,203460,Andre,Roberson,1991-12-04,USA,201,95,2,,f,2013,1,26
3814,1626196,Josh,Richardson,1993-09-15,USA,196,91,2,,f,2015,2,40
3907,964,Roy,Rogers,,,,,,,f,,,
3908,78010,Al,Roges,,,,,,,f,,,
3909,78011,Ken,Rohloff,,,,,,,f,,,
3910,202375,Magnum,Rolle,,,,,,,f,,,
3911,78012,Kenny,Rollins,,,,,,,f,,,
3912,78013,Phil,Rollins,,,,,,,f,,,
3914,78014,Tree,Rollins,,,,,,,f,,,
3915,78015,Lorenzo,Romar,,,,,,,f,,,
3917,399,Sean,Rooks,,,,,,,f,,,
3919,147,Jalen,Rose,,,,,,,f,,,
3920,990,Malik,Rose,,,,,,,f,,,
3921,78016,Robert,Rose,,,,,,,f,,,
3922,78017,Alexander,Rosenberg,,,,,,,f,,,
3923,78018,Lennie,Rosenbluth,,,,,,,f,,,
3924,78019,Hank,Rosenstein,,,,,,,f,,,
3925,78020,Dick,Rosenthal,,,,,,,f,,,
3926,2624,Quinton,Ross,,,,,,,f,,,
3928,78021,Doug,Roth,,,,,,,f,,,
3929,78022,Scott,Roth,,,,,,,f,,,
3930,78023,Irv,Rothenberg,,,,,,,f,,,
3931,78024,Mickey,Rottner,,,,,,,f,,,
3932,78025,Dan,Roundfield,,,,,,,f,,,
3933,78026,Giff,Roux,,,,,,,f,,,
3934,78027,Ron,Rowan,,,,,,,f,,,
3935,78028,Curtis,Rowe,,,,,,,f,,,
3936,1642050,Jackson,Rowe,,,,,,,f,,,
3937,78029,Jim,Rowinski,,,,,,,f,,,
3938,78030,Derrick,Rowland,,,,,,,f,,,
3939,78031,Brian,Rowsom,,,,,,,f,,,
3799,1629244,Cam,Reynolds,1995-02-07,USA,201,102,3,,f,,,
3878,1629010,Jerome,Robinson,1997-02-22,USA,196,86,2,18,f,2018,1,13
3879,1629620,Justin,Robinson,1997-10-12,USA,185,88,2,,f,2019,,
3836,1630203,Grant,Riller,1997-02-08,USA,188,86,2,7,f,2020,2,56
3884,1631115,Orlando,Robinson,2000-07-10,USA,208,107,5,,f,,,
3898,1631223,David,Roddy,2001-03-27,USA,196,116,3,45,t,2022,1,23
3940,200750,Brandon,Roy,,,,,,,f,,,
3941,140,Donald,Royal,,,,,,,f,,,
3942,78033,Bob,Royer,,,,,,,f,,,
3943,32,Clifford,Rozier,,,,,,,f,,,
3946,2462,Guy,Rucker,,,,,,,f,,,
3947,78035,Delaney,Rudd,,,,,,,f,,,
3948,78036,John,Rudd,,,,,,,f,,,
3949,204014,Damjan,Rudez,,,,,,,f,,,
3950,78037,John,Rudometkin,,,,,,,f,,,
3951,1913,Michael,Ruffin,,,,,,,f,,,
3952,460,Trevor,Ruffin,,,,,,,f,,,
3953,78039,Paul,Ruffner,,,,,,,f,,,
3954,78040,Joe,Ruklick,,,,,,,f,,,
3955,78041,Jeff,Ruland,,,,,,,f,,,
3956,78042,Bob,Rule,,,,,,,f,,,
3957,78043,Jerry,Rullo,,,,,,,f,,,
3959,474,Stefano,Rusconi,,,,,,,f,,,
3960,201575,Brandon,Rush,,,,,,,f,,,
3961,2416,Kareem,Rush,,,,,,,f,,,
3962,78049,Bill,Russell,,,,,,,f,,,
3963,935,Bryon,Russell,,,,,,,f,,,
3964,78047,Campy,Russell,,,,,,,f,,,
3965,78045,Cazzie,Russell,,,,,,,f,,,
3967,78046,Frank,Russell,,,,,,,f,,,
3968,78048,Walker,Russell,,,,,,,f,,,
3969,201041,Walker,Russell,,,,,,,f,,,
3970,1642504,Cormac,Ryan,,,,,,,t,,,
3972,717,Arvydas,Sabonis,,,,,,,f,,,
3974,203135,Robert,Sacre,,,,,,,f,,,
3975,78050,Ed,Sadowski,,,,,,,f,,,
3976,78051,Kenny,Sailors,,,,,,,f,,,
3977,1642275,Tidjane,Salaün,,,,,,,t,,,
3978,927,John,Salley,,,,,,,f,,,
3979,1642282,Hunter,Sallis,,,,,,,f,,,
3980,2422,John,Salmons,,,,,,,f,,,
3981,1089,Kevin,Salvadori,,,,,,,f,,,
3982,2066,Soumaila,Samake,,,,,,,f,,,
3984,200798,Cheikh,Samb,,,,,,,f,,,
3985,1629102,Brandon,Sampson,,,,,,,f,,,
3987,2441,Jamal,Sampson,,,,,,,f,,,
3988,78055,Ralph,Sampson,,,,,,,f,,,
3989,202396,Samardo,Samuels,,,,,,,f,,,
3991,2143,Pepe,Sanchez,,,,,,,f,,,
3992,78057,Frankie,Sanders,,,,,,,f,,,
3993,1874,Jeff,Sanders,,,,,,,f,,,
3994,1642920,Kobe,Sanders,,,,,,,t,,,
3995,202336,Larry,Sanders,,,,,,,f,,,
3996,2684,Melvin,Sanders,,,,,,,f,,,
3997,78059,Mike,Sanders,,,,,,,f,,,
3998,78060,Thomas,Sanders,,,,,,,f,,,
3999,1642362,Payton,Sandfort,,,,,,,t,,,
4001,2091,Daniel,Santiago,,,,,,,f,,,
4002,78061,Bob,Santini,,,,,,,f,,,
4004,78062,Wayne,Sappleton,,,,,,,f,,,
4005,1642879,Ben,Saraf,,,,,,,t,,,
4007,1642259,Alex,Sarr,,,,,,,t,,,
4009,987,Jason,Sasser,,,,,,,f,,,
4010,2219,Jeryl,Sasser,,,,,,,f,,,
4013,2261,Kenny,Satterfield,,,,,,,f,,,
4014,78063,Frank,Saul,,,,,,,f,,,
4015,78064,Woody,Sauldsberry,,,,,,,f,,,
4016,78065,Fred,Saunders,,,,,,,f,,,
4017,78066,Don,Savage,,,,,,,f,,,
4018,2453,Predrag,Savovic,,,,,,,f,,,
4019,78067,Alan,Sawyer,,,,,,,f,,,
4020,2243,Brian,Scalabrine,,,,,,,f,,,
4021,2637,Alex,Scales,,,,,,,f,,,
4022,78068,Dewayne,Scales,,,,,,,f,,,
4023,78069,Frank,Schade,,,,,,,f,,,
4024,78070,Ben,Schadler,,,,,,,f,,,
4006,203967,Dario,Saric,1994-04-08,Croatia,208,102,4,,f,2014,1,12
3971,1630346,Matt,Ryan,1997-04-17,USA,198,98,3,,f,,,
3986,203960,JaKarr,Sampson,1993-03-20,USA,201,97,3,14,f,,,
3944,1626179,Terry,Rozier,1994-03-17,USA,185,86,2,2,f,2015,1,16
4026,78072,Bob,Schafer,,,,,,,f,,,
4028,78073,Ben,Scharnus,,,,,,,f,,,
4029,78074,Marv,Schatzman,,,,,,,f,,,
4030,78075,Fred,Schaus,,,,,,,f,,,
4031,7,Dan,Schayes,,,,,,,f,,,
4032,78076,Dolph,Schayes,,,,,,,f,,,
4033,78078,Ossie,Schectman,,,,,,,f,,,
4034,88,Steve,Scheffler,,,,,,,f,,,
4035,78080,Tom,Scheffler,,,,,,,f,,,
4036,1631248,Baylor,Scheierman,,,,,,,t,,,
4037,78081,Dave,Schellhase,,,,,,,f,,,
4038,101195,Luke,Schenscher,,,,,,,f,,,
4039,78082,Herb,Scherer,,,,,,,f,,,
4040,368,Dwayne,Schintzius,,,,,,,f,,,
4041,78084,Dale,Schlueter,,,,,,,f,,,
4042,78085,Otto,Schnellbacher,,,,,,,f,,,
4043,78086,Dick,Schnittker,,,,,,,f,,,
4044,78087,Russ,Schoene,,,,,,,f,,,
4046,78088,Dave,Scholz,,,,,,,f,,,
4047,78089,Milt,Schoon,,,,,,,f,,,
4048,96,Detlef,Schrempf,,,,,,,f,,,
4050,78091,Howie,Schultz,,,,,,,f,,,
4051,78092,Dick,Schulz,,,,,,,f,,,
4052,78093,John,Schweitz,,,,,,,f,,,
4053,2449,Luis,Scola,,,,,,,f,,,
4054,78094,Freddie,Scolari,,,,,,,f,,,
4055,78095,Alvin,Scott,,,,,,,f,,,
4056,1064,Brent,Scott,,,,,,,f,,,
4057,2,Byron,Scott,,,,,,,f,,,
4058,78097,Charlie,Scott,,,,,,,f,,,
4059,192,Dennis,Scott,,,,,,,f,,,
4060,1109,James,Scott,,,,,,,f,,,
4062,78100,Ray,Scott,,,,,,,f,,,
4063,1035,Shawnelle,Scott,,,,,,,f,,,
4066,78102,Carey,Scurry,,,,,,,f,,,
4068,78103,Bruce,Seals,,,,,,,f,,,
4069,1578,Shea,Seals,,,,,,,f,,,
4070,907,Malik,Sealy,,,,,,,f,,,
4071,78105,Ed,Searcy,,,,,,,f,,,
4072,78106,Ken,Sears,,,,,,,f,,,
4073,1641813,Mark,Sears,,,,,,,f,,,
4074,78107,Wayne,See,,,,,,,f,,,
4076,938,Rony,Seikaly,,,,,,,f,,,
4077,78109,Glen,Selbo,,,,,,,f,,,
3983,1629677,Luka,Samanic,2000-01-09,Croatia,208,103,3,19,f,2019,1,19
4064,1630286,Trevon,Scott,1996-11-25,USA,203,102,3,,f,,,
4008,1630846,Olivier,Sarr,1999-02-20,France,208,109,5,33,t,,,
3913,1631157,Ryan,Rollins,2002-07-03,USA,190,82,2,13,t,2022,2,44
3990,1631257,Jermaine,Samuels Jr.,1998-11-13,USA,198,104,3,0,f,,,
3958,1641712,Rayan,Rupert,2004-05-31,France,201,93,2,21,t,2023,2,43
4078,202729,Josh,Selby,,,,,,,f,,,
4080,78110,Brad,Sellers,,,,,,,f,,,
4081,78111,Phil,Sellers,,,,,,,f,,,
4082,78112,Rollie,Seltz,,,,,,,f,,,
4083,78113,Frank,Selvy,,,,,,,f,,,
4084,78114,Jim,Seminoff,,,,,,,f,,,
4085,200754,Mouhamed,Sene,,,,,,,f,,,
4086,78115,George,Senesky,,,,,,,f,,,
4089,202338,Kevin,Seraphin,,,,,,,f,,,
4090,1738,Ansu,Sesay,,,,,,,f,,,
4091,201196,Ramon,Sessions,,,,,,,f,,,
4092,78116,Tom,Sewell,,,,,,,f,,,
4094,78117,Paul,Seymour,,,,,,,f,,,
4095,78118,Nick,Shaback,,,,,,,f,,,
4096,1593,Charles,Shackleford,,,,,,,f,,,
4097,78120,Carl,Shaeffer,,,,,,,f,,,
4098,78121,Lee,Shaffer,,,,,,,f,,,
4099,201203,Mustafa,Shakur,,,,,,,f,,,
4101,1539,God,Shammgod,,,,,,,f,,,
4102,78123,Earl,Shannon,,,,,,,f,,,
4103,78124,Howie,Shannon,,,,,,,f,,,
4104,1630545,Terrence,Shannon Jr.,,,,,,,t,,,
4105,78125,Charlie,Share,,,,,,,f,,,
4106,78126,Bill,Sharman,,,,,,,f,,,
4109,201594,Walter,Sharpe,,,,,,,f,,,
4110,1117,John,Shasky,,,,,,,f,,,
4111,78128,Ron,Shavlik,,,,,,,f,,,
4112,216,Brian,Shaw,,,,,,,f,,,
4113,1745,Casey,Shaw,,,,,,,f,,,
4115,78130,Bob,Shea,,,,,,,f,,,
4116,1642347,Jamal,Shead,,,,,,,t,,,
4117,78131,Fred,Sheffield,,,,,,,f,,,
4118,78132,Craig,Shelton,,,,,,,f,,,
4119,78133,Lonnie,Shelton,,,,,,,f,,,
4120,203129,Tornike,Shengelia,,,,,,,f,,,
4122,1852,Jeff,Sheppard,,,,,,,f,,,
4123,1642263,Reed,Sheppard,,,,,,,t,,,
4124,78135,Steve,Sheppard,,,,,,,f,,,
4125,78136,Edmund,Sherod,,,,,,,f,,,
4126,78653,Charlie,Shipp,,,,,,,f,,,
4127,2321,Paul,Shirley,,,,,,,f,,,
4128,78138,Gene,Short,,,,,,,f,,,
4129,78139,Purvis,Short,,,,,,,f,,,
4130,78140,Dexter,Shouse,,,,,,,f,,,
4131,78141,Dick,Shrider,,,,,,,f,,,
4132,78142,Gene,Shue,,,,,,,f,,,
4133,1642917,Max,Shulga,,,,,,,t,,,
4134,78143,John,Shumate,,,,,,,f,,,
4136,203144,Alexey,Shved,,,,,,,f,,,
4138,1626296,Jordan,Sibert,,,,,,,f,,,
4139,78144,Sam,Sibert,,,,,,,f,,,
4140,78145,Mark,Sibley,,,,,,,f,,,
4141,78146,Jerry,Sichting,,,,,,,f,,,
4142,78147,Larry,Siegfried,,,,,,,f,,,
4143,78148,Ralph,Siewert,,,,,,,f,,,
4061,203118,Mike,Scott,1988-07-16,USA,201,108,3,1,f,2012,2,43
4049,203471,Dennis,Schröder,1993-09-15,Germany,185,79,2,8,t,2013,1,17
4079,1627782,Wayne,Selden,1994-09-30,USA,193,105,2,,f,2016,,
4145,78150,James,Silas,,,,,,,f,,,
4146,78151,Paul,Silas,,,,,,,f,,,
4147,202918,Xavier,Silas,,,,,,,f,,,
4148,202081,Garret,Siler,,,,,,,f,,,
4149,78152,Mike,Silliman,,,,,,,f,,,
4151,101134,Wayne,Simien,,,,,,,f,,,
4153,2250,Bobby,Simmons,,,,,,,f,,,
4154,200759,Cedric,Simmons,,,,,,,f,,,
4155,78153,Connie,Simmons,,,,,,,f,,,
4156,78154,Johnny,Simmons,,,,,,,f,,,
4157,203613,Jonathon,Simmons,,,,,,,f,,,
4159,1489,Lionel,Simmons,,,,,,,f,,,
4160,1750,Miles,Simon,,,,,,,f,,,
4163,54,Dickey,Simpkins,,,,,,,f,,,
4164,202067,Diamon,Simpson,,,,,,,f,,,
4165,1642354,KJ,Simpson,,,,,,,t,,,
4166,78157,Ralph,Simpson,,,,,,,f,,,
4168,1591,Alvin,Sims,,,,,,,f,,,
4169,78160,Bob,Sims,,,,,,,f,,,
4170,201235,Courtney,Sims,,,,,,,f,,,
4171,78159,Doug,Sims,,,,,,,f,,,
4172,203156,Henry,Sims,,,,,,,f,,,
4173,1631301,Jaylen,Sims,,,,,,,f,,,
4175,78161,Scott,Sims,,,,,,,f,,,
4176,202713,Kyle,Singler,,,,,,,f,,,
4177,201606,Sean,Singletary,,,,,,,f,,,
4178,202698,Chris,Singleton,,,,,,,f,,,
4179,101189,James,Singleton,,,,,,,f,,,
4180,78162,Mckinley,Singleton,,,,,,,f,,,
4181,78163,Zeke,Sinicola,,,,,,,f,,,
4183,78164,Charlie,Sitton,,,,,,,f,,,
4184,203491,Peyton,Siva,,,,,,,f,,,
4186,101,Scott,Skiles,,,,,,,f,,,
4187,78167,Al,Skinner,,,,,,,f,,,
4188,1730,Brian,Skinner,,,,,,,f,,,
4189,78168,Talvin,Skinner,,,,,,,f,,,
4190,78169,Whitey,Skoog,,,,,,,f,,,
4191,78170,Jeff,Slade,,,,,,,f,,,
4192,1073,Reggie,Slater,,,,,,,f,,,
4193,78171,Jim,Slaughter,,,,,,,f,,,
4194,78172,Jose,Slaughter,,,,,,,f,,,
4196,2447,Tamar,Slay,,,,,,,f,,,
4197,202388,Donald,Sloan,,,,,,,f,,,
4198,78173,Jerry,Sloan,,,,,,,f,,,
4199,101166,Uros,Slokar,,,,,,,f,,,
4200,78174,Tom,Sluby,,,,,,,f,,,
4202,1642914,Javon,Small,,,,,,,t,,,
4204,78175,Keith,Smart,,,,,,,f,,,
4206,78176,Belus,Smawley,,,,,,,f,,,
4207,78177,Jack,Smiley,,,,,,,f,,,
4208,78178,Adrian,Smith,,,,,,,f,,,
4209,78207,Bill,Smith,,,,,,,f,,,
4210,78209,Bill,Smith,,,,,,,f,,,
4211,78202,Bingo,Smith,,,,,,,f,,,
4212,78203,Bobby,Smith,,,,,,,f,,,
4213,293,Charles,Smith,,,,,,,f,,,
4214,1520,Charles,Smith,,,,,,,f,,,
4215,78179,Charles,Smith,,,,,,,f,,,
4216,1814,Chris,Smith,,,,,,,f,,,
4217,203147,Chris,Smith,,,,,,,f,,,
4218,78181,Clinton,Smith,,,,,,,f,,,
4137,1627783,Pascal,Siakam,1994-04-02,Cameroon,203,111,3,43,t,2016,1,27
4065,1630206,Jay,Scrubb,2000-09-01,USA,196,100,2,,f,2020,2,55
4167,1630285,Zavier,Simpson,1997-02-11,USA,183,86,2,,f,,,
4087,1630578,Alperen,Sengun,2002-07-25,Turkey,211,110,5,28,t,2021,1,16
4027,1630648,Jordan,Schakel,1998-06-13,USA,198,91,2,,f,,,
4108,1631101,Shaedon,Sharpe,2003-05-30,Canada,196,95,2,17,t,2022,1,7
4185,1631376,Dmytro,Skapintsev,1998-05-12,Ukraine,216,98,5,,f,,,
4121,1641767,Ben,Sheppard,2001-07-16,USA,198,86,2,26,t,2023,1,26
4219,200783,Craig,Smith,,,,,,,f,,,
4220,78182,Deb,Smith,,,,,,,f,,,
4221,78183,Derek,Smith,,,,,,,f,,,
4222,78184,Don,Smith,,,,,,,f,,,
4223,78185,Donald,Smith,,,,,,,f,,,
4224,2764,Donta,Smith,,,,,,,f,,,
4225,475,Doug,Smith,,,,,,,f,,,
4227,78187,Ed,Smith,,,,,,,f,,,
4228,78188,Elmore,Smith,,,,,,,f,,,
4229,78189,Garfield,Smith,,,,,,,f,,,
4230,78190,Greg,Smith,,,,,,,f,,,
4231,202962,Greg,Smith,,,,,,,f,,,
4234,2074,Jabari,Smith,,,,,,,f,,,
4236,201160,Jason,Smith,,,,,,,f,,,
4237,202536,Jerry,Smith,,,,,,,f,,,
4238,78191,Jim,Smith,,,,,,,f,,,
4239,693,Joe,Smith,,,,,,,f,,,
4240,2746,Josh,Smith,,,,,,,f,,,
4241,78192,Keith,Smith,,,,,,,f,,,
4242,181,Kenny,Smith,,,,,,,f,,,
4243,78194,Labradford,Smith,,,,,,,f,,,
4244,78195,Larry,Smith,,,,,,,f,,,
4245,1910,Leon,Smith,,,,,,,f,,,
4246,1641869,Malachi,Smith,,,,,,,t,,,
4247,63,Michael,Smith,,,,,,,f,,,
4248,78197,Michael,Smith,,,,,,,f,,,
4249,2065,Mike,Smith,,,,,,,f,,,
4250,202701,Nolan,Smith,,,,,,,f,,,
4251,78198,Otis,Smith,,,,,,,f,,,
4252,78199,Phil,Smith,,,,,,,f,,,
4253,78200,Randy,Smith,,,,,,,f,,,
4254,78201,Reggie,Smith,,,,,,,f,,,
4255,78204,Robert,Smith,,,,,,,f,,,
4256,203893,Russ,Smith,,,,,,,f,,,
4257,78205,Sammy,Smith,,,,,,,f,,,
4258,120,Steven,Smith,,,,,,,f,,,
4259,200848,Steven,Smith,,,,,,,f,,,
4260,1478,Stevin,Smith,,,,,,,f,,,
4262,2604,Theron,Smith,,,,,,,f,,,
4232,202397,Ish,Smith,1988-07-05,USA,183,79,2,,f,,,
4152,1627732,Ben,Simmons,1996-07-20,Australia,208,109,2,25,f,2016,1,1
4265,1641890,Tyler,Smith,,,,,,,t,,,
4266,78208,Willie,Smith,,,,,,,f,,,
4271,22,Rik,Smits,,,,,,,f,,,
4272,1091,Mike,Smrek,,,,,,,f,,,
4273,78212,Joe,Smyth,,,,,,,f,,,
4276,727,Eric,Snow,,,,,,,f,,,
4277,78213,Dick,Snyder,,,,,,,f,,,
4278,2745,Kirk,Snyder,,,,,,,f,,,
4279,78214,George,Sobek,,,,,,,f,,,
4280,78215,Ricky,Sobers,,,,,,,f,,,
4281,78216,Ron,Sobie,,,,,,,f,,,
4283,78217,Mike,Sojourner,,,,,,,f,,,
4284,2226,Will,Solomon,,,,,,,f,,,
4285,78219,Willie,Somerset,,,,,,,f,,,
4286,2443,Darius,Songaila,,,,,,,f,,,
4287,1642850,Thomas,Sorber,,,,,,,t,,,
4288,78220,Dave,Sorenson,,,,,,,f,,,
4289,203480,James,Southerland,,,,,,,f,,,
4290,78221,Gino,Sovran,,,,,,,f,,,
4291,2776,Pape,Sow,,,,,,,f,,,
4293,78222,Jim,Spanarkel,,,,,,,f,,,
4294,2779,Vassilis,Spanoulis,,,,,,,f,,,
4295,78223,Guy,Sparrow,,,,,,,f,,,
4296,600009,Rory,Sparrow,,,,,,,f,,,
4297,78225,Odie,Spears,,,,,,,f,,,
4298,78226,Art,Spector,,,,,,,f,,,
4299,201578,Marreese,Speights,,,,,,,f,,,
4301,78227,Andre,Spencer,,,,,,,f,,,
4302,1642285,Cam,Spencer,,,,,,,t,,,
4303,771,Elmore,Spencer,,,,,,,f,,,
4304,280,Felton,Spencer,,,,,,,f,,,
4306,78230,Lou,Spicer,,,,,,,f,,,
4307,78231,Craig,Spitzer,,,,,,,f,,,
4308,201168,Tiago,Splitter,,,,,,,f,,,
4309,78232,Art,Spoelstra,,,,,,,f,,,
4310,84,Latrell,Sprewell,,,,,,,f,,,
4311,78233,Larry,Spriggs,,,,,,,f,,,
4313,78234,Jim,Springer,,,,,,,f,,,
4314,78235,Jim,Spruill,,,,,,,f,,,
4315,1756,Ryan,Stack,,,,,,,f,,,
4316,711,Jerry,Stackhouse,,,,,,,f,,,
4317,78237,Kevin,Stacom,,,,,,,f,,,
4318,78238,Dave,Stallworth,,,,,,,f,,,
4319,78239,Isaac,Stallworth,,,,,,,f,,,
4320,78240,Ed,Stanczak,,,,,,,f,,,
4322,78241,Terence,Stansbury,,,,,,,f,,,
4323,317,John,Starks,,,,,,,f,,,
4324,78243,Keith,Starr,,,,,,,f,,,
4326,78244,Larry,Staverman,,,,,,,f,,,
4327,78245,Larry,Steele,,,,,,,f,,,
4328,1099,Matt,Steigenga,,,,,,,f,,,
4329,1735,Vladimir,Stepania,,,,,,,f,,,
4330,203474,DJ,Stephens,,,,,,,f,,,
4331,78247,Everette,Stephens,,,,,,,f,,,
4332,78249,Jack,Stephens,,,,,,,f,,,
4333,1086,Joe,Stephens,,,,,,,f,,,
4335,1627293,Alex,Stepheson,,,,,,,f,,,
4336,78250,Brook,Steppe,,,,,,,f,,,
4337,78251,Barry,Stevens,,,,,,,f,,,
4338,1641815,Isaiah,Stevens,,,,,,,t,,,
4340,78252,Wayne,Stevens,,,,,,,f,,,
4341,2052,DeShawn,Stevenson,,,,,,,f,,,
4343,78253,Dennis,Stewart,,,,,,,f,,,
4345,1529,Kebu,Stewart,,,,,,,f,,,
4346,1125,Larry,Stewart,,,,,,,f,,,
4347,1565,Michael,Stewart,,,,,,,f,,,
4348,78256,Norm,Stewart,,,,,,,f,,,
4349,201880,Greg,Stiemsma,,,,,,,f,,,
4350,78257,Steve,Stipanovich,,,,,,,f,,,
4351,179,Bryant,Stith,,,,,,,f,,,
4352,78259,Sam,Stith,,,,,,,f,,,
4353,78260,Tom,Stith,,,,,,,f,,,
4354,78261,Alex,Stivrins,,,,,,,f,,,
4355,204065,David,Stockton,,,,,,,f,,,
4356,304,John,Stockton,,,,,,,f,,,
4357,978,Peja,Stojakovic,,,,,,,f,,,
4358,1055,Ed,Stokes,,,,,,,f,,,
4359,78264,Greg,Stokes,,,,,,,f,,,
4360,203950,Jarnell,Stokes,,,,,,,f,,,
4361,600016,Maurice,Stokes,,,,,,,f,,,
4158,1628424,Kobi,Simmons,1997-07-04,USA,196,82,2,,f,,,
4161,1630250,Marko,Simonovic,1999-10-15,Montenegro,213,100,5,19,f,2020,2,44
4174,1630579,Jericho,Sims,1998-10-20,USA,208,113,5,0,t,2021,2,58
4203,1630606,Javonte,Smart,1999-06-03,USA,193,93,2,,f,,,
4226,1630696,Dru,Smith,1997-12-30,USA,188,92,2,12,t,,,
4261,1631173,Terquavion,Smith,2002-12-31,USA,193,73,2,23,f,,,
4195,1641771,Jalen,Slawson,1999-10-22,USA,201,98,3,18,t,2023,2,54
4362,78266,Art,Stolkey,,,,,,,f,,,
4363,1627754,Diamond,Stone,,,,,,,f,,,
4364,202933,Julyan,Stone,,,,,,,f,,,
4365,2852,Awvee,Storey,,,,,,,f,,,
4366,757,Damon,Stoudamire,,,,,,,f,,,
4367,101136,Salim,Stoudamire,,,,,,,f,,,
4368,2405,Amar'e,Stoudemire,,,,,,,f,,,
4369,78267,Paul,Stovall,,,,,,,f,,,
4370,201199,DJ,Strawberry,,,,,,,f,,,
4371,78268,Joe,Strawder,,,,,,,f,,,
4373,78269,Bill,Stricker,,,,,,,f,,,
4374,1065,Erick,Strickland,,,,,,,f,,,
4375,1110,Mark,Strickland,,,,,,,f,,,
4376,393,Rod,Strickland,,,,,,,f,,,
4377,78270,Roger,Strickland,,,,,,,f,,,
4378,78271,John,Stroeder,,,,,,,f,,,
4379,400,Derek,Strong,,,,,,,f,,,
4325,203917,Nik,Stauskas,1993-10-07,Canada,198,94,2,13,f,2014,1,8
4321,1630199,Cassius,Stanley,1999-08-18,USA,196,86,2,,f,2020,2,54
4275,203503,Tony,Snell,1991-11-10,USA,198,97,2,21,f,2013,1,20
4381,78274,John,Stroud,,,,,,,f,,,
4383,201155,Rodney,Stuckey,,,,,,,f,,,
4384,78275,Gene,Stump,,,,,,,f,,,
4385,78276,Stan,Stutz,,,,,,,f,,,
4387,78277,Gary,Suiter,,,,,,,f,,,
4388,203096,Jared,Sullinger,,,,,,,f,,,
4389,201969,DaJuan,Summers,,,,,,,f,,,
4391,78654,Barry,Sumpter,,,,,,,f,,,
4392,201180,Sun,Sun,,,,,,,f,,,
4393,78278,Don,Sunderlage,,,,,,,f,,,
4394,1743,Bruno,Sundov,,,,,,,f,,,
4395,78279,Jon,Sundvold,,,,,,,f,,,
4396,682,Bob,Sura,,,,,,,f,,,
4397,78280,Dick,Surhoff,,,,,,,f,,,
4398,78281,Dane,Suttle,,,,,,,f,,,
4399,357,Greg,Sutton,,,,,,,f,,,
4400,78283,Bennie,Swain,,,,,,,f,,,
4402,78284,Norm,Swanson,,,,,,,f,,,
4403,78285,Dan,Swartz,,,,,,,f,,,
4404,2552,Michael,Sweetney,,,,,,,f,,,
4406,2741,Robert,Swift,,,,,,,f,,,
4407,2031,Stromile,Swift,,,,,,,f,,,
4408,78286,Aaron,Swinson,,,,,,,f,,,
4410,202377,Pape,Sy,,,,,,,f,,,
4411,78287,Wallace,Sydnor,,,,,,,f,,,
4413,1132,Larry,Sykes,,,,,,,f,,,
4414,1136,Brett,Szabo,,,,,,,f,,,
4415,1887,Wally,Szczerbiak,,,,,,,f,,,
4416,440,Zan,Tabak,,,,,,,f,,,
4417,2657,Yuta,Tabuse,,,,,,,f,,,
4418,101147,Chris,Taft,,,,,,,f,,,
4419,78291,Sid,Tannenbaum,,,,,,,f,,,
4420,1434,Dragan,Tarlac,,,,,,,f,,,
4421,78293,Roy,Tarpley,,,,,,,f,,,
4423,78294,Earl,Tatum,,,,,,,f,,,
4425,204002,Edy,Tavares,,,,,,,f,,,
4426,78295,Anthony,Taylor,,,,,,,f,,,
4427,78296,Brian,Taylor,,,,,,,f,,,
4428,101182,Donell,Taylor,,,,,,,f,,,
4429,78298,Fred,Taylor,,,,,,,f,,,
4430,1627819,Isaiah,Taylor,,,,,,,f,,,
4431,78297,Jay,Taylor,,,,,,,f,,,
4432,78299,Jeff,Taylor,,,,,,,f,,,
4433,203106,Jeffery,Taylor,,,,,,,f,,,
4434,201966,Jermaine,Taylor,,,,,,,f,,,
4435,1511,Johnny,Taylor,,,,,,,f,,,
4436,78301,Leonard,Taylor,,,,,,,f,,,
4437,1508,Maurice,Taylor,,,,,,,f,,,
4438,201446,Mike,Taylor,,,,,,,f,,,
4439,78302,Roland,Taylor,,,,,,,f,,,
4441,203116,Tyshawn,Taylor,,,,,,,f,,,
4442,78303,Vince,Taylor,,,,,,,f,,,
4443,78304,Terry,Teagle,,,,,,,f,,,
4445,203104,Marquis,Teague,,,,,,,f,,,
4446,203141,Mirza,Teletovic,,,,,,,f,,,
4447,2742,Sebastian,Telfair,,,,,,,f,,,
4448,1643141,Jahmyl,Telfort,,,,,,,f,,,
4450,1628462,Milos,Teodosic,,,,,,,f,,,
4451,78305,Ira,Terrell,,,,,,,f,,,
4452,1629123,Jared,Terrell,,,,,,,f,,,
4453,78307,Carlos,Terry,,,,,,,f,,,
4454,78306,Chuck,Terry,,,,,,,f,,,
4455,78308,Claude,Terry,,,,,,,f,,,
4458,1891,Jason,Terry,,,,,,,f,,,
4461,201934,Hasheem,Thabeet,,,,,,,f,,,
4462,78309,Tom,Thacker,,,,,,,f,,,
4464,78310,Reggie,Theus,,,,,,,f,,,
4465,78311,Peter,Thibeaux,,,,,,,f,,,
4466,78312,Bill,Thieben,,,,,,,f,,,
4467,1642876,Adou,Thiero,,,,,,,t,,,
4468,78313,Justus,Thigpen,,,,,,,f,,,
4469,78314,David,Thirdkill,,,,,,,f,,,
4470,203519,Adonis,Thomas,,,,,,,f,,,
4471,2873,Billy,Thomas,,,,,,,f,,,
4474,1063,Carl,Thomas,,,,,,,f,,,
4475,78316,Charles,Thomas,,,,,,,f,,,
4476,2041,Etan,Thomas,,,,,,,f,,,
4477,78317,Irving,Thomas,,,,,,,f,,,
4479,78318,Isiah,Thomas,,,,,,,f,,,
4480,1975,Jamel,Thomas,,,,,,,f,,,
4481,2839,James,Thomas,,,,,,,f,,,
4482,78320,Jim,Thomas,,,,,,,f,,,
4483,78321,Joe,Thomas,,,,,,,f,,,
4484,1519,John,Thomas,,,,,,,f,,,
4485,1903,Kenny,Thomas,,,,,,,f,,,
4487,703,Kurt,Thomas,,,,,,,f,,,
4489,202952,Malcolm,Thomas,,,,,,,f,,,
4491,78322,Terry,Thomas,,,,,,,f,,,
4492,1501,Tim,Thomas,,,,,,,f,,,
4493,200748,Tyrus,Thomas,,,,,,,f,,,
4494,202717,Trey,Thompkins,,,,,,,f,,,
4497,78323,Bernard,Thompson,,,,,,,f,,,
4498,1631,Billy,Thompson,,,,,,,f,,,
4463,1628464,Daniel,Theis,1992-04-04,Germany,203,111,4,,f,,,
4409,1628591,Craig,Sword,1994-01-16,USA,190,89,2,,f,,,
4382,1629622,Max,Strus,1996-03-28,USA,196,98,2,2,t,,,
4267,1629015,Zhaire,Smith,1999-06-04,USA,190,93,2,5,f,2018,1,16
4457,1629150,Emanuel,Terry,1996-08-21,USA,206,100,3,,f,,,
4339,1630205,Lamar,Stevens,1997-07-09,USA,201,104,3,8,f,,,
4274,1630270,Xavier,Sneed,1997-12-21,USA,196,98,3,19,f,,,
4312,1630531,Jaden,Springer,2002-09-25,USA,193,92,2,11,f,2021,1,28
4460,1630257,Jon,Teske,1997-05-04,USA,216,120,5,,f,,,
4305,1630311,Pat,Spencer,1996-07-04,USA,188,93,2,61,t,,,
4342,1630597,DJ,Stewart,1999-07-28,USA,196,93,2,18,f,,,
4449,202066,Garrett,Temple,1986-05-08,USA,196,88,2,17,t,,,
4578,1629019,Allonzo,Trier,1996-01-17,USA,193,91,2,,f,2018,,
4500,78325,Corny,Thompson,,,,,,,f,,,
4501,78326,David,Thompson,,,,,,,f,,,
4502,101159,Dijon,Thompson,,,,,,,f,,,
4503,1630679,Ethan,Thompson,,,,,,,t,,,
4504,78327,George,Thompson,,,,,,,f,,,
4505,203138,Hollis,Thompson,,,,,,,f,,,
4506,201574,Jason,Thompson,,,,,,,f,,,
4507,78328,John,Thompson,,,,,,,f,,,
4508,78329,Kevin,Thompson,,,,,,,f,,,
4510,78,LaSalle,Thompson,,,,,,,f,,,
4511,78331,Mychal,Thompson,,,,,,,f,,,
4512,202814,Mychel,Thompson,,,,,,,f,,,
4513,78332,Paul,Thompson,,,,,,,f,,,
4514,78333,Stephen,Thompson,,,,,,,f,,,
4517,78335,Rod,Thorn,,,,,,,f,,,
4518,201154,Al,Thornton,,,,,,,f,,,
4519,738,Bob,Thornton,,,,,,,f,,,
4520,201977,Marcus,Thornton,,,,,,,f,,,
4522,901,Otis,Thorpe,,,,,,,f,,,
4523,9,Sedale,Threatt,,,,,,,f,,,
4524,600001,Nate,Thurmond,,,,,,,f,,,
4525,78340,Mel,Thurston,,,,,,,f,,,
4527,78341,Howard,Tidrick,,,,,,,f,,,
4528,78342,Dan,Tieman,,,,,,,f,,,
4530,78343,Darren,Tillis,,,,,,,f,,,
4532,1631166,Drew,Timme,,,,,,,t,,,
4533,78344,Jack,Tingle,,,,,,,f,,,
4534,2224,Jamaal,Tinsley,,,,,,,f,,,
4535,47,Wayman,Tisdale,,,,,,,f,,,
4536,1627861,Mike,Tobey,,,,,,,f,,,
4538,78346,Marko,Todorovich,,,,,,,f,,,
4539,78348,Ray,Tolbert,,,,,,,f,,,
4540,78347,Tom,Tolbert,,,,,,,f,,,
4542,78349,Dean,Tolson,,,,,,,f,,,
4543,78350,Rudy,Tomjanovich,,,,,,,f,,,
4544,1641772,Nae'Qwan,Tomlin,,,,,,,t,,,
4545,78351,Andrew,Toney,,,,,,,f,,,
4546,78352,Sedric,Toney,,,,,,,f,,,
4547,1642910,John,Tonje,,,,,,,t,,,
4548,78353,Andy,Tonkovich,,,,,,,f,,,
4549,342,Andy,Toolson,,,,,,,f,,,
4550,78355,Jack,Toomay,,,,,,,f,,,
4551,78356,Bernard,Toone,,,,,,,f,,,
4552,1642260,Nikola,Topić,,,,,,,t,,,
4555,78357,Irv,Torgoff,,,,,,,f,,,
4556,78358,Gene,Tormohlen,,,,,,,f,,,
4557,2351,Oscar,Torres,,,,,,,f,,,
4559,78359,Bill,Tosheff,,,,,,,f,,,
4560,78360,Bob,Tough,,,,,,,f,,,
4562,78361,Monte,Towe,,,,,,,f,,,
4563,700,Keith,Tower,,,,,,,f,,,
4564,78363,William,Towery,,,,,,,f,,,
4565,78364,Linton,Townes,,,,,,,f,,,
4567,78365,Raymond,Townsend,,,,,,,f,,,
4568,1642422,Armel,Traore,,,,,,,f,,,
4569,1642849,Nolan,Traore,,,,,,,t,,,
4570,78366,George,Trapp,,,,,,,f,,,
4571,78367,John,Trapp,,,,,,,f,,,
4572,1631247,Luke,Travers,,,,,,,f,,,
4573,1714,Robert,Traylor,,,,,,,f,,,
4574,718,Gary,Trent,,,,,,,f,,,
4576,2244,Jeff,Trepagnier,,,,,,,f,,,
4577,78651,John,Tresvant,,,,,,,f,,,
4579,78368,Dick,Triptow,,,,,,,f,,,
4580,78369,Kelly,Tripucka,,,,,,,f,,,
4581,2456,Cezary,Trybanski,,,,,,,f,,,
4582,2054,Jake,Tsakalidis,,,,,,,f,,,
4583,78370,John,Tschogl,,,,,,,f,,,
4585,78371,Lou,Tsioropoulos,,,,,,,f,,,
4586,2401,Nikoloz,Tskitishvili,,,,,,,f,,,
4587,78372,Al,Tucker,,,,,,,f,,,
4588,201169,Alando,Tucker,,,,,,,f,,,
4589,141,Anthony,Tucker,,,,,,,f,,,
4590,78374,Jim,Tucker,,,,,,,f,,,
4593,78375,Trent,Tucker,,,,,,,f,,,
4594,101142,Ronny,Turiaf,,,,,,,f,,,
4595,1726,Mirsad,Turkcan,,,,,,,f,,,
4596,2045,Hedo,Turkoglu,,,,,,,f,,,
4597,78377,Andre,Turner,,,,,,,f,,,
4598,78385,Bill,Turner,,,,,,,f,,,
4599,78378,Elston,Turner,,,,,,,f,,,
4601,78379,Henry,Turner,,,,,,,f,,,
4602,78380,Jack,Turner,,,,,,,f,,,
4603,78382,Jack,Turner,,,,,,,f,,,
4604,78381,Jeff,Turner,,,,,,,f,,,
4605,1819,John,Turner,,,,,,,f,,,
4607,1943,Wayne,Turner,,,,,,,f,,,
4608,78386,Mel,Turpin,,,,,,,f,,,
4609,78387,Dave,Twardzik,,,,,,,f,,,
4610,78388,Jack,Twyman,,,,,,,f,,,
4611,189,B.J.,Tyler,,,,,,,f,,,
4612,202719,Jeremy,Tyler,,,,,,,f,,,
4613,78390,Terry,Tyler,,,,,,,f,,,
4614,78391,Charlie,Tyra,,,,,,,f,,,
4616,1642281,Jaylon,Tyson,,,,,,,t,,,
4509,202691,Klay,Thompson,1990-02-08,USA,196,100,2,31,t,2011,1,11
4591,200782,P.J.,Tucker,1985-05-05,USA,196,111,3,,f,2006,2,35
4566,1626157,Karl-Anthony,Towns,1995-11-15,USA,213,112,5,32,t,2015,1,1
4561,1626253,Axel,Toupane,1992-07-23,France,201,95,2,66,f,,,
4401,1628403,Caleb,Swanigan,1997-04-18,USA,206,118,3,50,f,2017,1,26
4618,202327,Ekpe,Udoh,,,,,,,f,,,
4619,2137,Ime,Udoka,,,,,,,f,,,
4529,1629681,Killian,Tillie,1998-03-05,France,206,100,4,35,f,,,
4490,1629744,Matt,Thomas,1994-08-04,USA,190,86,2,21,f,,,
4575,1629018,Gary,Trent Jr.,1999-01-18,USA,196,93,2,5,t,2018,2,37
4526,1629680,Matisse,Thybulle,1997-03-04,USA,196,92,2,4,t,2019,1,20
4422,1630256,Jae'Sean,Tate,1995-10-28,USA,193,104,3,8,t,,,
4592,1629730,Rayjon,Tucker,1997-09-24,USA,190,95,2,59,f,,,
4554,1630167,Obi,Toppin,1998-03-04,USA,206,100,3,1,t,2020,1,8
4459,1630179,Tyrell,Terry,2000-09-28,USA,188,73,2,3,f,2020,2,31
4537,1630225,Isaiah,Todd,2001-10-17,USA,206,99,3,14,f,2021,2,31
4516,1630550,JT,Thor,2002-08-26,USA,206,92,3,21,f,2021,2,37
4440,1630678,Terry,Taylor,1999-09-23,USA,193,104,3,,f,,,
4456,1631207,Dalen,Terry,2002-07-12,USA,198,95,3,14,t,2022,1,18
4553,1631210,Jacob,Toppin,2000-05-08,USA,206,91,3,,f,,,
4405,1631306,Cole,Swider,1999-05-08,USA,203,100,3,,f,,,
4495,1641708,Amen,Thompson,2003-01-30,USA,201,91,2,1,t,2023,1,4
4496,1641709,Ausar,Thompson,2003-01-30,USA,201,93,2,9,t,2023,1,5
4615,1641816,Hunter,Tyson,2000-06-13,USA,203,98,3,,f,2023,2,37
4620,2757,Beno,Udrih,,,,,,,f,,,
4621,101146,Roko,Ukic,,,,,,,f,,,
4622,1627755,Tyler,Ulis,,,,,,,f,,,
4624,78392,Wes,Unseld,,,,,,,f,,,
4625,78393,Hal,Uplinger,,,,,,,f,,,
4626,78394,Kelvin,Upshaw,,,,,,,f,,,
4628,202386,Ben,Uzoh,,,,,,,f,,,
4629,201987,Robert,Vaden,,,,,,,f,,,
4631,78395,Darnell,Valentine,,,,,,,f,,,
4633,78396,Ron,Valentine,,,,,,,f,,,
4634,78397,John,Vallely,,,,,,,f,,,
4635,78398,Dick,Van Arsdale,,,,,,,f,,,
4636,78399,Tom,Van Arsdale,,,,,,,f,,,
4637,78401,Butch,Van Breda Kolff,,,,,,,f,,,
4638,78400,Jan,Van Breda Kolff,,,,,,,f,,,
4639,89,Nick,Van Exel,,,,,,,f,,,
4640,1496,Keith,Van Horn,,,,,,,f,,,
4641,78406,Norm,Van Lier,,,,,,,f,,,
4643,78402,Gene,Vance,,,,,,,f,,,
4644,78403,Log,Vander Velden,,,,,,,f,,,
4646,78405,Ernie,Vandeweghe,,,,,,,f,,,
4647,78404,Kiki,Vandeweghe,,,,,,,f,,,
4648,78407,Nick,Vanos,,,,,,,f,,,
4649,2128,David,Vanterpool,,,,,,,f,,,
4650,2237,Ratko,Varda,,,,,,,f,,,
4652,202363,Jarvis,Varnado,,,,,,,f,,,
4653,202349,Greivis,Vasquez,,,,,,,f,,,
4655,78409,Charles,Vaughn,,,,,,,f,,,
4656,710,David,Vaughn,,,,,,,f,,,
4657,1521,Jacque,Vaughn,,,,,,,f,,,
4658,1626173,Rashad,Vaughn,,,,,,,f,,,
4659,78411,Virgil,Vaughn,,,,,,,f,,,
4660,919,Loy,Vaught,,,,,,,f,,,
4661,78413,Bob,Verga,,,,,,,f,,,
4662,78414,Peter,Verhoeven,,,,,,,f,,,
4663,202686,Jan,Vesely,,,,,,,f,,,
4664,78415,Gundars,Vetra,,,,,,,f,,,
4666,78416,Joao,Vianna,,,,,,,f,,,
4668,101111,Charlie,Villanueva,,,,,,,f,,,
4670,78418,Jay,Vincent,,,,,,,f,,,
4671,78417,Sam,Vincent,,,,,,,f,,,
4672,200790,Marcus,Vinicius,,,,,,,f,,,
4673,1844,Fred,Vinson,,,,,,,f,,,
4674,78419,Gary,Voce,,,,,,,f,,,
4675,78420,Floyd,Volker,,,,,,,f,,,
4676,78421,Alexander,Volkov,,,,,,,f,,,
4677,78422,Whitey,Von Nieda,,,,,,,f,,,
4679,2063,Jake,Voskuhl,,,,,,,f,,,
4680,78423,Danny,Vranes,,,,,,,f,,,
4681,2582,Slavko,Vranes,,,,,,,f,,,
4682,1037,Stojko,Vrankovic,,,,,,,f,,,
4683,78425,Brett,Vroman,,,,,,,f,,,
4684,2761,Jackson,Vroman,,,,,,,f,,,
4685,2756,Sasha,Vujacic,,,,,,,f,,,
4689,2548,Dwyane,Wade,,,,,,,f,,,
4690,78426,Mark,Wade,,,,,,,f,,,
4691,101144,Von,Wafer,,,,,,,f,,,
4692,78427,Clint,Wager,,,,,,,f,,,
4693,2402,Dajuan,Wagner,,,,,,,f,,,
4694,78428,Danny,Wagner,,,,,,,f,,,
4696,78429,Milt,Wagner,,,,,,,f,,,
4700,78430,Granville,Waiters,,,,,,,f,,,
4701,78431,Andre,Wakefield,,,,,,,f,,,
4702,78432,Neal,Walk,,,,,,,f,,,
4703,78433,Andy,Walker,,,,,,,f,,,
4704,952,Antoine,Walker,,,,,,,f,,,
4705,78434,Brady,Walker,,,,,,,f,,,
4706,78435,Chet,Walker,,,,,,,f,,,
4707,78437,Darrell,Walker,,,,,,,f,,,
4708,78436,Foots,Walker,,,,,,,f,,,
4709,201611,Henry,Walker,,,,,,,f,,,
4710,78438,Horace,Walker,,,,,,,f,,,
4713,78439,Jimmy,Walker,,,,,,,f,,,
4715,78440,Kenny,Walker,,,,,,,f,,,
4717,78441,Phil,Walker,,,,,,,f,,,
4718,955,Samaki,Walker,,,,,,,f,,,
4719,78442,Wally,Walker,,,,,,,f,,,
4722,1112,Ben,Wallace,,,,,,,f,,,
4724,2222,Gerald,Wallace,,,,,,,f,,,
4725,961,John,Wallace,,,,,,,f,,,
4726,1630811,Keaton,Wallace,,,,,,,t,,,
4727,78443,Michael,Wallace,,,,,,,f,,,
4728,739,Rasheed,Wallace,,,,,,,f,,,
4730,78444,Dwight,Waller,,,,,,,f,,,
4731,78445,Jamie,Waller,,,,,,,f,,,
4732,78446,Jim,Walsh,,,,,,,f,,,
4697,1629021,Moritz,Wagner,1997-04-26,Germany,211,111,4,21,t,2018,1,25
4630,202685,Jonas,Valančiūnas,1992-05-06,Lithuania,211,120,5,17,t,2011,1,5
4687,202696,Nikola,Vučević,1990-10-24,Montenegro,206,120,5,4,t,2011,1,16
4699,203079,Dion,Waiters,1991-12-10,USA,190,95,2,18,f,2012,1,4
4721,202322,John,Wall,1990-09-06,USA,190,95,2,,f,2010,1,1
4735,1642266,Ja'Kobe,Walter,,,,,,,t,,,
4736,777,Rex,Walters,,,,,,,f,,,
4737,78447,Paul,Walther,,,,,,,f,,,
4738,78448,Rabbit,Walthour,,,,,,,f,,,
4739,78450,Bill,Walton,,,,,,,f,,,
4740,78449,Lloyd,Walton,,,,,,,f,,,
4741,2575,Luke,Walton,,,,,,,f,,,
4744,78453,Bobby,Wanzer,,,,,,,f,,,
4745,78454,Perry,Warbington,,,,,,,f,,,
4746,369,Charlie,Ward,,,,,,,f,,,
4747,78455,Gerry,Ward,,,,,,,f,,,
4748,78456,Henry,Ward,,,,,,,f,,,
4749,203810,Casper,Ware,,,,,,,f,,,
4750,78457,Jim,Ware,,,,,,,f,,,
4751,1642276,Kel'el,Ware,,,,,,,t,,,
4752,78458,Ben,Warley,,,,,,,f,,,
4753,78459,Bob,Warlick,,,,,,,f,,,
4754,78460,Cornell,Warner,,,,,,,f,,,
4755,1627866,Jameel,Warney,,,,,,,f,,,
4627,1627784,Jarrod,Uthoff,1993-05-19,USA,206,100,3,7,f,,,
4729,1627820,Tyrone,Wallace,1994-06-10,USA,196,90,2,,f,2016,2,60
4669,1629216,Gabe,Vincent,1996-06-14,USA,188,91,2,4,t,,,
4665,1628426,Sasha,Vezenkov,1995-08-06,Bulgaria,203,102,3,7,f,2017,2,57
4742,1628476,Derrick,Walton Jr.,1995-04-03,USA,183,84,2,,f,,,
4645,1629020,Jarred,Vanderbilt,1999-04-03,USA,203,97,3,2,t,2018,2,41
4716,1630640,MJ,Walker,1998-03-28,USA,196,97,2,,f,,,
4698,1630688,Ish,Wainright,1994-09-12,USA,196,113,3,12,f,,,
4711,1631133,Jabari,Walker,2002-07-30,USA,201,108,3,33,t,2022,2,57
4667,1630492,Luca,Vildoza,,,,,2,,f,,,
4712,1641716,Jarace,Walker,2003-09-04,USA,201,107,3,5,t,2023,1,8
4686,1641774,Tristan,Vukcevic,2003-03-11,Italy,213,100,3,0,t,2023,2,42
4733,1641775,Jordan,Walsh,2004-03-03,USA,198,93,2,27,t,2023,2,38
4756,78461,Johnny,Warren,,,,,,,f,,,
4758,202378,Willie,Warren,,,,,,,f,,,
4759,78462,Bryan,Warrick,,,,,,,f,,,
4760,101124,Hakim,Warrick,,,,,,,f,,,
4761,78463,Chris,Washburn,,,,,,,f,,,
4762,1627395,Julian,Washburn,,,,,,,f,,,
4763,78469,Bobby,Washington,,,,,,,f,,,
4764,200827,Darius,Washington,,,,,,,f,,,
4765,78464,Duane,Washington,,,,,,,f,,,
4766,78465,Dwayne,Washington,,,,,,,f,,,
4767,1540,Eric,Washington,,,,,,,f,,,
4768,78466,Jim,Washington,,,,,,,f,,,
4769,78467,Kermit,Washington,,,,,,,f,,,
4771,78468,Richard,Washington,,,,,,,f,,,
4772,78470,Stan,Washington,,,,,,,f,,,
4773,78471,Wilson,Washington,,,,,,,f,,,
4780,201208,Darryl,Watkins,,,,,,,f,,,
4781,1642364,Jamir,Watkins,,,,,,,t,,,
4782,1641817,Anton,Watson,,,,,,,f,,,
4783,201228,C.J.,Watson,,,,,,,f,,,
4784,2248,Earl,Watson,,,,,,,f,,,
4785,320,Jamie,Watson,,,,,,,f,,,
4788,78474,Ron,Watts,,,,,,,f,,,
4789,78473,Slick,Watts,,,,,,,f,,,
4790,203146,Maalik,Wayns,,,,,,,f,,,
4791,204033,David,Wear,,,,,,,f,,,
4792,204037,Travis,Wear,,,,,,,f,,,
4793,221,Clar.,Weatherspoon,,,,,,,f,,,
4794,78475,Nick,Weatherspoon,,,,,,,f,,,
4796,201602,Kyle,Weaver,,,,,,,f,,,
4797,78477,Jeff,Webb,,,,,,,f,,,
4798,78478,Marcus,Webb,,,,,,,f,,,
4799,892,Spud,Webb,,,,,,,f,,,
4800,1627821,James,Webb III,,,,,,,f,,,
4801,185,Chris,Webber,,,,,,,f,,,
4802,1627362,Briante,Weber,,,,,,,f,,,
4803,78479,Forest,Weber,,,,,,,f,,,
4804,1067,Jeff,Webster,,,,,,,f,,,
4805,101110,Martell,Webster,,,,,,,f,,,
4806,78481,Marvin,Webster,,,,,,,f,,,
4807,78482,Scott,Wedman,,,,,,,f,,,
4808,201603,Sonny,Weems,,,,,,,f,,,
4809,78483,Dick,Wehr,,,,,,,f,,,
4810,78484,Brant,Weidner,,,,,,,f,,,
4811,78485,Bob,Weiss,,,,,,,f,,,
4812,78486,Rick,Weitzman,,,,,,,f,,,
4813,1719,Bonzi,Wells,,,,,,,f,,,
4814,1528,Bubba,Wells,,,,,,,f,,,
4815,1642377,Jaylen,Wells,,,,,,,t,,,
4816,78488,Owen,Wells,,,,,,,f,,,
4817,78489,Ralph,Wells,,,,,,,f,,,
4818,1846,Chris,Welp,,,,,,,f,,,
4819,2412,Jiri,Welsch,,,,,,,f,,,
4820,1629118,Thomas,Welsh,,,,,,,f,,,
4822,82,Bill,Wennington,,,,,,,f,,,
4823,78492,Matt,Wenstrom,,,,,,,f,,,
4824,438,Robert,Werdann,,,,,,,f,,,
4825,78494,Ray,Wertis,,,,,,,f,,,
4827,133,David,Wesley,,,,,,,f,,,
4828,78495,Walt,Wesley,,,,,,,f,,,
4829,2561,David,West,,,,,,,f,,,
4830,2753,Delonte,West,,,,,,,f,,,
4831,28,Doug,West,,,,,,,f,,,
4832,78497,Jerry,West,,,,,,,f,,,
4833,201238,Mario,West,,,,,,,f,,,
4834,770,Mark,West,,,,,,,f,,,
4835,78499,Roland,West,,,,,,,f,,,
4837,78500,Paul,Westphal,,,,,,,f,,,
4838,78501,John,Wetzel,,,,,,,f,,,
4839,101156,Robert,Whaley,,,,,,,f,,,
4840,941,Ennis,Whatley,,,,,,,f,,,
4841,1545,DeJuan,Wheat,,,,,,,f,,,
4842,78504,Clinton,Wheeler,,,,,,,f,,,
4843,1630762,Phillip,Wheeler,,,,,,,f,,,
4844,1755,Tyson,Wheeler,,,,,,,f,,,
4845,78506,Lucian,Whitaker,,,,,,,f,,,
4847,201591,DJ,White,,,,,,,f,,,
4849,78507,Eric,White,,,,,,,f,,,
4850,78508,Herb,White,,,,,,,f,,,
4851,78509,Hubie,White,,,,,,,f,,,
4757,203933,T.J.,Warren,1993-09-05,USA,203,100,3,24,f,2014,1,14
4848,1628401,Derrick,White,1994-07-02,USA,193,86,2,9,t,2017,1,29
4855,78510,Jojo,White,,,,,,,f,,,
4856,1627855,Okaro,White,,,,,,,f,,,
4857,1839,Randy,White,,,,,,,f,,,
4858,2206,Rodney,White,,,,,,,f,,,
4859,78512,Rory,White,,,,,,,f,,,
4860,203091,Royce,White,,,,,,,f,,,
4861,78513,Rudy,White,,,,,,,f,,,
4862,202358,Terrico,White,,,,,,,f,,,
4863,78514,Tony,White,,,,,,,f,,,
4864,78515,Willie,White,,,,,,,f,,,
4865,1628510,Andrew,White III,,,,,,,f,,,
4867,1627785,Isaiah,Whitehead,,,,,,,f,,,
4868,78516,Jerome,Whitehead,,,,,,,f,,,
4869,1126,Donald,Whiteside,,,,,,,f,,,
4871,730,Dwayne,Whitfield,,,,,,,f,,,
4873,78519,Charles,Whitney,,,,,,,f,,,
4874,43,Chris,Whitney,,,,,,,f,,,
4876,203963,Shayne,Whittington,,,,,,,f,,,
4877,78520,Sidney,Wicks,,,,,,,f,,,
4878,78521,Murray,Wier,,,,,,,f,,,
4879,78522,Bob,Wiesenhahn,,,,,,,f,,,
4883,78523,Mitchell,Wiggins,,,,,,,f,,,
4885,78524,Ken,Wilburn,,,,,,,f,,,
4886,203912,C.J.,Wilcox,,,,,,,f,,,
4887,2404,Chris,Wilcox,,,,,,,f,,,
4888,78525,D.C.,Wilcutt,,,,,,,f,,,
4889,78526,Gene,Wiley,,,,,,,f,,,
4890,1628451,Jacob,Wiley,,,,,,,f,,,
4891,78527,Michael,Wiley,,,,,,,f,,,
4892,78528,Morlon,Wiley,,,,,,,f,,,
4893,78529,Win,Wilfong,,,,,,,f,,,
4894,78530,Lenny,Wilkens,,,,,,,f,,,
4895,78531,Bob,Wilkerson,,,,,,,f,,,
4896,78532,Jamaal,Wilkes,,,,,,,f,,,
4897,78533,James,Wilkes,,,,,,,f,,,
4846,1629632,Coby,White,2000-02-16,USA,193,95,2,3,t,2019,1,7
4770,1629023,P.J.,Washington,1998-08-23,USA,201,104,3,25,t,2019,1,12
4776,1629139,Yuta,Watanabe,1994-10-13,Japan,206,98,2,18,f,,,
4778,1630322,Lindy,Waters III,1997-07-28,USA,196,95,3,43,t,,,
4779,1630570,Trendon,Watford,2000-11-09,USA,203,111,2,12,t,,,
4826,1631104,Blake,Wesley,2003-03-16,USA,193,86,2,1,t,2022,1,25
4787,1631212,Peyton,Watson,2002-09-11,USA,203,91,2,8,t,2022,1,30
4821,1641705,Victor,Wembanyama,2004-01-04,France,224,107,4,1,t,2023,1,1
4898,2863,Damien,Wilkins,,,,,,,f,,,
4899,1122,Dominique,Wilkins,,,,,,,f,,,
4900,78534,Eddielee,Wilkins,,,,,,,f,,,
4901,786,Gerald,Wilkins,,,,,,,f,,,
4902,78537,Jeff,Wilkins,,,,,,,f,,,
4903,78538,Dale,Wilkinson,,,,,,,f,,,
4904,2366,Mike,Wilks,,,,,,,f,,,
4905,1425,Aaron,Williams,,,,,,,f,,,
4906,1626210,Alan,Williams,,,,,,,f,,,
4908,1541,Alvin,Williams,,,,,,,f,,,
4909,1642873,Amari,Williams,,,,,,,t,,,
4910,78539,Arthur,Williams,,,,,,,f,,,
4911,78540,Bernie,Williams,,,,,,,f,,,
4912,78564,Bob,Williams,,,,,,,f,,,
4913,1585,Brandon,Williams,,,,,,,f,,,
4915,433,Buck,Williams,,,,,,,f,,,
4916,203710,C.J.,Williams,,,,,,,f,,,
4917,78547,Chuck,Williams,,,,,,,f,,,
4918,78541,Chuckie,Williams,,,,,,,f,,,
4919,78543,Cliff,Williams,,,,,,,f,,,
4920,1642262,Cody,Williams,,,,,,,t,,,
4921,200603,Corey,Williams,,,,,,,f,,,
4922,101114,Deron,Williams,,,,,,,f,,,
4923,202682,Derrick,Williams,,,,,,,f,,,
4924,78545,Don,Williams,,,,,,,f,,,
4926,78546,Earl,Williams,,,,,,,f,,,
4927,202343,Elliot,Williams,,,,,,,f,,,
4928,677,Eric,Williams,,,,,,,f,,,
4929,2421,Frank,Williams,,,,,,,f,,,
4930,78548,Freeman,Williams,,,,,,,f,,,
4932,78549,Gus,Williams,,,,,,,f,,,
4933,78550,Guy,Williams,,,,,,,f,,,
4934,1006,Herb,Williams,,,,,,,f,,,
4935,73,Hot,Rod Williams,,,,,,,f,,,
4937,1715,Jason,Williams,,,,,,,f,,,
4938,101214,Jawad,Williams,,,,,,,f,,,
4939,2398,Jay,Williams,,,,,,,f,,,
4941,420,Jayson,Williams,,,,,,,f,,,
4942,966,Jerome,Williams,,,,,,,f,,,
4943,78554,John,Williams,,,,,,,f,,,
4945,202716,Jordan,Williams,,,,,,,f,,,
4946,200818,Justin,Williams,,,,,,,f,,,
4947,78555,Kenny,Williams,,,,,,,f,,,
4949,78556,Kevin,Williams,,,,,,,f,,,
4950,31,Lorenzo,Williams,,,,,,,f,,,
4953,200766,Marcus,Williams,,,,,,,f,,,
4954,201173,Marcus,Williams,,,,,,,f,,,
4957,52,Micheal,Williams,,,,,,,f,,,
4958,78558,Mike,Williams,,,,,,,f,,,
4959,78560,Milt,Williams,,,,,,,f,,,
4960,2590,Mo,Williams,,,,,,,f,,,
4961,42,Monty,Williams,,,,,,,f,,,
4962,78561,Nate,Williams,,,,,,,f,,,
4965,78566,Pete,Williams,,,,,,,f,,,
4966,78571,Ray,Williams,,,,,,,f,,,
4967,199,Reggie,Williams,,,,,,,f,,,
4968,202130,Reggie,Williams,,,,,,,f,,,
4870,202355,Hassan,Whiteside,1989-06-13,USA,213,120,5,21,f,2010,2,33
4944,1629140,Johnathan,Williams,1995-05-22,USA,206,103,3,19,f,,,
4884,1629623,Lindell,Wigginton,1998-03-28,Canada,185,86,2,,f,2019,,
4971,78567,Ron,Williams,,,,,,,f,,,
4972,78568,Sam,Williams,,,,,,,f,,,
4973,78569,Samuel,Williams,,,,,,,f,,,
4974,281,Scott,Williams,,,,,,,f,,,
4975,201157,Sean,Williams,,,,,,,f,,,
4976,1742,Shammond,Williams,,,,,,,f,,,
4977,200761,Shawne,Williams,,,,,,,f,,,
4978,200749,Shelden,Williams,,,,,,,f,,,
4979,78570,Sly,Williams,,,,,,,f,,,
4980,201944,Terrence,Williams,,,,,,,f,,,
4981,1576,Travis,Williams,,,,,,,f,,,
4982,1627786,Troy,Williams,,,,,,,f,,,
4983,1005,Walt,Williams,,,,,,,f,,,
4984,78573,Ward,Williams,,,,,,,f,,,
4985,78574,Willie,Williams,,,,,,,f,,,
4988,1628475,Matt,Williams Jr.,,,,,,,f,,,
4991,722,Corliss,Williamson,,,,,,,f,,,
4992,78575,John,Williamson,,,,,,,f,,,
4993,1631351,Lucas,Williamson,,,,,,,f,,,
4995,788,Kevin,Willis,,,,,,,f,,,
4996,78577,Bill,Willoughby,,,,,,,f,,,
4997,2000,Dedric,Willoughby,,,,,,,f,,,
4998,78586,Bob,Wilson,,,,,,,f,,,
4999,78585,Bobby,Wilson,,,,,,,f,,,
5001,78579,George,Wilson,,,,,,,f,,,
5002,78580,Isaiah,Wilson,,,,,,,f,,,
5004,203966,Jamil,Wilson,,,,,,,f,,,
5005,78581,Mike,Wilson,,,,,,,f,,,
5006,78582,Nikita,Wilson,,,,,,,f,,,
5007,78578,Othell,Wilson,,,,,,,f,,,
5008,78583,Rick,Wilson,,,,,,,f,,,
5009,78584,Ricky,Wilson,,,,,,,f,,,
5010,78587,Thomas,Wilson,,,,,,,f,,,
5011,1027,Trevor,Wilson,,,,,,,f,,,
5012,1627787,Kyle,Wiltjer,,,,,,,f,,,
5013,78589,Kennard,Winchester,,,,,,,f,,,
5014,78590,Tony,Windis,,,,,,,f,,,
5016,78591,John,Windsor,,,,,,,f,,,
5017,78592,Lee,Winfield,,,,,,,f,,,
5018,766,David,Wingate,,,,,,,f,,,
5019,112,Dontonio,Wingfield,,,,,,,f,,,
5020,78596,Harthorne,Wingo,,,,,,,f,,,
5021,78597,Marv,Winkler,,,,,,,f,,,
5023,1984,Rickie,Winslow,,,,,,,f,,,
5025,1868,Trevor,Winter,,,,,,,f,,,
5026,78600,Brian,Winters,,,,,,,f,,,
5027,78601,Voise,Winters,,,,,,,f,,,
5028,78602,Willie,Wise,,,,,,,f,,,
5030,203481,Jeff,Withey,,,,,,,f,,,
5031,78603,Luke,Witte,,,,,,,f,,,
5032,1456,Randy,Wittman,,,,,,,f,,,
5033,78605,Garry,Witts,,,,,,,f,,,
5034,78606,Dave,Wohl,,,,,,,f,,,
5035,1642874,Danny,Wolf,,,,,,,t,,,
4964,1630172,Patrick,Williams,2001-08-26,USA,198,107,3,44,t,2020,1,4
4880,1630580,Joe,Wieskamp,1999-08-23,USA,198,93,2,11,f,2021,2,41
4936,1631114,Jalen,Williams,2001-04-14,USA,196,96,2,8,t,2022,1,12
4852,1631298,Jack,White,1997-08-05,Australia,198,102,3,,f,,,
4963,1631466,Nate,Williams,1999-02-12,USA,196,93,2,19,t,,,
4925,1631495,Donovan,Williams,2001-09-06,USA,198,86,2,,f,,,
4872,1641715,Cam,Whitmore,2004-07-08,USA,198,104,3,1,t,2023,1,20
4952,1642013,Malik,Williams,1998-08-26,USA,211,113,5,,f,,,
5036,341,Joe,Wolf,,,,,,,f,,,
5037,2106,Ruben,Wolkowyski,,,,,,,f,,,
5038,203489,Nate,Wolters,,,,,,,f,,,
5040,78610,Al,Wood,,,,,,,f,,,
5041,78612,Bob,Wood,,,,,,,f,,,
5043,116,David,Wood,,,,,,,f,,,
5044,78609,Howard,Wood,,,,,,,f,,,
5045,78611,Leon,Wood,,,,,,,f,,,
5047,2254,Loren,Woods,,,,,,,f,,,
5048,2417,Qyntel,Woods,,,,,,,f,,,
5049,1010,Randy,Woods,,,,,,,f,,,
5050,78614,Mike,Woodson,,,,,,,f,,,
5051,78615,Orlando,Woolridge,,,,,,,f,,,
5053,906,Haywoode,Workman,,,,,,,f,,,
5054,78616,Mark,Workman,,,,,,,f,,,
5055,78617,Tom,Workman,,,,,,,f,,,
5056,1897,Metta,World Peace,,,,,,,f,,,
5057,78618,Sam,Worthen,,,,,,,f,,,
5058,1460,James,Worthy,,,,,,,f,,,
5059,101120,Antoine,Wright,,,,,,,f,,,
5060,101152,Bracey,Wright,,,,,,,f,,,
5061,78620,Brad,Wright,,,,,,,f,,,
5062,201148,Brandan,Wright,,,,,,,f,,,
5063,202874,Chris,Wright,,,,,,,f,,,
5064,203203,Chris,Wright,,,,,,,f,,,
5066,2748,Dorell,Wright,,,,,,,f,,,
5067,78621,Howard,Wright,,,,,,,f,,,
5068,78622,Joby,Wright,,,,,,,f,,,
5069,201153,Julian,Wright,,,,,,,f,,,
5070,78623,Larry,Wright,,,,,,,f,,,
5071,953,Lorenzen,Wright,,,,,,,f,,,
5072,1007,Luther,Wright,,,,,,,f,,,
5074,412,Sharone,Wright,,,,,,,f,,,
5077,203100,Tony,Wroten,,,,,,,f,,,
5078,78627,A.J.,Wynder,,,,,,,f,,,
5079,1627824,Guerschon,Yabusele,,,,,,,t,,,
5080,1642905,Yang,Hansen,,,,,,,t,,,
5081,2397,Yao,Ming,,,,,,,f,,,
5082,2428,Vincent,Yarbrough,,,,,,,f,,,
5083,78628,George,Yardley,,,,,,,f,,,
5084,78629,Barry,Yates,,,,,,,f,,,
5085,78630,Wayne,Yates,,,,,,,f,,,
732,1713,Vince,Carter,1977-01-26,USA,198,100,2,15,f,1998,1,5
2750,201567,Kevin,Love,1988-09-07,USA,208,114,4,42,t,2008,1,5
1915,202330,Gordon,Hayward,1990-03-23,USA,201,102,3,33,f,2010,1,9
5087,201146,Yi,Jianlian,,,,,,,f,,,
5088,78632,Rich,Yonakor,,,,,,,f,,,
5090,78633,Danny,Young,,,,,,,f,,,
5091,1642443,Jahmir,Young,,,,,,,t,,,
5092,203923,James,Young,,,,,,,f,,,
5093,1626202,Joe,Young,,,,,,,f,,,
5094,1748,Korleone,Young,,,,,,,f,,,
5095,78634,Michael,Young,,,,,,,f,,,
5096,201156,Nick,Young,,,,,,,f,,,
5097,78635,Perry,Young,,,,,,,f,,,
5098,201970,Sam,Young,,,,,,,f,,,
5100,1937,Tim,Young,,,,,,,f,,,
5102,1642959,Chris,Youngblood,,,,,,,t,,,
5104,78638,Max,Zaslofsky,,,,,,,f,,,
5105,78639,Robert,Zawoluk,,,,,,,f,,,
5107,78640,Dave,Zeller,,,,,,,f,,,
5108,78641,Gary,Zeller,,,,,,,f,,,
5109,78642,Hank,Zeller,,,,,,,f,,,
5110,202545,Luke,Zeller,,,,,,,f,,,
5112,78643,Tony,Zeno,,,,,,,f,,,
5113,78644,Phil,Zevenbergen,,,,,,,f,,,
5114,1917,Wang,Zhi-zhi,,,,,,,f,,,
5115,678,George,Zidek,,,,,,,f,,,
5116,1642911,Rocco,Zikarsky,,,,,,,t,,,
5117,2583,Derrick,Zimmerman,,,,,,,f,,,
5118,1627757,Stephen,Zimmerman,,,,,,,f,,,
5119,1627835,Paul,Zipser,,,,,,,f,,,
5121,78647,Jim,Zoet,,,,,,,f,,,
5122,78648,Bill,Zopf,,,,,,,f,,,
5124,78650,Matt,Zunic,,,,,,,f,,,
5125,1641783,Tristan,da Silva,,,,,,,t,,,
4743,202954,Brad,Wanamaker,1989-07-25,USA,190,95,2,,f,,,
1080,203473,Dewayne,Dedmon,1989-08-12,USA,208,111,5,14,f,,,
5022,1626159,Justise,Winslow,1996-03-26,USA,198,101,2,26,f,2015,1,10
4714,202689,Kemba,Walker,1990-05-08,USA,183,83,2,,f,2011,1,9
4205,203935,Marcus,Smart,1994-03-06,USA,190,100,2,36,t,2014,1,6
1258,1629035,Carsen,Edwards,1998-03-12,USA,180,91,2,4,f,2019,2,33
5065,1626153,Delon,Wright,1992-04-26,USA,196,84,2,0,f,2015,1,20
4994,1629627,Zion,Williamson,2000-07-06,USA,198,129,3,1,t,2019,1,1
1658,1626203,Treveon,Graham,1993-10-28,USA,196,99,2,2,f,,,
2092,1628989,Kevin,Huerter,1998-08-27,USA,198,86,2,27,t,2018,1,19
312,1627761,DeAndre',Bembry,1994-07-04,USA,196,95,2,,f,2016,1,21
779,1629597,Zylan,Cheatham,1995-11-17,USA,196,100,3,,f,,,
5042,1626174,Christian,Wood,1995-09-27,USA,203,97,3,35,f,,,
3451,1626224,Cedi,Osman,1995-04-08,Turkey,201,104,3,16,f,2015,2,31
2144,1627742,Brandon,Ingram,1997-09-02,USA,203,86,3,3,t,2016,1,2
857,1628381,John,Collins,1997-09-23,USA,206,103,4,20,t,2017,1,19
5015,1629685,Dylan,Windler,1996-09-22,USA,201,89,2,20,f,2019,1,26
2343,1627745,Damian,Jones,1995-06-30,USA,208,111,5,30,f,2016,1,30
5120,1627790,Ante,Zizic,1997-01-04,Croatia,208,121,5,41,f,2016,1,23
5101,1629027,Trae,Young,1998-09-19,USA,188,74,2,3,t,2018,1,5
205,1628366,Lonzo,Ball,1997-10-27,USA,196,86,2,,f,2017,1,2
3411,1628400,Semi,Ojeleye,1994-12-05,USA,198,109,3,,f,2017,2,37
5003,1630592,Jalen,Wilson,2000-11-04,USA,198,100,3,22,t,2023,2,51
4990,1628430,Nigel,Williams-Goss,1994-09-16,USA,188,86,2,0,f,2017,2,55
2128,1628990,Chandler,Hutchison,1996-04-26,USA,198,95,2,,f,2018,1,22
4093,1629012,Collin,Sexton,1999-01-04,USA,190,86,2,2,t,2018,1,8
5076,1629625,Justin,Wright-Foreman,1997-10-27,USA,183,86,2,3,f,2019,2,53
3626,1629738,Vincent,Poirier,1993-10-17,France,213,107,5,,f,,,
3765,1629629,Cam,Reddish,1999-09-01,USA,201,98,2,,f,2019,1,10
2617,1629641,Romeo,Langford,1999-10-25,USA,196,98,2,35,f,2019,1,14
4931,1629684,Grant,Williams,1998-11-30,USA,201,107,3,2,t,2019,1,22
3170,1629760,Matt,Mooney,1995-02-07,USA,188,90,2,,f,,,
5024,1630216,Cassius,Winston,1998-02-28,USA,185,84,2,5,f,2020,2,53
4986,1630533,Ziaire,Williams,2001-09-12,USA,206,84,3,1,t,2021,1,10
5073,1630589,Moses,Wright,1998-12-23,USA,203,103,3,5,f,,,
4989,1631246,Vince,Williams Jr.,2000-08-30,USA,193,93,2,,f,2022,2,47
5052,1629624,Kenny,Wooten,,,,,3,,f,,,
939,2037,Jamal,Crawford,1980-03-20,USA,196,91,2,1,f,2000,1,8
4956,101107,Marvin,Williams,1986-06-19,USA,203,108,3,20,f,2005,1,2
45,200746,LaMarcus,Aldridge,1985-07-19,USA,211,113,5,21,f,2006,1,2
3767,200755,JJ,Redick,1984-06-24,USA,190,91,2,17,f,2006,1,11
4075,200757,Thabo,Sefolosha,1984-05-02,Switzerland,198,98,2,18,f,2006,1,13
5099,201152,Thaddeus,Young,1988-06-21,USA,203,102,3,30,f,2007,1,12
4836,201566,Russell,Westbrook,1988-11-12,USA,193,91,2,18,t,2008,1,4
985,203552,Seth,Curry,1990-08-23,USA,185,84,2,31,t,,,
4444,201952,Jeff,Teague,1988-06-10,USA,190,88,2,5,f,2009,1,19
2846,1628374,Lauri,Markkanen,1997-05-22,Finland,216,109,4,23,t,2017,1,7
1518,204038,Langston,Galloway,1991-12-09,USA,185,91,2,,f,,,
1194,203083,Andre,Drummond,1993-08-10,USA,211,127,5,1,t,2012,1,9
1477,202683,Enes,Freedom,1992-05-20,Turkey,208,113,5,,f,2011,1,3
4948,1629026,Kenrich,Williams,1994-12-02,USA,201,95,2,34,t,,,
4688,1629731,Dean,Wade,1996-11-20,USA,206,103,4,32,t,,,
3248,1627750,Jamal,Murray,1997-02-23,Canada,193,98,2,27,t,2016,1,7
3198,1628420,Monte,Morris,1995-06-27,USA,188,83,2,,f,2017,2,51
2384,1630200,Tre,Jones,2000-01-08,USA,185,86,2,30,t,2020,2,41
3113,201988,Patty,Mills,1988-08-11,Australia,188,82,2,88,f,2009,2,55
5111,203092,Tyler,Zeller,1990-01-17,USA,211,113,4,40,f,2012,1,17
3649,1629008,Michael,Porter Jr.,1998-06-29,USA,208,99,3,17,t,2018,1,14
5123,1627826,Ivica,Zubac,1997-03-18,Croatia,213,109,5,40,t,2016,2,32
3097,203121,Darius,Miller,1990-03-21,USA,198,102,3,,f,2012,2,46
458,1629065,Ky,Bowman,1997-06-16,USA,185,85,2,12,f,,,
3053,1629740,Nicolo,Melli,1991-01-26,Italy,206,107,3,44,f,,,
2677,202695,Kawhi,Leonard,1991-06-29,USA,198,102,3,2,t,2011,1,15
2546,1628436,Luke,Kornet,1995-07-15,USA,216,113,5,7,t,,,
4012,203107,Tomas,Satoransky,1991-10-30,Czech Republic,201,95,2,31,f,2012,2,32
409,1629626,Bol,Bol,1999-11-16,Sudan,221,100,5,11,f,2019,2,44
1881,1628404,Josh,Hart,1995-03-06,USA,196,98,2,3,t,2017,1,30
1019,203076,Anthony,Davis,1993-03-11,USA,208,115,4,23,t,2012,1,1
2475,203077,Michael,Kidd-Gilchrist,1993-09-26,USA,198,105,3,9,f,2012,1,2
3013,203463,Ben,McLemore,1993-02-11,USA,190,88,2,23,f,2013,1,7
1114,1628977,Hamidou,Diallo,1998-07-31,USA,196,92,2,,f,2018,2,45
1967,1628987,Kevin,Hervey,1996-07-09,USA,206,104,3,15,f,2018,2,57
3843,203085,Austin,Rivers,1992-08-01,USA,193,91,2,25,f,2012,1,10
1852,1626149,Montrezl,Harrell,1994-01-26,USA,201,109,4,5,f,2015,2,32
3413,1626143,Jahlil,Okafor,1995-12-15,USA,208,122,5,,f,2015,1,3
3809,1630208,Nick,Richards,1997-11-29,Jamaica,211,111,5,13,t,2020,2,42
5103,1630209,Omer,Yurtseven,1998-06-19,Turkey,211,125,5,,f,,,
2355,1630529,Herbert,Jones,1998-10-06,USA,201,93,3,2,t,2021,2,35
1600,1630273,Freddie,Gillespie,1997-06-14,USA,206,111,5,,f,,,
5075,1630593,McKinley,Wright IV,1998-10-25,USA,180,87,2,23,f,,,
447,1630547,James,Bouknight,2000-09-18,USA,193,86,2,,f,2021,1,11
802,1630528,Josh,Christopher,2001-12-08,USA,193,98,2,8,f,2021,1,24
233,1630567,Scottie,Barnes,2001-08-01,USA,203,108,2,4,t,2021,1,4
4386,1630591,Jalen,Suggs,2001-06-03,USA,196,93,2,4,t,2021,1,5
4695,1630532,Franz,Wagner,2001-08-27,Germany,208,100,3,22,t,2021,1,8
5089,1628221,Gabe,York,1993-08-02,USA,190,86,2,32,f,,,
2064,1629659,Talen,Horton-Tucker,2000-11-25,USA,193,106,2,22,f,2019,2,46
4269,1631095,Jabari,Smith Jr.,2003-05-13,USA,211,100,3,10,t,2022,1,3
1730,1631100,AJ,Griffin,2003-08-25,USA,198,100,3,14,f,2022,1,16
488,1631103,Malaki,Branham,2003-05-12,USA,193,82,3,,f,2022,1,20
4907,1631214,Alondes,Williams,1999-06-19,USA,193,95,2,,f,,,
3276,1631250,Pete,Nance,2000-02-19,USA,206,102,3,35,t,,,
2049,1641720,Jalen,Hood-Schifino,2003-06-19,USA,196,95,2,17,f,2023,1,17
3624,1641764,Brandin,Podziemski,2003-02-25,USA,193,93,2,2,t,2023,1,19
1641,201569,Eric,Gordon,1988-12-25,USA,190,98,2,,f,2008,1,7
1864,203914,Gary,Harris,1994-09-14,USA,193,95,2,11,t,2014,1,19
624,203504,Trey,Burke,1992-11-12,USA,183,84,2,3,f,2013,1,9
3662,203939,Dwight,Powell,1991-07-20,Canada,208,109,4,7,t,2014,2,45
4632,1627756,Denzel,Valentine,1993-11-16,USA,193,100,2,,f,2016,1,14
2327,203999,Nikola,Jokić,1995-02-19,Serbia,211,129,5,15,t,2014,2,41
3277,1626204,Larry,Nance Jr.,1993-01-01,USA,198,111,4,22,t,2015,1,27
2845,1626246,Boban,Marjanovic,1988-08-15,Serbia,224,132,5,51,f,,,
792,1627737,Marquese,Chriss,1997-07-02,USA,206,109,3,35,f,2016,1,8
1217,1627739,Kris,Dunn,1994-03-18,USA,190,93,2,8,t,2016,1,5
563,1627759,Jaylen,Brown,1996-10-24,USA,198,101,2,7,t,2016,1,3
129,1627853,Ryan,Arcidiacono,1994-03-26,USA,190,88,2,,f,,,
4424,1628369,Jayson,Tatum,1998-03-03,USA,203,95,2,0,t,2017,1,3
2171,1628382,Justin,Jackson,1995-03-28,USA,203,100,3,,f,2017,1,15
2163,1628402,Frank,Jackson,1998-05-04,USA,190,93,2,,f,2017,2,31
4100,1629013,Landry,Shamet,1997-03-13,USA,196,86,2,44,t,2018,1,26
2155,1628411,Wes,Iwundu,1994-12-20,USA,198,88,3,,f,2017,2,33
5126,1628427,Vlatko,Čančar,1997-04-10,Slovenia,203,107,3,31,f,2017,2,49
265,1628966,Keita,Bates-Diop,1996-01-23,USA,203,104,3,13,f,2018,2,48
593,1628973,Jalen,Brunson,1996-08-31,USA,188,86,2,11,t,2018,2,33
1382,1628981,Bruno,Fernando,1998-08-15,Angola,206,109,4,,f,2019,2,34
891,1629076,Tyler,Cook,1997-09-23,USA,203,116,3,25,f,,,
4987,1629057,Robert,Williams III,1997-10-17,USA,206,113,5,35,t,2018,1,27
2114,1629631,De'Andre,Hunter,1997-12-02,USA,201,100,2,15,t,2019,1,4
1911,1629637,Jaxson,Hayes,2000-05-23,USA,213,100,5,11,t,2019,1,8
3705,1629674,Neemias,Queta,1999-07-13,Portugal,213,112,5,88,t,2021,2,39
2413,1629662,Mfiondu,Kabengele,1997-08-14,Canada,208,113,5,28,f,2019,1,27
1533,1629636,Darius,Garland,2000-01-26,USA,185,87,2,10,t,2019,1,5
3648,1629645,Kevin,Porter Jr.,2000-05-04,USA,196,92,2,7,t,2019,1,30
4777,1629682,Tremont,Waters,1998-01-10,USA,178,79,2,,f,2019,2,51
588,1629718,Charlie,Brown Jr.,1997-02-02,USA,198,90,2,4,f,,,
1701,1629750,Javonte,Green,1993-07-23,USA,196,93,2,31,t,,,
118,2546,Carmelo,Anthony,1984-05-29,USA,201,108,3,7,f,2003,1,3
2807,101133,Ian,Mahinmi,1986-11-05,France,211,119,5,28,f,2005,1,28
3916,200765,Rajon,Rondo,1986-02-22,USA,185,82,2,1,f,2006,1,21
874,201144,Mike,Conley,1987-10-11,USA,185,79,2,10,t,2007,1,4
304,201158,Marco,Belinelli,1986-03-25,Italy,196,100,2,18,f,2007,1,18
3918,201565,Derrick,Rose,1988-10-04,USA,190,91,2,23,f,2008,1,1
1516,201568,Danilo,Gallinari,1988-08-08,Italy,208,107,3,12,f,2008,1,6
1991,201588,George,Hill,1986-05-04,USA,193,85,2,7,f,2008,1,26
1181,201609,Goran,Dragic,1986-05-06,Slovenia,193,86,2,31,f,2008,2,45
387,202339,Eric,Bledsoe,1989-12-09,USA,185,97,2,5,f,2010,1,18
4334,202362,Lance,Stephenson,1990-09-05,USA,196,95,3,6,f,2010,2,40
4478,202738,Isaiah,Thomas,1989-02-07,USA,175,84,2,4,f,2011,2,60
618,203493,Reggie,Bullock Jr.,1991-03-16,USA,198,93,2,25,f,2013,1,25
734,203487,Michael,Carter-Williams,1991-10-10,USA,196,86,2,11,f,2013,1,11
3422,203506,Victor,Oladipo,1992-05-04,USA,190,97,2,4,f,2013,1,2
3372,203994,Jusuf,Nurkić,1994-08-23,Bosnia and Herzegovina,211,132,5,30,t,2014,1,16
3371,203263,James,Nunnally,1990-07-14,USA,201,93,3,21,f,,,
3651,1626171,Bobby,Portis,1995-02-10,USA,206,113,3,9,t,2015,1,22
361,1629048,Goga,Bitadze,1999-07-20,Georgia,211,113,5,35,t,2019,1,18
3966,1626156,D'Angelo,Russell,1996-02-23,USA,190,88,2,5,t,2015,1,2
2420,1626163,Frank,Kaminsky,1993-04-04,USA,213,109,4,33,f,2015,1,9
4606,1626167,Myles,Turner,1996-03-24,USA,211,113,5,3,t,2015,1,11
3105,1626259,Malcolm,Miller,1993-03-06,USA,201,95,2,13,f,,,
3684,1627752,Taurean,Prince,1994-03-22,USA,198,99,3,12,t,2016,1,12
532,1627763,Malcolm,Brogdon,1992-12-11,USA,193,104,2,15,f,2016,2,36
2772,1627789,Timothe,Luwawu-Cabarrot,1995-05-09,France,201,98,2,7,f,2016,1,24
1498,1628365,Markelle,Fultz,1998-05-29,USA,193,95,2,,f,2017,1,1
2149,1628371,Jonathan,Isaac,1997-10-03,USA,208,104,3,1,t,2017,1,6
4268,1628372,Dennis,Smith Jr.,1997-11-25,USA,190,93,2,4,f,2017,1,9
179,1628407,Dwayne,Bacon,1995-08-30,USA,198,100,2,8,f,2017,2,40
518,1628578,Amida,Brimah,1994-02-11,USA,208,104,5,37,f,,,
1786,1628985,Devon,Hall,1995-07-07,USA,196,98,2,14,f,2018,2,53
2574,1629083,Arnoldas,Kulboka,1998-01-04,Lithuania,208,95,3,98,f,2018,2,55
2190,1628991,Jaren,Jackson Jr.,1999-09-15,USA,208,110,4,20,t,2018,1,4
4486,1629017,Khyri,Thomas,1996-05-08,USA,190,95,2,13,f,2018,2,38
2532,1628995,Kevin,Knox II,1999-08-11,USA,203,98,3,31,f,2018,1,9
3264,1629004,Svi,Mykhailiuk,1997-06-10,Ukraine,201,93,2,10,t,2018,2,47
4720,1629022,Lonnie,Walker IV,1998-12-14,USA,193,93,2,16,f,2018,1,18
4795,1629683,Quinndary,Weatherspoon,1996-09-10,USA,190,93,2,15,f,2019,2,49
423,1629067,Isaac,Bonga,1999-11-08,Germany,203,82,2,17,f,2018,2,39
3871,1629130,Duncan,Robinson,1994-04-22,USA,201,98,3,55,t,,,
1985,1629312,Haywood,Highsmith,1996-12-09,USA,196,100,3,7,t,2018,,
4114,1629621,Marial,Shayok,1995-07-26,Canada,196,90,2,35,f,2019,2,54
1811,1630181,R.J.,Hampton,2001-02-07,USA,193,79,2,,f,2020,1,24
1160,1629652,Luguentz,Dort,1999-04-19,Canada,193,100,2,5,t,,,
492,1629714,Jarrell,Brantley,1996-06-07,USA,196,113,3,,f,2019,2,50
2495,1629663,Louis,King,1999-04-06,USA,201,93,3,23,f,,,
3893,1629676,Isaiah,Roby,1998-02-03,USA,203,104,3,18,f,2019,2,45
3471,1629745,Tariq,Owens,1995-06-30,USA,208,93,3,41,f,,,
4150,1629735,Chris,Silva,1996-09-19,Gabon,203,106,3,,f,,,
1750,1629741,Marko,Guduric,1995-03-08,Serbia,198,91,2,23,f,,,
5029,1630164,James,Wiseman,2001-03-31,USA,211,109,5,,f,2020,1,2
4654,1630170,Devin,Vassell,2000-08-23,USA,196,91,2,24,t,2020,1,11
210,1630217,Desmond,Bane,1998-06-25,USA,198,98,2,3,t,2020,1,30
2575,1630228,Jonathan,Kuminga,2002-10-06,DRC,201,102,3,0,t,2021,1,7
1404,1630238,Malik,Fitts,1997-07-04,USA,196,104,3,8,f,,,
341,1630180,Saddiq,Bey,1999-04-09,USA,203,98,2,41,t,2020,1,19
1700,1630224,Jalen,Green,2002-02-09,USA,193,84,2,4,t,2021,1,2
2855,1630230,Naji,Marshall,1998-01-24,USA,198,100,3,13,t,,,
3627,1630197,Aleksej,Pokusevski,2001-12-26,Serbia,213,95,3,17,f,2020,1,17
2667,1630240,Saben,Lee,1999-06-23,USA,188,83,2,38,f,2020,2,38
1161,1630245,Ayo,Dosunmu,2000-01-17,USA,193,91,2,13,t,2021,2,38
4914,1630314,Brandon,Williams,1999-11-22,USA,185,86,2,10,t,,,
3144,1630596,Evan,Mobley,2001-06-18,USA,211,98,5,4,t,2021,1,3
2469,1630296,Braxton,Key,1997-02-14,USA,203,102,3,12,f,,,
1267,1630556,Kessler,Edwards,2000-08-09,USA,201,92,3,20,f,2021,2,44
4107,1630549,Day'Ron,Sharpe,2001-11-06,USA,208,120,5,20,t,2021,1,29
765,1630577,Julian,Champagnie,2001-06-29,USA,201,98,3,30,t,,,
1552,1630586,Usman,Garuba,2002-03-09,Spain,203,104,3,12,f,2021,1,23
4584,1631131,Oscar,Tshiebwe,1999-11-27,DRC,203,116,4,34,t,,,
971,1630595,Cade,Cunningham,2001-09-25,USA,198,100,2,2,t,2021,1,1
2336,1630637,Carlik,Jones,1997-12-23,USA,183,79,2,22,f,,,
1636,1630692,Jordan,Goodwin,1998-10-23,USA,190,98,2,23,t,,,
294,1630699,MarJon,Beauchamp,2000-10-12,USA,201,90,3,16,t,2022,1,24
2153,1631093,Jaden,Ivey,2002-02-13,USA,190,88,2,,f,2022,1,5
2037,1631096,Chet,Holmgren,2002-05-01,USA,216,94,5,7,t,2022,1,2
2898,1631097,Bennedict,Mathurin,2002-06-19,Canada,196,95,2,9,t,2022,1,6
4775,1631102,TyTy,Washington Jr.,2001-11-15,USA,190,88,2,14,t,2022,1,29
4955,1631109,Mark,Williams,2001-12-16,USA,216,109,5,15,t,2022,1,15
4372,1631124,Julian,Strawther,2002-04-18,USA,198,93,2,3,t,2023,1,29
2214,1631170,Jaime,Jaquez Jr.,2001-02-18,USA,198,102,2,11,t,2023,1,18
3802,1631197,Jared,Rhoden,1999-08-27,USA,196,95,2,8,f,,,
5039,1631209,Isaiah,Wong,2001-01-28,USA,190,84,2,,f,2023,2,55
1483,1631241,Javon,Freeman-Liberty,1999-10-20,USA,190,86,2,0,f,,,
3710,1631311,Lester,Quinones,2000-11-16,USA,193,94,2,22,f,,,
1752,1631338,Mouhamadou,Gueye,1998-07-06,USA,206,95,3,16,t,,,
4723,1641717,Cason,Wallace,2003-11-07,USA,190,88,2,22,t,2023,1,10
2695,1641721,Maxwell,Lewis,2002-07-27,USA,201,98,3,27,f,2023,2,40
4088,1641729,Brice,Sensabaugh,2003-10-30,USA,198,107,3,28,t,2023,1,28
921,1641741,Ricky,Council IV,2001-08-03,USA,198,94,2,14,f,,,
